{
    "predicted": {
        "face": {
            "Admiration": 0.2032557874917984,
            "Adoration": 0.2816292345523834,
            "Aesthetic Appreciation": 0.08901394158601761,
            "Amusement": 0.5547518134117126,
            "Anger": 0.028781436383724213,
            "Anxiety": 0.09059082716703415,
            "Awe": 0.07569809257984161,
            "Awkwardness": 0.2164125144481659,
            "Boredom": 0.16606242954730988,
            "Calmness": 0.34731560945510864,
            "Concentration": 0.17340734601020813,
            "Confusion": 0.13521438837051392,
            "Contemplation": 0.10416029393672943,
            "Contempt": 0.09072062373161316,
            "Contentment": 0.32267266511917114,
            "Craving": 0.046211127191782,
            "Desire": 0.07239516079425812,
            "Determination": 0.057511650025844574,
            "Disappointment": 0.18590869009494781,
            "Disgust": 0.04595515504479408,
            "Distress": 0.1284433901309967,
            "Doubt": 0.12279398739337921,
            "Ecstasy": 0.10340400040149689,
            "Embarrassment": 0.18654265999794006,
            "Empathic Pain": 0.06877855956554413,
            "Entrancement": 0.09940345585346222,
            "Envy": 0.032258205115795135,
            "Excitement": 0.24424365162849426,
            "Fear": 0.04931054636836052,
            "Guilt": 0.07398155331611633,
            "Horror": 0.023993639275431633,
            "Interest": 0.324881374835968,
            "Joy": 0.5325222015380859,
            "Love": 0.5282453298568726,
            "Nostalgia": 0.10487112402915955,
            "Pain": 0.11739755421876907,
            "Pride": 0.12695994973182678,
            "Realization": 0.13413381576538086,
            "Relief": 0.16568008065223694,
            "Romance": 0.14594508707523346,
            "Sadness": 0.15055397152900696,
            "Satisfaction": 0.3974788784980774,
            "Shame": 0.1018928736448288,
            "Surprise (negative)": 0.024843405932188034,
            "Surprise (positive)": 0.03328253701329231,
            "Sympathy": 0.0868135392665863,
            "Tiredness": 0.1634117215871811,
            "Triumph": 0.07142682373523712
        },
        "prosody": {
            "Admiration": 0.06888120621442795,
            "Adoration": 0.09165476262569427,
            "Aesthetic Appreciation": 0.06643474102020264,
            "Amusement": 0.1367693543434143,
            "Anger": 0.014251628890633583,
            "Anxiety": 0.010060189291834831,
            "Awe": 0.4223093092441559,
            "Awkwardness": 0.00435541570186615,
            "Boredom": 0.0007907877443358302,
            "Calmness": 0.0016256250673905015,
            "Concentration": 0.0030877613462507725,
            "Confusion": 0.004525387659668922,
            "Contemplation": 0.0007951257866807282,
            "Contempt": 0.004274395294487476,
            "Contentment": 0.033283062279224396,
            "Craving": 0.00820351205766201,
            "Desire": 0.0035472577437758446,
            "Determination": 0.013696596957743168,
            "Disappointment": 0.004751404747366905,
            "Disgust": 0.003849761327728629,
            "Distress": 0.022201430052518845,
            "Doubt": 0.002312449971213937,
            "Ecstasy": 0.16169574856758118,
            "Embarrassment": 0.007941283285617828,
            "Empathic Pain": 0.012717059813439846,
            "Entrancement": 0.022288233041763306,
            "Envy": 0.01659037172794342,
            "Excitement": 0.4944644570350647,
            "Fear": 0.004987293388694525,
            "Guilt": 0.007719733286648989,
            "Horror": 0.008311441168189049,
            "Interest": 0.08890658617019653,
            "Joy": 0.1428958922624588,
            "Love": 0.021279560402035713,
            "Nostalgia": 0.00278855231590569,
            "Pain": 0.010066969320178032,
            "Pride": 0.03480010852217674,
            "Realization": 0.10282662510871887,
            "Relief": 0.0809108167886734,
            "Romance": 0.010959881357848644,
            "Sadness": 0.004154746420681477,
            "Satisfaction": 0.13052046298980713,
            "Shame": 0.0028647934086620808,
            "Surprise (negative)": 0.021946962922811508,
            "Surprise (positive)": 0.4347169101238251,
            "Sympathy": 0.010280712507665157,
            "Tiredness": 0.0036619966849684715,
            "Triumph": 0.07356109470129013
        },
        "lang": {
            "Admiration": 0.11296644234098493,
            "Adoration": 0.11025961581617594,
            "Aesthetic Appreciation": 0.060195233207196,
            "Amusement": 0.038931969180703165,
            "Anger": 0.012812918121926486,
            "Annoyance": 0.09959361045621336,
            "Anxiety": 0.04643039983930066,
            "Awe": 0.16712211538106203,
            "Awkwardness": 0.04221856913063675,
            "Boredom": 0.00865093213506043,
            "Calmness": 0.041757526062428954,
            "Concentration": 0.00692777493968606,
            "Confusion": 0.027926480351015925,
            "Contemplation": 0.022659930773079394,
            "Contempt": 0.018265288323163986,
            "Contentment": 0.0585153492167592,
            "Craving": 0.004287529992870987,
            "Desire": 0.005426921183243394,
            "Determination": 0.004146515391767025,
            "Disappointment": 0.12477218511048704,
            "Disapproval": 0.0624999606050551,
            "Disgust": 0.03787643578834832,
            "Distress": 0.1207114169257693,
            "Doubt": 0.01290222880197689,
            "Ecstasy": 0.05771631842944771,
            "Embarrassment": 0.03276916535105556,
            "Empathic Pain": 0.025820229691453277,
            "Enthusiasm": 0.09637446459382773,
            "Entrancement": 0.055619016755372286,
            "Envy": 0.0024484444176778196,
            "Excitement": 0.09771969942376017,
            "Fear": 0.041716856858693065,
            "Gratitude": 0.0516591367777437,
            "Guilt": 0.010418208950432018,
            "Horror": 0.046844841877464204,
            "Interest": 0.03556376919150352,
            "Joy": 0.12348013510927558,
            "Love": 0.049922662996686996,
            "Nostalgia": 0.0038560898043215274,
            "Pain": 0.031097583938390017,
            "Pride": 0.017443659203127026,
            "Realization": 0.12965030074119568,
            "Relief": 0.018305448722094296,
            "Romance": 0.006754437694326043,
            "Sadness": 0.04314559669001028,
            "Sarcasm": 0.029720505699515343,
            "Satisfaction": 0.11400361089035868,
            "Shame": 0.028798415535129608,
            "Surprise (negative)": 0.3391160906292498,
            "Surprise (positive)": 0.15519537255167962,
            "Sympathy": 0.021984805166721345,
            "Tiredness": 0.023597880639135836,
            "Triumph": 0.02266727010719478
        }
    }
}