{
    "predicted": {
        "face": {
            "Admiration": 0.2846420705318451,
            "Adoration": 0.3596419095993042,
            "Aesthetic Appreciation": 0.10891758650541306,
            "Amusement": 0.753684937953949,
            "Anger": 0.019906261935830116,
            "Anxiety": 0.05458688735961914,
            "Awe": 0.10078179091215134,
            "Awkwardness": 0.19276568293571472,
            "Boredom": 0.07521117478609085,
            "Calmness": 0.2531214654445648,
            "Concentration": 0.1516622006893158,
            "Confusion": 0.1132674589753151,
            "Contemplation": 0.07877890765666962,
            "Contempt": 0.07167918980121613,
            "Contentment": 0.29648762941360474,
            "Craving": 0.052484940737485886,
            "Desire": 0.0839202031493187,
            "Determination": 0.05444318801164627,
            "Disappointment": 0.06750420480966568,
            "Disgust": 0.03176320344209671,
            "Distress": 0.05725166201591492,
            "Doubt": 0.08485472947359085,
            "Ecstasy": 0.1473146378993988,
            "Embarrassment": 0.10051219165325165,
            "Empathic Pain": 0.029019497334957123,
            "Entrancement": 0.11238333582878113,
            "Envy": 0.03225703164935112,
            "Excitement": 0.4369795024394989,
            "Fear": 0.03804277256131172,
            "Guilt": 0.03010554611682892,
            "Horror": 0.020394422113895416,
            "Interest": 0.4875618815422058,
            "Joy": 0.7726293206214905,
            "Love": 0.6427761316299438,
            "Nostalgia": 0.08467954397201538,
            "Pain": 0.038922201842069626,
            "Pride": 0.13238489627838135,
            "Realization": 0.11490467190742493,
            "Relief": 0.1138686016201973,
            "Romance": 0.16009056568145752,
            "Sadness": 0.03913246467709541,
            "Satisfaction": 0.4020826816558838,
            "Shame": 0.04070666432380676,
            "Surprise (negative)": 0.02250405214726925,
            "Surprise (positive)": 0.043876223266124725,
            "Sympathy": 0.06383547186851501,
            "Tiredness": 0.0567956417798996,
            "Triumph": 0.09251934289932251
        },
        "prosody": {
            "Admiration": 0.026174448430538177,
            "Adoration": 0.006841916125267744,
            "Aesthetic Appreciation": 0.013817020691931248,
            "Amusement": 0.15000657737255096,
            "Anger": 0.003855882678180933,
            "Anxiety": 0.009137561544775963,
            "Awe": 0.0215607862919569,
            "Awkwardness": 0.03213061764836311,
            "Boredom": 0.016687309369444847,
            "Calmness": 0.05958617106080055,
            "Concentration": 0.02440340630710125,
            "Confusion": 0.06070183590054512,
            "Contemplation": 0.07330510765314102,
            "Contempt": 0.007203918881714344,
            "Contentment": 0.0893726646900177,
            "Craving": 0.004618778359144926,
            "Desire": 0.005652968771755695,
            "Determination": 0.051427021622657776,
            "Disappointment": 0.010187030769884586,
            "Disgust": 0.003311004489660263,
            "Distress": 0.007493649143725634,
            "Doubt": 0.03337734565138817,
            "Ecstasy": 0.035329535603523254,
            "Embarrassment": 0.0077959890477359295,
            "Empathic Pain": 0.0011234673438593745,
            "Entrancement": 0.009691926650702953,
            "Envy": 0.012093927711248398,
            "Excitement": 0.3334040939807892,
            "Fear": 0.002454538596794009,
            "Guilt": 0.004730563145130873,
            "Horror": 0.0024292822927236557,
            "Interest": 0.21550261974334717,
            "Joy": 0.11764882504940033,
            "Love": 0.004980671219527721,
            "Nostalgia": 0.011241761967539787,
            "Pain": 0.0019284780137240887,
            "Pride": 0.0596078559756279,
            "Realization": 0.21950308978557587,
            "Relief": 0.06293731927871704,
            "Romance": 0.0035637503024190664,
            "Sadness": 0.004960371181368828,
            "Satisfaction": 0.1360064148902893,
            "Shame": 0.003800142090767622,
            "Surprise (negative)": 0.03441242501139641,
            "Surprise (positive)": 0.23520928621292114,
            "Sympathy": 0.007219902239739895,
            "Tiredness": 0.004993705544620752,
            "Triumph": 0.09652625024318695
        },
        "lang": {
            "Admiration": 0.0020612115816523633,
            "Adoration": 0.0007213521360730132,
            "Aesthetic Appreciation": 0.002948520394663016,
            "Amusement": 0.008660644292831421,
            "Anger": 0.0034296219625199833,
            "Annoyance": 0.05290737251440684,
            "Anxiety": 0.04191933386027813,
            "Awe": 0.0017094474751502275,
            "Awkwardness": 0.10971000169714291,
            "Boredom": 0.12421593566735585,
            "Calmness": 0.1265911708275477,
            "Concentration": 0.009343878366053104,
            "Confusion": 0.18567248433828354,
            "Contemplation": 0.2919260188937187,
            "Contempt": 0.03634914197027683,
            "Contentment": 0.03601971734315157,
            "Craving": 0.002169244185400506,
            "Desire": 0.0016635263940164198,
            "Determination": 0.004310071623573701,
            "Disappointment": 0.1417113517721494,
            "Disapproval": 0.036324589202801384,
            "Disgust": 0.004208494288225968,
            "Distress": 0.033273957669734955,
            "Doubt": 0.22032111883163452,
            "Ecstasy": 0.0008896580111468211,
            "Embarrassment": 0.011931511418273052,
            "Empathic Pain": 0.037857063890745245,
            "Enthusiasm": 0.003523225740840038,
            "Entrancement": 0.004814416791001956,
            "Envy": 0.0027301262598484755,
            "Excitement": 0.0012139796551006536,
            "Fear": 0.012904225421758989,
            "Gratitude": 0.005584441513443987,
            "Guilt": 0.00950274926920732,
            "Horror": 0.001267760555492714,
            "Interest": 0.025893191806972027,
            "Joy": 0.0027327480687138936,
            "Love": 0.0016066709940787405,
            "Nostalgia": 0.004671599289091925,
            "Pain": 0.021081982490917046,
            "Pride": 0.0020621420505146184,
            "Realization": 0.22259710232416788,
            "Relief": 0.029329335627456505,
            "Romance": 0.0020944299370360873,
            "Sadness": 0.0958188387254874,
            "Sarcasm": 0.06912304895619552,
            "Satisfaction": 0.01554138275484244,
            "Shame": 0.022126604492465656,
            "Surprise (negative)": 0.035443369299173355,
            "Surprise (positive)": 0.008474952696512142,
            "Sympathy": 0.059219831911226116,
            "Tiredness": 0.08458158001303673,
            "Triumph": 0.002275133738294244
        }
    }
}