{
    "predicted": {
        "face": {
            "Admiration": 0.06651514023542404,
            "Adoration": 0.04425674304366112,
            "Aesthetic Appreciation": 0.05371246114373207,
            "Amusement": 0.07612770795822144,
            "Anger": 0.13117074966430664,
            "Anxiety": 0.18648885190486908,
            "Awe": 0.08118973672389984,
            "Awkwardness": 0.21552163362503052,
            "Boredom": 0.38055822253227234,
            "Calmness": 0.3345533609390259,
            "Concentration": 0.4846127927303314,
            "Confusion": 0.6620484590530396,
            "Contemplation": 0.24988573789596558,
            "Contempt": 0.257761687040329,
            "Contentment": 0.07711150497198105,
            "Craving": 0.05103349685668945,
            "Desire": 0.04816984012722969,
            "Determination": 0.13748212158679962,
            "Disappointment": 0.3684680163860321,
            "Disgust": 0.18432463705539703,
            "Distress": 0.2440771907567978,
            "Doubt": 0.4919041395187378,
            "Ecstasy": 0.019054150208830833,
            "Embarrassment": 0.10226454585790634,
            "Empathic Pain": 0.10547606647014618,
            "Entrancement": 0.11054158955812454,
            "Envy": 0.058402203023433685,
            "Excitement": 0.03631294146180153,
            "Fear": 0.10945957899093628,
            "Guilt": 0.09201309084892273,
            "Horror": 0.05025806277990341,
            "Interest": 0.2571508288383484,
            "Joy": 0.04155675321817398,
            "Love": 0.04809868335723877,
            "Nostalgia": 0.0576331652700901,
            "Pain": 0.14492462575435638,
            "Pride": 0.0483374297618866,
            "Realization": 0.15741920471191406,
            "Relief": 0.04691917821764946,
            "Romance": 0.029437487944960594,
            "Sadness": 0.25769543647766113,
            "Satisfaction": 0.06460456550121307,
            "Shame": 0.08280074596405029,
            "Surprise (negative)": 0.07191161066293716,
            "Surprise (positive)": 0.038715463131666183,
            "Sympathy": 0.06528580188751221,
            "Tiredness": 0.24325907230377197,
            "Triumph": 0.020755980163812637
        },
        "prosody": {
            "Admiration": 0.059507044148631394,
            "Adoration": 0.04633374523837119,
            "Aesthetic Appreciation": 0.004311190219596028,
            "Amusement": 0.054252585396170616,
            "Anger": 0.025713030248880386,
            "Anxiety": 0.0300443135201931,
            "Awe": 0.008633315854240209,
            "Awkwardness": 0.19867868721485138,
            "Boredom": 0.05864299985114485,
            "Calmness": 0.02482867892831564,
            "Concentration": 0.006166903214761987,
            "Confusion": 0.08438832592219114,
            "Contemplation": 0.02354220161214471,
            "Contempt": 0.04219190590083599,
            "Contentment": 0.005050818435847759,
            "Craving": 0.002296235179528594,
            "Desire": 0.009623471822123975,
            "Determination": 0.004173601279035211,
            "Disappointment": 0.10176713392138481,
            "Disgust": 0.028688462916761637,
            "Distress": 0.04918819386512041,
            "Doubt": 0.06060383561998606,
            "Ecstasy": 0.004744439618662,
            "Embarrassment": 0.16993080079555511,
            "Empathic Pain": 0.2002958096563816,
            "Entrancement": 0.005010951193980873,
            "Envy": 0.04432511003687978,
            "Excitement": 0.009363359538838267,
            "Fear": 0.01476606004871428,
            "Guilt": 0.42162709310650826,
            "Horror": 0.008088182075880468,
            "Interest": 0.029330805526115,
            "Joy": 0.009125415468588471,
            "Love": 0.0406360465567559,
            "Nostalgia": 0.004727565275970846,
            "Pain": 0.022234879434108734,
            "Pride": 0.007690947037190199,
            "Realization": 0.1495728548616171,
            "Relief": 0.012329949764534831,
            "Romance": 0.03441923239734024,
            "Sadness": 0.14709138125181198,
            "Satisfaction": 0.006840806687250733,
            "Shame": 0.2673408789560199,
            "Surprise (negative)": 0.061304125003516674,
            "Surprise (positive)": 0.037732566706836224,
            "Sympathy": 0.3355250284075737,
            "Tiredness": 0.014263284509070218,
            "Triumph": 0.00272895151283592
        },
        "lang": {
            "Admiration": 0.005513634129713934,
            "Adoration": 0.003214462803533444,
            "Aesthetic Appreciation": 0.004538450694571321,
            "Amusement": 0.05430137652617235,
            "Anger": 0.043790118141959496,
            "Annoyance": 0.25909415997851354,
            "Anxiety": 0.026358642651198003,
            "Awe": 0.0035992503040828384,
            "Awkwardness": 0.10509678778740075,
            "Boredom": 0.013214841682034044,
            "Calmness": 0.05564759041254337,
            "Concentration": 0.008633679316307489,
            "Confusion": 0.036145016515197664,
            "Contemplation": 0.026249813095021706,
            "Contempt": 0.1435898096085741,
            "Contentment": 0.03417084520109571,
            "Craving": 0.0007116164309151757,
            "Desire": 0.0030085711791448724,
            "Determination": 0.01597075006709649,
            "Disappointment": 0.09539590355080481,
            "Disapproval": 0.209722099145158,
            "Disgust": 0.08911686325266671,
            "Distress": 0.08123287417066212,
            "Doubt": 0.01770344190299511,
            "Ecstasy": 0.0005191062518861145,
            "Embarrassment": 0.08705519130363917,
            "Empathic Pain": 0.12726463915672726,
            "Enthusiasm": 0.007030464887905579,
            "Entrancement": 0.0031262730481103063,
            "Envy": 0.0026143282571306024,
            "Excitement": 0.0020075845532119274,
            "Fear": 0.008721790401838146,
            "Gratitude": 0.006788826493832927,
            "Guilt": 0.05924779928934116,
            "Horror": 0.011605929725472098,
            "Interest": 0.010037219133944465,
            "Joy": 0.003301906439726456,
            "Love": 0.005022197657336409,
            "Nostalgia": 0.001822001018668883,
            "Pain": 0.034241788796722315,
            "Pride": 0.011422381351272074,
            "Realization": 0.07204309227661444,
            "Relief": 0.00910174183977338,
            "Romance": 0.002047757812901042,
            "Sadness": 0.07157518354674372,
            "Sarcasm": 0.22175107108285794,
            "Satisfaction": 0.023254603622123025,
            "Shame": 0.08454605012845534,
            "Surprise (negative)": 0.05618333090275813,
            "Surprise (positive)": 0.004340275240023262,
            "Sympathy": 0.13673001613754493,
            "Tiredness": 0.027733191561240416,
            "Triumph": 0.009596125294382755
        }
    }
}