{
    "predicted": {
        "face": {
            "Admiration": 0.08547340333461761,
            "Adoration": 0.07519602030515671,
            "Aesthetic Appreciation": 0.060628462582826614,
            "Amusement": 0.20250965654850006,
            "Anger": 0.0874829813838005,
            "Anxiety": 0.12297572195529938,
            "Awe": 0.1729670912027359,
            "Awkwardness": 0.16609369218349457,
            "Boredom": 0.2793418765068054,
            "Calmness": 0.26392441987991333,
            "Concentration": 0.20898491144180298,
            "Confusion": 0.2823792099952698,
            "Contemplation": 0.10883627086877823,
            "Contempt": 0.12798874080181122,
            "Contentment": 0.129243865609169,
            "Craving": 0.08052763342857361,
            "Desire": 0.20197638869285583,
            "Determination": 0.08998941630125046,
            "Disappointment": 0.21839022636413574,
            "Disgust": 0.10370980948209763,
            "Distress": 0.19971440732479095,
            "Doubt": 0.17189663648605347,
            "Ecstasy": 0.14614459872245789,
            "Embarrassment": 0.0801800787448883,
            "Empathic Pain": 0.08062418550252914,
            "Entrancement": 0.1300034075975418,
            "Envy": 0.03154187276959419,
            "Excitement": 0.17177745699882507,
            "Fear": 0.12373588234186172,
            "Guilt": 0.05273524671792984,
            "Horror": 0.09160878509283066,
            "Interest": 0.19775809347629547,
            "Joy": 0.16029107570648193,
            "Love": 0.11593028903007507,
            "Nostalgia": 0.05783464387059212,
            "Pain": 0.20442038774490356,
            "Pride": 0.07393214106559753,
            "Realization": 0.17566174268722534,
            "Relief": 0.17827896773815155,
            "Romance": 0.058431997895240784,
            "Sadness": 0.1400819718837738,
            "Satisfaction": 0.2673532962799072,
            "Shame": 0.053036682307720184,
            "Surprise (negative)": 0.10721081495285034,
            "Surprise (positive)": 0.09401262551546097,
            "Sympathy": 0.036826059222221375,
            "Tiredness": 0.35359349846839905,
            "Triumph": 0.08397885411977768
        },
        "prosody": {
            "Admiration": 0.013134605251252651,
            "Adoration": 0.006815819069743156,
            "Aesthetic Appreciation": 0.0051465933211147785,
            "Amusement": 0.0734589621424675,
            "Anger": 0.18458020687103271,
            "Anxiety": 0.07261419296264648,
            "Awe": 0.02429231069982052,
            "Awkwardness": 0.012343783862888813,
            "Boredom": 0.005071786232292652,
            "Calmness": 0.011249267496168613,
            "Concentration": 0.04995516315102577,
            "Confusion": 0.03522948920726776,
            "Contemplation": 0.012524586170911789,
            "Contempt": 0.019259171560406685,
            "Contentment": 0.030568355694413185,
            "Craving": 0.00457142386585474,
            "Desire": 0.0016212868504226208,
            "Determination": 0.20678435266017914,
            "Disappointment": 0.02355315163731575,
            "Disgust": 0.008272083476185799,
            "Distress": 0.07507201284170151,
            "Doubt": 0.009341436438262463,
            "Ecstasy": 0.03752715140581131,
            "Embarrassment": 0.004661779385060072,
            "Empathic Pain": 0.0015136637957766652,
            "Entrancement": 0.005535060539841652,
            "Envy": 0.002879706909880042,
            "Excitement": 0.3044760823249817,
            "Fear": 0.018260067328810692,
            "Guilt": 0.0022578032221645117,
            "Horror": 0.012960206717252731,
            "Interest": 0.07192204892635345,
            "Joy": 0.04262237250804901,
            "Love": 0.00424681743606925,
            "Nostalgia": 0.010242944583296776,
            "Pain": 0.004866515751928091,
            "Pride": 0.13459324836730957,
            "Realization": 0.048699554055929184,
            "Relief": 0.022136032581329346,
            "Romance": 0.002442494733259082,
            "Sadness": 0.005012242589145899,
            "Satisfaction": 0.062116459012031555,
            "Shame": 0.004177700728178024,
            "Surprise (negative)": 0.07160989940166473,
            "Surprise (positive)": 0.11893420666456223,
            "Sympathy": 0.0020985547453165054,
            "Tiredness": 0.0060970364138484,
            "Triumph": 0.09946998953819275
        },
        "lang": {
            "Admiration": 0.01402854674961418,
            "Adoration": 0.002812739636283368,
            "Aesthetic Appreciation": 0.017362658865749836,
            "Amusement": 0.016513452166691422,
            "Anger": 0.003614115295931697,
            "Annoyance": 0.03001876175403595,
            "Anxiety": 0.0023473685432691127,
            "Awe": 0.012308833422139287,
            "Awkwardness": 0.0163165571866557,
            "Boredom": 0.0561062297783792,
            "Calmness": 0.20046038180589676,
            "Concentration": 0.04683593939989805,
            "Confusion": 0.07890954497270286,
            "Contemplation": 0.057478176429867744,
            "Contempt": 0.0269836513325572,
            "Contentment": 0.1152693247422576,
            "Craving": 0.002860437671188265,
            "Desire": 0.001686613577476237,
            "Determination": 0.04458646452985704,
            "Disappointment": 0.039442683570086956,
            "Disapproval": 0.013559832703322172,
            "Disgust": 0.003718145890161395,
            "Distress": 0.0032099902164191008,
            "Doubt": 0.014876865083351731,
            "Ecstasy": 0.0028402732859831303,
            "Embarrassment": 0.004377254343125969,
            "Empathic Pain": 0.002481096758856438,
            "Enthusiasm": 0.040066207060590386,
            "Entrancement": 0.007280315854586661,
            "Envy": 0.008120770915411413,
            "Excitement": 0.02283537562470883,
            "Fear": 0.0009149889810942113,
            "Gratitude": 0.005243185209110379,
            "Guilt": 0.0036491509526968002,
            "Horror": 0.0005646382633130997,
            "Interest": 0.08849943056702614,
            "Joy": 0.013806387782096863,
            "Love": 0.0013152490791981108,
            "Nostalgia": 0.0034918245510198176,
            "Pain": 0.0021538341679843143,
            "Pride": 0.058911448111757636,
            "Realization": 0.18861412536352873,
            "Relief": 0.015330016380175948,
            "Romance": 0.0007911073425930226,
            "Sadness": 0.006203365977853537,
            "Sarcasm": 0.011054773349314928,
            "Satisfaction": 0.14995485171675682,
            "Shame": 0.008776490692980587,
            "Surprise (negative)": 0.03998094983398914,
            "Surprise (positive)": 0.07779803918674588,
            "Sympathy": 0.004848802374908701,
            "Tiredness": 0.01051935279974714,
            "Triumph": 0.07889228919520974
        }
    }
}