{
    "predicted": {
        "face": {
            "Admiration": 0.06907627731561661,
            "Adoration": 0.04170447960495949,
            "Aesthetic Appreciation": 0.04031306132674217,
            "Amusement": 0.1343214511871338,
            "Anger": 0.23214863240718842,
            "Anxiety": 0.16938522458076477,
            "Awe": 0.2596132159233093,
            "Awkwardness": 0.17850114405155182,
            "Boredom": 0.19031809270381927,
            "Calmness": 0.09627267718315125,
            "Concentration": 0.18041010200977325,
            "Confusion": 0.43349990248680115,
            "Contemplation": 0.09948433190584183,
            "Contempt": 0.16309939324855804,
            "Contentment": 0.04672626405954361,
            "Craving": 0.07163698226213455,
            "Desire": 0.07689755409955978,
            "Determination": 0.1309736669063568,
            "Disappointment": 0.2488114833831787,
            "Disgust": 0.1622859686613083,
            "Distress": 0.25183895230293274,
            "Doubt": 0.24955013394355774,
            "Ecstasy": 0.06316407769918442,
            "Embarrassment": 0.08497731387615204,
            "Empathic Pain": 0.09167951345443726,
            "Entrancement": 0.08810709416866302,
            "Envy": 0.04199299216270447,
            "Excitement": 0.14158746600151062,
            "Fear": 0.23091481626033783,
            "Guilt": 0.0519041046500206,
            "Horror": 0.21546316146850586,
            "Interest": 0.1798815131187439,
            "Joy": 0.06846435368061066,
            "Love": 0.04259664937853813,
            "Nostalgia": 0.03831233084201813,
            "Pain": 0.19519710540771484,
            "Pride": 0.062263451516628265,
            "Realization": 0.18052025139331818,
            "Relief": 0.04746432974934578,
            "Romance": 0.02344823256134987,
            "Sadness": 0.1407151073217392,
            "Satisfaction": 0.08351482450962067,
            "Shame": 0.04594534635543823,
            "Surprise (negative)": 0.24374724924564362,
            "Surprise (positive)": 0.15264254808425903,
            "Sympathy": 0.03317636996507645,
            "Tiredness": 0.17024126648902893,
            "Triumph": 0.07654611021280289
        },
        "prosody": {
            "Admiration": 0.12910069525241852,
            "Adoration": 0.08878803253173828,
            "Aesthetic Appreciation": 0.02068965509533882,
            "Amusement": 0.1491662710905075,
            "Anger": 0.007164520211517811,
            "Anxiety": 0.0849088802933693,
            "Awe": 0.09016311913728714,
            "Awkwardness": 0.27131447196006775,
            "Boredom": 0.005200596526265144,
            "Calmness": 0.014627833850681782,
            "Concentration": 0.008147897198796272,
            "Confusion": 0.29048728942871094,
            "Contemplation": 0.08714458346366882,
            "Contempt": 0.015556547790765762,
            "Contentment": 0.03471505269408226,
            "Craving": 0.027284696698188782,
            "Desire": 0.007364756893366575,
            "Determination": 0.01615910790860653,
            "Disappointment": 0.07341839373111725,
            "Disgust": 0.01059080008417368,
            "Distress": 0.04928081855177879,
            "Doubt": 0.3603064715862274,
            "Ecstasy": 0.0353892520070076,
            "Embarrassment": 0.04684576764702797,
            "Empathic Pain": 0.027915362268686295,
            "Entrancement": 0.007023798301815987,
            "Envy": 0.025059688836336136,
            "Excitement": 0.19973671436309814,
            "Fear": 0.030037224292755127,
            "Guilt": 0.030085409060120583,
            "Horror": 0.006937782745808363,
            "Interest": 0.22412067651748657,
            "Joy": 0.08588596433401108,
            "Love": 0.03010476753115654,
            "Nostalgia": 0.019376974552869797,
            "Pain": 0.004708278924226761,
            "Pride": 0.04312451556324959,
            "Realization": 0.17306387424468994,
            "Relief": 0.017122752964496613,
            "Romance": 0.02004607580602169,
            "Sadness": 0.008779611438512802,
            "Satisfaction": 0.04801082983613014,
            "Shame": 0.021675650030374527,
            "Surprise (negative)": 0.09860854595899582,
            "Surprise (positive)": 0.6366215944290161,
            "Sympathy": 0.049670420587062836,
            "Tiredness": 0.0018412498757243156,
            "Triumph": 0.015438072383403778
        },
        "lang": {
            "Admiration": 0.022141245589591563,
            "Adoration": 0.016727929608896373,
            "Aesthetic Appreciation": 0.008668771164957434,
            "Amusement": 0.020642730523832142,
            "Anger": 0.012668264727108181,
            "Annoyance": 0.0532364979851991,
            "Anxiety": 0.01919563424307853,
            "Awe": 0.051182146463543174,
            "Awkwardness": 0.02481080899015069,
            "Boredom": 0.01914277857868001,
            "Calmness": 0.08190447483211756,
            "Concentration": 0.018704393110238016,
            "Confusion": 0.05758577175438404,
            "Contemplation": 0.04270061925053596,
            "Contempt": 0.028943471936509015,
            "Contentment": 0.03986962996423245,
            "Craving": 0.006506420247023925,
            "Desire": 0.006765434489352629,
            "Determination": 0.03240958875976503,
            "Disappointment": 0.048158584348857406,
            "Disapproval": 0.025110785220749676,
            "Disgust": 0.00526558558922261,
            "Distress": 0.04445292667951435,
            "Doubt": 0.017525630071759224,
            "Ecstasy": 0.014021168989711442,
            "Embarrassment": 0.006139836122747511,
            "Empathic Pain": 0.06809186669997871,
            "Enthusiasm": 0.07278832420706749,
            "Entrancement": 0.016379349282942712,
            "Envy": 0.002689845347777009,
            "Excitement": 0.11326241254573688,
            "Fear": 0.007027449738234282,
            "Gratitude": 0.01215598515700549,
            "Guilt": 0.010600698774214833,
            "Horror": 0.002303421412943862,
            "Interest": 0.08408260750584304,
            "Joy": 0.04944458003155887,
            "Love": 0.03331302246078849,
            "Nostalgia": 0.004290181351825595,
            "Pain": 0.045951355842407796,
            "Pride": 0.018127250368706882,
            "Realization": 0.15255615692585706,
            "Relief": 0.029806288005784155,
            "Romance": 0.010778182302601635,
            "Sadness": 0.0936203617369756,
            "Sarcasm": 0.023890815395861863,
            "Satisfaction": 0.04651117832399905,
            "Shame": 0.016227402631193398,
            "Surprise (negative)": 0.07308638328686357,
            "Surprise (positive)": 0.2867032065056264,
            "Sympathy": 0.10460088793188334,
            "Tiredness": 0.026921998988837004,
            "Triumph": 0.02916764325927943
        }
    }
}