{
    "predicted": {
        "face": {
            "Admiration": 0.04152057319879532,
            "Adoration": 0.02347617968916893,
            "Aesthetic Appreciation": 0.027169469743967056,
            "Amusement": 0.11292164772748947,
            "Anger": 0.3667326271533966,
            "Anxiety": 0.1597209870815277,
            "Awe": 0.22611640393733978,
            "Awkwardness": 0.21217119693756104,
            "Boredom": 0.177909716963768,
            "Calmness": 0.07454252988100052,
            "Concentration": 0.14538396894931793,
            "Confusion": 0.4436620771884918,
            "Contemplation": 0.058321960270404816,
            "Contempt": 0.21566727757453918,
            "Contentment": 0.03415513411164284,
            "Craving": 0.04861767590045929,
            "Desire": 0.05025520548224449,
            "Determination": 0.11688117682933807,
            "Disappointment": 0.25863826274871826,
            "Disgust": 0.30758681893348694,
            "Distress": 0.2364654541015625,
            "Doubt": 0.2333456426858902,
            "Ecstasy": 0.048812709748744965,
            "Embarrassment": 0.1009526252746582,
            "Empathic Pain": 0.07872999459505081,
            "Entrancement": 0.06241583079099655,
            "Envy": 0.04036320745944977,
            "Excitement": 0.1298692226409912,
            "Fear": 0.19687657058238983,
            "Guilt": 0.04525347799062729,
            "Horror": 0.26326924562454224,
            "Interest": 0.13583755493164062,
            "Joy": 0.050891511142253876,
            "Love": 0.026848066598176956,
            "Nostalgia": 0.02273332141339779,
            "Pain": 0.1464761346578598,
            "Pride": 0.04780690744519234,
            "Realization": 0.14427998661994934,
            "Relief": 0.03312450274825096,
            "Romance": 0.014413906261324883,
            "Sadness": 0.08021620661020279,
            "Satisfaction": 0.0584765188395977,
            "Shame": 0.04854080080986023,
            "Surprise (negative)": 0.3485918641090393,
            "Surprise (positive)": 0.18869613111019135,
            "Sympathy": 0.02584213577210903,
            "Tiredness": 0.1570136547088623,
            "Triumph": 0.06310376524925232
        },
        "prosody": {
            "Admiration": 0.08615759760141373,
            "Adoration": 0.14314556121826172,
            "Aesthetic Appreciation": 0.036140549927949905,
            "Amusement": 0.05840799957513809,
            "Anger": 0.0139104463160038,
            "Anxiety": 0.03935883939266205,
            "Awe": 0.2771887481212616,
            "Awkwardness": 0.023286720737814903,
            "Boredom": 0.006037933751940727,
            "Calmness": 0.020607640966773033,
            "Concentration": 0.007588702253997326,
            "Confusion": 0.011838028207421303,
            "Contemplation": 0.00479959836229682,
            "Contempt": 0.010040462017059326,
            "Contentment": 0.02530641295015812,
            "Craving": 0.002329799812287092,
            "Desire": 0.08021504431962967,
            "Determination": 0.021904990077018738,
            "Disappointment": 0.061887431889772415,
            "Disgust": 0.020191268995404243,
            "Distress": 0.07245418429374695,
            "Doubt": 0.007958986796438694,
            "Ecstasy": 0.03450356423854828,
            "Embarrassment": 0.036622337996959686,
            "Empathic Pain": 0.0236393753439188,
            "Entrancement": 0.02159625105559826,
            "Envy": 0.008318277075886726,
            "Excitement": 0.0940476804971695,
            "Fear": 0.04155975952744484,
            "Guilt": 0.03355519473552704,
            "Horror": 0.04236911982297897,
            "Interest": 0.051226675510406494,
            "Joy": 0.07065045833587646,
            "Love": 0.06666432321071625,
            "Nostalgia": 0.026738643646240234,
            "Pain": 0.019879547879099846,
            "Pride": 0.02923118695616722,
            "Realization": 0.19185100495815277,
            "Relief": 0.2140968143939972,
            "Romance": 0.03246650844812393,
            "Sadness": 0.027120279148221016,
            "Satisfaction": 0.048681654036045074,
            "Shame": 0.014156264252960682,
            "Surprise (negative)": 0.2574121057987213,
            "Surprise (positive)": 0.33938881754875183,
            "Sympathy": 0.031895700842142105,
            "Tiredness": 0.005464381072670221,
            "Triumph": 0.03337100148200989
        },
        "lang": {
            "Admiration": 0.020536126801744103,
            "Adoration": 0.014258869807235897,
            "Aesthetic Appreciation": 0.012475568684749305,
            "Amusement": 0.05925372056663036,
            "Anger": 0.019680826109834015,
            "Annoyance": 0.11200517555698752,
            "Anxiety": 0.04233856569044292,
            "Awe": 0.06548060663044453,
            "Awkwardness": 0.06916073802858591,
            "Boredom": 0.014818291761912405,
            "Calmness": 0.013111323467455804,
            "Concentration": 0.003961272828746587,
            "Confusion": 0.0660426146350801,
            "Contemplation": 0.012012536986730993,
            "Contempt": 0.020666470751166344,
            "Contentment": 0.01696939649991691,
            "Craving": 0.0027581932954490185,
            "Desire": 0.005658014037180692,
            "Determination": 0.002190143655752763,
            "Disappointment": 0.10000020451843739,
            "Disapproval": 0.06393170543015003,
            "Disgust": 0.04158377507701516,
            "Distress": 0.10171858035027981,
            "Doubt": 0.015248809242621064,
            "Ecstasy": 0.014146140369120985,
            "Embarrassment": 0.031905896961688995,
            "Empathic Pain": 0.012563792581204325,
            "Enthusiasm": 0.04125318815931678,
            "Entrancement": 0.018141976092010736,
            "Envy": 0.0032674822432454675,
            "Excitement": 0.06561223114840686,
            "Fear": 0.05340726475697011,
            "Gratitude": 0.013049070141278207,
            "Guilt": 0.005511308030690998,
            "Horror": 0.07076007919386029,
            "Interest": 0.03906390001066029,
            "Joy": 0.03740873374044895,
            "Love": 0.007885969738708809,
            "Nostalgia": 0.002418146381387487,
            "Pain": 0.01859740464715287,
            "Pride": 0.0042779498908203095,
            "Realization": 0.1363432388752699,
            "Relief": 0.025807250756770372,
            "Romance": 0.004600957239745185,
            "Sadness": 0.02273998159216717,
            "Sarcasm": 0.04954621335491538,
            "Satisfaction": 0.04186254949308932,
            "Shame": 0.018227130407467484,
            "Surprise (negative)": 0.5364496745169163,
            "Surprise (positive)": 0.33321718871593475,
            "Sympathy": 0.0102424529613927,
            "Tiredness": 0.007747019350063056,
            "Triumph": 0.010290009202435613
        }
    }
}