{
    "predicted": {
        "face": {
            "Admiration": 0.15897616744041443,
            "Adoration": 0.14456027746200562,
            "Aesthetic Appreciation": 0.07984966039657593,
            "Amusement": 0.5060351490974426,
            "Anger": 0.06678511202335358,
            "Anxiety": 0.12373025715351105,
            "Awe": 0.12128269672393799,
            "Awkwardness": 0.284285306930542,
            "Boredom": 0.14560362696647644,
            "Calmness": 0.2370537668466568,
            "Concentration": 0.21725837886333466,
            "Confusion": 0.26889440417289734,
            "Contemplation": 0.10033198446035385,
            "Contempt": 0.13513711094856262,
            "Contentment": 0.19369688630104065,
            "Craving": 0.07039748877286911,
            "Desire": 0.09962166100740433,
            "Determination": 0.08979282528162003,
            "Disappointment": 0.12838256359100342,
            "Disgust": 0.10449716448783875,
            "Distress": 0.12816408276557922,
            "Doubt": 0.18281611800193787,
            "Ecstasy": 0.1094859167933464,
            "Embarrassment": 0.10027603805065155,
            "Empathic Pain": 0.05405097454786301,
            "Entrancement": 0.103788360953331,
            "Envy": 0.04254794120788574,
            "Excitement": 0.33148324489593506,
            "Fear": 0.11347519606351852,
            "Guilt": 0.0421072319149971,
            "Horror": 0.0724184662103653,
            "Interest": 0.4099196493625641,
            "Joy": 0.44114962220191956,
            "Love": 0.22558802366256714,
            "Nostalgia": 0.05672376975417137,
            "Pain": 0.07674139738082886,
            "Pride": 0.10636559128761292,
            "Realization": 0.1270838975906372,
            "Relief": 0.08029580116271973,
            "Romance": 0.07144317030906677,
            "Sadness": 0.06878654658794403,
            "Satisfaction": 0.2701989710330963,
            "Shame": 0.04352075979113579,
            "Surprise (negative)": 0.07425191253423691,
            "Surprise (positive)": 0.08256013691425323,
            "Sympathy": 0.05781657621264458,
            "Tiredness": 0.07930001616477966,
            "Triumph": 0.08799127489328384
        },
        "prosody": {
            "Admiration": 0.023709138855338097,
            "Adoration": 0.024434078484773636,
            "Aesthetic Appreciation": 0.016621718183159828,
            "Amusement": 0.0974435806274414,
            "Anger": 0.04308072850108147,
            "Anxiety": 0.019159037619829178,
            "Awe": 0.024115009233355522,
            "Awkwardness": 0.052784454077482224,
            "Boredom": 0.029887819662690163,
            "Calmness": 0.0146273048594594,
            "Concentration": 0.017859719693660736,
            "Confusion": 0.02016964554786682,
            "Contemplation": 0.007504565641283989,
            "Contempt": 0.04299475997686386,
            "Contentment": 0.03843747451901436,
            "Craving": 0.05150916799902916,
            "Desire": 0.05145379900932312,
            "Determination": 0.04698390141129494,
            "Disappointment": 0.038460586220026016,
            "Disgust": 0.06614509969949722,
            "Distress": 0.03048241138458252,
            "Doubt": 0.011186384595930576,
            "Ecstasy": 0.11388745158910751,
            "Embarrassment": 0.017202943563461304,
            "Empathic Pain": 0.003275998868048191,
            "Entrancement": 0.018390178680419922,
            "Envy": 0.009220256470143795,
            "Excitement": 0.23352394998073578,
            "Fear": 0.007291834335774183,
            "Guilt": 0.00643001077696681,
            "Horror": 0.014012403786182404,
            "Interest": 0.05012607201933861,
            "Joy": 0.05992615967988968,
            "Love": 0.012872799299657345,
            "Nostalgia": 0.026474829763174057,
            "Pain": 0.008419401943683624,
            "Pride": 0.0368126705288887,
            "Realization": 0.06967044621706009,
            "Relief": 0.1271686553955078,
            "Romance": 0.02650289237499237,
            "Sadness": 0.0030718424823135138,
            "Satisfaction": 0.14820000529289246,
            "Shame": 0.007477559614926577,
            "Surprise (negative)": 0.03633144125342369,
            "Surprise (positive)": 0.07101281732320786,
            "Sympathy": 0.004237115383148193,
            "Tiredness": 0.035165831446647644,
            "Triumph": 0.06367897242307663
        },
        "lang": {
            "Admiration": 0.009919071536777275,
            "Adoration": 0.004171863988241447,
            "Aesthetic Appreciation": 0.01867354062518903,
            "Amusement": 0.018230289287332977,
            "Anger": 0.0009999966631377383,
            "Annoyance": 0.011337172539372529,
            "Anxiety": 0.010025417498712028,
            "Awe": 0.008056655492899674,
            "Awkwardness": 0.008424594532698393,
            "Boredom": 0.03559198948953833,
            "Calmness": 0.2880438544920513,
            "Concentration": 0.24775848644120352,
            "Confusion": 0.028511421688433205,
            "Contemplation": 0.2401764520577022,
            "Contempt": 0.03028103443128722,
            "Contentment": 0.16530895712120192,
            "Craving": 0.0200134050433657,
            "Desire": 0.00058138847608851,
            "Determination": 0.13058412820100784,
            "Disappointment": 0.0022567618039569686,
            "Disapproval": 0.004813102190382779,
            "Disgust": 0.0015893466271726148,
            "Distress": 0.00338488828856498,
            "Doubt": 0.04541449149006179,
            "Ecstasy": 0.006582876089461414,
            "Embarrassment": 0.001067814205141206,
            "Empathic Pain": 0.002586030983366072,
            "Enthusiasm": 0.19718203081616334,
            "Entrancement": 0.01783439823027168,
            "Envy": 0.001394992960350854,
            "Excitement": 0.09913677822000214,
            "Fear": 0.0027118665581968215,
            "Gratitude": 0.023043668695858548,
            "Guilt": 0.0012814764132989304,
            "Horror": 0.00032211147273691107,
            "Interest": 0.3501835715557848,
            "Joy": 0.03894929842291666,
            "Love": 0.002578548962316875,
            "Nostalgia": 0.0016994084497647627,
            "Pain": 0.0006337213354916977,
            "Pride": 0.02632079552859068,
            "Realization": 0.0583735444982137,
            "Relief": 0.01418377785012126,
            "Romance": 0.0005322614202408918,
            "Sadness": 0.0009258579313089805,
            "Sarcasm": 0.01398897756423269,
            "Satisfaction": 0.13991155102849007,
            "Shame": 0.0014956533809059433,
            "Surprise (negative)": 0.002684858120379171,
            "Surprise (positive)": 0.016393556924802915,
            "Sympathy": 0.00368490196498377,
            "Tiredness": 0.012089425132476858,
            "Triumph": 0.032235388843608756
        }
    }
}