{
    "predicted": {
        "face": {
            "Admiration": 0.053044214844703674,
            "Adoration": 0.03914465010166168,
            "Aesthetic Appreciation": 0.035718630999326706,
            "Amusement": 0.14533089101314545,
            "Anger": 0.2589051425457001,
            "Anxiety": 0.17304635047912598,
            "Awe": 0.09879341721534729,
            "Awkwardness": 0.2726815640926361,
            "Boredom": 0.15997138619422913,
            "Calmness": 0.13422030210494995,
            "Concentration": 0.19696693122386932,
            "Confusion": 0.40615981817245483,
            "Contemplation": 0.08655954897403717,
            "Contempt": 0.27488625049591064,
            "Contentment": 0.06355313211679459,
            "Craving": 0.04529363662004471,
            "Desire": 0.039691559970378876,
            "Determination": 0.10315970331430435,
            "Disappointment": 0.2924051284790039,
            "Disgust": 0.4296330511569977,
            "Distress": 0.25540512800216675,
            "Doubt": 0.26581254601478577,
            "Ecstasy": 0.03721650689840317,
            "Embarrassment": 0.13120432198047638,
            "Empathic Pain": 0.11194396764039993,
            "Entrancement": 0.06392285972833633,
            "Envy": 0.05160536617040634,
            "Excitement": 0.09656447172164917,
            "Fear": 0.17164826393127441,
            "Guilt": 0.07231969386339188,
            "Horror": 0.13265512883663177,
            "Interest": 0.17657221853733063,
            "Joy": 0.08940523117780685,
            "Love": 0.05322249233722687,
            "Nostalgia": 0.03733716532588005,
            "Pain": 0.1924538016319275,
            "Pride": 0.05349929630756378,
            "Realization": 0.11592836678028107,
            "Relief": 0.0307358019053936,
            "Romance": 0.022202402353286743,
            "Sadness": 0.17156793177127838,
            "Satisfaction": 0.07289574295282364,
            "Shame": 0.07883721590042114,
            "Surprise (negative)": 0.13684968650341034,
            "Surprise (positive)": 0.06508754193782806,
            "Sympathy": 0.04650171101093292,
            "Tiredness": 0.10795338451862335,
            "Triumph": 0.04271470382809639
        },
        "prosody": {
            "Admiration": 0.0022595091722905636,
            "Adoration": 0.0019962529186159372,
            "Aesthetic Appreciation": 0.0019668624736368656,
            "Amusement": 0.030319061130285263,
            "Anger": 0.7210548520088196,
            "Anxiety": 0.1892692744731903,
            "Awe": 0.00386491185054183,
            "Awkwardness": 0.05553796514868736,
            "Boredom": 0.002018400002270937,
            "Calmness": 0.0015389386098831892,
            "Concentration": 0.003256432479247451,
            "Confusion": 0.04361118748784065,
            "Contemplation": 0.008684175089001656,
            "Contempt": 0.2547796964645386,
            "Contentment": 0.004232770763337612,
            "Craving": 0.001141357934102416,
            "Desire": 0.0014353289734572172,
            "Determination": 0.017686963081359863,
            "Disappointment": 0.17348134517669678,
            "Disgust": 0.490456223487854,
            "Distress": 0.4041593670845032,
            "Doubt": 0.026038680225610733,
            "Ecstasy": 0.005239345133304596,
            "Embarrassment": 0.03349125757813454,
            "Empathic Pain": 0.0409921295940876,
            "Entrancement": 0.0022143516689538956,
            "Envy": 0.01203862763941288,
            "Excitement": 0.025123335421085358,
            "Fear": 0.08211235702037811,
            "Guilt": 0.025604937225580215,
            "Horror": 0.0498904213309288,
            "Interest": 0.00699487142264843,
            "Joy": 0.005781886633485556,
            "Love": 0.0010678628459572792,
            "Nostalgia": 0.0004607484443113208,
            "Pain": 0.02325928770005703,
            "Pride": 0.010686395689845085,
            "Realization": 0.04264198616147041,
            "Relief": 0.004954880569130182,
            "Romance": 0.0013785612536594272,
            "Sadness": 0.021346289664506912,
            "Satisfaction": 0.017025195062160492,
            "Shame": 0.02779582142829895,
            "Surprise (negative)": 0.04189222306013107,
            "Surprise (positive)": 0.011522871442139149,
            "Sympathy": 0.03482767194509506,
            "Tiredness": 0.005535415839403868,
            "Triumph": 0.008021782152354717
        },
        "lang": {
            "Admiration": 0.0018064038142458433,
            "Adoration": 0.0007588721249097338,
            "Aesthetic Appreciation": 0.003965702580495013,
            "Amusement": 0.01619060704898503,
            "Anger": 0.0058141372606365215,
            "Annoyance": 0.03741941228508949,
            "Anxiety": 0.0918638515803549,
            "Awe": 0.005333091947250068,
            "Awkwardness": 0.07671069933308496,
            "Boredom": 0.01232939049239374,
            "Calmness": 0.05624514678493142,
            "Concentration": 0.03504484803933236,
            "Confusion": 0.32043254209889305,
            "Contemplation": 0.34409885274039376,
            "Contempt": 0.01546061256279548,
            "Contentment": 0.01015833611988152,
            "Craving": 0.0008844628917156822,
            "Desire": 0.001201092854090449,
            "Determination": 0.006349295714042253,
            "Disappointment": 0.03329538698825571,
            "Disapproval": 0.029572532201806705,
            "Disgust": 0.005088742149786817,
            "Distress": 0.07510925462055537,
            "Doubt": 0.13695750799443987,
            "Ecstasy": 0.0007385359818322791,
            "Embarrassment": 0.0219638185420384,
            "Empathic Pain": 0.02937464736815956,
            "Enthusiasm": 0.005651640705764294,
            "Entrancement": 0.009027207127979232,
            "Envy": 0.0009287024246683965,
            "Excitement": 0.0033797131489134496,
            "Fear": 0.05339383385661575,
            "Gratitude": 0.0009684466931503266,
            "Guilt": 0.015461051073442731,
            "Horror": 0.017291153509480257,
            "Interest": 0.0789714947135912,
            "Joy": 0.001900282869529393,
            "Love": 0.000949214723530329,
            "Nostalgia": 0.003759087386748029,
            "Pain": 0.008402801946633391,
            "Pride": 0.002000423348767476,
            "Realization": 0.28078553411695695,
            "Relief": 0.007098631215437005,
            "Romance": 0.0013236976649043048,
            "Sadness": 0.018063454164399043,
            "Sarcasm": 0.023362912341124482,
            "Satisfaction": 0.008366082096472383,
            "Shame": 0.017925328057673242,
            "Surprise (negative)": 0.17566672691868412,
            "Surprise (positive)": 0.01856768550351262,
            "Sympathy": 0.027004075107268162,
            "Tiredness": 0.007542582966076831,
            "Triumph": 0.003201413343453573
        }
    }
}