{
    "predicted": {
        "face": {
            "Admiration": 0.12091685831546783,
            "Adoration": 0.10076098144054413,
            "Aesthetic Appreciation": 0.07757888734340668,
            "Amusement": 0.1947019249200821,
            "Anger": 0.059136874973773956,
            "Anxiety": 0.1654718816280365,
            "Awe": 0.11275070905685425,
            "Awkwardness": 0.25381314754486084,
            "Boredom": 0.4013565480709076,
            "Calmness": 0.4660061001777649,
            "Concentration": 0.4118092656135559,
            "Confusion": 0.4770439863204956,
            "Contemplation": 0.20248252153396606,
            "Contempt": 0.17043696343898773,
            "Contentment": 0.16539640724658966,
            "Craving": 0.058916136622428894,
            "Desire": 0.07616662979125977,
            "Determination": 0.10075187683105469,
            "Disappointment": 0.30571264028549194,
            "Disgust": 0.10094252973794937,
            "Distress": 0.21229952573776245,
            "Doubt": 0.36175012588500977,
            "Ecstasy": 0.042322076857089996,
            "Embarrassment": 0.12488090246915817,
            "Empathic Pain": 0.097199447453022,
            "Entrancement": 0.13140159845352173,
            "Envy": 0.04652585834264755,
            "Excitement": 0.09187082946300507,
            "Fear": 0.11656057834625244,
            "Guilt": 0.08946909010410309,
            "Horror": 0.05639434605836868,
            "Interest": 0.34827324748039246,
            "Joy": 0.1399984359741211,
            "Love": 0.1367304027080536,
            "Nostalgia": 0.07688083499670029,
            "Pain": 0.12762784957885742,
            "Pride": 0.06842765212059021,
            "Realization": 0.17766506969928741,
            "Relief": 0.10115845501422882,
            "Romance": 0.06199901923537254,
            "Sadness": 0.23232929408550262,
            "Satisfaction": 0.15892396867275238,
            "Shame": 0.08406783640384674,
            "Surprise (negative)": 0.07875999808311462,
            "Surprise (positive)": 0.06508895754814148,
            "Sympathy": 0.084979347884655,
            "Tiredness": 0.2713627815246582,
            "Triumph": 0.033467646688222885
        },
        "prosody": {
            "Admiration": 0.10020332333321373,
            "Adoration": 0.07243248882393043,
            "Aesthetic Appreciation": 0.024706614824632805,
            "Amusement": 0.15039985378583273,
            "Anger": 0.02078970180203517,
            "Anxiety": 0.1232198178768158,
            "Awe": 0.07004961464554071,
            "Awkwardness": 0.09477668752272923,
            "Boredom": 0.013129922871788343,
            "Calmness": 0.018882374589641888,
            "Concentration": 0.006018112180754542,
            "Confusion": 0.10065391783912976,
            "Contemplation": 0.012809933590081831,
            "Contempt": 0.01017189770936966,
            "Contentment": 0.01675973436795175,
            "Craving": 0.004573330981656909,
            "Desire": 0.013125444141527018,
            "Determination": 0.009329187761371335,
            "Disappointment": 0.06787681020796299,
            "Disgust": 0.02214333973824978,
            "Distress": 0.22611365715662637,
            "Doubt": 0.027522199787199497,
            "Ecstasy": 0.03262153174728155,
            "Embarrassment": 0.06201653555035591,
            "Empathic Pain": 0.05881168941656748,
            "Entrancement": 0.010198154021054506,
            "Envy": 0.013543330443402132,
            "Excitement": 0.0869483184069395,
            "Fear": 0.15220878273248672,
            "Guilt": 0.044405192136764526,
            "Horror": 0.105239637196064,
            "Interest": 0.03956693162520727,
            "Joy": 0.09348571548859279,
            "Love": 0.03346302701781193,
            "Nostalgia": 0.058304949663579464,
            "Pain": 0.19374092668294907,
            "Pride": 0.01243032111475865,
            "Realization": 0.062403115133444466,
            "Relief": 0.02550448135783275,
            "Romance": 0.016398789671560127,
            "Sadness": 0.26121694842974347,
            "Satisfaction": 0.029950180711845558,
            "Shame": 0.054476650431752205,
            "Surprise (negative)": 0.14180462310711542,
            "Surprise (positive)": 0.16671392445762953,
            "Sympathy": 0.0189950301622351,
            "Tiredness": 0.012925401019553343,
            "Triumph": 0.013572399659703175
        },
        "lang": {
            "Admiration": 0.010223103265161626,
            "Adoration": 0.004671953560318798,
            "Aesthetic Appreciation": 0.009974298300221562,
            "Amusement": 0.022057357244193554,
            "Anger": 0.018159363127779216,
            "Annoyance": 0.2684774831868708,
            "Anxiety": 0.07629468641243875,
            "Awe": 0.009510115283774212,
            "Awkwardness": 0.18694503232836723,
            "Boredom": 0.047709393431432545,
            "Calmness": 0.035204561543650925,
            "Concentration": 0.03261091059539467,
            "Confusion": 0.2391202338039875,
            "Contemplation": 0.13565740082412958,
            "Contempt": 0.08794141001999378,
            "Contentment": 0.007230331772007048,
            "Craving": 0.0033135310077341273,
            "Desire": 0.010637903498718515,
            "Determination": 0.017611648654565215,
            "Disappointment": 0.06130126351490617,
            "Disapproval": 0.15930682234466076,
            "Disgust": 0.026554809417575598,
            "Distress": 0.04559030896052718,
            "Doubt": 0.1519542597234249,
            "Ecstasy": 0.0008216979877033737,
            "Embarrassment": 0.039986820658668876,
            "Empathic Pain": 0.011487356357974932,
            "Enthusiasm": 0.009894886054098606,
            "Entrancement": 0.014870753220748156,
            "Envy": 0.02392757052439265,
            "Excitement": 0.005254973075352609,
            "Fear": 0.02086551536922343,
            "Gratitude": 0.0020730355463456362,
            "Guilt": 0.011347261839546263,
            "Horror": 0.004113091403269209,
            "Interest": 0.04933738929685205,
            "Joy": 0.0023342235799646005,
            "Love": 0.002132231846189825,
            "Nostalgia": 0.0013729105849051848,
            "Pain": 0.008547956691472791,
            "Pride": 0.005693107901606709,
            "Realization": 0.11533010052517056,
            "Relief": 0.002629234702908434,
            "Romance": 0.004831014004594181,
            "Sadness": 0.017074425966711715,
            "Sarcasm": 0.07882214873097837,
            "Satisfaction": 0.005115209525683895,
            "Shame": 0.037267009261995554,
            "Surprise (negative)": 0.04152285575401038,
            "Surprise (positive)": 0.008186317514628172,
            "Sympathy": 0.0101878791465424,
            "Tiredness": 0.029136159835616127,
            "Triumph": 0.001999254360271152
        }
    }
}