{
    "predicted": {
        "face": {
            "Admiration": 0.15553246438503265,
            "Adoration": 0.15922534465789795,
            "Aesthetic Appreciation": 0.08061619102954865,
            "Amusement": 0.31712520122528076,
            "Anger": 0.06571084260940552,
            "Anxiety": 0.1497618556022644,
            "Awe": 0.10134531557559967,
            "Awkwardness": 0.2569744884967804,
            "Boredom": 0.18601948022842407,
            "Calmness": 0.27670446038246155,
            "Concentration": 0.2643726170063019,
            "Confusion": 0.3466157019138336,
            "Contemplation": 0.14895351231098175,
            "Contempt": 0.1526079773902893,
            "Contentment": 0.16910256445407867,
            "Craving": 0.07083917409181595,
            "Desire": 0.12217029929161072,
            "Determination": 0.09224347770214081,
            "Disappointment": 0.21925292909145355,
            "Disgust": 0.10761915892362595,
            "Distress": 0.1827375590801239,
            "Doubt": 0.24027463793754578,
            "Ecstasy": 0.07367376238107681,
            "Embarrassment": 0.14205259084701538,
            "Empathic Pain": 0.07076865434646606,
            "Entrancement": 0.11656440794467926,
            "Envy": 0.04443438723683357,
            "Excitement": 0.17265759408473969,
            "Fear": 0.09425143897533417,
            "Guilt": 0.07422460615634918,
            "Horror": 0.04597926884889603,
            "Interest": 0.36380675435066223,
            "Joy": 0.27651458978652954,
            "Love": 0.2534258961677551,
            "Nostalgia": 0.07105111330747604,
            "Pain": 0.11159593611955643,
            "Pride": 0.08108153939247131,
            "Realization": 0.15939490497112274,
            "Relief": 0.09654086083173752,
            "Romance": 0.10627169162034988,
            "Sadness": 0.12426968663930893,
            "Satisfaction": 0.22077278792858124,
            "Shame": 0.08229269832372665,
            "Surprise (negative)": 0.05511324107646942,
            "Surprise (positive)": 0.05013209953904152,
            "Sympathy": 0.05971899256110191,
            "Tiredness": 0.1485118418931961,
            "Triumph": 0.053665582090616226
        },
        "prosody": {
            "Admiration": 0.01096501643769443,
            "Adoration": 0.009041554760187864,
            "Aesthetic Appreciation": 0.008232687832787633,
            "Amusement": 0.10438065230846405,
            "Anger": 0.010788723360747099,
            "Anxiety": 0.12721967324614525,
            "Awe": 0.005502177169546485,
            "Awkwardness": 0.11979997158050537,
            "Boredom": 0.005978491390123963,
            "Calmness": 0.020803330466151237,
            "Concentration": 0.04671225743368268,
            "Confusion": 0.07393033057451248,
            "Contemplation": 0.11898189038038254,
            "Contempt": 0.03387433476746082,
            "Contentment": 0.033369763754308224,
            "Craving": 0.033021753653883934,
            "Desire": 0.0033329144353047013,
            "Determination": 0.13963637501001358,
            "Disappointment": 0.12509984895586967,
            "Disgust": 0.022180989384651184,
            "Distress": 0.13992690667510033,
            "Doubt": 0.14909962564706802,
            "Ecstasy": 0.005054522072896361,
            "Embarrassment": 0.05811548791825771,
            "Empathic Pain": 0.025997797958552837,
            "Entrancement": 0.0020997594692744315,
            "Envy": 0.019792118575423956,
            "Excitement": 0.055072538554668427,
            "Fear": 0.019143175799399614,
            "Guilt": 0.018390043638646603,
            "Horror": 0.002533453516662121,
            "Interest": 0.1005336344242096,
            "Joy": 0.020146330818533897,
            "Love": 0.005699389614164829,
            "Nostalgia": 0.007146594347432256,
            "Pain": 0.007910426706075668,
            "Pride": 0.03292407747358084,
            "Realization": 0.12811036966741085,
            "Relief": 0.01084256125614047,
            "Romance": 0.003632276435382664,
            "Sadness": 0.014028338715434074,
            "Satisfaction": 0.034398309886455536,
            "Shame": 0.025402807630598545,
            "Surprise (negative)": 0.017126206075772643,
            "Surprise (positive)": 0.049239104613661766,
            "Sympathy": 0.06765697244554758,
            "Tiredness": 0.019267207942903042,
            "Triumph": 0.0157272438518703
        },
        "lang": {
            "Admiration": 0.060180591035853416,
            "Adoration": 0.005766659148160697,
            "Aesthetic Appreciation": 0.024389369796742413,
            "Amusement": 0.009034211624085027,
            "Anger": 0.0007539140317342518,
            "Annoyance": 0.008623174206791994,
            "Anxiety": 0.02130915579276488,
            "Awe": 0.011908728903269066,
            "Awkwardness": 0.02206127979683087,
            "Boredom": 0.01127128052415655,
            "Calmness": 0.18725665461491137,
            "Concentration": 0.14085199294940515,
            "Confusion": 0.0670305473236915,
            "Contemplation": 0.42975063359036164,
            "Contempt": 0.012424627538113034,
            "Contentment": 0.08194254922187504,
            "Craving": 0.0019134667784194736,
            "Desire": 0.0006190132022739443,
            "Determination": 0.09755274497301263,
            "Disappointment": 0.010234088390408194,
            "Disapproval": 0.00949069849379799,
            "Disgust": 0.0010742252309094457,
            "Distress": 0.008681513232124202,
            "Doubt": 0.08519795964307644,
            "Ecstasy": 0.0012575823125456844,
            "Embarrassment": 0.0022788665476529035,
            "Empathic Pain": 0.0417889188427259,
            "Enthusiasm": 0.13607800576616735,
            "Entrancement": 0.009976707508458811,
            "Envy": 0.0014408619403291274,
            "Excitement": 0.024693072622861054,
            "Fear": 0.006413176813272431,
            "Gratitude": 0.02633721213308437,
            "Guilt": 0.0022458369888173524,
            "Horror": 0.0004654632314615061,
            "Interest": 0.36322455146514315,
            "Joy": 0.012519807006944628,
            "Love": 0.0035737098797279246,
            "Nostalgia": 0.002307295973878354,
            "Pain": 0.0032121887882514033,
            "Pride": 0.011247599113951711,
            "Realization": 0.20234880048562498,
            "Relief": 0.03258808163980789,
            "Romance": 0.0008747375609613407,
            "Sadness": 0.006106621846008827,
            "Sarcasm": 0.014540725949165575,
            "Satisfaction": 0.11046450379688073,
            "Shame": 0.0038199391051688615,
            "Surprise (negative)": 0.010441609576125355,
            "Surprise (positive)": 0.03623569562264225,
            "Sympathy": 0.06713125216500725,
            "Tiredness": 0.006813202690168777,
            "Triumph": 0.014983364654814495
        }
    }
}