{
    "predicted": {
        "face": {
            "Admiration": 0.23263442516326904,
            "Adoration": 0.2722424864768982,
            "Aesthetic Appreciation": 0.09581589698791504,
            "Amusement": 0.8610931634902954,
            "Anger": 0.010911116376519203,
            "Anxiety": 0.03350358456373215,
            "Awe": 0.07682209461927414,
            "Awkwardness": 0.15516430139541626,
            "Boredom": 0.059039097279310226,
            "Calmness": 0.2537250816822052,
            "Concentration": 0.12102439254522324,
            "Confusion": 0.07018116116523743,
            "Contemplation": 0.05391639471054077,
            "Contempt": 0.049885768443346024,
            "Contentment": 0.3268287777900696,
            "Craving": 0.037337109446525574,
            "Desire": 0.05716444179415703,
            "Determination": 0.041940104216337204,
            "Disappointment": 0.03699774295091629,
            "Disgust": 0.01721964403986931,
            "Distress": 0.03337946534156799,
            "Doubt": 0.05103710666298866,
            "Ecstasy": 0.1679782271385193,
            "Embarrassment": 0.05651537701487541,
            "Empathic Pain": 0.018095578998327255,
            "Entrancement": 0.09494268894195557,
            "Envy": 0.02234666422009468,
            "Excitement": 0.5056287050247192,
            "Fear": 0.022137712687253952,
            "Guilt": 0.015597652643918991,
            "Horror": 0.012923479080200195,
            "Interest": 0.4671512544155121,
            "Joy": 0.9033229947090149,
            "Love": 0.5084012150764465,
            "Nostalgia": 0.07166533917188644,
            "Pain": 0.021715059876441956,
            "Pride": 0.13993443548679352,
            "Realization": 0.08513496071100235,
            "Relief": 0.11582228541374207,
            "Romance": 0.09834673255681992,
            "Sadness": 0.02013460360467434,
            "Satisfaction": 0.4438397288322449,
            "Shame": 0.020141152665019035,
            "Surprise (negative)": 0.014814523980021477,
            "Surprise (positive)": 0.0352579765021801,
            "Sympathy": 0.06337467581033707,
            "Tiredness": 0.043512165546417236,
            "Triumph": 0.10030467808246613
        },
        "prosody": {
            "Admiration": 0.009731055237352848,
            "Adoration": 0.008312048390507698,
            "Aesthetic Appreciation": 0.009759352542459965,
            "Amusement": 0.21459223330020905,
            "Anger": 0.15103349089622498,
            "Anxiety": 0.06803804636001587,
            "Awe": 0.011874155141413212,
            "Awkwardness": 0.03131307661533356,
            "Boredom": 0.0024491455405950546,
            "Calmness": 0.008162280544638634,
            "Concentration": 0.013953471556305885,
            "Confusion": 0.03430650383234024,
            "Contemplation": 0.031114542856812477,
            "Contempt": 0.07323339581489563,
            "Contentment": 0.012883014045655727,
            "Craving": 0.003743763081729412,
            "Desire": 0.0024805173743516207,
            "Determination": 0.08131342381238937,
            "Disappointment": 0.1201355829834938,
            "Disgust": 0.01670890673995018,
            "Distress": 0.1845288872718811,
            "Doubt": 0.05608445778489113,
            "Ecstasy": 0.008709611371159554,
            "Embarrassment": 0.02248745784163475,
            "Empathic Pain": 0.06384650617837906,
            "Entrancement": 0.005333952140063047,
            "Envy": 0.015105478465557098,
            "Excitement": 0.07766261696815491,
            "Fear": 0.023725725710392,
            "Guilt": 0.017517883330583572,
            "Horror": 0.0058593242429196835,
            "Interest": 0.03434660658240318,
            "Joy": 0.06833159178495407,
            "Love": 0.008557728491723537,
            "Nostalgia": 0.007314743939787149,
            "Pain": 0.024800652638077736,
            "Pride": 0.033182330429553986,
            "Realization": 0.05125567317008972,
            "Relief": 0.01200928259640932,
            "Romance": 0.009501808322966099,
            "Sadness": 0.04747502878308296,
            "Satisfaction": 0.02976170741021633,
            "Shame": 0.010984953492879868,
            "Surprise (negative)": 0.030939258635044098,
            "Surprise (positive)": 0.029652776196599007,
            "Sympathy": 0.07073204964399338,
            "Tiredness": 0.0063423519022762775,
            "Triumph": 0.016626419499516487
        },
        "lang": {
            "Admiration": 0.014900602061640133,
            "Adoration": 0.0067385369700125675,
            "Aesthetic Appreciation": 0.007073687537657944,
            "Amusement": 0.029561445709656586,
            "Anger": 0.0608673251487992,
            "Annoyance": 0.3060691746121103,
            "Anxiety": 0.01467079030011188,
            "Awe": 0.005326249255714091,
            "Awkwardness": 0.04418192846192555,
            "Boredom": 0.027381058782339096,
            "Calmness": 0.07098527438938618,
            "Concentration": 0.019251238978044552,
            "Confusion": 0.11897419291463765,
            "Contemplation": 0.08659035509282892,
            "Contempt": 0.17833422818644482,
            "Contentment": 0.04910065318373116,
            "Craving": 0.005484208062460477,
            "Desire": 0.009618723426352848,
            "Determination": 0.05540983446619727,
            "Disappointment": 0.09367992627349767,
            "Disapproval": 0.20868686586618423,
            "Disgust": 0.03327624715695327,
            "Distress": 0.030304535165090452,
            "Doubt": 0.0737559392370961,
            "Ecstasy": 0.0023468807551332497,
            "Embarrassment": 0.009317866029133174,
            "Empathic Pain": 0.015209765258160505,
            "Enthusiasm": 0.024320854847742754,
            "Entrancement": 0.007869725200262937,
            "Envy": 0.007104777900332754,
            "Excitement": 0.007168735906651074,
            "Fear": 0.0052584411830387335,
            "Gratitude": 0.016503334849734198,
            "Guilt": 0.003108471420339563,
            "Horror": 0.0015535227906763214,
            "Interest": 0.033452536148781124,
            "Joy": 0.011383547235957601,
            "Love": 0.008742936029606923,
            "Nostalgia": 0.002891738465140489,
            "Pain": 0.016892640936103733,
            "Pride": 0.013281440700997005,
            "Realization": 0.08310012485493314,
            "Relief": 0.0300023002253676,
            "Romance": 0.005941841783086685,
            "Sadness": 0.018272180364213207,
            "Sarcasm": 0.10501852970231663,
            "Satisfaction": 0.05129454318772663,
            "Shame": 0.012659616450863805,
            "Surprise (negative)": 0.02354496404189955,
            "Surprise (positive)": 0.019001567387022078,
            "Sympathy": 0.024380661801181057,
            "Tiredness": 0.03345645913346247,
            "Triumph": 0.021056367507712406
        }
    }
}