{
    "predicted": {
        "face": {
            "Admiration": 0.06682103127241135,
            "Adoration": 0.046181097626686096,
            "Aesthetic Appreciation": 0.05104491114616394,
            "Amusement": 0.08959507942199707,
            "Anger": 0.13512665033340454,
            "Anxiety": 0.2080792784690857,
            "Awe": 0.06591465324163437,
            "Awkwardness": 0.2366410493850708,
            "Boredom": 0.3582875430583954,
            "Calmness": 0.2783823013305664,
            "Concentration": 0.4317639470100403,
            "Confusion": 0.7512000799179077,
            "Contemplation": 0.2543540894985199,
            "Contempt": 0.2636307179927826,
            "Contentment": 0.07856675982475281,
            "Craving": 0.04824433848261833,
            "Desire": 0.044621340930461884,
            "Determination": 0.13272123038768768,
            "Disappointment": 0.3870108723640442,
            "Disgust": 0.18224476277828217,
            "Distress": 0.26656171679496765,
            "Doubt": 0.5674525499343872,
            "Ecstasy": 0.01887805387377739,
            "Embarrassment": 0.11137141287326813,
            "Empathic Pain": 0.10210978984832764,
            "Entrancement": 0.09303794801235199,
            "Envy": 0.05766716226935387,
            "Excitement": 0.03884080797433853,
            "Fear": 0.09962650388479233,
            "Guilt": 0.08967277407646179,
            "Horror": 0.04410948604345322,
            "Interest": 0.25443437695503235,
            "Joy": 0.05000576004385948,
            "Love": 0.05161995440721512,
            "Nostalgia": 0.05479630455374718,
            "Pain": 0.13825388252735138,
            "Pride": 0.053655944764614105,
            "Realization": 0.15142227709293365,
            "Relief": 0.045819226652383804,
            "Romance": 0.029447343200445175,
            "Sadness": 0.23498304188251495,
            "Satisfaction": 0.06708118319511414,
            "Shame": 0.08225314319133759,
            "Surprise (negative)": 0.05883779004216194,
            "Surprise (positive)": 0.03073549084365368,
            "Sympathy": 0.0638568103313446,
            "Tiredness": 0.20644783973693848,
            "Triumph": 0.02210225723683834
        },
        "prosody": {
            "Admiration": 0.013898523524403572,
            "Adoration": 0.00670795701444149,
            "Aesthetic Appreciation": 0.017844200134277344,
            "Amusement": 0.09323339909315109,
            "Anger": 0.0743522197008133,
            "Anxiety": 0.03427903354167938,
            "Awe": 0.021184179931879044,
            "Awkwardness": 0.07551248371601105,
            "Boredom": 0.028816472738981247,
            "Calmness": 0.03590499609708786,
            "Concentration": 0.020916908979415894,
            "Confusion": 0.08380109071731567,
            "Contemplation": 0.05395964905619621,
            "Contempt": 0.0869956761598587,
            "Contentment": 0.011366771534085274,
            "Craving": 0.004625866189599037,
            "Desire": 0.006081157363951206,
            "Determination": 0.06593175232410431,
            "Disappointment": 0.2764035761356354,
            "Disgust": 0.07188333570957184,
            "Distress": 0.08808954060077667,
            "Doubt": 0.10075335204601288,
            "Ecstasy": 0.006475189235061407,
            "Embarrassment": 0.05259556695818901,
            "Empathic Pain": 0.023746706545352936,
            "Entrancement": 0.008143549785017967,
            "Envy": 0.03383316472172737,
            "Excitement": 0.021627899259328842,
            "Fear": 0.011962033808231354,
            "Guilt": 0.01686578243970871,
            "Horror": 0.02245287410914898,
            "Interest": 0.06909143924713135,
            "Joy": 0.005519878584891558,
            "Love": 0.003754490753635764,
            "Nostalgia": 0.007340154144912958,
            "Pain": 0.02325659804046154,
            "Pride": 0.01771591044962406,
            "Realization": 0.1678071767091751,
            "Relief": 0.02073879912495613,
            "Romance": 0.009786570444703102,
            "Sadness": 0.02353728376328945,
            "Satisfaction": 0.015296367928385735,
            "Shame": 0.02506309561431408,
            "Surprise (negative)": 0.16166743636131287,
            "Surprise (positive)": 0.028440717607736588,
            "Sympathy": 0.03362366929650307,
            "Tiredness": 0.023257527500391006,
            "Triumph": 0.01748000457882881
        },
        "lang": {
            "Admiration": 0.0022323283192235976,
            "Adoration": 0.001096449384931475,
            "Aesthetic Appreciation": 0.002742021781159565,
            "Amusement": 0.011163094488438219,
            "Anger": 0.04699543351307511,
            "Annoyance": 0.26022826228290796,
            "Anxiety": 0.0735845984891057,
            "Awe": 0.0037522113852901384,
            "Awkwardness": 0.041650361847132444,
            "Boredom": 0.024465158057864755,
            "Calmness": 0.06834383978275582,
            "Concentration": 0.11478073574835435,
            "Confusion": 0.0781305255368352,
            "Contemplation": 0.028921137214638293,
            "Contempt": 0.04824766097590327,
            "Contentment": 0.008146351305185817,
            "Craving": 0.0006645512439718004,
            "Desire": 0.0011322283899062313,
            "Determination": 0.11379204981494695,
            "Disappointment": 0.06165560847148299,
            "Disapproval": 0.18139285314828157,
            "Disgust": 0.021177834772970527,
            "Distress": 0.10606549284420907,
            "Doubt": 0.058214109390974045,
            "Ecstasy": 0.0005807188899780158,
            "Embarrassment": 0.008522494812496006,
            "Empathic Pain": 0.006513255386380479,
            "Enthusiasm": 0.021529881400056183,
            "Entrancement": 0.004440499178599566,
            "Envy": 0.0007329567451961339,
            "Excitement": 0.01212364062666893,
            "Fear": 0.1424959299620241,
            "Gratitude": 0.0012758832272083964,
            "Guilt": 0.003176454294589348,
            "Horror": 0.03652240305382293,
            "Interest": 0.05454119946807623,
            "Joy": 0.0011347869076416828,
            "Love": 0.0009795558144105598,
            "Nostalgia": 0.0006545501382788643,
            "Pain": 0.007732713391305879,
            "Pride": 0.0046799973788438365,
            "Realization": 0.11743306089192629,
            "Relief": 0.005328657236532308,
            "Romance": 0.0005814348915009759,
            "Sadness": 0.00841166527243331,
            "Sarcasm": 0.029314421582967043,
            "Satisfaction": 0.009810104631469585,
            "Shame": 0.007953759777592495,
            "Surprise (negative)": 0.1968801887705922,
            "Surprise (positive)": 0.017880514031276107,
            "Sympathy": 0.006934346252819523,
            "Tiredness": 0.015687223087297752,
            "Triumph": 0.010632545585394837
        }
    }
}