{
    "face": {
        "Admiration": 0.12458119541406631,
        "Adoration": 0.10917070508003235,
        "Aesthetic Appreciation": 0.08303758502006531,
        "Amusement": 0.206419438123703,
        "Anger": 0.08101990818977356,
        "Anxiety": 0.13378295302391052,
        "Awe": 0.099712073802948,
        "Awkwardness": 0.22206231951713562,
        "Boredom": 0.2612243890762329,
        "Calmness": 0.3155628740787506,
        "Concentration": 0.4028283953666687,
        "Confusion": 0.3199939727783203,
        "Contemplation": 0.2018519788980484,
        "Contempt": 0.17082913219928741,
        "Contentment": 0.12558548152446747,
        "Craving": 0.13871166110038757,
        "Desire": 0.2230646014213562,
        "Determination": 0.14190495014190674,
        "Disappointment": 0.22763223946094513,
        "Disgust": 0.11248250305652618,
        "Distress": 0.1559804528951645,
        "Doubt": 0.25327107310295105,
        "Ecstasy": 0.058262720704078674,
        "Embarrassment": 0.1037955954670906,
        "Empathic Pain": 0.06908339262008667,
        "Entrancement": 0.14293676614761353,
        "Envy": 0.054997000843286514,
        "Excitement": 0.1159905344247818,
        "Fear": 0.09034700691699982,
        "Guilt": 0.07641582936048508,
        "Horror": 0.041739221662282944,
        "Interest": 0.3690130114555359,
        "Joy": 0.13559186458587646,
        "Love": 0.15720653533935547,
        "Nostalgia": 0.0665154904127121,
        "Pain": 0.10447028279304504,
        "Pride": 0.0676380842924118,
        "Realization": 0.15000618994235992,
        "Relief": 0.06394581496715546,
        "Romance": 0.10173317044973373,
        "Sadness": 0.15384317934513092,
        "Satisfaction": 0.17270994186401367,
        "Shame": 0.07601571828126907,
        "Surprise (negative)": 0.052124541252851486,
        "Surprise (positive)": 0.042960453778505325,
        "Sympathy": 0.05133039504289627,
        "Tiredness": 0.1661490797996521,
        "Triumph": 0.044469088315963745
    }
}