{
    "language": {
        "Admiration": 0.07063631030420463,
        "Adoration": 0.12663520872592926,
        "Aesthetic Appreciation": 0.013156584929674864,
        "Amusement": 0.02047618416448434,
        "Anger": 0.009569254082938036,
        "Annoyance": 0.03310907787332932,
        "Anxiety": 0.013700353292127451,
        "Awe": 0.03566048853099346,
        "Awkwardness": 0.03228199202567339,
        "Boredom": 0.014034184045158327,
        "Calmness": 0.035137433713922896,
        "Concentration": 0.010993972925158838,
        "Confusion": 0.17965117593606314,
        "Contemplation": 0.04650132358074188,
        "Contempt": 0.01838238878796498,
        "Contentment": 0.04787996535499891,
        "Craving": 0.01494244517137607,
        "Desire": 0.01292960625141859,
        "Determination": 0.023408678049842518,
        "Disappointment": 0.024985681287944317,
        "Disapproval": 0.012998797309895357,
        "Disgust": 0.002717643704575797,
        "Distress": 0.015025742662449678,
        "Doubt": 0.058004692662507296,
        "Ecstasy": 0.033492479007691145,
        "Embarrassment": 0.005173943005502224,
        "Empathic Pain": 0.005809713310251634,
        "Enthusiasm": 0.09418282782038052,
        "Entrancement": 0.02777586318552494,
        "Envy": 0.005841095155725877,
        "Excitement": 0.07321727648377419,
        "Fear": 0.007376830171172817,
        "Gratitude": 0.02701996173709631,
        "Guilt": 0.003037315676920116,
        "Horror": 0.001084281907727321,
        "Interest": 0.039469768603642784,
        "Joy": 0.1485738381743431,
        "Love": 0.33732496698697406,
        "Nostalgia": 0.00392778217792511,
        "Pain": 0.01248256303369999,
        "Pride": 0.03139859034369389,
        "Realization": 0.0974497323234876,
        "Relief": 0.007385362405329943,
        "Romance": 0.08117229491472244,
        "Sadness": 0.014716491413613161,
        "Sarcasm": 0.03093465728064378,
        "Satisfaction": 0.054810360074043274,
        "Shame": 0.00733810771877567,
        "Surprise (negative)": 0.04450564210613569,
        "Surprise (positive)": 0.11702455952763557,
        "Sympathy": 0.007118328474462032,
        "Tiredness": 0.007229623928045233,
        "Triumph": 0.02388668650140365
    }
}