{
    "prosody": {
        "Admiration": 0.022644544718787074,
        "Adoration": 0.017398633062839508,
        "Aesthetic Appreciation": 0.010601966176182032,
        "Amusement": 0.16797246038913727,
        "Anger": 0.08739855512976646,
        "Anxiety": 0.09867587685585022,
        "Awe": 0.041107386350631714,
        "Awkwardness": 0.05760090611875057,
        "Boredom": 0.01137607148848474,
        "Calmness": 0.007238774094730616,
        "Concentration": 0.005156766390427947,
        "Confusion": 0.06348753347992897,
        "Contemplation": 0.0064429487101733685,
        "Contempt": 0.02414642833173275,
        "Contentment": 0.015745780896395445,
        "Craving": 0.0068404232151806355,
        "Desire": 0.011344863567501307,
        "Determination": 0.019219365902245045,
        "Disappointment": 0.03544388338923454,
        "Disgust": 0.04071192070841789,
        "Distress": 0.14814633131027222,
        "Doubt": 0.01821045344695449,
        "Ecstasy": 0.05842241272330284,
        "Embarrassment": 0.03082131687551737,
        "Empathic Pain": 0.027135816169902682,
        "Entrancement": 0.011606716550886631,
        "Envy": 0.023455125745385885,
        "Excitement": 0.1996680498123169,
        "Fear": 0.05028581619262695,
        "Guilt": 0.013148984173312783,
        "Horror": 0.06384244188666344,
        "Interest": 0.03715401142835617,
        "Joy": 0.08201578259468079,
        "Love": 0.013534169411286712,
        "Nostalgia": 0.010362735483795404,
        "Pain": 0.05255182320252061,
        "Pride": 0.020563378930091858,
        "Realization": 0.053214676678180695,
        "Relief": 0.024145462550222874,
        "Romance": 0.011624363018199801,
        "Sadness": 0.04701790097169578,
        "Satisfaction": 0.030747813172638416,
        "Shame": 0.021134112030267715,
        "Surprise (negative)": 0.16229206696152687,
        "Surprise (positive)": 0.17270521819591522,
        "Sympathy": 0.007545733591541648,
        "Tiredness": 0.014487610897049308,
        "Triumph": 0.031143628992140293
    }
}