{
    "face": {
        "Admiration": 0.16454380750656128,
        "Adoration": 0.22018714249134064,
        "Aesthetic Appreciation": 0.06993851065635681,
        "Amusement": 0.8061510324478149,
        "Anger": 0.018867187201976776,
        "Anxiety": 0.0580451563000679,
        "Awe": 0.06921248137950897,
        "Awkwardness": 0.1711747646331787,
        "Boredom": 0.05977780744433403,
        "Calmness": 0.1910288780927658,
        "Concentration": 0.09987452626228333,
        "Confusion": 0.08014027029275894,
        "Contemplation": 0.051289983093738556,
        "Contempt": 0.04976806044578552,
        "Contentment": 0.26375073194503784,
        "Craving": 0.03742868825793266,
        "Desire": 0.06168786436319351,
        "Determination": 0.040725115686655045,
        "Disappointment": 0.07280870527029037,
        "Disgust": 0.026501374319195747,
        "Distress": 0.07324936240911484,
        "Doubt": 0.05741606652736664,
        "Ecstasy": 0.1931285709142685,
        "Embarrassment": 0.11364158987998962,
        "Empathic Pain": 0.03513380512595177,
        "Entrancement": 0.07808402925729752,
        "Envy": 0.019967686384916306,
        "Excitement": 0.4665880501270294,
        "Fear": 0.03570038080215454,
        "Guilt": 0.03380373492836952,
        "Horror": 0.02108122408390045,
        "Interest": 0.30806562304496765,
        "Joy": 0.7966543436050415,
        "Love": 0.46425890922546387,
        "Nostalgia": 0.07171376049518585,
        "Pain": 0.06575705111026764,
        "Pride": 0.12280799448490143,
        "Realization": 0.10303578525781631,
        "Relief": 0.15146806836128235,
        "Romance": 0.10080581903457642,
        "Sadness": 0.049439895898103714,
        "Satisfaction": 0.41318443417549133,
        "Shame": 0.045336540788412094,
        "Surprise (negative)": 0.0203685462474823,
        "Surprise (positive)": 0.03778984397649765,
        "Sympathy": 0.05921359732747078,
        "Tiredness": 0.07146729528903961,
        "Triumph": 0.1023746207356453
    }
}