{
    "face": {
        "Admiration": 0.14562277495861053,
        "Adoration": 0.14770498871803284,
        "Aesthetic Appreciation": 0.08951672911643982,
        "Amusement": 0.1912928819656372,
        "Anger": 0.05919142812490463,
        "Anxiety": 0.1506740152835846,
        "Awe": 0.0836324468255043,
        "Awkwardness": 0.16671553254127502,
        "Boredom": 0.35173696279525757,
        "Calmness": 0.4893754720687866,
        "Concentration": 0.48543912172317505,
        "Confusion": 0.2778470814228058,
        "Contemplation": 0.30004119873046875,
        "Contempt": 0.14213943481445312,
        "Contentment": 0.19943596422672272,
        "Craving": 0.06910240650177002,
        "Desire": 0.10227668285369873,
        "Determination": 0.12672382593154907,
        "Disappointment": 0.2573215067386627,
        "Disgust": 0.07322823256254196,
        "Distress": 0.18974383175373077,
        "Doubt": 0.2682218551635742,
        "Ecstasy": 0.05078606680035591,
        "Embarrassment": 0.09937216341495514,
        "Empathic Pain": 0.08751608431339264,
        "Entrancement": 0.1490219235420227,
        "Envy": 0.04668988287448883,
        "Excitement": 0.09656848758459091,
        "Fear": 0.09372462332248688,
        "Guilt": 0.09505771845579147,
        "Horror": 0.03620346263051033,
        "Interest": 0.3547402024269104,
        "Joy": 0.172254741191864,
        "Love": 0.21929481625556946,
        "Nostalgia": 0.09710036963224411,
        "Pain": 0.13388556241989136,
        "Pride": 0.07975035160779953,
        "Realization": 0.15813657641410828,
        "Relief": 0.08976869285106659,
        "Romance": 0.09778866171836853,
        "Sadness": 0.241484135389328,
        "Satisfaction": 0.21168479323387146,
        "Shame": 0.0877925306558609,
        "Surprise (negative)": 0.038987014442682266,
        "Surprise (positive)": 0.035648979246616364,
        "Sympathy": 0.07308638840913773,
        "Tiredness": 0.2326175719499588,
        "Triumph": 0.04021591693162918
    }
}