{
    "language": {
        "Admiration": 0.0047518772010404905,
        "Adoration": 0.010579309278490165,
        "Aesthetic Appreciation": 0.009253643882962374,
        "Amusement": 0.023264831809613567,
        "Anger": 0.004122033598832786,
        "Annoyance": 0.1258478926924559,
        "Anxiety": 0.01877875799814669,
        "Awe": 0.004610384832351253,
        "Awkwardness": 0.056774298588816934,
        "Boredom": 0.06958669588829462,
        "Calmness": 0.10226008568245631,
        "Concentration": 0.02924081260481706,
        "Confusion": 0.14540575158137542,
        "Contemplation": 0.28978907947356886,
        "Contempt": 0.02893040902339495,
        "Contentment": 0.023941741253320988,
        "Craving": 0.009650225688416798,
        "Desire": 0.0965280432327955,
        "Determination": 0.02136664088958731,
        "Disappointment": 0.18374086200044706,
        "Disapproval": 0.03797097905324055,
        "Disgust": 0.0035585368481966164,
        "Distress": 0.017948893221238486,
        "Doubt": 0.12248805881692813,
        "Ecstasy": 0.005368301076277231,
        "Embarrassment": 0.016911700958959185,
        "Empathic Pain": 0.0065426012375750225,
        "Enthusiasm": 0.012747355136805428,
        "Entrancement": 0.020213227360867538,
        "Envy": 0.005632282969040366,
        "Excitement": 0.009650988781896349,
        "Fear": 0.004759419234827734,
        "Gratitude": 0.0021772160499285045,
        "Guilt": 0.012449628315292872,
        "Horror": 0.0007458600398072471,
        "Interest": 0.03709621419413732,
        "Joy": 0.007732546592776019,
        "Love": 0.030453047396104712,
        "Nostalgia": 0.006231458714375129,
        "Pain": 0.00918959783246884,
        "Pride": 0.012904490594967054,
        "Realization": 0.32252901477309376,
        "Relief": 0.009811477753548669,
        "Romance": 0.09003254162962548,
        "Sadness": 0.04938643475851187,
        "Sarcasm": 0.042025062757042736,
        "Satisfaction": 0.02210032972148978,
        "Shame": 0.026123024200877316,
        "Surprise (negative)": 0.04454982466995716,
        "Surprise (positive)": 0.011313851224258542,
        "Sympathy": 0.005414741319747498,
        "Tiredness": 0.04962730264434448,
        "Triumph": 0.006537834845053462
    }
}