{
    "face": {
        "Admiration": 0.07420483976602554,
        "Adoration": 0.06495627760887146,
        "Aesthetic Appreciation": 0.055804021656513214,
        "Amusement": 0.07742874324321747,
        "Anger": 0.044830016791820526,
        "Anxiety": 0.25414425134658813,
        "Awe": 0.05470973253250122,
        "Awkwardness": 0.1386508047580719,
        "Boredom": 0.3479553163051605,
        "Calmness": 0.3415606617927551,
        "Concentration": 0.585484504699707,
        "Confusion": 0.3700011372566223,
        "Contemplation": 0.4720489978790283,
        "Contempt": 0.10771569609642029,
        "Contentment": 0.09374189376831055,
        "Craving": 0.05043588578701019,
        "Desire": 0.05340149253606796,
        "Determination": 0.11151935905218124,
        "Disappointment": 0.33088618516921997,
        "Disgust": 0.06767521053552628,
        "Distress": 0.3180948495864868,
        "Doubt": 0.377362996339798,
        "Ecstasy": 0.021761970594525337,
        "Embarrassment": 0.11311792582273483,
        "Empathic Pain": 0.12423795461654663,
        "Entrancement": 0.12122155725955963,
        "Envy": 0.036594364792108536,
        "Excitement": 0.03482813388109207,
        "Fear": 0.12813249230384827,
        "Guilt": 0.1586294174194336,
        "Horror": 0.03777443990111351,
        "Interest": 0.2503543198108673,
        "Joy": 0.053069908171892166,
        "Love": 0.08133383095264435,
        "Nostalgia": 0.09039433300495148,
        "Pain": 0.19449904561042786,
        "Pride": 0.038854651153087616,
        "Realization": 0.1690964549779892,
        "Relief": 0.047680679708719254,
        "Romance": 0.04979626089334488,
        "Sadness": 0.4246184825897217,
        "Satisfaction": 0.08083928376436234,
        "Shame": 0.12802572548389435,
        "Surprise (negative)": 0.035318292677402496,
        "Surprise (positive)": 0.020342567935585976,
        "Sympathy": 0.08095946162939072,
        "Tiredness": 0.253582239151001,
        "Triumph": 0.015665531158447266
    }
}