{
    "prosody": {
        "Admiration": 0.03610870987176895,
        "Adoration": 0.026516126468777657,
        "Aesthetic Appreciation": 0.024132631719112396,
        "Amusement": 0.059881068766117096,
        "Anger": 0.0064686378464102745,
        "Anxiety": 0.03879110515117645,
        "Awe": 0.07948663085699081,
        "Awkwardness": 0.055451709777116776,
        "Boredom": 0.030417675152420998,
        "Calmness": 0.09623778611421585,
        "Concentration": 0.02334209345281124,
        "Confusion": 0.015603397972881794,
        "Contemplation": 0.01851131208240986,
        "Contempt": 0.006859509740024805,
        "Contentment": 0.05377231165766716,
        "Craving": 0.0220333319157362,
        "Desire": 0.22244398295879364,
        "Determination": 0.04994748905301094,
        "Disappointment": 0.0130236791446805,
        "Disgust": 0.009155893698334694,
        "Distress": 0.02240789122879505,
        "Doubt": 0.011937861330807209,
        "Ecstasy": 0.10011252015829086,
        "Embarrassment": 0.025439593940973282,
        "Empathic Pain": 0.01109154149889946,
        "Entrancement": 0.0520515963435173,
        "Envy": 0.014095588587224483,
        "Excitement": 0.13392646610736847,
        "Fear": 0.024757521227002144,
        "Guilt": 0.030011404305696487,
        "Horror": 0.029583115130662918,
        "Interest": 0.06944403052330017,
        "Joy": 0.08682131767272949,
        "Love": 0.020892838016152382,
        "Nostalgia": 0.05851563438773155,
        "Pain": 0.02271466702222824,
        "Pride": 0.034874312579631805,
        "Realization": 0.10516316443681717,
        "Relief": 0.18915002048015594,
        "Romance": 0.09148825705051422,
        "Sadness": 0.0403815358877182,
        "Satisfaction": 0.13936176896095276,
        "Shame": 0.027770990505814552,
        "Surprise (negative)": 0.027202613651752472,
        "Surprise (positive)": 0.11978177726268768,
        "Sympathy": 0.010258715599775314,
        "Tiredness": 0.033313918858766556,
        "Triumph": 0.04779858514666557
    }
}