{
    "language": {
        "Admiration": 0.023674797665859972,
        "Adoration": 0.01057808699884585,
        "Aesthetic Appreciation": 0.022193810237305506,
        "Amusement": 0.015814103851360933,
        "Anger": 0.014404250716324896,
        "Annoyance": 0.05697693339815097,
        "Anxiety": 0.013899955665692687,
        "Awe": 0.01213820997093405,
        "Awkwardness": 0.023728530388325453,
        "Boredom": 0.04528598414201822,
        "Calmness": 0.15152598518346036,
        "Concentration": 0.051578884944319725,
        "Confusion": 0.24818671441503934,
        "Contemplation": 0.04009316489100456,
        "Contempt": 0.017110007548970834,
        "Contentment": 0.060845428462406356,
        "Craving": 0.028804287713553225,
        "Desire": 0.004461172552380178,
        "Determination": 0.04615120629646948,
        "Disappointment": 0.019941826883171285,
        "Disapproval": 0.011297344762299742,
        "Disgust": 0.003958009994156393,
        "Distress": 0.019738552759268453,
        "Doubt": 0.01856451584691448,
        "Ecstasy": 0.003733132766293628,
        "Embarrassment": 0.0029819257241407676,
        "Empathic Pain": 0.005236075326268162,
        "Enthusiasm": 0.05103780808193343,
        "Entrancement": 0.01325475045346788,
        "Envy": 0.00683934085204133,
        "Excitement": 0.026151732940758978,
        "Fear": 0.004812000373411658,
        "Gratitude": 0.010623523483185895,
        "Guilt": 0.002298688915159021,
        "Horror": 0.0020680688571051826,
        "Interest": 0.18716556898185185,
        "Joy": 0.016077773246381964,
        "Love": 0.00487365377401667,
        "Nostalgia": 0.0035597713763958643,
        "Pain": 0.004788195872346738,
        "Pride": 0.021732266260577098,
        "Realization": 0.036418769641646316,
        "Relief": 0.01402348289931459,
        "Romance": 0.002404320735617408,
        "Sadness": 0.010320279215063368,
        "Sarcasm": 0.014477950354505862,
        "Satisfaction": 0.05265814405200737,
        "Shame": 0.004867229061866445,
        "Surprise (negative)": 0.042653121054172516,
        "Surprise (positive)": 0.03209809586405754,
        "Sympathy": 0.009702689213944333,
        "Tiredness": 0.007780163099856249,
        "Triumph": 0.028394373932055066
    }
}