{
    "face": {
        "Admiration": 0.047175657004117966,
        "Adoration": 0.039380792528390884,
        "Aesthetic Appreciation": 0.03910854086279869,
        "Amusement": 0.055543411523103714,
        "Anger": 0.08277551829814911,
        "Anxiety": 0.2664097547531128,
        "Awe": 0.04429110139608383,
        "Awkwardness": 0.16600251197814941,
        "Boredom": 0.34039586782455444,
        "Calmness": 0.3212778866291046,
        "Concentration": 0.4510437548160553,
        "Confusion": 0.3732372224330902,
        "Contemplation": 0.2852954566478729,
        "Contempt": 0.135605126619339,
        "Contentment": 0.07312969863414764,
        "Craving": 0.03701796382665634,
        "Desire": 0.032356955111026764,
        "Determination": 0.10798975080251694,
        "Disappointment": 0.5010436773300171,
        "Disgust": 0.09325166791677475,
        "Distress": 0.37900152802467346,
        "Doubt": 0.34539833664894104,
        "Ecstasy": 0.016626862809062004,
        "Embarrassment": 0.1658167839050293,
        "Empathic Pain": 0.14733164012432098,
        "Entrancement": 0.0897444412112236,
        "Envy": 0.035467155277729034,
        "Excitement": 0.024566005915403366,
        "Fear": 0.10782643407583237,
        "Guilt": 0.20316746830940247,
        "Horror": 0.03498540446162224,
        "Interest": 0.16296860575675964,
        "Joy": 0.033950693905353546,
        "Love": 0.05137883499264717,
        "Nostalgia": 0.07175108790397644,
        "Pain": 0.2507604658603668,
        "Pride": 0.0372711718082428,
        "Realization": 0.15495452284812927,
        "Relief": 0.054104696959257126,
        "Romance": 0.03121987357735634,
        "Sadness": 0.4909931719303131,
        "Satisfaction": 0.06000082194805145,
        "Shame": 0.18505337834358215,
        "Surprise (negative)": 0.03789632022380829,
        "Surprise (positive)": 0.01842871867120266,
        "Sympathy": 0.07344615459442139,
        "Tiredness": 0.36644136905670166,
        "Triumph": 0.014483297243714333
    }
}