{
    "language": {
        "Admiration": 0.046157865319401026,
        "Adoration": 0.027836449560709298,
        "Aesthetic Appreciation": 0.03282109236655136,
        "Amusement": 0.15618208547433218,
        "Anger": 0.005611822125501931,
        "Annoyance": 0.11151891946792603,
        "Anxiety": 0.002747525713251283,
        "Awe": 0.012663097198431691,
        "Awkwardness": 0.03254992049187422,
        "Boredom": 0.06928351606863241,
        "Calmness": 0.09963177563622594,
        "Concentration": 0.010318570071831346,
        "Confusion": 0.01989375993919869,
        "Contemplation": 0.08832221237632136,
        "Contempt": 0.08849025641878445,
        "Contentment": 0.018740783755977947,
        "Craving": 0.00225241503600652,
        "Desire": 0.00677614685264416,
        "Determination": 0.004212573422895123,
        "Disappointment": 0.05191746971104294,
        "Disapproval": 0.09643775597214699,
        "Disgust": 0.028323225444182754,
        "Distress": 0.005474057630635798,
        "Doubt": 0.020323509874287993,
        "Ecstasy": 0.0010983889224007726,
        "Embarrassment": 0.010150137124583125,
        "Empathic Pain": 0.048942928202450275,
        "Enthusiasm": 0.015353056757400433,
        "Entrancement": 0.009640358466034135,
        "Envy": 0.023010002565570176,
        "Excitement": 0.005381736962590367,
        "Fear": 0.0008918064947162444,
        "Gratitude": 0.00521046228823252,
        "Guilt": 0.0020846850044714906,
        "Horror": 0.0012327456303561728,
        "Interest": 0.07247922662645578,
        "Joy": 0.010554229374974966,
        "Love": 0.015217324369587004,
        "Nostalgia": 0.01492270357751598,
        "Pain": 0.0055036192837481695,
        "Pride": 0.005501657452744742,
        "Realization": 0.1411403293410937,
        "Relief": 0.007112250925274566,
        "Romance": 0.006193858881791432,
        "Sadness": 0.025023643005018432,
        "Sarcasm": 0.13014268254240355,
        "Satisfaction": 0.01658663945272565,
        "Shame": 0.008614584881191453,
        "Surprise (negative)": 0.021511658560484648,
        "Surprise (positive)": 0.013654242424915234,
        "Sympathy": 0.08482415073861678,
        "Tiredness": 0.015700369879292946,
        "Triumph": 0.0034642196842469275
    }
}