{
    "prosody": {
        "Admiration": 0.006874677259474993,
        "Adoration": 0.024113746359944344,
        "Aesthetic Appreciation": 0.004971906542778015,
        "Amusement": 0.17029975354671478,
        "Anger": 0.273323655128479,
        "Anxiety": 0.0438699871301651,
        "Awe": 0.027687320485711098,
        "Awkwardness": 0.08685414493083954,
        "Boredom": 0.0011679326416924596,
        "Calmness": 0.0010569383157417178,
        "Concentration": 0.002816899912431836,
        "Confusion": 0.1167362779378891,
        "Contemplation": 0.0016202038386836648,
        "Contempt": 0.053849633783102036,
        "Contentment": 0.0018727650167420506,
        "Craving": 0.017433365806937218,
        "Desire": 0.033259786665439606,
        "Determination": 0.03945966809988022,
        "Disappointment": 0.036947403103113174,
        "Disgust": 0.1100153774023056,
        "Distress": 0.12536945939064026,
        "Doubt": 0.012619241140782833,
        "Ecstasy": 0.03744163364171982,
        "Embarrassment": 0.04863830283284187,
        "Empathic Pain": 0.008950783871114254,
        "Entrancement": 0.004135441035032272,
        "Envy": 0.023268189281225204,
        "Excitement": 0.17465180158615112,
        "Fear": 0.03201817348599434,
        "Guilt": 0.01603175699710846,
        "Horror": 0.030965644866228104,
        "Interest": 0.07583358138799667,
        "Joy": 0.0265587717294693,
        "Love": 0.00816023163497448,
        "Nostalgia": 0.0014754119329154491,
        "Pain": 0.01309917587786913,
        "Pride": 0.015018707141280174,
        "Realization": 0.10846630483865738,
        "Relief": 0.009534329175949097,
        "Romance": 0.012825001031160355,
        "Sadness": 0.003107999451458454,
        "Satisfaction": 0.011144016869366169,
        "Shame": 0.016729256138205528,
        "Surprise (negative)": 0.12854987382888794,
        "Surprise (positive)": 0.12568795680999756,
        "Sympathy": 0.005796913988888264,
        "Tiredness": 0.0025163530372083187,
        "Triumph": 0.026741180568933487
    }
}