{
    "face": {
        "Admiration": 0.14743922650814056,
        "Adoration": 0.0993831530213356,
        "Aesthetic Appreciation": 0.07915184646844864,
        "Amusement": 0.25631165504455566,
        "Anger": 0.05511072278022766,
        "Anxiety": 0.13693882524967194,
        "Awe": 0.24035009741783142,
        "Awkwardness": 0.2504320442676544,
        "Boredom": 0.23081791400909424,
        "Calmness": 0.3271602690219879,
        "Concentration": 0.3673710227012634,
        "Confusion": 0.50331711769104,
        "Contemplation": 0.15996666252613068,
        "Contempt": 0.12640413641929626,
        "Contentment": 0.13094764947891235,
        "Craving": 0.0593157522380352,
        "Desire": 0.06420410424470901,
        "Determination": 0.09658585488796234,
        "Disappointment": 0.17599385976791382,
        "Disgust": 0.07861895859241486,
        "Distress": 0.14640864729881287,
        "Doubt": 0.31280797719955444,
        "Ecstasy": 0.056573301553726196,
        "Embarrassment": 0.09462884813547134,
        "Empathic Pain": 0.058245949447155,
        "Entrancement": 0.1499403864145279,
        "Envy": 0.045962411910295486,
        "Excitement": 0.1700780689716339,
        "Fear": 0.1560807079076767,
        "Guilt": 0.052750151604413986,
        "Horror": 0.10414499789476395,
        "Interest": 0.42920011281967163,
        "Joy": 0.18183058500289917,
        "Love": 0.11401019990444183,
        "Nostalgia": 0.05583183839917183,
        "Pain": 0.06313663721084595,
        "Pride": 0.0615447536110878,
        "Realization": 0.20827966928482056,
        "Relief": 0.07602992653846741,
        "Romance": 0.04609610512852669,
        "Sadness": 0.09156857430934906,
        "Satisfaction": 0.13800550997257233,
        "Shame": 0.04449673369526863,
        "Surprise (negative)": 0.16226118803024292,
        "Surprise (positive)": 0.18953320384025574,
        "Sympathy": 0.06316190958023071,
        "Tiredness": 0.1359367072582245,
        "Triumph": 0.040205493569374084
    }
}