{
    "prosody": {
        "Admiration": 0.28472191095352173,
        "Adoration": 0.0792500227689743,
        "Aesthetic Appreciation": 0.07488363981246948,
        "Amusement": 0.20671404898166656,
        "Anger": 0.02936435490846634,
        "Anxiety": 0.014623512513935566,
        "Awe": 0.13464277982711792,
        "Awkwardness": 0.025336621329188347,
        "Boredom": 0.004455837421119213,
        "Calmness": 0.005974930711090565,
        "Concentration": 0.006847795564681292,
        "Confusion": 0.016407623887062073,
        "Contemplation": 0.027681488543748856,
        "Contempt": 0.12239781022071838,
        "Contentment": 0.06107800453901291,
        "Craving": 0.014209849759936333,
        "Desire": 0.028068669140338898,
        "Determination": 0.018143892288208008,
        "Disappointment": 0.06306911259889603,
        "Disgust": 0.06392411887645721,
        "Distress": 0.02488943375647068,
        "Doubt": 0.025347592309117317,
        "Ecstasy": 0.0832667127251625,
        "Embarrassment": 0.01955917477607727,
        "Empathic Pain": 0.015399019233882427,
        "Entrancement": 0.0163407064974308,
        "Envy": 0.046667806804180145,
        "Excitement": 0.31915953755378723,
        "Fear": 0.005671910475939512,
        "Guilt": 0.009840184822678566,
        "Horror": 0.01109333150088787,
        "Interest": 0.25528013706207275,
        "Joy": 0.19017937779426575,
        "Love": 0.027108272537589073,
        "Nostalgia": 0.012466028332710266,
        "Pain": 0.005201352294534445,
        "Pride": 0.04545402526855469,
        "Realization": 0.202976793050766,
        "Relief": 0.030316568911075592,
        "Romance": 0.017249327152967453,
        "Sadness": 0.006375435274094343,
        "Satisfaction": 0.14116106927394867,
        "Shame": 0.013932653702795506,
        "Surprise (negative)": 0.03293439745903015,
        "Surprise (positive)": 0.17642004787921906,
        "Sympathy": 0.03352031111717224,
        "Tiredness": 0.0035413147415965796,
        "Triumph": 0.038276467472314835
    }
}