{
    "face": {
        "Admiration": 0.04073832929134369,
        "Adoration": 0.03375385329127312,
        "Aesthetic Appreciation": 0.031668998301029205,
        "Amusement": 0.06034943833947182,
        "Anger": 0.05192013084888458,
        "Anxiety": 0.3178844153881073,
        "Awe": 0.05296735838055611,
        "Awkwardness": 0.1348474621772766,
        "Boredom": 0.1950773298740387,
        "Calmness": 0.18917018175125122,
        "Concentration": 0.401991069316864,
        "Confusion": 0.37703222036361694,
        "Contemplation": 0.324634313583374,
        "Contempt": 0.0761728286743164,
        "Contentment": 0.050992414355278015,
        "Craving": 0.034403227269649506,
        "Desire": 0.033192478120326996,
        "Determination": 0.08132997900247574,
        "Disappointment": 0.40159478783607483,
        "Disgust": 0.07420770078897476,
        "Distress": 0.4614764153957367,
        "Doubt": 0.32095271348953247,
        "Ecstasy": 0.019315240904688835,
        "Embarrassment": 0.15893268585205078,
        "Empathic Pain": 0.1595141887664795,
        "Entrancement": 0.0785580575466156,
        "Envy": 0.023844551295042038,
        "Excitement": 0.03052322007715702,
        "Fear": 0.15540722012519836,
        "Guilt": 0.21314632892608643,
        "Horror": 0.05715993046760559,
        "Interest": 0.14416584372520447,
        "Joy": 0.034893717616796494,
        "Love": 0.04374075308442116,
        "Nostalgia": 0.0629754289984703,
        "Pain": 0.3042833209037781,
        "Pride": 0.02490338124334812,
        "Realization": 0.182684525847435,
        "Relief": 0.047011397778987885,
        "Romance": 0.02775280922651291,
        "Sadness": 0.4861013889312744,
        "Satisfaction": 0.04978026822209358,
        "Shame": 0.1681835800409317,
        "Surprise (negative)": 0.054076146334409714,
        "Surprise (positive)": 0.02616882137954235,
        "Sympathy": 0.07009507715702057,
        "Tiredness": 0.27377939224243164,
        "Triumph": 0.012368467636406422
    }
}