{
    "language": {
        "Admiration": 0.005110431229695678,
        "Adoration": 0.006454638903960586,
        "Aesthetic Appreciation": 0.007360091898590326,
        "Amusement": 0.06642882339656353,
        "Anger": 0.002943201921880245,
        "Annoyance": 0.05045267194509506,
        "Anxiety": 0.007603025762364268,
        "Awe": 0.0042441608384251595,
        "Awkwardness": 0.3167842775583267,
        "Boredom": 0.14618296548724174,
        "Calmness": 0.22971998900175095,
        "Concentration": 0.019805986899882555,
        "Confusion": 0.0705158393830061,
        "Contemplation": 0.017462079413235188,
        "Contempt": 0.02759216632694006,
        "Contentment": 0.02520311251282692,
        "Craving": 0.000691154069500044,
        "Desire": 0.005346604622900486,
        "Determination": 0.004278411157429218,
        "Disappointment": 0.004083398263901472,
        "Disapproval": 0.023815049789845943,
        "Disgust": 0.005120424088090658,
        "Distress": 0.003186836722306907,
        "Doubt": 0.01565045304596424,
        "Ecstasy": 0.001554009853862226,
        "Embarrassment": 0.01338726980611682,
        "Empathic Pain": 0.002860868815332651,
        "Enthusiasm": 0.05342710018157959,
        "Entrancement": 0.006698468932881951,
        "Envy": 0.001026709796860814,
        "Excitement": 0.03548120707273483,
        "Fear": 0.0015577806043438613,
        "Gratitude": 0.002756828092969954,
        "Guilt": 0.0012375652440823615,
        "Horror": 0.000539867629413493,
        "Interest": 0.19326086342334747,
        "Joy": 0.030627726577222347,
        "Love": 0.007296377792954445,
        "Nostalgia": 0.0019301213906146586,
        "Pain": 0.0004044905217597261,
        "Pride": 0.003058973583392799,
        "Realization": 0.032490991055965424,
        "Relief": 0.002623982960358262,
        "Romance": 0.006255016895011067,
        "Sadness": 0.0007851616246625781,
        "Sarcasm": 0.025832700543105602,
        "Satisfaction": 0.013758625369518995,
        "Shame": 0.0033199082827195525,
        "Surprise (negative)": 0.03181256167590618,
        "Surprise (positive)": 0.05691545084118843,
        "Sympathy": 0.00485152832698077,
        "Tiredness": 0.006360659142956138,
        "Triumph": 0.0017787066171877086
    }
}