{
    "prosody": {
        "Admiration": 0.0758003235484163,
        "Adoration": 0.11590455860520403,
        "Aesthetic Appreciation": 0.015886997959266107,
        "Amusement": 0.04004595801234245,
        "Anger": 0.04989368996272484,
        "Anxiety": 0.20350798964500427,
        "Awe": 0.0665823897967736,
        "Awkwardness": 0.10801780472199123,
        "Boredom": 0.006180475543563564,
        "Calmness": 0.007581108172113697,
        "Concentration": 0.0057352572136248154,
        "Confusion": 0.2584547623991966,
        "Contemplation": 0.054385202626387276,
        "Contempt": 0.022601581799487274,
        "Contentment": 0.006168520776554942,
        "Craving": 0.00670106146329393,
        "Desire": 0.0724678486197566,
        "Determination": 0.009421970695257187,
        "Disappointment": 0.19597784926493964,
        "Disgust": 0.03159574419260025,
        "Distress": 0.3040323406457901,
        "Doubt": 0.08172469368825357,
        "Ecstasy": 0.02671981284705301,
        "Embarrassment": 0.08633501331011455,
        "Empathic Pain": 0.07014589632550876,
        "Entrancement": 0.014159458844612042,
        "Envy": 0.04339955902347962,
        "Excitement": 0.03471363475546241,
        "Fear": 0.08967891708016396,
        "Guilt": 0.056262239813804626,
        "Horror": 0.07683821519215901,
        "Interest": 0.02400706335902214,
        "Joy": 0.029032155095289152,
        "Love": 0.22894295149793228,
        "Nostalgia": 0.07686877126495044,
        "Pain": 0.08534214397271474,
        "Pride": 0.02494700353903075,
        "Realization": 0.18748345971107483,
        "Relief": 0.0060023046874751644,
        "Romance": 0.22777750249952078,
        "Sadness": 0.2504102736711502,
        "Satisfaction": 0.007784199668094516,
        "Shame": 0.06384359921018283,
        "Surprise (negative)": 0.20430156588554382,
        "Surprise (positive)": 0.06317261978983879,
        "Sympathy": 0.035038530826568604,
        "Tiredness": 0.01714967901352793,
        "Triumph": 0.003929628136878212
    }
}