{
    "face": {
        "Admiration": 0.05283396691083908,
        "Adoration": 0.04646420478820801,
        "Aesthetic Appreciation": 0.03995595872402191,
        "Amusement": 0.10849649459123611,
        "Anger": 0.10061829537153244,
        "Anxiety": 0.16818353533744812,
        "Awe": 0.11201587319374084,
        "Awkwardness": 0.16310250759124756,
        "Boredom": 0.23216134309768677,
        "Calmness": 0.18732905387878418,
        "Concentration": 0.23016969859600067,
        "Confusion": 0.30665871500968933,
        "Contemplation": 0.12646332383155823,
        "Contempt": 0.12494222074747086,
        "Contentment": 0.06932039558887482,
        "Craving": 0.061400316655635834,
        "Desire": 0.1053529903292656,
        "Determination": 0.08446496725082397,
        "Disappointment": 0.306550532579422,
        "Disgust": 0.1546563059091568,
        "Distress": 0.29372698068618774,
        "Doubt": 0.2115040272474289,
        "Ecstasy": 0.05647963285446167,
        "Embarrassment": 0.12148014456033707,
        "Empathic Pain": 0.13102127611637115,
        "Entrancement": 0.09130404144525528,
        "Envy": 0.03056483529508114,
        "Excitement": 0.08160261809825897,
        "Fear": 0.14892703294754028,
        "Guilt": 0.10151201486587524,
        "Horror": 0.09871148318052292,
        "Interest": 0.1510453075170517,
        "Joy": 0.06441743671894073,
        "Love": 0.06802801787853241,
        "Nostalgia": 0.052667416632175446,
        "Pain": 0.31828993558883667,
        "Pride": 0.03996126726269722,
        "Realization": 0.1536026895046234,
        "Relief": 0.0728502944111824,
        "Romance": 0.03970766067504883,
        "Sadness": 0.2858229875564575,
        "Satisfaction": 0.11034552752971649,
        "Shame": 0.10118716955184937,
        "Surprise (negative)": 0.10447903722524643,
        "Surprise (positive)": 0.06327447295188904,
        "Sympathy": 0.04585430398583412,
        "Tiredness": 0.3089221715927124,
        "Triumph": 0.03587498143315315
    }
}