{
    "language": {
        "Admiration": 0.011246779933571815,
        "Adoration": 0.0022573034511879086,
        "Aesthetic Appreciation": 0.013430316466838121,
        "Amusement": 0.01891350490041077,
        "Anger": 0.011516333615873009,
        "Annoyance": 0.06685884576290846,
        "Anxiety": 0.00210510051692836,
        "Awe": 0.0196129143005237,
        "Awkwardness": 0.010254778200760484,
        "Boredom": 0.0964423514669761,
        "Calmness": 0.22659676149487495,
        "Concentration": 0.048533406341448426,
        "Confusion": 0.03022097237408161,
        "Contemplation": 0.06654708366841078,
        "Contempt": 0.039284557569772005,
        "Contentment": 0.07591015566140413,
        "Craving": 0.0036098751006647944,
        "Desire": 0.0005200084524403792,
        "Determination": 0.0303232129663229,
        "Disappointment": 0.0722554826643318,
        "Disapproval": 0.02942963398527354,
        "Disgust": 0.009199554828228429,
        "Distress": 0.0043396250694058836,
        "Doubt": 0.008361202897503972,
        "Ecstasy": 0.001947650860529393,
        "Embarrassment": 0.003797762270551175,
        "Empathic Pain": 0.0029968387680128217,
        "Enthusiasm": 0.03441408881917596,
        "Entrancement": 0.0076568202348425984,
        "Envy": 0.019434529182035476,
        "Excitement": 0.023232517298310995,
        "Fear": 0.0007828067318769172,
        "Gratitude": 0.005034713540226221,
        "Guilt": 0.0050000453484244645,
        "Horror": 0.0008723584178369492,
        "Interest": 0.1078291293233633,
        "Joy": 0.012912326259538531,
        "Love": 0.0006311212200671434,
        "Nostalgia": 0.0063554235093761235,
        "Pain": 0.0018179745093220845,
        "Pride": 0.03739257249981165,
        "Realization": 0.17122503276914358,
        "Relief": 0.01157943217549473,
        "Romance": 0.0003510637616273016,
        "Sadness": 0.010660129424650222,
        "Sarcasm": 0.021249442943371832,
        "Satisfaction": 0.09180588461458683,
        "Shame": 0.01120764744700864,
        "Surprise (negative)": 0.07304468401707709,
        "Surprise (positive)": 0.08531129383482039,
        "Sympathy": 0.004235228640027344,
        "Tiredness": 0.012248998624272645,
        "Triumph": 0.04438879061490297
    }
}