{
    "language": {
        "Admiration": 0.005448270123451948,
        "Adoration": 0.0016088334377855062,
        "Aesthetic Appreciation": 0.0035865912213921547,
        "Amusement": 0.0389573909342289,
        "Anger": 0.04278144612908363,
        "Annoyance": 0.2417910248041153,
        "Anxiety": 0.002745850943028927,
        "Awe": 0.0026546698063611984,
        "Awkwardness": 0.007309948094189167,
        "Boredom": 0.029694031924009323,
        "Calmness": 0.08394190669059753,
        "Concentration": 0.009316005744040012,
        "Confusion": 0.0052918195724487305,
        "Contemplation": 0.006309227552264929,
        "Contempt": 0.09558895975351334,
        "Contentment": 0.21493612229824066,
        "Craving": 0.0010086714755743742,
        "Desire": 0.0002543266164138913,
        "Determination": 0.03710256516933441,
        "Disappointment": 0.029113376513123512,
        "Disapproval": 0.04191151261329651,
        "Disgust": 0.009992738254368305,
        "Distress": 0.006103644613176584,
        "Doubt": 0.0026054135523736477,
        "Ecstasy": 0.009608102962374687,
        "Embarrassment": 0.0015902837039902806,
        "Empathic Pain": 0.002424465026706457,
        "Enthusiasm": 0.18368980288505554,
        "Entrancement": 0.0012202973011881113,
        "Envy": 0.0011963266879320145,
        "Excitement": 0.09120754152536392,
        "Fear": 0.0003911763778887689,
        "Gratitude": 0.058994513005018234,
        "Guilt": 0.0010603861883282661,
        "Horror": 0.00030175314168445766,
        "Interest": 0.015452079474925995,
        "Joy": 0.10525213181972504,
        "Love": 0.0017867693677544594,
        "Nostalgia": 0.00032968985033221543,
        "Pain": 0.0014961370034143329,
        "Pride": 0.026012049987912178,
        "Realization": 0.04717250540852547,
        "Relief": 0.28361764550209045,
        "Romance": 0.00017067445151042193,
        "Sadness": 0.002300191903486848,
        "Sarcasm": 0.1498745083808899,
        "Satisfaction": 0.3393990099430084,
        "Shame": 0.0017973115900531411,
        "Surprise (negative)": 0.03212681785225868,
        "Surprise (positive)": 0.08224108815193176,
        "Sympathy": 0.004854488652199507,
        "Tiredness": 0.027167217805981636,
        "Triumph": 0.16680318117141724
    }
}