{
    "face": {
        "Admiration": 0.08234447240829468,
        "Adoration": 0.06001446768641472,
        "Aesthetic Appreciation": 0.0642625093460083,
        "Amusement": 0.1241007149219513,
        "Anger": 0.09205363690853119,
        "Anxiety": 0.16783112287521362,
        "Awe": 0.09203743189573288,
        "Awkwardness": 0.23834533989429474,
        "Boredom": 0.3702661693096161,
        "Calmness": 0.3451823890209198,
        "Concentration": 0.48221954703330994,
        "Confusion": 0.5439122915267944,
        "Contemplation": 0.22940629720687866,
        "Contempt": 0.20284712314605713,
        "Contentment": 0.09247660636901855,
        "Craving": 0.0971156433224678,
        "Desire": 0.13080060482025146,
        "Determination": 0.1363341063261032,
        "Disappointment": 0.2839670777320862,
        "Disgust": 0.1420200914144516,
        "Distress": 0.20276103913784027,
        "Doubt": 0.39199408888816833,
        "Ecstasy": 0.03280017152428627,
        "Embarrassment": 0.10023835301399231,
        "Empathic Pain": 0.08870180696249008,
        "Entrancement": 0.12889231741428375,
        "Envy": 0.052951984107494354,
        "Excitement": 0.06473144888877869,
        "Fear": 0.10854070633649826,
        "Guilt": 0.08304043114185333,
        "Horror": 0.052366215735673904,
        "Interest": 0.32320863008499146,
        "Joy": 0.06791075319051743,
        "Love": 0.07529818266630173,
        "Nostalgia": 0.055890604853630066,
        "Pain": 0.12246719747781754,
        "Pride": 0.04926539957523346,
        "Realization": 0.15214769542217255,
        "Relief": 0.05495671182870865,
        "Romance": 0.05320286005735397,
        "Sadness": 0.202153280377388,
        "Satisfaction": 0.10257318615913391,
        "Shame": 0.07473605871200562,
        "Surprise (negative)": 0.07339741289615631,
        "Surprise (positive)": 0.049047984182834625,
        "Sympathy": 0.05971803888678551,
        "Tiredness": 0.22426527738571167,
        "Triumph": 0.026781437918543816
    }
}