{
    "prosody": {
        "Admiration": 0.014836040325462818,
        "Adoration": 0.012830697931349277,
        "Aesthetic Appreciation": 0.011004611849784851,
        "Amusement": 0.037314463406801224,
        "Anger": 0.5614420175552368,
        "Anxiety": 0.06065714359283447,
        "Awe": 0.013431721366941929,
        "Awkwardness": 0.03363224118947983,
        "Boredom": 0.003291855566203594,
        "Calmness": 0.020259350538253784,
        "Concentration": 0.12160787731409073,
        "Confusion": 0.0674712061882019,
        "Contemplation": 0.06574670225381851,
        "Contempt": 0.21586360037326813,
        "Contentment": 0.017544064670801163,
        "Craving": 0.0009757836232893169,
        "Desire": 0.0016986745176836848,
        "Determination": 0.16950355470180511,
        "Disappointment": 0.17520487308502197,
        "Disgust": 0.11646553128957748,
        "Distress": 0.2727513611316681,
        "Doubt": 0.040945373475551605,
        "Ecstasy": 0.004719551652669907,
        "Embarrassment": 0.01102358102798462,
        "Empathic Pain": 0.05111350491642952,
        "Entrancement": 0.007047709077596664,
        "Envy": 0.02398020774126053,
        "Excitement": 0.021413659676909447,
        "Fear": 0.02649526484310627,
        "Guilt": 0.009414095431566238,
        "Horror": 0.02403203211724758,
        "Interest": 0.059678394347429276,
        "Joy": 0.014621998183429241,
        "Love": 0.00545003917068243,
        "Nostalgia": 0.009228536859154701,
        "Pain": 0.01687605120241642,
        "Pride": 0.03179846704006195,
        "Realization": 0.3305509686470032,
        "Relief": 0.006594908889383078,
        "Romance": 0.008612905628979206,
        "Sadness": 0.06375209987163544,
        "Satisfaction": 0.01580457203090191,
        "Shame": 0.0148794399574399,
        "Surprise (negative)": 0.08916871249675751,
        "Surprise (positive)": 0.01557289157062769,
        "Sympathy": 0.020045503973960876,
        "Tiredness": 0.0099135497584939,
        "Triumph": 0.014102380722761154
    }
}