{
    "face": {
        "Admiration": 0.09792003035545349,
        "Adoration": 0.07712768018245697,
        "Aesthetic Appreciation": 0.043169841170310974,
        "Amusement": 0.34205442667007446,
        "Anger": 0.11087076365947723,
        "Anxiety": 0.22390583157539368,
        "Awe": 0.2502943277359009,
        "Awkwardness": 0.19719241559505463,
        "Boredom": 0.10225095599889755,
        "Calmness": 0.08883872628211975,
        "Concentration": 0.11972349137067795,
        "Confusion": 0.28315049409866333,
        "Contemplation": 0.06851619482040405,
        "Contempt": 0.0778762549161911,
        "Contentment": 0.0777367353439331,
        "Craving": 0.051952064037323,
        "Desire": 0.04936256632208824,
        "Determination": 0.07390734553337097,
        "Disappointment": 0.18347935378551483,
        "Disgust": 0.09397535026073456,
        "Distress": 0.31197506189346313,
        "Doubt": 0.17263776063919067,
        "Ecstasy": 0.13283255696296692,
        "Embarrassment": 0.12625813484191895,
        "Empathic Pain": 0.12437893450260162,
        "Entrancement": 0.07934840023517609,
        "Envy": 0.03066086210310459,
        "Excitement": 0.33093172311782837,
        "Fear": 0.4514336585998535,
        "Guilt": 0.0746355950832367,
        "Horror": 0.35620763897895813,
        "Interest": 0.22127684950828552,
        "Joy": 0.24634858965873718,
        "Love": 0.10894820094108582,
        "Nostalgia": 0.05073537677526474,
        "Pain": 0.27416568994522095,
        "Pride": 0.06730976700782776,
        "Realization": 0.1709599643945694,
        "Relief": 0.06355549395084381,
        "Romance": 0.03377910703420639,
        "Sadness": 0.22598958015441895,
        "Satisfaction": 0.1282472461462021,
        "Shame": 0.057387709617614746,
        "Surprise (negative)": 0.2624659538269043,
        "Surprise (positive)": 0.2315853238105774,
        "Sympathy": 0.05376089736819267,
        "Tiredness": 0.10281936079263687,
        "Triumph": 0.09063786268234253
    }
}