{
    "language": {
        "Admiration": 0.1139821745455265,
        "Adoration": 0.06395984161645174,
        "Aesthetic Appreciation": 0.05404308997094631,
        "Amusement": 0.01994477992411703,
        "Anger": 0.0011858606012538075,
        "Annoyance": 0.007314243004657328,
        "Anxiety": 0.0030875548400217667,
        "Awe": 0.04533082153648138,
        "Awkwardness": 0.008480116724967957,
        "Boredom": 0.008772218832746148,
        "Calmness": 0.09285093145444989,
        "Concentration": 0.005031102686189115,
        "Confusion": 0.0025360606668982655,
        "Contemplation": 0.0047991175088100135,
        "Contempt": 0.01763457350898534,
        "Contentment": 0.1534958891570568,
        "Craving": 0.0009588593529770151,
        "Desire": 0.000986408420430962,
        "Determination": 0.0046735870419070125,
        "Disappointment": 0.0036702908691950142,
        "Disapproval": 0.003184142551617697,
        "Disgust": 0.0018060452421195805,
        "Distress": 0.004303131252527237,
        "Doubt": 0.0008599448119639419,
        "Ecstasy": 0.036329043621663004,
        "Embarrassment": 0.002938115008873865,
        "Empathic Pain": 0.005074542365036905,
        "Enthusiasm": 0.08711017342284322,
        "Entrancement": 0.011527618044055998,
        "Envy": 0.0005745346643379889,
        "Excitement": 0.07448814599774778,
        "Fear": 0.0014672273973701522,
        "Gratitude": 0.66886967420578,
        "Guilt": 0.0005960865310044028,
        "Horror": 0.0010094836507050786,
        "Interest": 0.014246809994801879,
        "Joy": 0.17195617873221636,
        "Love": 0.04008292639628053,
        "Nostalgia": 0.0014579198614228517,
        "Pain": 0.0024063183809630573,
        "Pride": 0.015402763383463025,
        "Realization": 0.022687728982418776,
        "Relief": 0.15869646333158016,
        "Romance": 0.0023413622693624347,
        "Sadness": 0.0024406890152022243,
        "Sarcasm": 0.02637634752318263,
        "Satisfaction": 0.21888574585318565,
        "Shame": 0.0013692731445189565,
        "Surprise (negative)": 0.008468379848636687,
        "Surprise (positive)": 0.13454395532608032,
        "Sympathy": 0.008712435839697719,
        "Tiredness": 0.003879727446474135,
        "Triumph": 0.034725888166576624
    }
}