{
    "prosody": {
        "Admiration": 0.011341925710439682,
        "Adoration": 0.008535723201930523,
        "Aesthetic Appreciation": 0.011929543688893318,
        "Amusement": 0.16010311245918274,
        "Anger": 0.013800313347019255,
        "Anxiety": 0.05761036090552807,
        "Awe": 0.02708002203144133,
        "Awkwardness": 0.09263944625854492,
        "Boredom": 0.008188643958419561,
        "Calmness": 0.04195219278335571,
        "Concentration": 0.0076192666310817,
        "Confusion": 0.0891496017575264,
        "Contemplation": 0.03455099370330572,
        "Contempt": 0.017089482862502337,
        "Contentment": 0.0821720534004271,
        "Craving": 0.028801280073821545,
        "Desire": 0.10022964980453253,
        "Determination": 0.05434288643300533,
        "Disappointment": 0.018302446231245995,
        "Disgust": 0.017850339645519853,
        "Distress": 0.06696456857025623,
        "Doubt": 0.05223851650953293,
        "Ecstasy": 0.029954275116324425,
        "Embarrassment": 0.038034019991755486,
        "Empathic Pain": 0.00914669781923294,
        "Entrancement": 0.013006663415580988,
        "Envy": 0.018019027542322874,
        "Excitement": 0.15380245447158813,
        "Fear": 0.018468571361154318,
        "Guilt": 0.02075434196740389,
        "Horror": 0.013011227827519178,
        "Interest": 0.09843446686863899,
        "Joy": 0.06209111772477627,
        "Love": 0.01285276236012578,
        "Nostalgia": 0.004984782077372074,
        "Pain": 0.007482053013518453,
        "Pride": 0.031478472985327244,
        "Realization": 0.11310737952589989,
        "Relief": 0.06135447509586811,
        "Romance": 0.02875572582706809,
        "Sadness": 0.011556419543921947,
        "Satisfaction": 0.0679951012134552,
        "Shame": 0.01711314683780074,
        "Surprise (negative)": 0.047130459919571877,
        "Surprise (positive)": 0.08764300867915154,
        "Sympathy": 0.02036338858306408,
        "Tiredness": 0.012784639373421669,
        "Triumph": 0.04625411098822951
    }
}