{
    "prosody": {
        "Admiration": 0.053275641053915024,
        "Adoration": 0.02082870714366436,
        "Aesthetic Appreciation": 0.012059287168085575,
        "Amusement": 0.08842556178569794,
        "Anger": 0.16815917193889618,
        "Anxiety": 0.022011389955878258,
        "Awe": 0.011739658191800117,
        "Awkwardness": 0.08662530034780502,
        "Boredom": 0.0060355509631335735,
        "Calmness": 0.004318977706134319,
        "Concentration": 0.004140334669500589,
        "Confusion": 0.021357573568820953,
        "Contemplation": 0.005032977554947138,
        "Contempt": 0.15873031318187714,
        "Contentment": 0.013235180638730526,
        "Craving": 0.0027168230153620243,
        "Desire": 0.0026408841367810965,
        "Determination": 0.016390589997172356,
        "Disappointment": 0.09217018634080887,
        "Disgust": 0.1865973323583603,
        "Distress": 0.05448727682232857,
        "Doubt": 0.0064338077791035175,
        "Ecstasy": 0.012279896065592766,
        "Embarrassment": 0.0671299397945404,
        "Empathic Pain": 0.01628972217440605,
        "Entrancement": 0.0016836677677929401,
        "Envy": 0.05282006412744522,
        "Excitement": 0.04766516387462616,
        "Fear": 0.002465908881276846,
        "Guilt": 0.03957042098045349,
        "Horror": 0.006826590746641159,
        "Interest": 0.041066013276576996,
        "Joy": 0.017884835600852966,
        "Love": 0.007663715165108442,
        "Nostalgia": 0.004602502565830946,
        "Pain": 0.011203540489077568,
        "Pride": 0.0534202978014946,
        "Realization": 0.0640006810426712,
        "Relief": 0.0085122250020504,
        "Romance": 0.003850333858281374,
        "Sadness": 0.01692028157413006,
        "Satisfaction": 0.026557432487607002,
        "Shame": 0.04250084236264229,
        "Surprise (negative)": 0.032971687614917755,
        "Surprise (positive)": 0.05378049239516258,
        "Sympathy": 0.022374145686626434,
        "Tiredness": 0.0025986575055867434,
        "Triumph": 0.028718259185552597
    }
}