{
    "face": {
        "Admiration": 0.04156675934791565,
        "Adoration": 0.03912075608968735,
        "Aesthetic Appreciation": 0.03546380251646042,
        "Amusement": 0.05791638419032097,
        "Anger": 0.05639306455850601,
        "Anxiety": 0.2552170753479004,
        "Awe": 0.04212549328804016,
        "Awkwardness": 0.15136057138442993,
        "Boredom": 0.3250015676021576,
        "Calmness": 0.3287492096424103,
        "Concentration": 0.3896920680999756,
        "Confusion": 0.3136357367038727,
        "Contemplation": 0.24286867678165436,
        "Contempt": 0.10313455760478973,
        "Contentment": 0.07782940566539764,
        "Craving": 0.03352993726730347,
        "Desire": 0.039924412965774536,
        "Determination": 0.0798845887184143,
        "Disappointment": 0.4687541127204895,
        "Disgust": 0.07858666777610779,
        "Distress": 0.3920449912548065,
        "Doubt": 0.2642790675163269,
        "Ecstasy": 0.020681101828813553,
        "Embarrassment": 0.17217718064785004,
        "Empathic Pain": 0.14380796253681183,
        "Entrancement": 0.08800137788057327,
        "Envy": 0.0260611642152071,
        "Excitement": 0.02632736787199974,
        "Fear": 0.09888331592082977,
        "Guilt": 0.20571096241474152,
        "Horror": 0.03416232019662857,
        "Interest": 0.13820642232894897,
        "Joy": 0.03878752887248993,
        "Love": 0.058438219130039215,
        "Nostalgia": 0.06854106485843658,
        "Pain": 0.27540090680122375,
        "Pride": 0.03008703514933586,
        "Realization": 0.1544744223356247,
        "Relief": 0.0717531070113182,
        "Romance": 0.035563960671424866,
        "Sadness": 0.4715990424156189,
        "Satisfaction": 0.0705803781747818,
        "Shame": 0.19706977903842926,
        "Surprise (negative)": 0.03648320585489273,
        "Surprise (positive)": 0.01825959049165249,
        "Sympathy": 0.06734416633844376,
        "Tiredness": 0.4625244438648224,
        "Triumph": 0.012853001244366169
    }
}