{
    "language": {
        "Admiration": 0.016131604090332985,
        "Adoration": 0.04662852128967643,
        "Aesthetic Appreciation": 0.0060030688473489136,
        "Amusement": 0.014932686084648594,
        "Anger": 0.007487454160582274,
        "Annoyance": 0.10235624318011105,
        "Anxiety": 0.0664785928092897,
        "Awe": 0.004614249526639469,
        "Awkwardness": 0.05955743417143822,
        "Boredom": 0.12158982089022174,
        "Calmness": 0.1837439388036728,
        "Concentration": 0.04697620985098183,
        "Confusion": 0.05263755435589701,
        "Contemplation": 0.06040835939347744,
        "Contempt": 0.011924035265110433,
        "Contentment": 0.025850617792457342,
        "Craving": 0.0601327679323731,
        "Desire": 0.025938787002814934,
        "Determination": 0.0979469366138801,
        "Disappointment": 0.014636344625614583,
        "Disapproval": 0.010237970185698941,
        "Disgust": 0.001164865603641374,
        "Distress": 0.02825280508841388,
        "Doubt": 0.03364685014821589,
        "Ecstasy": 0.002758554750471376,
        "Embarrassment": 0.0021597159357042983,
        "Empathic Pain": 0.029922238900326192,
        "Enthusiasm": 0.15171617455780506,
        "Entrancement": 0.013430363091174513,
        "Envy": 0.0030723262898391113,
        "Excitement": 0.07117904257029295,
        "Fear": 0.014089268239331432,
        "Gratitude": 0.013043701997958124,
        "Guilt": 0.0044974380725761876,
        "Horror": 0.0003859677672153339,
        "Interest": 0.37289691902697086,
        "Joy": 0.028747546079102904,
        "Love": 0.16501008026534691,
        "Nostalgia": 0.007445457886205986,
        "Pain": 0.005313204397680238,
        "Pride": 0.003432087214605417,
        "Realization": 0.02312477061059326,
        "Relief": 0.006617438397370279,
        "Romance": 0.08388565128552727,
        "Sadness": 0.010868477060284931,
        "Sarcasm": 0.010906749696005136,
        "Satisfaction": 0.016515396535396576,
        "Shame": 0.002271894089062698,
        "Surprise (negative)": 0.013556386664276943,
        "Surprise (positive)": 0.019580964057240635,
        "Sympathy": 0.038570962962694466,
        "Tiredness": 0.028134922846220434,
        "Triumph": 0.0023244773619808257
    }
}