{
    "prosody": {
        "Admiration": 0.011861143633723259,
        "Adoration": 0.010703192092478275,
        "Aesthetic Appreciation": 0.008450401946902275,
        "Amusement": 0.048289380967617035,
        "Anger": 0.013701628893613815,
        "Anxiety": 0.13523755967617035,
        "Awe": 0.03168105334043503,
        "Awkwardness": 0.27048563957214355,
        "Boredom": 0.004961061757057905,
        "Calmness": 0.014659703709185123,
        "Concentration": 0.010543746873736382,
        "Confusion": 0.6192610263824463,
        "Contemplation": 0.018753712996840477,
        "Contempt": 0.00797448679804802,
        "Contentment": 0.013672037050127983,
        "Craving": 0.0031059165485203266,
        "Desire": 0.004092728719115257,
        "Determination": 0.009142850525677204,
        "Disappointment": 0.025472747161984444,
        "Disgust": 0.016436787322163582,
        "Distress": 0.07002750784158707,
        "Doubt": 0.2758513391017914,
        "Ecstasy": 0.007578844204545021,
        "Embarrassment": 0.02517899125814438,
        "Empathic Pain": 0.007029966451227665,
        "Entrancement": 0.008038746193051338,
        "Envy": 0.017805960029363632,
        "Excitement": 0.04598419740796089,
        "Fear": 0.06374332308769226,
        "Guilt": 0.019449131563305855,
        "Horror": 0.04655931890010834,
        "Interest": 0.12431579828262329,
        "Joy": 0.010904049500823021,
        "Love": 0.00675972318276763,
        "Nostalgia": 0.006151983048766851,
        "Pain": 0.0038179203402251005,
        "Pride": 0.00712122768163681,
        "Realization": 0.05912932753562927,
        "Relief": 0.007737986743450165,
        "Romance": 0.012491544708609581,
        "Sadness": 0.009956907480955124,
        "Satisfaction": 0.008098550140857697,
        "Shame": 0.011834956705570221,
        "Surprise (negative)": 0.30307894945144653,
        "Surprise (positive)": 0.20520585775375366,
        "Sympathy": 0.012153778225183487,
        "Tiredness": 0.003136971266940236,
        "Triumph": 0.004703466314822435
    }
}