{
    "face": {
        "Admiration": 0.1201808750629425,
        "Adoration": 0.0867232009768486,
        "Aesthetic Appreciation": 0.06570184975862503,
        "Amusement": 0.31360113620758057,
        "Anger": 0.09166809171438217,
        "Anxiety": 0.12058726698160172,
        "Awe": 0.2589956820011139,
        "Awkwardness": 0.21278181672096252,
        "Boredom": 0.2626848518848419,
        "Calmness": 0.20930489897727966,
        "Concentration": 0.23789948225021362,
        "Confusion": 0.35014182329177856,
        "Contemplation": 0.1046280488371849,
        "Contempt": 0.11585917323827744,
        "Contentment": 0.11131279915571213,
        "Craving": 0.07833780348300934,
        "Desire": 0.11408468335866928,
        "Determination": 0.1055794209241867,
        "Disappointment": 0.1792317032814026,
        "Disgust": 0.08337001502513885,
        "Distress": 0.15270821750164032,
        "Doubt": 0.21183624863624573,
        "Ecstasy": 0.10417353361845016,
        "Embarrassment": 0.08714887499809265,
        "Empathic Pain": 0.059466972947120667,
        "Entrancement": 0.12468521296977997,
        "Envy": 0.039187587797641754,
        "Excitement": 0.2624605596065521,
        "Fear": 0.1369454711675644,
        "Guilt": 0.04372537136077881,
        "Horror": 0.12190140783786774,
        "Interest": 0.33420711755752563,
        "Joy": 0.2116413116455078,
        "Love": 0.11580947786569595,
        "Nostalgia": 0.045110154896974564,
        "Pain": 0.09367578476667404,
        "Pride": 0.07373398542404175,
        "Realization": 0.1824670284986496,
        "Relief": 0.08550077676773071,
        "Romance": 0.048596255481243134,
        "Sadness": 0.08690333366394043,
        "Satisfaction": 0.17809313535690308,
        "Shame": 0.04228947311639786,
        "Surprise (negative)": 0.17857006192207336,
        "Surprise (positive)": 0.21684303879737854,
        "Sympathy": 0.044453706592321396,
        "Tiredness": 0.18947896361351013,
        "Triumph": 0.07768303900957108
    }
}