{
    "face": {
        "Admiration": 0.08051791787147522,
        "Adoration": 0.05645772069692612,
        "Aesthetic Appreciation": 0.05441702902317047,
        "Amusement": 0.10293632000684738,
        "Anger": 0.15941274166107178,
        "Anxiety": 0.1891985684633255,
        "Awe": 0.10399366915225983,
        "Awkwardness": 0.19228486716747284,
        "Boredom": 0.2318887710571289,
        "Calmness": 0.2546137571334839,
        "Concentration": 0.37855592370033264,
        "Confusion": 0.5014224648475647,
        "Contemplation": 0.20936480164527893,
        "Contempt": 0.2148531973361969,
        "Contentment": 0.08129866421222687,
        "Craving": 0.05656807869672775,
        "Desire": 0.047340527176856995,
        "Determination": 0.14396938681602478,
        "Disappointment": 0.3342018127441406,
        "Disgust": 0.17196299135684967,
        "Distress": 0.2680605351924896,
        "Doubt": 0.3802141845226288,
        "Ecstasy": 0.02979918383061886,
        "Embarrassment": 0.10161390900611877,
        "Empathic Pain": 0.12823288142681122,
        "Entrancement": 0.10580576211214066,
        "Envy": 0.056895941495895386,
        "Excitement": 0.06000584736466408,
        "Fear": 0.15955571830272675,
        "Guilt": 0.09539902955293655,
        "Horror": 0.0776548907160759,
        "Interest": 0.2405606508255005,
        "Joy": 0.06282804906368256,
        "Love": 0.06123342365026474,
        "Nostalgia": 0.06555885821580887,
        "Pain": 0.2116137444972992,
        "Pride": 0.06362800300121307,
        "Realization": 0.16599154472351074,
        "Relief": 0.04961187392473221,
        "Romance": 0.031168963760137558,
        "Sadness": 0.3157135546207428,
        "Satisfaction": 0.08043985813856125,
        "Shame": 0.07780274003744125,
        "Surprise (negative)": 0.08450700342655182,
        "Surprise (positive)": 0.04984243959188461,
        "Sympathy": 0.06583385169506073,
        "Tiredness": 0.1735503077507019,
        "Triumph": 0.03506741300225258
    }
}