{
    "face": {
        "Admiration": 0.0571444109082222,
        "Adoration": 0.07263422757387161,
        "Aesthetic Appreciation": 0.04252825304865837,
        "Amusement": 0.18335039913654327,
        "Anger": 0.054883260279893875,
        "Anxiety": 0.15437084436416626,
        "Awe": 0.06153056025505066,
        "Awkwardness": 0.17358341813087463,
        "Boredom": 0.1903739720582962,
        "Calmness": 0.2251293659210205,
        "Concentration": 0.1552516669034958,
        "Confusion": 0.21269822120666504,
        "Contemplation": 0.09050630778074265,
        "Contempt": 0.09389043599367142,
        "Contentment": 0.12517711520195007,
        "Craving": 0.05925976485013962,
        "Desire": 0.16414983570575714,
        "Determination": 0.052361734211444855,
        "Disappointment": 0.2770414352416992,
        "Disgust": 0.11703487485647202,
        "Distress": 0.3003885746002197,
        "Doubt": 0.13068117201328278,
        "Ecstasy": 0.10536450892686844,
        "Embarrassment": 0.13784486055374146,
        "Empathic Pain": 0.13207034766674042,
        "Entrancement": 0.08594595640897751,
        "Envy": 0.021915512159466743,
        "Excitement": 0.1104472279548645,
        "Fear": 0.10655074566602707,
        "Guilt": 0.10363557189702988,
        "Horror": 0.05408946052193642,
        "Interest": 0.13935808837413788,
        "Joy": 0.16731388866901398,
        "Love": 0.150032177567482,
        "Nostalgia": 0.06710148602724075,
        "Pain": 0.42509347200393677,
        "Pride": 0.047075483947992325,
        "Realization": 0.1288410723209381,
        "Relief": 0.1470871865749359,
        "Romance": 0.06990186125040054,
        "Sadness": 0.3251640200614929,
        "Satisfaction": 0.23213322460651398,
        "Shame": 0.1152399480342865,
        "Surprise (negative)": 0.04425295442342758,
        "Surprise (positive)": 0.02670230343937874,
        "Sympathy": 0.0468471422791481,
        "Tiredness": 0.35006195306777954,
        "Triumph": 0.04273199290037155
    }
}