{
    "face": {
        "Admiration": 0.17880307137966156,
        "Adoration": 0.2316204458475113,
        "Aesthetic Appreciation": 0.08849158138036728,
        "Amusement": 0.5537902116775513,
        "Anger": 0.029670139774680138,
        "Anxiety": 0.06788066774606705,
        "Awe": 0.07742545753717422,
        "Awkwardness": 0.175513356924057,
        "Boredom": 0.1117628812789917,
        "Calmness": 0.27342912554740906,
        "Concentration": 0.15999425947666168,
        "Confusion": 0.11220473051071167,
        "Contemplation": 0.08231639862060547,
        "Contempt": 0.0811285674571991,
        "Contentment": 0.26318255066871643,
        "Craving": 0.07027272880077362,
        "Desire": 0.15966178476810455,
        "Determination": 0.06174016743898392,
        "Disappointment": 0.09229067713022232,
        "Disgust": 0.045251939445734024,
        "Distress": 0.08245884627103806,
        "Doubt": 0.08347634226083755,
        "Ecstasy": 0.16775758564472198,
        "Embarrassment": 0.09220003336668015,
        "Empathic Pain": 0.03938797116279602,
        "Entrancement": 0.11175733059644699,
        "Envy": 0.02914755418896675,
        "Excitement": 0.33246585726737976,
        "Fear": 0.04441897198557854,
        "Guilt": 0.03788134455680847,
        "Horror": 0.022938799113035202,
        "Interest": 0.35082119703292847,
        "Joy": 0.5806636214256287,
        "Love": 0.4734553396701813,
        "Nostalgia": 0.0770152285695076,
        "Pain": 0.07345394790172577,
        "Pride": 0.11097695678472519,
        "Realization": 0.10702010989189148,
        "Relief": 0.1355314552783966,
        "Romance": 0.14856019616127014,
        "Sadness": 0.06327295303344727,
        "Satisfaction": 0.4317958652973175,
        "Shame": 0.0485190786421299,
        "Surprise (negative)": 0.02265351079404354,
        "Surprise (positive)": 0.03263748809695244,
        "Sympathy": 0.04984017089009285,
        "Tiredness": 0.100808285176754,
        "Triumph": 0.09048744291067123
    }
}