{
    "face": {
        "Admiration": 0.16644099354743958,
        "Adoration": 0.19382795691490173,
        "Aesthetic Appreciation": 0.07539018243551254,
        "Amusement": 0.79063481092453,
        "Anger": 0.028865937143564224,
        "Anxiety": 0.05095945671200752,
        "Awe": 0.10649139434099197,
        "Awkwardness": 0.1118759885430336,
        "Boredom": 0.061417851597070694,
        "Calmness": 0.15368583798408508,
        "Concentration": 0.08901107311248779,
        "Confusion": 0.07093329727649689,
        "Contemplation": 0.05166444554924965,
        "Contempt": 0.04864782467484474,
        "Contentment": 0.24258725345134735,
        "Craving": 0.05269128084182739,
        "Desire": 0.10524500161409378,
        "Determination": 0.054416313767433167,
        "Disappointment": 0.04740914702415466,
        "Disgust": 0.023285631090402603,
        "Distress": 0.06666544824838638,
        "Doubt": 0.04659813269972801,
        "Ecstasy": 0.3967420756816864,
        "Embarrassment": 0.04552094638347626,
        "Empathic Pain": 0.028350938111543655,
        "Entrancement": 0.09828124195337296,
        "Envy": 0.019786544144153595,
        "Excitement": 0.6437790989875793,
        "Fear": 0.05004553869366646,
        "Guilt": 0.018507342785596848,
        "Horror": 0.03331063687801361,
        "Interest": 0.28630760312080383,
        "Joy": 0.8284457921981812,
        "Love": 0.3814280331134796,
        "Nostalgia": 0.06650543957948685,
        "Pain": 0.06872256845235825,
        "Pride": 0.1575610637664795,
        "Realization": 0.10384698212146759,
        "Relief": 0.17710191011428833,
        "Romance": 0.07999538630247116,
        "Sadness": 0.03440887853503227,
        "Satisfaction": 0.5237927436828613,
        "Shame": 0.019562650471925735,
        "Surprise (negative)": 0.02463025040924549,
        "Surprise (positive)": 0.04960862547159195,
        "Sympathy": 0.03598523885011673,
        "Tiredness": 0.06120182201266289,
        "Triumph": 0.21201100945472717
    }
}