{
    "language": {
        "Admiration": 0.017172457184642553,
        "Adoration": 0.0077822733437642455,
        "Aesthetic Appreciation": 0.01624767971225083,
        "Amusement": 0.021719799377024174,
        "Anger": 0.004461753414943814,
        "Annoyance": 0.02861602045595646,
        "Anxiety": 0.008454071416053921,
        "Awe": 0.009652492473833263,
        "Awkwardness": 0.03399809403344989,
        "Boredom": 0.08726051077246666,
        "Calmness": 0.21730584651231766,
        "Concentration": 0.019832481862977147,
        "Confusion": 0.08586737187579274,
        "Contemplation": 0.06166429724544287,
        "Contempt": 0.03493137750774622,
        "Contentment": 0.10686460137367249,
        "Craving": 0.005922328753513284,
        "Desire": 0.009903231839416549,
        "Determination": 0.012242159631568938,
        "Disappointment": 0.027383675798773766,
        "Disapproval": 0.01793944463133812,
        "Disgust": 0.008399911923334002,
        "Distress": 0.012609336292371154,
        "Doubt": 0.02360408427193761,
        "Ecstasy": 0.004350759874796495,
        "Embarrassment": 0.008823362353723496,
        "Empathic Pain": 0.020521799102425575,
        "Enthusiasm": 0.012849407503381371,
        "Entrancement": 0.01491200557211414,
        "Envy": 0.003477538062725216,
        "Excitement": 0.0062351590022444725,
        "Fear": 0.003922666917787865,
        "Gratitude": 0.008911153767257929,
        "Guilt": 0.0036450504267122597,
        "Horror": 0.0015991460822988302,
        "Interest": 0.05499393865466118,
        "Joy": 0.013786661438643932,
        "Love": 0.007661177311092615,
        "Nostalgia": 0.014035285887075588,
        "Pain": 0.014573668129742146,
        "Pride": 0.014680066262371838,
        "Realization": 0.058665577322244644,
        "Relief": 0.04748485516756773,
        "Romance": 0.005618340743239969,
        "Sadness": 0.026075906585901976,
        "Sarcasm": 0.017136656679213047,
        "Satisfaction": 0.075383011251688,
        "Shame": 0.0124176274985075,
        "Surprise (negative)": 0.026735184714198112,
        "Surprise (positive)": 0.02393334172666073,
        "Sympathy": 0.036953953094780445,
        "Tiredness": 0.03373666945844889,
        "Triumph": 0.017141302349045873
    }
}