{
    "face": {
        "Admiration": 0.10879240185022354,
        "Adoration": 0.08049926906824112,
        "Aesthetic Appreciation": 0.07814081013202667,
        "Amusement": 0.13113796710968018,
        "Anger": 0.10379905253648758,
        "Anxiety": 0.14448724687099457,
        "Awe": 0.08300087600946426,
        "Awkwardness": 0.22216038405895233,
        "Boredom": 0.49452707171440125,
        "Calmness": 0.5312628746032715,
        "Concentration": 0.4985601007938385,
        "Confusion": 0.3935636579990387,
        "Contemplation": 0.24693657457828522,
        "Contempt": 0.2519580125808716,
        "Contentment": 0.1514434963464737,
        "Craving": 0.06528860330581665,
        "Desire": 0.06641621887683868,
        "Determination": 0.15620605647563934,
        "Disappointment": 0.32623863220214844,
        "Disgust": 0.11268231272697449,
        "Distress": 0.1701183170080185,
        "Doubt": 0.3667283058166504,
        "Ecstasy": 0.029137924313545227,
        "Embarrassment": 0.0907076746225357,
        "Empathic Pain": 0.08091093599796295,
        "Entrancement": 0.13570094108581543,
        "Envy": 0.06250036507844925,
        "Excitement": 0.057943787425756454,
        "Fear": 0.08477260172367096,
        "Guilt": 0.0770210474729538,
        "Horror": 0.035665277391672134,
        "Interest": 0.33341026306152344,
        "Joy": 0.08496800810098648,
        "Love": 0.09415466338396072,
        "Nostalgia": 0.07544434815645218,
        "Pain": 0.0963294506072998,
        "Pride": 0.08386699855327606,
        "Realization": 0.15122132003307343,
        "Relief": 0.07199002802371979,
        "Romance": 0.048362795263528824,
        "Sadness": 0.21341542899608612,
        "Satisfaction": 0.13063859939575195,
        "Shame": 0.07115020602941513,
        "Surprise (negative)": 0.04872780665755272,
        "Surprise (positive)": 0.03750159963965416,
        "Sympathy": 0.06912079453468323,
        "Tiredness": 0.2476859986782074,
        "Triumph": 0.03477589040994644
    }
}