{
    "face": {
        "Admiration": 0.06804132461547852,
        "Adoration": 0.040751319378614426,
        "Aesthetic Appreciation": 0.05934895947575569,
        "Amusement": 0.05221926048398018,
        "Anger": 0.12764808535575867,
        "Anxiety": 0.18263590335845947,
        "Awe": 0.06366283446550369,
        "Awkwardness": 0.1734730750322342,
        "Boredom": 0.5548143982887268,
        "Calmness": 0.5191968083381653,
        "Concentration": 0.6332001090049744,
        "Confusion": 0.42167720198631287,
        "Contemplation": 0.31662243604660034,
        "Contempt": 0.22938168048858643,
        "Contentment": 0.08751296997070312,
        "Craving": 0.051052771508693695,
        "Desire": 0.035223767161369324,
        "Determination": 0.1923123598098755,
        "Disappointment": 0.389883816242218,
        "Disgust": 0.09044430404901505,
        "Distress": 0.20445647835731506,
        "Doubt": 0.4144558012485504,
        "Ecstasy": 0.014150263741612434,
        "Embarrassment": 0.08460942655801773,
        "Empathic Pain": 0.0915171280503273,
        "Entrancement": 0.1347735971212387,
        "Envy": 0.06069421023130417,
        "Excitement": 0.023038679733872414,
        "Fear": 0.08507862687110901,
        "Guilt": 0.1023181900382042,
        "Horror": 0.028360169380903244,
        "Interest": 0.26125454902648926,
        "Joy": 0.02677733637392521,
        "Love": 0.04021827504038811,
        "Nostalgia": 0.0711912214756012,
        "Pain": 0.10442301630973816,
        "Pride": 0.05852097272872925,
        "Realization": 0.15359707176685333,
        "Relief": 0.04618827626109123,
        "Romance": 0.027369581162929535,
        "Sadness": 0.3016990125179291,
        "Satisfaction": 0.058339010924100876,
        "Shame": 0.0812871903181076,
        "Surprise (negative)": 0.04041782021522522,
        "Surprise (positive)": 0.02482476830482483,
        "Sympathy": 0.06574823707342148,
        "Tiredness": 0.3027985692024231,
        "Triumph": 0.018618978559970856
    }
}