{
    "face": {
        "Admiration": 0.09682676941156387,
        "Adoration": 0.05719270184636116,
        "Aesthetic Appreciation": 0.04334412142634392,
        "Amusement": 0.2663794457912445,
        "Anger": 0.28058922290802,
        "Anxiety": 0.11643864959478378,
        "Awe": 0.36994707584381104,
        "Awkwardness": 0.1272251009941101,
        "Boredom": 0.11836618185043335,
        "Calmness": 0.08134761452674866,
        "Concentration": 0.11891376227140427,
        "Confusion": 0.18006977438926697,
        "Contemplation": 0.052364204078912735,
        "Contempt": 0.10148096084594727,
        "Contentment": 0.06526215374469757,
        "Craving": 0.05667036026716232,
        "Desire": 0.05087217316031456,
        "Determination": 0.1460384577512741,
        "Disappointment": 0.13638058304786682,
        "Disgust": 0.07202459871768951,
        "Distress": 0.15273500978946686,
        "Doubt": 0.11273100972175598,
        "Ecstasy": 0.14911024272441864,
        "Embarrassment": 0.05756659433245659,
        "Empathic Pain": 0.050458576530218124,
        "Entrancement": 0.087649405002594,
        "Envy": 0.034599412232637405,
        "Excitement": 0.4132998585700989,
        "Fear": 0.21929112076759338,
        "Guilt": 0.02949644811451435,
        "Horror": 0.2662389278411865,
        "Interest": 0.2037675976753235,
        "Joy": 0.1860538274049759,
        "Love": 0.06909580528736115,
        "Nostalgia": 0.0327690951526165,
        "Pain": 0.0997069850564003,
        "Pride": 0.10788794606924057,
        "Realization": 0.16536277532577515,
        "Relief": 0.05529690533876419,
        "Romance": 0.021854285150766373,
        "Sadness": 0.05112854763865471,
        "Satisfaction": 0.13470840454101562,
        "Shame": 0.02457861602306366,
        "Surprise (negative)": 0.2736043632030487,
        "Surprise (positive)": 0.33968043327331543,
        "Sympathy": 0.024477694183588028,
        "Tiredness": 0.10644349455833435,
        "Triumph": 0.19432011246681213
    }
}