{
    "face": {
        "Admiration": 0.09013992547988892,
        "Adoration": 0.07803656905889511,
        "Aesthetic Appreciation": 0.06343235075473785,
        "Amusement": 0.14445838332176208,
        "Anger": 0.08974257856607437,
        "Anxiety": 0.1422272026538849,
        "Awe": 0.13718806207180023,
        "Awkwardness": 0.1750742495059967,
        "Boredom": 0.28186509013175964,
        "Calmness": 0.3445855677127838,
        "Concentration": 0.3292836844921112,
        "Confusion": 0.28602907061576843,
        "Contemplation": 0.15939012169837952,
        "Contempt": 0.1468638777732849,
        "Contentment": 0.12123306095600128,
        "Craving": 0.06965769827365875,
        "Desire": 0.11822723597288132,
        "Determination": 0.10740906745195389,
        "Disappointment": 0.2758013606071472,
        "Disgust": 0.11916932463645935,
        "Distress": 0.20897790789604187,
        "Doubt": 0.21511876583099365,
        "Ecstasy": 0.06585724651813507,
        "Embarrassment": 0.10918626189231873,
        "Empathic Pain": 0.09619749337434769,
        "Entrancement": 0.1369055211544037,
        "Envy": 0.040412623435258865,
        "Excitement": 0.09858833253383636,
        "Fear": 0.1244858130812645,
        "Guilt": 0.08724868297576904,
        "Horror": 0.07075731456279755,
        "Interest": 0.22899286448955536,
        "Joy": 0.10221309959888458,
        "Love": 0.11394590884447098,
        "Nostalgia": 0.06701860576868057,
        "Pain": 0.17527221143245697,
        "Pride": 0.05850101262331009,
        "Realization": 0.17419198155403137,
        "Relief": 0.10441962629556656,
        "Romance": 0.060283832252025604,
        "Sadness": 0.21190720796585083,
        "Satisfaction": 0.1626497358083725,
        "Shame": 0.08629799634218216,
        "Surprise (negative)": 0.0890188217163086,
        "Surprise (positive)": 0.07278914004564285,
        "Sympathy": 0.050727471709251404,
        "Tiredness": 0.29892778396606445,
        "Triumph": 0.043985284864902496
    }
}