{
    "face": {
        "Admiration": 0.3239660859107971,
        "Adoration": 0.33219385147094727,
        "Aesthetic Appreciation": 0.11914097517728806,
        "Amusement": 0.6889419555664062,
        "Anger": 0.015201609581708908,
        "Anxiety": 0.052196234464645386,
        "Awe": 0.17342974245548248,
        "Awkwardness": 0.1397945135831833,
        "Boredom": 0.07075490802526474,
        "Calmness": 0.20866096019744873,
        "Concentration": 0.18363261222839355,
        "Confusion": 0.12233857810497284,
        "Contemplation": 0.12251792103052139,
        "Contempt": 0.052678897976875305,
        "Contentment": 0.2356187403202057,
        "Craving": 0.06031090393662453,
        "Desire": 0.08083504438400269,
        "Determination": 0.06182501092553139,
        "Disappointment": 0.04762139916419983,
        "Disgust": 0.01755499839782715,
        "Distress": 0.047901127487421036,
        "Doubt": 0.0928642749786377,
        "Ecstasy": 0.1598149687051773,
        "Embarrassment": 0.059785038232803345,
        "Empathic Pain": 0.020393818616867065,
        "Entrancement": 0.1403142660856247,
        "Envy": 0.03057136759161949,
        "Excitement": 0.47219422459602356,
        "Fear": 0.04533311724662781,
        "Guilt": 0.02151264250278473,
        "Horror": 0.025348026305437088,
        "Interest": 0.5398778915405273,
        "Joy": 0.6881150603294373,
        "Love": 0.4707190990447998,
        "Nostalgia": 0.08053284883499146,
        "Pain": 0.024394866079092026,
        "Pride": 0.12468306720256805,
        "Realization": 0.146270751953125,
        "Relief": 0.10448981821537018,
        "Romance": 0.12247878313064575,
        "Sadness": 0.025773970410227776,
        "Satisfaction": 0.34806856513023376,
        "Shame": 0.02341516688466072,
        "Surprise (negative)": 0.027848172932863235,
        "Surprise (positive)": 0.07114821672439575,
        "Sympathy": 0.0517067015171051,
        "Tiredness": 0.043548934161663055,
        "Triumph": 0.10224631428718567
    }
}