{
    "language": {
        "Admiration": 0.0017894856459663613,
        "Adoration": 0.0008121752357312843,
        "Aesthetic Appreciation": 0.002585354787500008,
        "Amusement": 0.027199292352989964,
        "Anger": 0.05099630274850389,
        "Annoyance": 0.23744371371424716,
        "Anxiety": 0.16566721957338892,
        "Awe": 0.001810735329459219,
        "Awkwardness": 0.16359755915144217,
        "Boredom": 0.013020406057045835,
        "Calmness": 0.029576469718924036,
        "Concentration": 0.008456849614563196,
        "Confusion": 0.06765467956986117,
        "Contemplation": 0.04483499135012212,
        "Contempt": 0.23864709650692734,
        "Contentment": 0.005460652386081283,
        "Craving": 0.0008118192478002089,
        "Desire": 0.010570338381828902,
        "Determination": 0.015114537096055954,
        "Disappointment": 0.10185842288900977,
        "Disapproval": 0.38748332906676375,
        "Disgust": 0.1390693151270566,
        "Distress": 0.16001796937021223,
        "Doubt": 0.15385839375464813,
        "Ecstasy": 0.00039181891390952563,
        "Embarrassment": 0.06504315000189387,
        "Empathic Pain": 0.10277795763281376,
        "Enthusiasm": 0.003883710930771802,
        "Entrancement": 0.0024235185296477184,
        "Envy": 0.007205700709322548,
        "Excitement": 0.0015940267046022675,
        "Fear": 0.12641835733033394,
        "Gratitude": 0.0021956543053459864,
        "Guilt": 0.022849735338240862,
        "Horror": 0.03475887125418724,
        "Interest": 0.012193022376817205,
        "Joy": 0.000835817747587419,
        "Love": 0.001631862461141756,
        "Nostalgia": 0.000580173345793889,
        "Pain": 0.02844642107779889,
        "Pride": 0.004517375577605613,
        "Realization": 0.07045028779817664,
        "Relief": 0.012921690611857111,
        "Romance": 0.0024889829124415132,
        "Sadness": 0.04751358756228634,
        "Sarcasm": 0.24950139159741608,
        "Satisfaction": 0.004906974317829894,
        "Shame": 0.07206755690276623,
        "Surprise (negative)": 0.0996313703286907,
        "Surprise (positive)": 0.0037022308122528634,
        "Sympathy": 0.12375685421790442,
        "Tiredness": 0.016849658836651106,
        "Triumph": 0.00346718828001505
    }
}