{
    "language": {
        "Admiration": 0.007091280771419406,
        "Adoration": 0.004500490962527692,
        "Aesthetic Appreciation": 0.010392447235062718,
        "Amusement": 0.017792646307498217,
        "Anger": 0.002205206430517137,
        "Annoyance": 0.021217421162873507,
        "Anxiety": 0.026917717419564724,
        "Awe": 0.009828759590163827,
        "Awkwardness": 0.05239862576127052,
        "Boredom": 0.028918634168803692,
        "Calmness": 0.0900009237229824,
        "Concentration": 0.044684961438179016,
        "Confusion": 0.42322011291980743,
        "Contemplation": 0.22787057608366013,
        "Contempt": 0.012706405948847532,
        "Contentment": 0.027347775641828775,
        "Craving": 0.002578704385086894,
        "Desire": 0.004882563516730443,
        "Determination": 0.013775058556348085,
        "Disappointment": 0.006603349698707461,
        "Disapproval": 0.006354516604915261,
        "Disgust": 0.001379252935294062,
        "Distress": 0.007728704251348972,
        "Doubt": 0.17364493757486343,
        "Ecstasy": 0.00653715203225147,
        "Embarrassment": 0.005429738783277571,
        "Empathic Pain": 0.004069130402058363,
        "Enthusiasm": 0.020555019844323397,
        "Entrancement": 0.018529709428548813,
        "Envy": 0.002317215024959296,
        "Excitement": 0.014172537252306938,
        "Fear": 0.0071599280927330256,
        "Gratitude": 0.005068851518444717,
        "Guilt": 0.002728425315581262,
        "Horror": 0.0008313395665027201,
        "Interest": 0.23016370832920074,
        "Joy": 0.014605153352022171,
        "Love": 0.004298065206967294,
        "Nostalgia": 0.003559286240488291,
        "Pain": 0.002600672683911398,
        "Pride": 0.0120004175696522,
        "Realization": 0.042066942900419235,
        "Relief": 0.006724824896082282,
        "Romance": 0.003991719393525273,
        "Sadness": 0.0040641980012878776,
        "Sarcasm": 0.030847249552607536,
        "Satisfaction": 0.022213016636669636,
        "Shame": 0.0062355444533750415,
        "Surprise (negative)": 0.032006663270294666,
        "Surprise (positive)": 0.041963689029216766,
        "Sympathy": 0.005364967160858214,
        "Tiredness": 0.014640833716839552,
        "Triumph": 0.01258598268032074
    }
}