{
    "prosody": {
        "Admiration": 0.03079274483025074,
        "Adoration": 0.018536582589149475,
        "Aesthetic Appreciation": 0.01011062040925026,
        "Amusement": 0.11034930497407913,
        "Anger": 0.16030432283878326,
        "Anxiety": 0.051993317902088165,
        "Awe": 0.005121190100908279,
        "Awkwardness": 0.11792755872011185,
        "Boredom": 0.006642443127930164,
        "Calmness": 0.016284547746181488,
        "Concentration": 0.06869392842054367,
        "Confusion": 0.023598400875926018,
        "Contemplation": 0.051552191376686096,
        "Contempt": 0.11048665642738342,
        "Contentment": 0.027598805725574493,
        "Craving": 0.02209636941552162,
        "Desire": 0.006069451570510864,
        "Determination": 0.16484113037586212,
        "Disappointment": 0.09691580384969711,
        "Disgust": 0.03665025159716606,
        "Distress": 0.048358265310525894,
        "Doubt": 0.02311920002102852,
        "Ecstasy": 0.011796060018241405,
        "Embarrassment": 0.069900281727314,
        "Empathic Pain": 0.004806880373507738,
        "Entrancement": 0.0043416693806648254,
        "Envy": 0.07917680591344833,
        "Excitement": 0.12228287756443024,
        "Fear": 0.008304009214043617,
        "Guilt": 0.02682889997959137,
        "Horror": 0.004470665939152241,
        "Interest": 0.06954135745763779,
        "Joy": 0.04194030910730362,
        "Love": 0.02017492800951004,
        "Nostalgia": 0.02369903028011322,
        "Pain": 0.005759413819760084,
        "Pride": 0.09621673077344894,
        "Realization": 0.0664956271648407,
        "Relief": 0.006142219994217157,
        "Romance": 0.01275082677602768,
        "Sadness": 0.007127039134502411,
        "Satisfaction": 0.0444052517414093,
        "Shame": 0.028331825509667397,
        "Surprise (negative)": 0.03701108694076538,
        "Surprise (positive)": 0.020817268639802933,
        "Sympathy": 0.009634091518819332,
        "Tiredness": 0.00482292752712965,
        "Triumph": 0.0364663265645504
    }
}