{
    "face": {
        "Admiration": 0.05072765797376633,
        "Adoration": 0.04571933671832085,
        "Aesthetic Appreciation": 0.04113772511482239,
        "Amusement": 0.15598607063293457,
        "Anger": 0.08286891877651215,
        "Anxiety": 0.12010567635297775,
        "Awe": 0.1451888382434845,
        "Awkwardness": 0.18054604530334473,
        "Boredom": 0.28918343782424927,
        "Calmness": 0.19096766412258148,
        "Concentration": 0.14145800471305847,
        "Confusion": 0.275206983089447,
        "Contemplation": 0.07176422327756882,
        "Contempt": 0.12239700555801392,
        "Contentment": 0.0860016793012619,
        "Craving": 0.07138597220182419,
        "Desire": 0.2034642994403839,
        "Determination": 0.061686281114816666,
        "Disappointment": 0.25330403447151184,
        "Disgust": 0.14121398329734802,
        "Distress": 0.2268434762954712,
        "Doubt": 0.15620377659797668,
        "Ecstasy": 0.11454328149557114,
        "Embarrassment": 0.10642343759536743,
        "Empathic Pain": 0.0874168798327446,
        "Entrancement": 0.09346513450145721,
        "Envy": 0.02425990253686905,
        "Excitement": 0.1289941817522049,
        "Fear": 0.10433871299028397,
        "Guilt": 0.056928377598524094,
        "Horror": 0.09595926851034164,
        "Interest": 0.12756392359733582,
        "Joy": 0.0922149047255516,
        "Love": 0.07523512840270996,
        "Nostalgia": 0.042228493839502335,
        "Pain": 0.2437833547592163,
        "Pride": 0.04650634527206421,
        "Realization": 0.1575855165719986,
        "Relief": 0.16156011819839478,
        "Romance": 0.044911161065101624,
        "Sadness": 0.1321014016866684,
        "Satisfaction": 0.19632764160633087,
        "Shame": 0.06807621568441391,
        "Surprise (negative)": 0.11673973500728607,
        "Surprise (positive)": 0.08414026349782944,
        "Sympathy": 0.030618926510214806,
        "Tiredness": 0.45959800481796265,
        "Triumph": 0.05757167562842369
    }
}