{
    "prosody": {
        "Admiration": 0.3078000247478485,
        "Adoration": 0.15107601881027222,
        "Aesthetic Appreciation": 0.10555517673492432,
        "Amusement": 0.04388101026415825,
        "Anger": 0.0011135553941130638,
        "Anxiety": 0.0022952111903578043,
        "Awe": 0.15623967349529266,
        "Awkwardness": 0.006224489770829678,
        "Boredom": 0.005663163494318724,
        "Calmness": 0.0760788694024086,
        "Concentration": 0.010232205502688885,
        "Confusion": 0.0020459152292460203,
        "Contemplation": 0.01609300822019577,
        "Contempt": 0.002804262563586235,
        "Contentment": 0.40595564246177673,
        "Craving": 0.010425297543406487,
        "Desire": 0.0066054328344762325,
        "Determination": 0.055613502860069275,
        "Disappointment": 0.002861819928511977,
        "Disgust": 0.0009884489700198174,
        "Distress": 0.0017044878331944346,
        "Doubt": 0.0019402933539822698,
        "Ecstasy": 0.0432480052113533,
        "Embarrassment": 0.0020695067942142487,
        "Empathic Pain": 0.0025064139626920223,
        "Entrancement": 0.023384882137179375,
        "Envy": 0.037626586854457855,
        "Excitement": 0.19189491868019104,
        "Fear": 0.0005401375819928944,
        "Guilt": 0.0025023578200489283,
        "Horror": 0.0006173000438138843,
        "Interest": 0.20636160671710968,
        "Joy": 0.2145286202430725,
        "Love": 0.05447492375969887,
        "Nostalgia": 0.016962409019470215,
        "Pain": 0.0006506270729005337,
        "Pride": 0.09314336627721786,
        "Realization": 0.0810161828994751,
        "Relief": 0.1615411788225174,
        "Romance": 0.02199414372444153,
        "Sadness": 0.0018350206082686782,
        "Satisfaction": 0.358087956905365,
        "Shame": 0.0008700340404175222,
        "Surprise (negative)": 0.0020272000692784786,
        "Surprise (positive)": 0.1154356449842453,
        "Sympathy": 0.016076957806944847,
        "Tiredness": 0.00693785585463047,
        "Triumph": 0.08393389731645584
    }
}