{
    "face": {
        "Admiration": 0.12776587903499603,
        "Adoration": 0.10439059138298035,
        "Aesthetic Appreciation": 0.08041825145483017,
        "Amusement": 0.17930805683135986,
        "Anger": 0.09765437245368958,
        "Anxiety": 0.15089498460292816,
        "Awe": 0.09226534515619278,
        "Awkwardness": 0.2161961793899536,
        "Boredom": 0.3230685293674469,
        "Calmness": 0.43342190980911255,
        "Concentration": 0.42656210064888,
        "Confusion": 0.37976858019828796,
        "Contemplation": 0.23929926753044128,
        "Contempt": 0.21099954843521118,
        "Contentment": 0.16400402784347534,
        "Craving": 0.06487458199262619,
        "Desire": 0.06509404629468918,
        "Determination": 0.14337396621704102,
        "Disappointment": 0.31272515654563904,
        "Disgust": 0.11570999771356583,
        "Distress": 0.19614076614379883,
        "Doubt": 0.3464241623878479,
        "Ecstasy": 0.03962860256433487,
        "Embarrassment": 0.10497261583805084,
        "Empathic Pain": 0.10156767070293427,
        "Entrancement": 0.12496180832386017,
        "Envy": 0.05906426161527634,
        "Excitement": 0.08395933359861374,
        "Fear": 0.10350006073713303,
        "Guilt": 0.08705586194992065,
        "Horror": 0.04426763951778412,
        "Interest": 0.3289377987384796,
        "Joy": 0.12994545698165894,
        "Love": 0.12857410311698914,
        "Nostalgia": 0.08582817018032074,
        "Pain": 0.14224399626255035,
        "Pride": 0.0970301404595375,
        "Realization": 0.16345331072807312,
        "Relief": 0.07921702414751053,
        "Romance": 0.0554642491042614,
        "Sadness": 0.26417794823646545,
        "Satisfaction": 0.15880554914474487,
        "Shame": 0.0780620351433754,
        "Surprise (negative)": 0.05235513672232628,
        "Surprise (positive)": 0.041966166347265244,
        "Sympathy": 0.0799216628074646,
        "Tiredness": 0.1956460028886795,
        "Triumph": 0.0454220324754715
    }
}