{
    "language": {
        "Admiration": 0.1256573721766472,
        "Adoration": 0.04625783674418926,
        "Aesthetic Appreciation": 0.04569545015692711,
        "Amusement": 0.006077271653339267,
        "Anger": 0.0009684370597824454,
        "Annoyance": 0.008383936248719692,
        "Anxiety": 0.0009375532972626388,
        "Awe": 0.015433513093739748,
        "Awkwardness": 0.0068642806727439165,
        "Boredom": 0.01515804324299097,
        "Calmness": 0.16382309049367905,
        "Concentration": 0.007961740717291832,
        "Confusion": 0.0018422319553792477,
        "Contemplation": 0.006908677751198411,
        "Contempt": 0.02760406583547592,
        "Contentment": 0.18615911155939102,
        "Craving": 0.000747689715353772,
        "Desire": 0.00044478858762886375,
        "Determination": 0.0066191935911774635,
        "Disappointment": 0.0028892175760120153,
        "Disapproval": 0.004105123574845493,
        "Disgust": 0.0019191695027984679,
        "Distress": 0.0012758043594658375,
        "Doubt": 0.0012075937702320516,
        "Ecstasy": 0.0022210502065718174,
        "Embarrassment": 0.001375038584228605,
        "Empathic Pain": 0.002834084676578641,
        "Enthusiasm": 0.03455547336488962,
        "Entrancement": 0.006997422548010945,
        "Envy": 0.0006797674868721515,
        "Excitement": 0.007248365320265293,
        "Fear": 0.00040568204713054,
        "Gratitude": 0.6870017051696777,
        "Guilt": 0.00033959842403419316,
        "Horror": 0.00013360911543713883,
        "Interest": 0.014119429048150778,
        "Joy": 0.045906662940979004,
        "Love": 0.026010927744209766,
        "Nostalgia": 0.0013803842011839151,
        "Pain": 0.0008702331688255072,
        "Pride": 0.016909524332731962,
        "Realization": 0.0172896571457386,
        "Relief": 0.06889262795448303,
        "Romance": 0.0011818941857200116,
        "Sadness": 0.001536439056508243,
        "Sarcasm": 0.03281660145148635,
        "Satisfaction": 0.22425176948308945,
        "Shame": 0.0011479230015538633,
        "Surprise (negative)": 0.001356187043711543,
        "Surprise (positive)": 0.014454908668994904,
        "Sympathy": 0.0076931610237807035,
        "Tiredness": 0.00491577573120594,
        "Triumph": 0.022570458240807056
    }
}