{
    "language": {
        "Admiration": 0.011489213340812258,
        "Adoration": 0.006154502884277867,
        "Aesthetic Appreciation": 0.00704409022970746,
        "Amusement": 0.01721805499659644,
        "Anger": 0.05432809659072922,
        "Annoyance": 0.21980470253361595,
        "Anxiety": 0.14421412095220554,
        "Awe": 0.010225815310453376,
        "Awkwardness": 0.0734110020308031,
        "Boredom": 0.10454772154076232,
        "Calmness": 0.0631954971080025,
        "Concentration": 0.04316793609824446,
        "Confusion": 0.12460793554782867,
        "Contemplation": 0.07893839933805996,
        "Contempt": 0.049003454546133675,
        "Contentment": 0.0319237285034938,
        "Craving": 0.026909166196775105,
        "Desire": 0.006659197388216853,
        "Determination": 0.09322184753707713,
        "Disappointment": 0.06377458510299523,
        "Disapproval": 0.04845995269715786,
        "Disgust": 0.009498208916435638,
        "Distress": 0.08274883911427525,
        "Doubt": 0.05624448135495186,
        "Ecstasy": 0.009174382734474622,
        "Embarrassment": 0.007490351686202403,
        "Empathic Pain": 0.014690784401156835,
        "Enthusiasm": 0.15917488704952928,
        "Entrancement": 0.010320223350491788,
        "Envy": 0.007800271980360978,
        "Excitement": 0.16794576521755922,
        "Fear": 0.03072453098785546,
        "Gratitude": 0.015283492109220888,
        "Guilt": 0.004659414666497873,
        "Horror": 0.002541496766045586,
        "Interest": 0.1763824319673909,
        "Joy": 0.01603991176105208,
        "Love": 0.0038509940301689007,
        "Nostalgia": 0.005767500396662702,
        "Pain": 0.010692258934593864,
        "Pride": 0.0113747611693624,
        "Realization": 0.07883556911514865,
        "Relief": 0.02283770197795497,
        "Romance": 0.003262822050601244,
        "Sadness": 0.026701932669513755,
        "Sarcasm": 0.04382978855735726,
        "Satisfaction": 0.04525520088565019,
        "Shame": 0.007156569640048676,
        "Surprise (negative)": 0.059958809779749975,
        "Surprise (positive)": 0.056594765538142786,
        "Sympathy": 0.015161272190097306,
        "Tiredness": 0.03402837526260151,
        "Triumph": 0.024562443813516036
    }
}