{
    "prosody": {
        "Admiration": 0.022973543033003807,
        "Adoration": 0.009732475504279137,
        "Aesthetic Appreciation": 0.019361509010195732,
        "Amusement": 0.06853874772787094,
        "Anger": 0.009421066381037235,
        "Anxiety": 0.022239604964852333,
        "Awe": 0.017103061079978943,
        "Awkwardness": 0.11082274466753006,
        "Boredom": 0.19745175540447235,
        "Calmness": 0.09411125630140305,
        "Concentration": 0.016515810042619705,
        "Confusion": 0.0796937420964241,
        "Contemplation": 0.024769635871052742,
        "Contempt": 0.015413624234497547,
        "Contentment": 0.08068495243787766,
        "Craving": 0.006576003506779671,
        "Desire": 0.006960864178836346,
        "Determination": 0.03079180046916008,
        "Disappointment": 0.03395526856184006,
        "Disgust": 0.008524213917553425,
        "Distress": 0.040110066533088684,
        "Doubt": 0.05541864037513733,
        "Ecstasy": 0.013216249644756317,
        "Embarrassment": 0.03933555260300636,
        "Empathic Pain": 0.017892176285386086,
        "Entrancement": 0.007770666386932135,
        "Envy": 0.006908494979143143,
        "Excitement": 0.038301244378089905,
        "Fear": 0.01206243596971035,
        "Guilt": 0.01705026440322399,
        "Horror": 0.0045043351128697395,
        "Interest": 0.06141507625579834,
        "Joy": 0.04497106000781059,
        "Love": 0.010908758267760277,
        "Nostalgia": 0.00428863987326622,
        "Pain": 0.022090889513492584,
        "Pride": 0.007702506147325039,
        "Realization": 0.09379217773675919,
        "Relief": 0.13277000188827515,
        "Romance": 0.007520026993006468,
        "Sadness": 0.030493492260575294,
        "Satisfaction": 0.06991138309240341,
        "Shame": 0.02277611568570137,
        "Surprise (negative)": 0.029946494847536087,
        "Surprise (positive)": 0.058904655277729034,
        "Sympathy": 0.01353166252374649,
        "Tiredness": 0.06126824766397476,
        "Triumph": 0.009482516907155514
    }
}