{
    "language": {
        "Admiration": 0.14922151813173995,
        "Adoration": 0.028850509723484078,
        "Aesthetic Appreciation": 0.026233431499670532,
        "Amusement": 0.13826137299046798,
        "Anger": 0.0042403306784656114,
        "Annoyance": 0.017912134336417213,
        "Anxiety": 0.003138408314792768,
        "Awe": 0.04550598254290355,
        "Awkwardness": 0.010176553705926327,
        "Boredom": 0.010759760872186983,
        "Calmness": 0.021443010910468942,
        "Concentration": 0.05318707731716773,
        "Confusion": 0.041667833540807754,
        "Contemplation": 0.0986593281302382,
        "Contempt": 0.0184473241405452,
        "Contentment": 0.026158120209241614,
        "Craving": 0.004708082038525711,
        "Desire": 0.001283374717733001,
        "Determination": 0.28606312880840373,
        "Disappointment": 0.009535191060208222,
        "Disapproval": 0.008390262654489455,
        "Disgust": 0.0009966303118477192,
        "Distress": 0.0043412826078779556,
        "Doubt": 0.014610973577124669,
        "Ecstasy": 0.01033613392877776,
        "Embarrassment": 0.0021555398364880066,
        "Empathic Pain": 0.007947832975974855,
        "Enthusiasm": 0.640015144010677,
        "Entrancement": 0.024325094733606365,
        "Envy": 0.00496386900982436,
        "Excitement": 0.23814611610792139,
        "Fear": 0.00136910641209825,
        "Gratitude": 0.011342039852238753,
        "Guilt": 0.0031152759038377553,
        "Horror": 0.00038281792042064755,
        "Interest": 0.2486835218527738,
        "Joy": 0.07811870096552678,
        "Love": 0.0052336177870850355,
        "Nostalgia": 0.013816649094223976,
        "Pain": 0.002706578518400955,
        "Pride": 0.12953613923095605,
        "Realization": 0.03576996927971349,
        "Relief": 0.002336670576101717,
        "Romance": 0.0010278925790985609,
        "Sadness": 0.004363005891825785,
        "Sarcasm": 0.04779221079147914,
        "Satisfaction": 0.06311225819894496,
        "Shame": 0.002976046601200805,
        "Surprise (negative)": 0.005983485497862977,
        "Surprise (positive)": 0.03466113960808691,
        "Sympathy": 0.00785015571369406,
        "Tiredness": 0.006113416446811136,
        "Triumph": 0.12048360612243414
    }
}