{
    "language": {
        "Admiration": 0.01772007450927049,
        "Adoration": 0.00717654189793393,
        "Aesthetic Appreciation": 0.004679034791479353,
        "Amusement": 0.011702660762239248,
        "Anger": 0.05290391598828137,
        "Annoyance": 0.19597292132675648,
        "Anxiety": 0.008261374430730939,
        "Awe": 0.015846152033191174,
        "Awkwardness": 0.037565890699625015,
        "Boredom": 0.017272898694500327,
        "Calmness": 0.0506207849830389,
        "Concentration": 0.01036503235809505,
        "Confusion": 0.2064824402332306,
        "Contemplation": 0.08120229095220566,
        "Contempt": 0.09761057002469897,
        "Contentment": 0.016023339703679085,
        "Craving": 0.0029897522035753354,
        "Desire": 0.0042033257996081375,
        "Determination": 0.013752936851233244,
        "Disappointment": 0.15088129695504904,
        "Disapproval": 0.09897935763001442,
        "Disgust": 0.011782502988353372,
        "Distress": 0.013963552890345454,
        "Doubt": 0.11102795787155628,
        "Ecstasy": 0.0019260243061580695,
        "Embarrassment": 0.009216911275871098,
        "Empathic Pain": 0.016112098121084273,
        "Enthusiasm": 0.007235596887767315,
        "Entrancement": 0.0086147939437069,
        "Envy": 0.0459694298915565,
        "Excitement": 0.0038940674567129463,
        "Fear": 0.002875772741390392,
        "Gratitude": 0.004891394404694438,
        "Guilt": 0.009271335904486477,
        "Horror": 0.0009972276457119733,
        "Interest": 0.03172753565013409,
        "Joy": 0.0069469397130887955,
        "Love": 0.006191726453835145,
        "Nostalgia": 0.0023408496635966003,
        "Pain": 0.007010021945461631,
        "Pride": 0.01178844878450036,
        "Realization": 0.17824836820363998,
        "Relief": 0.008054380072280765,
        "Romance": 0.005397865359554999,
        "Sadness": 0.03147759987041354,
        "Sarcasm": 0.05246310541406274,
        "Satisfaction": 0.01495075924322009,
        "Shame": 0.024248597910627723,
        "Surprise (negative)": 0.1330999005585909,
        "Surprise (positive)": 0.04069761745631695,
        "Sympathy": 0.031440818333067,
        "Tiredness": 0.009877801989205182,
        "Triumph": 0.011279241647571325
    }
}