{
    "prosody": {
        "Admiration": 0.010584889445453882,
        "Adoration": 0.009394338354468346,
        "Aesthetic Appreciation": 0.011902961414307356,
        "Amusement": 0.05480877589434385,
        "Anger": 0.11488964781165123,
        "Anxiety": 0.20479654148221016,
        "Awe": 0.04855629988014698,
        "Awkwardness": 0.05771035607904196,
        "Boredom": 0.01665851636789739,
        "Calmness": 0.016455632634460926,
        "Concentration": 0.010841831448487937,
        "Confusion": 0.08861501328647137,
        "Contemplation": 0.008822423638775945,
        "Contempt": 0.04595122579485178,
        "Contentment": 0.02527637279126793,
        "Craving": 0.0073437609244138,
        "Desire": 0.013018028228543699,
        "Determination": 0.01592144789174199,
        "Disappointment": 0.11733952350914478,
        "Disgust": 0.03200187906622887,
        "Distress": 0.3094133250415325,
        "Doubt": 0.032070137560367584,
        "Ecstasy": 0.03271066024899483,
        "Embarrassment": 0.03038354218006134,
        "Empathic Pain": 0.02500966633670032,
        "Entrancement": 0.01132238726131618,
        "Envy": 0.025508622638881207,
        "Excitement": 0.1630457490682602,
        "Fear": 0.04942488018423319,
        "Guilt": 0.01637502759695053,
        "Horror": 0.0326873604208231,
        "Interest": 0.05232120677828789,
        "Joy": 0.036288294941186905,
        "Love": 0.0069696863647550344,
        "Nostalgia": 0.012854313710704446,
        "Pain": 0.025545895099639893,
        "Pride": 0.010516352485865355,
        "Realization": 0.11277540400624275,
        "Relief": 0.04819406848400831,
        "Romance": 0.01269442681223154,
        "Sadness": 0.03023518994450569,
        "Satisfaction": 0.02985204104334116,
        "Shame": 0.015512256883084774,
        "Surprise (negative)": 0.15783938765525818,
        "Surprise (positive)": 0.08602247759699821,
        "Sympathy": 0.012835694244131446,
        "Tiredness": 0.01746786176227033,
        "Triumph": 0.015580073348246515
    }
}