{
    "prosody": {
        "Admiration": 0.09255727380514145,
        "Adoration": 0.05537073686718941,
        "Aesthetic Appreciation": 0.05776343122124672,
        "Amusement": 0.3953956365585327,
        "Anger": 0.005546462256461382,
        "Anxiety": 0.02842394821345806,
        "Awe": 0.07492198050022125,
        "Awkwardness": 0.05023755505681038,
        "Boredom": 0.0029834811575710773,
        "Calmness": 0.002824949799105525,
        "Concentration": 0.003988373093307018,
        "Confusion": 0.010606978088617325,
        "Contemplation": 0.01968003809452057,
        "Contempt": 0.007033141329884529,
        "Contentment": 0.10323088616132736,
        "Craving": 0.010814102366566658,
        "Desire": 0.008769812993705273,
        "Determination": 0.04076767712831497,
        "Disappointment": 0.006448929198086262,
        "Disgust": 0.003494632663205266,
        "Distress": 0.024879632517695427,
        "Doubt": 0.0126521410420537,
        "Ecstasy": 0.23110155761241913,
        "Embarrassment": 0.01638946868479252,
        "Empathic Pain": 0.005439211614429951,
        "Entrancement": 0.0065984101966023445,
        "Envy": 0.01971074938774109,
        "Excitement": 0.7871913909912109,
        "Fear": 0.013876187615096569,
        "Guilt": 0.010372166521847248,
        "Horror": 0.008671530522406101,
        "Interest": 0.23801292479038239,
        "Joy": 0.46803829073905945,
        "Love": 0.018197348341345787,
        "Nostalgia": 0.007213353179395199,
        "Pain": 0.005458036903291941,
        "Pride": 0.15385831892490387,
        "Realization": 0.1867615133523941,
        "Relief": 0.07913936674594879,
        "Romance": 0.006418648175895214,
        "Sadness": 0.00758314086124301,
        "Satisfaction": 0.23249034583568573,
        "Shame": 0.00606625247746706,
        "Surprise (negative)": 0.014384941197931767,
        "Surprise (positive)": 0.4963476061820984,
        "Sympathy": 0.011176983825862408,
        "Tiredness": 0.004684735555201769,
        "Triumph": 0.11448713392019272
    }
}