{
    "face": {
        "Admiration": 0.09241664409637451,
        "Adoration": 0.10677243769168854,
        "Aesthetic Appreciation": 0.05876663327217102,
        "Amusement": 0.15592098236083984,
        "Anger": 0.04023090749979019,
        "Anxiety": 0.25110718607902527,
        "Awe": 0.07138926535844803,
        "Awkwardness": 0.15137800574302673,
        "Boredom": 0.2807786464691162,
        "Calmness": 0.30448654294013977,
        "Concentration": 0.35604774951934814,
        "Confusion": 0.22698330879211426,
        "Contemplation": 0.27840933203697205,
        "Contempt": 0.08021827042102814,
        "Contentment": 0.13612566888332367,
        "Craving": 0.05556653439998627,
        "Desire": 0.08403955399990082,
        "Determination": 0.0800592303276062,
        "Disappointment": 0.3051099479198456,
        "Disgust": 0.06257791817188263,
        "Distress": 0.3338637948036194,
        "Doubt": 0.22075973451137543,
        "Ecstasy": 0.05421137064695358,
        "Embarrassment": 0.16928943991661072,
        "Empathic Pain": 0.1337311863899231,
        "Entrancement": 0.11457198858261108,
        "Envy": 0.02983066998422146,
        "Excitement": 0.08392767608165741,
        "Fear": 0.15070649981498718,
        "Guilt": 0.1730591207742691,
        "Horror": 0.0548773817718029,
        "Interest": 0.21966329216957092,
        "Joy": 0.1326240450143814,
        "Love": 0.1795288324356079,
        "Nostalgia": 0.09780745953321457,
        "Pain": 0.2646307349205017,
        "Pride": 0.046947866678237915,
        "Realization": 0.16886401176452637,
        "Relief": 0.08794619888067245,
        "Romance": 0.08770476281642914,
        "Sadness": 0.40845945477485657,
        "Satisfaction": 0.15686972439289093,
        "Shame": 0.1625695526599884,
        "Surprise (negative)": 0.044327475130558014,
        "Surprise (positive)": 0.03295028954744339,
        "Sympathy": 0.0749184638261795,
        "Tiredness": 0.2863452434539795,
        "Triumph": 0.02819018065929413
    }
}