{
    "prosody": {
        "Admiration": 0.0076133934780955315,
        "Adoration": 0.0037558649200946093,
        "Aesthetic Appreciation": 0.008525769226253033,
        "Amusement": 0.028177814558148384,
        "Anger": 0.29397329688072205,
        "Anxiety": 0.11064624786376953,
        "Awe": 0.014138864353299141,
        "Awkwardness": 0.016030270606279373,
        "Boredom": 0.0050057885237038136,
        "Calmness": 0.011537021026015282,
        "Concentration": 0.036973774433135986,
        "Confusion": 0.09163670241832733,
        "Contemplation": 0.07623656839132309,
        "Contempt": 0.07690706104040146,
        "Contentment": 0.007821271196007729,
        "Craving": 0.007207674439996481,
        "Desire": 0.001334387226961553,
        "Determination": 0.1383969932794571,
        "Disappointment": 0.1791350096464157,
        "Disgust": 0.03939949348568916,
        "Distress": 0.14723394811153412,
        "Doubt": 0.04135437309741974,
        "Ecstasy": 0.006094792857766151,
        "Embarrassment": 0.020965809002518654,
        "Empathic Pain": 0.008899590000510216,
        "Entrancement": 0.004555598832666874,
        "Envy": 0.022117681801319122,
        "Excitement": 0.05465314909815788,
        "Fear": 0.038836926221847534,
        "Guilt": 0.012802407145500183,
        "Horror": 0.00904381088912487,
        "Interest": 0.06437614560127258,
        "Joy": 0.006818518042564392,
        "Love": 0.0033647671807557344,
        "Nostalgia": 0.008344355970621109,
        "Pain": 0.01911633089184761,
        "Pride": 0.01702682115137577,
        "Realization": 0.10965809226036072,
        "Relief": 0.0026810693088918924,
        "Romance": 0.0028062965720891953,
        "Sadness": 0.023647909983992577,
        "Satisfaction": 0.009035259485244751,
        "Shame": 0.01619211584329605,
        "Surprise (negative)": 0.056489139795303345,
        "Surprise (positive)": 0.021634185686707497,
        "Sympathy": 0.006134641822427511,
        "Tiredness": 0.007555200718343258,
        "Triumph": 0.011060983873903751
    }
}