{
    "face": {
        "Admiration": 0.21499432623386383,
        "Adoration": 0.21711179614067078,
        "Aesthetic Appreciation": 0.10021016746759415,
        "Amusement": 0.6092061996459961,
        "Anger": 0.02528480999171734,
        "Anxiety": 0.06335635483264923,
        "Awe": 0.10693415254354477,
        "Awkwardness": 0.21431303024291992,
        "Boredom": 0.12094513326883316,
        "Calmness": 0.31068098545074463,
        "Concentration": 0.21225033700466156,
        "Confusion": 0.16326835751533508,
        "Contemplation": 0.09619675576686859,
        "Contempt": 0.09366726875305176,
        "Contentment": 0.26273706555366516,
        "Craving": 0.06089707463979721,
        "Desire": 0.09001822769641876,
        "Determination": 0.06998100131750107,
        "Disappointment": 0.08907178044319153,
        "Disgust": 0.04150233417749405,
        "Distress": 0.0670711100101471,
        "Doubt": 0.12113605439662933,
        "Ecstasy": 0.11250308156013489,
        "Embarrassment": 0.08414816111326218,
        "Empathic Pain": 0.03408195078372955,
        "Entrancement": 0.11545755714178085,
        "Envy": 0.03496650233864784,
        "Excitement": 0.3394516706466675,
        "Fear": 0.044608019292354584,
        "Guilt": 0.030857227742671967,
        "Horror": 0.025380387902259827,
        "Interest": 0.48079830408096313,
        "Joy": 0.5538197755813599,
        "Love": 0.34621718525886536,
        "Nostalgia": 0.07226890325546265,
        "Pain": 0.041416458785533905,
        "Pride": 0.12590710818767548,
        "Realization": 0.12512089312076569,
        "Relief": 0.1163925975561142,
        "Romance": 0.09874001890420914,
        "Sadness": 0.048064813017845154,
        "Satisfaction": 0.3507063388824463,
        "Shame": 0.03603218495845795,
        "Surprise (negative)": 0.03328371420502663,
        "Surprise (positive)": 0.05756784975528717,
        "Sympathy": 0.06948558986186981,
        "Tiredness": 0.0811409056186676,
        "Triumph": 0.08419196307659149
    }
}