{
    "prosody": {
        "Admiration": 0.01148882508277893,
        "Adoration": 0.005502610933035612,
        "Aesthetic Appreciation": 0.004323057364672422,
        "Amusement": 0.07279837131500244,
        "Anger": 0.45085203647613525,
        "Anxiety": 0.07203676551580429,
        "Awe": 0.031712595373392105,
        "Awkwardness": 0.017992587760090828,
        "Boredom": 0.001114181592129171,
        "Calmness": 0.0012340290704742074,
        "Concentration": 0.001966683426871896,
        "Confusion": 0.1598791927099228,
        "Contemplation": 0.005853370763361454,
        "Contempt": 0.056235697120428085,
        "Contentment": 0.002284264424815774,
        "Craving": 0.0007537942728959024,
        "Desire": 0.0030598114244639874,
        "Determination": 0.0032134114298969507,
        "Disappointment": 0.15288428962230682,
        "Disgust": 0.074962317943573,
        "Distress": 0.21566228568553925,
        "Doubt": 0.00891940388828516,
        "Ecstasy": 0.015866365283727646,
        "Embarrassment": 0.008889137767255306,
        "Empathic Pain": 0.010862091556191444,
        "Entrancement": 0.004191627260297537,
        "Envy": 0.00888683833181858,
        "Excitement": 0.0455811470746994,
        "Fear": 0.056578218936920166,
        "Guilt": 0.00891188159584999,
        "Horror": 0.09771741926670074,
        "Interest": 0.01281491108238697,
        "Joy": 0.013920574449002743,
        "Love": 0.005272142589092255,
        "Nostalgia": 0.02885812148451805,
        "Pain": 0.03449126332998276,
        "Pride": 0.004722547717392445,
        "Realization": 0.07212253659963608,
        "Relief": 0.00581325963139534,
        "Romance": 0.007996141910552979,
        "Sadness": 0.04760667309165001,
        "Satisfaction": 0.004696875810623169,
        "Shame": 0.0095353489741683,
        "Surprise (negative)": 0.23899725079536438,
        "Surprise (positive)": 0.029605252668261528,
        "Sympathy": 0.005572247784584761,
        "Tiredness": 0.002986151957884431,
        "Triumph": 0.004550664220005274
    }
}