{
    "face": {
        "Admiration": 0.08953550457954407,
        "Adoration": 0.060526274144649506,
        "Aesthetic Appreciation": 0.05825091153383255,
        "Amusement": 0.1180618479847908,
        "Anger": 0.10597081482410431,
        "Anxiety": 0.17033147811889648,
        "Awe": 0.18497243523597717,
        "Awkwardness": 0.20220956206321716,
        "Boredom": 0.26317232847213745,
        "Calmness": 0.27107471227645874,
        "Concentration": 0.36515283584594727,
        "Confusion": 0.4991465210914612,
        "Contemplation": 0.18142962455749512,
        "Contempt": 0.16576288640499115,
        "Contentment": 0.07998942583799362,
        "Craving": 0.06139644235372543,
        "Desire": 0.06538547575473785,
        "Determination": 0.11714085191488266,
        "Disappointment": 0.29141080379486084,
        "Disgust": 0.13676708936691284,
        "Distress": 0.2364250123500824,
        "Doubt": 0.3454989194869995,
        "Ecstasy": 0.03843548893928528,
        "Embarrassment": 0.10603520274162292,
        "Empathic Pain": 0.10765600204467773,
        "Entrancement": 0.12722374498844147,
        "Envy": 0.04796919971704483,
        "Excitement": 0.0797189325094223,
        "Fear": 0.1867518573999405,
        "Guilt": 0.08623029291629791,
        "Horror": 0.1141325831413269,
        "Interest": 0.26194310188293457,
        "Joy": 0.06736984848976135,
        "Love": 0.06606307625770569,
        "Nostalgia": 0.05919967219233513,
        "Pain": 0.16580089926719666,
        "Pride": 0.05005757510662079,
        "Realization": 0.1958218812942505,
        "Relief": 0.06130051240324974,
        "Romance": 0.03602161258459091,
        "Sadness": 0.24382461607456207,
        "Satisfaction": 0.08857426792383194,
        "Shame": 0.07232560962438583,
        "Surprise (negative)": 0.15413148701190948,
        "Surprise (positive)": 0.1103878766298294,
        "Sympathy": 0.06069209799170494,
        "Tiredness": 0.21357232332229614,
        "Triumph": 0.033167555928230286
    }
}