{
    "prosody": {
        "Admiration": 0.015465366654098034,
        "Adoration": 0.008136437274515629,
        "Aesthetic Appreciation": 0.005548765417188406,
        "Amusement": 0.06399685144424438,
        "Anger": 0.003699519671499729,
        "Anxiety": 0.04171939194202423,
        "Awe": 0.012560042552649975,
        "Awkwardness": 0.0417667031288147,
        "Boredom": 0.015023685991764069,
        "Calmness": 0.0837794840335846,
        "Concentration": 0.11155544966459274,
        "Confusion": 0.041977740824222565,
        "Contemplation": 0.07338201999664307,
        "Contempt": 0.0036155497655272484,
        "Contentment": 0.051392510533332825,
        "Craving": 0.02581413835287094,
        "Desire": 0.008527150377631187,
        "Determination": 0.23543216288089752,
        "Disappointment": 0.007706725969910622,
        "Disgust": 0.0021378814708441496,
        "Distress": 0.01587206870317459,
        "Doubt": 0.020067203789949417,
        "Ecstasy": 0.02542344480752945,
        "Embarrassment": 0.004241369664669037,
        "Empathic Pain": 0.005085752811282873,
        "Entrancement": 0.009891515597701073,
        "Envy": 0.011464296840131283,
        "Excitement": 0.22682204842567444,
        "Fear": 0.00993590708822012,
        "Guilt": 0.004067042842507362,
        "Horror": 0.00248934724368155,
        "Interest": 0.39295077323913574,
        "Joy": 0.03097139298915863,
        "Love": 0.011023973114788532,
        "Nostalgia": 0.0064766863361001015,
        "Pain": 0.003046302357688546,
        "Pride": 0.02920709177851677,
        "Realization": 0.06627459824085236,
        "Relief": 0.026631994172930717,
        "Romance": 0.015740448608994484,
        "Sadness": 0.004104136489331722,
        "Satisfaction": 0.04169737920165062,
        "Shame": 0.0027936832047998905,
        "Surprise (negative)": 0.006706693209707737,
        "Surprise (positive)": 0.04448915645480156,
        "Sympathy": 0.01781122200191021,
        "Tiredness": 0.007164784241467714,
        "Triumph": 0.03932847082614899
    }
}