{
    "prosody": {
        "Admiration": 0.01613895781338215,
        "Adoration": 0.006961893755942583,
        "Aesthetic Appreciation": 0.0029333841521292925,
        "Amusement": 0.04184101149439812,
        "Anger": 0.045574650168418884,
        "Anxiety": 0.042664848268032074,
        "Awe": 0.003750407602638006,
        "Awkwardness": 0.0804995596408844,
        "Boredom": 0.08473657816648483,
        "Calmness": 0.21528710424900055,
        "Concentration": 0.10516753792762756,
        "Confusion": 0.010600048117339611,
        "Contemplation": 0.17658796906471252,
        "Contempt": 0.1021716445684433,
        "Contentment": 0.0315680205821991,
        "Craving": 0.008111132308840752,
        "Desire": 0.009511183947324753,
        "Determination": 0.14194664359092712,
        "Disappointment": 0.10768440365791321,
        "Disgust": 0.02953803911805153,
        "Distress": 0.02596108801662922,
        "Doubt": 0.06065737456083298,
        "Ecstasy": 0.004593493416905403,
        "Embarrassment": 0.01281325239688158,
        "Empathic Pain": 0.024317564442753792,
        "Entrancement": 0.004942369647324085,
        "Envy": 0.02628311514854431,
        "Excitement": 0.014956365339457989,
        "Fear": 0.009728447534143925,
        "Guilt": 0.018926305696368217,
        "Horror": 0.0033830050379037857,
        "Interest": 0.06462116539478302,
        "Joy": 0.00871952623128891,
        "Love": 0.008066895417869091,
        "Nostalgia": 0.028368627652525902,
        "Pain": 0.008706153370440006,
        "Pride": 0.031349800527095795,
        "Realization": 0.11324643343687057,
        "Relief": 0.027637850493192673,
        "Romance": 0.012448819354176521,
        "Sadness": 0.014748523943126202,
        "Satisfaction": 0.046055085957050323,
        "Shame": 0.007324829697608948,
        "Surprise (negative)": 0.0052158101461827755,
        "Surprise (positive)": 0.006828811019659042,
        "Sympathy": 0.07676082104444504,
        "Tiredness": 0.047523342072963715,
        "Triumph": 0.018717121332883835
    }
}