{
    "prosody": {
        "Admiration": 0.02465605386532843,
        "Adoration": 0.013165967306122184,
        "Aesthetic Appreciation": 0.01556393236387521,
        "Amusement": 0.17458581551909447,
        "Anger": 0.1142219603061676,
        "Anxiety": 0.15140382759273052,
        "Awe": 0.013544544111937284,
        "Awkwardness": 0.12980869971215725,
        "Boredom": 0.003514261683449149,
        "Calmness": 0.0025351994554512203,
        "Concentration": 0.003948792174924165,
        "Confusion": 0.1312838513404131,
        "Contemplation": 0.020009720697999,
        "Contempt": 0.039362295530736446,
        "Contentment": 0.0041669756174087524,
        "Craving": 0.012253989232704043,
        "Desire": 0.002068718953523785,
        "Determination": 0.08373077120631933,
        "Disappointment": 0.2152491882443428,
        "Disgust": 0.0389897208660841,
        "Distress": 0.2688013706356287,
        "Doubt": 0.06194049119949341,
        "Ecstasy": 0.016922504175454378,
        "Embarrassment": 0.06105651427060366,
        "Empathic Pain": 0.018684803508222103,
        "Entrancement": 0.004835729254409671,
        "Envy": 0.07205029018223286,
        "Excitement": 0.34432840161025524,
        "Fear": 0.037970293778926134,
        "Guilt": 0.021133215923327953,
        "Horror": 0.04251774837030098,
        "Interest": 0.1954850573092699,
        "Joy": 0.0612255553714931,
        "Love": 0.007014082046225667,
        "Nostalgia": 0.011883394443430007,
        "Pain": 0.014422178268432617,
        "Pride": 0.04039959004148841,
        "Realization": 0.07736059837043285,
        "Relief": 0.006482719094492495,
        "Romance": 0.004371364484541118,
        "Sadness": 0.019153703469783068,
        "Satisfaction": 0.018089139135554433,
        "Shame": 0.025022774934768677,
        "Surprise (negative)": 0.18185984436422586,
        "Surprise (positive)": 0.07652585580945015,
        "Sympathy": 0.020871786400675774,
        "Tiredness": 0.0071995038306340575,
        "Triumph": 0.02008596691302955
    }
}