{
    "language": {
        "Admiration": 0.011498075793497264,
        "Adoration": 0.0022047340098652057,
        "Aesthetic Appreciation": 0.006886001952807419,
        "Amusement": 0.05023058335063979,
        "Anger": 0.013665539881912991,
        "Annoyance": 0.13918634038418531,
        "Anxiety": 0.014555707952240482,
        "Awe": 0.007690012847888283,
        "Awkwardness": 0.03156945249065757,
        "Boredom": 0.019590257114032283,
        "Calmness": 0.05571838957257569,
        "Concentration": 0.020794363343156874,
        "Confusion": 0.11465534870512784,
        "Contemplation": 0.28459037095308304,
        "Contempt": 0.1753928589168936,
        "Contentment": 0.016942497459240258,
        "Craving": 0.00159456129767932,
        "Desire": 0.002090523657898302,
        "Determination": 0.012180429446743801,
        "Disappointment": 0.10804466088302433,
        "Disapproval": 0.2194594929460436,
        "Disgust": 0.027265384822385386,
        "Distress": 0.012088694231351838,
        "Doubt": 0.15636917343363166,
        "Ecstasy": 0.0006281666319409851,
        "Embarrassment": 0.009246822737623006,
        "Empathic Pain": 0.016096663661301136,
        "Enthusiasm": 0.00985399616183713,
        "Entrancement": 0.007872522619436495,
        "Envy": 0.0068812205354333855,
        "Excitement": 0.003633421154518146,
        "Fear": 0.006432101356040221,
        "Gratitude": 0.008650685886095744,
        "Guilt": 0.0041605379519751295,
        "Horror": 0.00228344901552191,
        "Interest": 0.06829916010610759,
        "Joy": 0.0026769771793624386,
        "Love": 0.0013015401436859975,
        "Nostalgia": 0.004842137357627507,
        "Pain": 0.004625480098184198,
        "Pride": 0.004553033679258078,
        "Realization": 0.19199769152328372,
        "Relief": 0.018422812790959142,
        "Romance": 0.0014142602285573957,
        "Sadness": 0.015510127399466,
        "Sarcasm": 0.20536256954073906,
        "Satisfaction": 0.021281040273606777,
        "Shame": 0.015151410349062644,
        "Surprise (negative)": 0.045816561905667186,
        "Surprise (positive)": 0.016347876866348088,
        "Sympathy": 0.021493558830115944,
        "Tiredness": 0.011439876107033342,
        "Triumph": 0.00729020286235027
    }
}