{
    "language": {
        "Admiration": 0.005601258881922279,
        "Adoration": 0.0011362755758455023,
        "Aesthetic Appreciation": 0.0040123706483947376,
        "Amusement": 0.04326611052134207,
        "Anger": 0.009824955166550353,
        "Annoyance": 0.18218220743749822,
        "Anxiety": 0.013950915807592017,
        "Awe": 0.005210855543347341,
        "Awkwardness": 0.05242748891136476,
        "Boredom": 0.07661338549639497,
        "Calmness": 0.07571068752024855,
        "Concentration": 0.028429543200348104,
        "Confusion": 0.09796346125325986,
        "Contemplation": 0.3046269638996039,
        "Contempt": 0.15771019418856927,
        "Contentment": 0.021149199655545608,
        "Craving": 0.0012283239588474057,
        "Desire": 0.0017067637028438704,
        "Determination": 0.017687885855723704,
        "Disappointment": 0.07433783475841794,
        "Disapproval": 0.17738799058965274,
        "Disgust": 0.017925455126844878,
        "Distress": 0.010063195135444403,
        "Doubt": 0.23059155738779477,
        "Ecstasy": 0.0004063524694564486,
        "Embarrassment": 0.00890765112957784,
        "Empathic Pain": 0.013099359115585685,
        "Enthusiasm": 0.007898610517648714,
        "Entrancement": 0.005498180481871324,
        "Envy": 0.005676721480475473,
        "Excitement": 0.00279527367924207,
        "Fear": 0.004681957769207656,
        "Gratitude": 0.004836022812274418,
        "Guilt": 0.0024910333699413706,
        "Horror": 0.001082796608638351,
        "Interest": 0.05763358170432704,
        "Joy": 0.002377691084153152,
        "Love": 0.0009597830648999661,
        "Nostalgia": 0.002220431255409494,
        "Pain": 0.004020202297916902,
        "Pride": 0.00648120024873476,
        "Realization": 0.18391509833080427,
        "Relief": 0.013298232324554451,
        "Romance": 0.0013171845816292002,
        "Sadness": 0.013610932377300091,
        "Sarcasm": 0.30735088805002825,
        "Satisfaction": 0.019671462376468947,
        "Shame": 0.010342949435913138,
        "Surprise (negative)": 0.04551708472094366,
        "Surprise (positive)": 0.015440238174051046,
        "Sympathy": 0.017076724840860282,
        "Tiredness": 0.035473851985963326,
        "Triumph": 0.007360698779978391
    }
}