{
    "prosody": {
        "Admiration": 0.22358955582603812,
        "Adoration": 0.227711267148455,
        "Aesthetic Appreciation": 0.26193837526564795,
        "Amusement": 0.14010450119773546,
        "Anger": 0.04983131862051474,
        "Anxiety": 0.04749098229027974,
        "Awe": 0.35749617653588456,
        "Awkwardness": 0.0378444402012974,
        "Boredom": 0.0033337064863493047,
        "Calmness": 0.0009545265735747913,
        "Concentration": 0.001073318791895872,
        "Confusion": 0.04219615696153293,
        "Contemplation": 0.002200775944705432,
        "Contempt": 0.006530918661155738,
        "Contentment": 0.011578994647910198,
        "Craving": 0.012238618452101946,
        "Desire": 0.04326263271893064,
        "Determination": 0.011802980831513802,
        "Disappointment": 0.016828980175584245,
        "Disgust": 0.011807705309668867,
        "Distress": 0.09344520412075023,
        "Doubt": 0.007214985333121149,
        "Ecstasy": 0.19432377815246582,
        "Embarrassment": 0.029888149816542864,
        "Empathic Pain": 0.009291725747364884,
        "Entrancement": 0.035145536065101624,
        "Envy": 0.0225110393948853,
        "Excitement": 0.410417765378952,
        "Fear": 0.03479859586029003,
        "Guilt": 0.009078294518985786,
        "Horror": 0.03619737131521106,
        "Interest": 0.06629064679145813,
        "Joy": 0.2968866154551506,
        "Love": 0.09981519139061372,
        "Nostalgia": 0.005171051947399974,
        "Pain": 0.01616442164716621,
        "Pride": 0.025976653831700485,
        "Realization": 0.10544230556115508,
        "Relief": 0.018494088978817064,
        "Romance": 0.05148321727756411,
        "Sadness": 0.01778062202113991,
        "Satisfaction": 0.04776596464216709,
        "Shame": 0.01352738517744001,
        "Surprise (negative)": 0.09463074308587238,
        "Surprise (positive)": 0.2552478586634,
        "Sympathy": 0.00858738306851592,
        "Tiredness": 0.003469916307949461,
        "Triumph": 0.025777090961734455
    }
}