{
    "prosody": {
        "Admiration": 0.03713194498171409,
        "Adoration": 0.02386794239282608,
        "Aesthetic Appreciation": 0.02920069421331088,
        "Amusement": 0.32048208142320317,
        "Anger": 0.06312101644774278,
        "Anxiety": 0.07830047700554132,
        "Awe": 0.08782740558187167,
        "Awkwardness": 0.03833873445789019,
        "Boredom": 0.008201313282673558,
        "Calmness": 0.015032737205425898,
        "Concentration": 0.03317216411232948,
        "Confusion": 0.06786002094546954,
        "Contemplation": 0.03371711199482282,
        "Contempt": 0.020526837557554245,
        "Contentment": 0.038836593429247536,
        "Craving": 0.006131012924015522,
        "Desire": 0.01005634906080862,
        "Determination": 0.061208133275310196,
        "Disappointment": 0.01949678050975005,
        "Disgust": 0.01844214213391145,
        "Distress": 0.0927822267015775,
        "Doubt": 0.015953481818238895,
        "Ecstasy": 0.06190687045454979,
        "Embarrassment": 0.01562474388629198,
        "Empathic Pain": 0.011410608266790708,
        "Entrancement": 0.02141343553860982,
        "Envy": 0.01930633218338092,
        "Excitement": 0.300847589969635,
        "Fear": 0.042938610849281154,
        "Guilt": 0.009606607801591357,
        "Horror": 0.04111396583418051,
        "Interest": 0.21485375116268793,
        "Joy": 0.14665176595250765,
        "Love": 0.015526394980649153,
        "Nostalgia": 0.03615557495504618,
        "Pain": 0.01602799290170272,
        "Pride": 0.03780148426691691,
        "Realization": 0.10197868819038074,
        "Relief": 0.02886803913861513,
        "Romance": 0.009598384300867716,
        "Sadness": 0.01708276119704048,
        "Satisfaction": 0.0685570773979028,
        "Shame": 0.009469488635659218,
        "Surprise (negative)": 0.0630967306594054,
        "Surprise (positive)": 0.18508185570438704,
        "Sympathy": 0.012523133074864745,
        "Tiredness": 0.004314698511734605,
        "Triumph": 0.05428809175888697
    }
}