{
    "language": {
        "Admiration": 0.0048275236040353775,
        "Adoration": 0.0022464931244030595,
        "Aesthetic Appreciation": 0.01720064179971814,
        "Amusement": 0.05966263450682163,
        "Anger": 0.02582299499772489,
        "Annoyance": 0.15863153152167797,
        "Anxiety": 0.02593007404357195,
        "Awe": 0.0056574365589767694,
        "Awkwardness": 0.04628552310168743,
        "Boredom": 0.05002336576581001,
        "Calmness": 0.06084119621664286,
        "Concentration": 0.444458931684494,
        "Confusion": 0.11395413242280483,
        "Contemplation": 0.05681806243956089,
        "Contempt": 0.040669661946594715,
        "Contentment": 0.007512453943490982,
        "Craving": 0.006266242358833551,
        "Desire": 0.009262620937079191,
        "Determination": 0.24881300330162048,
        "Disappointment": 0.009721709648147225,
        "Disapproval": 0.04905953165143728,
        "Disgust": 0.016436971607618034,
        "Distress": 0.03541689179837704,
        "Doubt": 0.013376183342188597,
        "Ecstasy": 0.0023741446202620864,
        "Embarrassment": 0.011329797329381108,
        "Empathic Pain": 0.005307018524035811,
        "Enthusiasm": 0.053754787892103195,
        "Entrancement": 0.02194884605705738,
        "Envy": 0.0014981128624640405,
        "Excitement": 0.02430039970204234,
        "Fear": 0.019142353208735585,
        "Gratitude": 0.0014635437983088195,
        "Guilt": 0.0020737380255013704,
        "Horror": 0.009065351448953152,
        "Interest": 0.19439110159873962,
        "Joy": 0.0031392055097967386,
        "Love": 0.0011051444453187287,
        "Nostalgia": 0.004274606937542558,
        "Pain": 0.0068860448081977665,
        "Pride": 0.00901181879453361,
        "Realization": 0.04279445298016071,
        "Relief": 0.0019128908170387149,
        "Romance": 0.001603101205546409,
        "Sadness": 0.0014007386344019324,
        "Sarcasm": 0.03266643639653921,
        "Satisfaction": 0.01614435948431492,
        "Shame": 0.005109119927510619,
        "Surprise (negative)": 0.025938546285033226,
        "Surprise (positive)": 0.011915374547243118,
        "Sympathy": 0.003706972347572446,
        "Tiredness": 0.007528993533924222,
        "Triumph": 0.015125747304409742
    }
}