{
    "metadata": {
        "dialogue_id": "6",
        "time_start": "00-00-56.800",
        "time_end": "00-01-08.070",
        "speaker": "User-2",
        "emotion": "",
        "sentiment": "",
        "file_name": "6_00-00-56.800_00-01-08.070_User-2"
    },
    "predicted": {
        "face": {
            "Admiration": 0.0755707249045372,
            "Adoration": 0.09632118046283722,
            "Aesthetic Appreciation": 0.058393679559230804,
            "Amusement": 0.2665315568447113,
            "Anger": 0.03437618166208267,
            "Anxiety": 0.0994558185338974,
            "Awe": 0.06809322535991669,
            "Awkwardness": 0.13340362906455994,
            "Boredom": 0.17863470315933228,
            "Calmness": 0.30989980697631836,
            "Concentration": 0.13102319836616516,
            "Confusion": 0.152985081076622,
            "Contemplation": 0.07158806174993515,
            "Contempt": 0.07714463025331497,
            "Contentment": 0.21789038181304932,
            "Craving": 0.07282112538814545,
            "Desire": 0.3056858479976654,
            "Determination": 0.04891926050186157,
            "Disappointment": 0.15411268174648285,
            "Disgust": 0.058769237250089645,
            "Distress": 0.1936030387878418,
            "Doubt": 0.0850934237241745,
            "Ecstasy": 0.2625012695789337,
            "Embarrassment": 0.06946653872728348,
            "Empathic Pain": 0.08348424732685089,
            "Entrancement": 0.1141577810049057,
            "Envy": 0.018081774935126305,
            "Excitement": 0.17848162353038788,
            "Fear": 0.07625185698270798,
            "Guilt": 0.048515431582927704,
            "Horror": 0.03793581575155258,
            "Interest": 0.14986848831176758,
            "Joy": 0.2916012108325958,
            "Love": 0.20835192501544952,
            "Nostalgia": 0.07773283123970032,
            "Pain": 0.3129335641860962,
            "Pride": 0.07896438241004944,
            "Realization": 0.12636473774909973,
            "Relief": 0.36443546414375305,
            "Romance": 0.08991853892803192,
            "Sadness": 0.17569172382354736,
            "Satisfaction": 0.5268071889877319,
            "Shame": 0.04853014275431633,
            "Surprise (negative)": 0.028315728530287743,
            "Surprise (positive)": 0.022848108783364296,
            "Sympathy": 0.036652229726314545,
            "Tiredness": 0.3520943224430084,
            "Triumph": 0.08851289004087448
        },
        "prosody": {
            "Admiration": 0.026244967186357826,
            "Adoration": 0.007066198799293488,
            "Aesthetic Appreciation": 0.00676795287290588,
            "Amusement": 0.02415366587229073,
            "Anger": 0.03446356160566211,
            "Anxiety": 0.10327199846506119,
            "Awe": 0.009497412363998592,
            "Awkwardness": 0.10616354271769524,
            "Boredom": 0.05208450905047357,
            "Calmness": 0.04138205945491791,
            "Concentration": 0.09783690562471747,
            "Confusion": 0.1863256823271513,
            "Contemplation": 0.19597290270030499,
            "Contempt": 0.041761274449527264,
            "Contentment": 0.024412239203229547,
            "Craving": 0.005470427975524217,
            "Desire": 0.0037923581548966467,
            "Determination": 0.044881694950163364,
            "Disappointment": 0.1576258260756731,
            "Disgust": 0.0395556625444442,
            "Distress": 0.16092933306936175,
            "Doubt": 0.24917170498520136,
            "Ecstasy": 0.0030901492573320866,
            "Embarrassment": 0.04838303127326071,
            "Empathic Pain": 0.030474181985482574,
            "Entrancement": 0.004987869469914585,
            "Envy": 0.012577098910696805,
            "Excitement": 0.027157576114404947,
            "Fear": 0.03819349594414234,
            "Guilt": 0.025615745573304594,
            "Horror": 0.009731236001243815,
            "Interest": 0.1896271345904097,
            "Joy": 0.010976779041811824,
            "Love": 0.005619700939860195,
            "Nostalgia": 0.027881512767635286,
            "Pain": 0.048645520364516415,
            "Pride": 0.009708867873996496,
            "Realization": 0.16477477829903364,
            "Relief": 0.01530420663766563,
            "Romance": 0.006197319307830185,
            "Sadness": 0.07848459883825853,
            "Satisfaction": 0.019128834130242467,
            "Shame": 0.04320919286692515,
            "Surprise (negative)": 0.05257439985871315,
            "Surprise (positive)": 0.1301527253817767,
            "Sympathy": 0.020718739600852132,
            "Tiredness": 0.04662417666986585,
            "Triumph": 0.006338306120596826
        },
        "lang": {
            "Admiration": 0.004323290791362524,
            "Adoration": 0.0010448622482363134,
            "Aesthetic Appreciation": 0.012096031580585986,
            "Amusement": 0.0066975278872996565,
            "Anger": 0.0018795712408609688,
            "Annoyance": 0.056549298018217085,
            "Anxiety": 0.02482903951779008,
            "Awe": 0.00873844269430265,
            "Awkwardness": 0.0336078467965126,
            "Boredom": 0.06775886092334986,
            "Calmness": 0.07274031475186347,
            "Concentration": 0.20498442269861697,
            "Confusion": 0.1684821353852749,
            "Contemplation": 0.5512683337926865,
            "Contempt": 0.024377313852310182,
            "Contentment": 0.0126287922821939,
            "Craving": 0.0019796605326700954,
            "Desire": 0.0006241993448929861,
            "Determination": 0.036771688144654036,
            "Disappointment": 0.06912538863718509,
            "Disapproval": 0.042926187962293624,
            "Disgust": 0.00368332264944911,
            "Distress": 0.017905993331223728,
            "Doubt": 0.15868512570858,
            "Ecstasy": 0.0005265854793833569,
            "Embarrassment": 0.006433545765466988,
            "Empathic Pain": 0.009360165148973466,
            "Enthusiasm": 0.017517062050756066,
            "Entrancement": 0.015198114421218633,
            "Envy": 0.0013599894172511996,
            "Excitement": 0.007270032728556543,
            "Fear": 0.005578964543528855,
            "Gratitude": 0.002088214517571032,
            "Guilt": 0.005649208049289882,
            "Horror": 0.0008557416009716689,
            "Interest": 0.1674300130084157,
            "Joy": 0.0012800058233551682,
            "Love": 0.0005636964575387538,
            "Nostalgia": 0.010687917764298617,
            "Pain": 0.00578470021719113,
            "Pride": 0.00265623920597136,
            "Realization": 0.4055158171057701,
            "Relief": 0.004610547833144665,
            "Romance": 0.000684281536960043,
            "Sadness": 0.029588067093864082,
            "Sarcasm": 0.016261691376566887,
            "Satisfaction": 0.015065796310082077,
            "Shame": 0.012178625371307135,
            "Surprise (negative)": 0.044348646998405454,
            "Surprise (positive)": 0.015040745697915555,
            "Sympathy": 0.008044546693563462,
            "Tiredness": 0.0428905001282692,
            "Triumph": 0.004083670978434384
        }
    }
}