{
    "metadata": {
        "dialogue_id": "0",
        "time_start": "00-00-32.741",
        "time_end": "00-00-35.827",
        "speaker": "Chandler",
        "emotion": "neutral",
        "sentiment": "neutral",
        "file_name": "0_00-00-32.741_00-00-35.827_Chandler_neutral_neutral"
    },
    "predicted": {
        "face": {
            "Admiration": 0.07943040877580643,
            "Adoration": 0.0562247671186924,
            "Aesthetic Appreciation": 0.04990764707326889,
            "Amusement": 0.1884993016719818,
            "Anger": 0.14236319065093994,
            "Anxiety": 0.14710748195648193,
            "Awe": 0.18929633498191833,
            "Awkwardness": 0.23818600177764893,
            "Boredom": 0.25289395451545715,
            "Calmness": 0.17578741908073425,
            "Concentration": 0.2316521406173706,
            "Confusion": 0.5229483246803284,
            "Contemplation": 0.1069604754447937,
            "Contempt": 0.18736878037452698,
            "Contentment": 0.07941503822803497,
            "Craving": 0.05994913727045059,
            "Desire": 0.09252427518367767,
            "Determination": 0.1010875552892685,
            "Disappointment": 0.2477613389492035,
            "Disgust": 0.19295372068881989,
            "Distress": 0.21203896403312683,
            "Doubt": 0.2914884686470032,
            "Ecstasy": 0.06357937306165695,
            "Embarrassment": 0.10072052478790283,
            "Empathic Pain": 0.08089833706617355,
            "Entrancement": 0.09752801060676575,
            "Envy": 0.04274124652147293,
            "Excitement": 0.14882421493530273,
            "Fear": 0.13924065232276917,
            "Guilt": 0.05264841020107269,
            "Horror": 0.12414157390594482,
            "Interest": 0.24605658650398254,
            "Joy": 0.11800417304039001,
            "Love": 0.07236926257610321,
            "Nostalgia": 0.040246494114398956,
            "Pain": 0.1441715657711029,
            "Pride": 0.05823563039302826,
            "Realization": 0.16966158151626587,
            "Relief": 0.0684785544872284,
            "Romance": 0.03486568480730057,
            "Sadness": 0.11362282931804657,
            "Satisfaction": 0.12048058956861496,
            "Shame": 0.05409223958849907,
            "Surprise (negative)": 0.18199804425239563,
            "Surprise (positive)": 0.1353072077035904,
            "Sympathy": 0.04326293244957924,
            "Tiredness": 0.20841792225837708,
            "Triumph": 0.055300142616033554
        },
        "prosody": {
            "Admiration": 0.004549830686300993,
            "Adoration": 0.0014335045125335455,
            "Aesthetic Appreciation": 0.004395968746393919,
            "Amusement": 0.03956468403339386,
            "Anger": 0.12200096994638443,
            "Anxiety": 0.044989507645368576,
            "Awe": 0.0021913263481110334,
            "Awkwardness": 0.0722147598862648,
            "Boredom": 0.029649950563907623,
            "Calmness": 0.03129882365465164,
            "Concentration": 0.0560101643204689,
            "Confusion": 0.2538222074508667,
            "Contemplation": 0.2086610496044159,
            "Contempt": 0.2470867782831192,
            "Contentment": 0.005814590025693178,
            "Craving": 0.002835378749296069,
            "Desire": 0.003130070399492979,
            "Determination": 0.03773937746882439,
            "Disappointment": 0.1492735743522644,
            "Disgust": 0.08187232911586761,
            "Distress": 0.05104395002126694,
            "Doubt": 0.2662913203239441,
            "Ecstasy": 0.001232281094416976,
            "Embarrassment": 0.02993064373731613,
            "Empathic Pain": 0.012316044420003891,
            "Entrancement": 0.001017258153297007,
            "Envy": 0.027196932584047318,
            "Excitement": 0.005490805953741074,
            "Fear": 0.017629388719797134,
            "Guilt": 0.0220065675675869,
            "Horror": 0.01974429562687874,
            "Interest": 0.03307603672146797,
            "Joy": 0.003198714694008231,
            "Love": 0.0007044450030662119,
            "Nostalgia": 0.003931254148483276,
            "Pain": 0.005075566470623016,
            "Pride": 0.009079535491764545,
            "Realization": 0.13041874766349792,
            "Relief": 0.0032277379650622606,
            "Romance": 0.0011767518008127809,
            "Sadness": 0.025381218641996384,
            "Satisfaction": 0.004327644128352404,
            "Shame": 0.02284550480544567,
            "Surprise (negative)": 0.10378257930278778,
            "Surprise (positive)": 0.004210034850984812,
            "Sympathy": 0.01301097497344017,
            "Tiredness": 0.012462724931538105,
            "Triumph": 0.0039610653184354305
        },
        "lang": {
            "Admiration": 0.006573826540261507,
            "Adoration": 0.0012764118728227913,
            "Aesthetic Appreciation": 0.006368741043843329,
            "Amusement": 0.01895583886653185,
            "Anger": 0.003999698819825426,
            "Annoyance": 0.03156412672251463,
            "Anxiety": 0.04623745661228895,
            "Awe": 0.0032336139702238142,
            "Awkwardness": 0.12695226166397333,
            "Boredom": 0.05883474461734295,
            "Calmness": 0.15783391147851944,
            "Concentration": 0.04132288508117199,
            "Confusion": 0.206444023642689,
            "Contemplation": 0.0823066271841526,
            "Contempt": 0.02299019694328308,
            "Contentment": 0.054163604974746704,
            "Craving": 0.0020386291143950075,
            "Desire": 0.0022206186622497626,
            "Determination": 0.015699227806180716,
            "Disappointment": 0.021238756366074085,
            "Disapproval": 0.012149551650509238,
            "Disgust": 0.003967522992752492,
            "Distress": 0.03364284732379019,
            "Doubt": 0.06766404351219535,
            "Ecstasy": 0.0014954932557884604,
            "Embarrassment": 0.015713053289800882,
            "Empathic Pain": 0.01055742078460753,
            "Enthusiasm": 0.01918072276748717,
            "Entrancement": 0.005871421773917973,
            "Envy": 0.0011657184222713113,
            "Excitement": 0.006808121979702264,
            "Fear": 0.016653893733746372,
            "Gratitude": 0.0350319289136678,
            "Guilt": 0.010497703682631254,
            "Horror": 0.0017211985832545906,
            "Interest": 0.06465318752452731,
            "Joy": 0.006600028136745095,
            "Love": 0.001830948400311172,
            "Nostalgia": 0.0012584482901729643,
            "Pain": 0.01585418588365428,
            "Pride": 0.005853308946825564,
            "Realization": 0.3136085029691458,
            "Relief": 0.08793674502521753,
            "Romance": 0.0025011710968101397,
            "Sadness": 0.025821585673838854,
            "Sarcasm": 0.03619855921715498,
            "Satisfaction": 0.09561398345977068,
            "Shame": 0.021658835234120488,
            "Surprise (negative)": 0.02531843539327383,
            "Surprise (positive)": 0.05850347550585866,
            "Sympathy": 0.016327750403434038,
            "Tiredness": 0.02574697183445096,
            "Triumph": 0.01635654305573553
        }
    }
}