{
    "metadata": {
        "dialogue_id": "1001",
        "time_start": "00-00-29.238",
        "time_end": "00-00-29.375",
        "speaker": "Joey",
        "emotion": "neutral",
        "sentiment": "neutral",
        "text_content": "Yeah, someplace nice.",
        "file_name": "1001_00-00-29.238_00-00-29.375_Joey_neutral_neutral"
    },
    "predicted": {
        "face": {
            "Admiration": 0.10204524546861649,
            "Adoration": 0.12356340885162354,
            "Aesthetic Appreciation": 0.051370300352573395,
            "Amusement": 0.3679398000240326,
            "Anger": 0.09301409870386124,
            "Anxiety": 0.15520568192005157,
            "Awe": 0.06707577407360077,
            "Awkwardness": 0.2170785665512085,
            "Boredom": 0.12342449277639389,
            "Calmness": 0.18904191255569458,
            "Concentration": 0.14621074497699738,
            "Confusion": 0.2596099376678467,
            "Contemplation": 0.08342122286558151,
            "Contempt": 0.12862712144851685,
            "Contentment": 0.16831064224243164,
            "Craving": 0.038275402039289474,
            "Desire": 0.05518506094813347,
            "Determination": 0.06471003592014313,
            "Disappointment": 0.2526005804538727,
            "Disgust": 0.157051682472229,
            "Distress": 0.2877733111381531,
            "Doubt": 0.17077040672302246,
            "Ecstasy": 0.09495311975479126,
            "Embarrassment": 0.1537230759859085,
            "Empathic Pain": 0.14373376965522766,
            "Entrancement": 0.06927405297756195,
            "Envy": 0.03261303901672363,
            "Excitement": 0.20565485954284668,
            "Fear": 0.12450967729091644,
            "Guilt": 0.09156836569309235,
            "Horror": 0.06912931799888611,
            "Interest": 0.21689219772815704,
            "Joy": 0.36529484391212463,
            "Love": 0.22818103432655334,
            "Nostalgia": 0.07177753001451492,
            "Pain": 0.38503262400627136,
            "Pride": 0.09252417832612991,
            "Realization": 0.12165305018424988,
            "Relief": 0.10814253985881805,
            "Romance": 0.05895274132490158,
            "Sadness": 0.31511521339416504,
            "Satisfaction": 0.23126818239688873,
            "Shame": 0.09440296143293381,
            "Surprise (negative)": 0.051462166011333466,
            "Surprise (positive)": 0.0378553681075573,
            "Sympathy": 0.07139987498521805,
            "Tiredness": 0.13799872994422913,
            "Triumph": 0.07221753895282745
        },
        "prosody": {
            "Admiration": 0,
            "Adoration": 0,
            "Aesthetic Appreciation": 0,
            "Amusement": 0,
            "Anger": 0,
            "Annoyance": 0,
            "Anxiety": 0,
            "Awe": 0,
            "Awkwardness": 0,
            "Boredom": 0,
            "Calmness": 0,
            "Concentration": 0,
            "Confusion": 0,
            "Contemplation": 0,
            "Contempt": 0,
            "Contentment": 0,
            "Craving": 0,
            "Desire": 0,
            "Determination": 0,
            "Disappointment": 0,
            "Disapproval": 0,
            "Disgust": 0,
            "Distress": 0,
            "Doubt": 0,
            "Ecstasy": 0,
            "Embarrassment": 0,
            "Empathic Pain": 0,
            "Enthusiasm": 0,
            "Entrancement": 0,
            "Envy": 0,
            "Excitement": 0,
            "Fear": 0,
            "Gratitude": 0,
            "Guilt": 0,
            "Horror": 0,
            "Interest": 0,
            "Joy": 0,
            "Love": 0,
            "Nostalgia": 0,
            "Pain": 0,
            "Pride": 0,
            "Realization": 0,
            "Relief": 0,
            "Romance": 0,
            "Sadness": 0,
            "Sarcasm": 0,
            "Satisfaction": 0,
            "Shame": 0,
            "Surprise (negative)": 0,
            "Surprise (positive)": 0,
            "Sympathy": 0,
            "Tiredness": 0,
            "Triumph": 0
        },
        "lang": {}
    }
}