{
    "metadata": {
        "dialogue_id": "1001",
        "time_start": "00-00-20.353",
        "time_end": "00-00-23.191",
        "speaker": "Monica",
        "emotion": "joy",
        "sentiment": "positive",
        "text_content": "And, they made me head of purchasing, thank you very much.",
        "file_name": "1001_00-00-20.353_00-00-23.191_Monica_joy_positive"
    },
    "predicted": {
        "face": {
            "Admiration": 0.2009264975786209,
            "Adoration": 0.2440946400165558,
            "Aesthetic Appreciation": 0.07824365794658661,
            "Amusement": 0.8298459649085999,
            "Anger": 0.03176021948456764,
            "Anxiety": 0.0508648082613945,
            "Awe": 0.08384574949741364,
            "Awkwardness": 0.16088776290416718,
            "Boredom": 0.04895923659205437,
            "Calmness": 0.1739151030778885,
            "Concentration": 0.0966673493385315,
            "Confusion": 0.08580710738897324,
            "Contemplation": 0.04366452991962433,
            "Contempt": 0.06321220844984055,
            "Contentment": 0.2648882269859314,
            "Craving": 0.03628048673272133,
            "Desire": 0.051963578909635544,
            "Determination": 0.05279076099395752,
            "Disappointment": 0.05549747869372368,
            "Disgust": 0.034796301275491714,
            "Distress": 0.06156888231635094,
            "Doubt": 0.056443456560373306,
            "Ecstasy": 0.20697328448295593,
            "Embarrassment": 0.07211864739656448,
            "Empathic Pain": 0.03132314234972,
            "Entrancement": 0.0817367434501648,
            "Envy": 0.024980910122394562,
            "Excitement": 0.581230640411377,
            "Fear": 0.04161245748400688,
            "Guilt": 0.022957326844334602,
            "Horror": 0.02650710940361023,
            "Interest": 0.3713208734989166,
            "Joy": 0.8860495686531067,
            "Love": 0.4771423935890198,
            "Nostalgia": 0.06614715605974197,
            "Pain": 0.05615348368883133,
            "Pride": 0.15216438472270966,
            "Realization": 0.08993101119995117,
            "Relief": 0.10780669003725052,
            "Romance": 0.08506733924150467,
            "Sadness": 0.03710000216960907,
            "Satisfaction": 0.3988226652145386,
            "Shame": 0.027272112667560577,
            "Surprise (negative)": 0.024447506293654442,
            "Surprise (positive)": 0.04310521483421326,
            "Sympathy": 0.055281758308410645,
            "Tiredness": 0.044260114431381226,
            "Triumph": 0.14124742150306702
        },
        "prosody": {
            "Admiration": 0.17673863470554352,
            "Adoration": 0.3182052969932556,
            "Aesthetic Appreciation": 0.07616784423589706,
            "Amusement": 0.0958457663655281,
            "Anger": 0.017896536737680435,
            "Anxiety": 0.03986412286758423,
            "Awe": 0.08754564821720123,
            "Awkwardness": 0.04740515723824501,
            "Boredom": 0.0011673709377646446,
            "Calmness": 0.001901792362332344,
            "Concentration": 0.0014170267386361957,
            "Confusion": 0.018539750948548317,
            "Contemplation": 0.004611228592693806,
            "Contempt": 0.004023741465061903,
            "Contentment": 0.03671390563249588,
            "Craving": 0.011223748326301575,
            "Desire": 0.01364140585064888,
            "Determination": 0.0028457483276724815,
            "Disappointment": 0.027572086080908775,
            "Disgust": 0.0036274304147809744,
            "Distress": 0.049788329750299454,
            "Doubt": 0.0065093208104372025,
            "Ecstasy": 0.1577278971672058,
            "Embarrassment": 0.027247538790106773,
            "Empathic Pain": 0.015886815264821053,
            "Entrancement": 0.010155696421861649,
            "Envy": 0.01257761474698782,
            "Excitement": 0.4179956316947937,
            "Fear": 0.019320741295814514,
            "Guilt": 0.021986758336424828,
            "Horror": 0.01141690369695425,
            "Interest": 0.04457518085837364,
            "Joy": 0.34210851788520813,
            "Love": 0.12847650051116943,
            "Nostalgia": 0.033930566161870956,
            "Pain": 0.02522900328040123,
            "Pride": 0.0592663437128067,
            "Realization": 0.02881413698196411,
            "Relief": 0.05249130725860596,
            "Romance": 0.02701493725180626,
            "Sadness": 0.040279462933540344,
            "Satisfaction": 0.13945689797401428,
            "Shame": 0.021714547649025917,
            "Surprise (negative)": 0.03390233591198921,
            "Surprise (positive)": 0.5086976289749146,
            "Sympathy": 0.005308866500854492,
            "Tiredness": 0.002967478008940816,
            "Triumph": 0.0723256766796112
        },
        "lang": {}
    }
}