{
    "metadata": {
        "dialogue_id": "1001",
        "time_start": "00-00-00.000",
        "time_end": "00-00-01.083",
        "speaker": "Rachel",
        "emotion": "neutral",
        "sentiment": "neutral",
        "text_content": "What?",
        "file_name": "1001_00-00-00.000_00-00-01.083_Rachel_neutral_neutral"
    },
    "predicted": {
        "face": {
            "Admiration": 0.08966416120529175,
            "Adoration": 0.05026153475046158,
            "Aesthetic Appreciation": 0.07038275897502899,
            "Amusement": 0.05292859673500061,
            "Anger": 0.06441720575094223,
            "Anxiety": 0.18200747668743134,
            "Awe": 0.10303548723459244,
            "Awkwardness": 0.15091785788536072,
            "Boredom": 0.5083728432655334,
            "Calmness": 0.4224673807621002,
            "Concentration": 0.6800643801689148,
            "Confusion": 0.4801110327243805,
            "Contemplation": 0.4905259907245636,
            "Contempt": 0.17498308420181274,
            "Contentment": 0.07576372474431992,
            "Craving": 0.06356693059206009,
            "Desire": 0.040780726820230484,
            "Determination": 0.16441106796264648,
            "Disappointment": 0.2953035235404968,
            "Disgust": 0.06578949838876724,
            "Distress": 0.19475804269313812,
            "Doubt": 0.483556866645813,
            "Ecstasy": 0.014964564703404903,
            "Embarrassment": 0.06974679231643677,
            "Empathic Pain": 0.08083783090114594,
            "Entrancement": 0.16711211204528809,
            "Envy": 0.057760871946811676,
            "Excitement": 0.024854853749275208,
            "Fear": 0.12701930105686188,
            "Guilt": 0.0916767418384552,
            "Horror": 0.042241420596838,
            "Interest": 0.30313098430633545,
            "Joy": 0.024006856605410576,
            "Love": 0.039849258959293365,
            "Nostalgia": 0.08339434862136841,
            "Pain": 0.08402913808822632,
            "Pride": 0.0473351776599884,
            "Realization": 0.19568279385566711,
            "Relief": 0.03868861496448517,
            "Romance": 0.030069798231124878,
            "Sadness": 0.2584456503391266,
            "Satisfaction": 0.0543387271463871,
            "Shame": 0.06548082083463669,
            "Surprise (negative)": 0.05201689898967743,
            "Surprise (positive)": 0.03412119299173355,
            "Sympathy": 0.0665520504117012,
            "Tiredness": 0.22355762124061584,
            "Triumph": 0.016458051279187202
        },
        "prosody": {
            "Admiration": 0,
            "Adoration": 0,
            "Aesthetic Appreciation": 0,
            "Amusement": 0,
            "Anger": 0,
            "Annoyance": 0,
            "Anxiety": 0,
            "Awe": 0,
            "Awkwardness": 0,
            "Boredom": 0,
            "Calmness": 0,
            "Concentration": 0,
            "Confusion": 0,
            "Contemplation": 0,
            "Contempt": 0,
            "Contentment": 0,
            "Craving": 0,
            "Desire": 0,
            "Determination": 0,
            "Disappointment": 0,
            "Disapproval": 0,
            "Disgust": 0,
            "Distress": 0,
            "Doubt": 0,
            "Ecstasy": 0,
            "Embarrassment": 0,
            "Empathic Pain": 0,
            "Enthusiasm": 0,
            "Entrancement": 0,
            "Envy": 0,
            "Excitement": 0,
            "Fear": 0,
            "Gratitude": 0,
            "Guilt": 0,
            "Horror": 0,
            "Interest": 0,
            "Joy": 0,
            "Love": 0,
            "Nostalgia": 0,
            "Pain": 0,
            "Pride": 0,
            "Realization": 0,
            "Relief": 0,
            "Romance": 0,
            "Sadness": 0,
            "Sarcasm": 0,
            "Satisfaction": 0,
            "Shame": 0,
            "Surprise (negative)": 0,
            "Surprise (positive)": 0,
            "Sympathy": 0,
            "Tiredness": 0,
            "Triumph": 0
        },
        "lang": {}
    }
}