{
    "metadata": {
        "dialogue_id": "1004",
        "time_start": "00-00-19.728",
        "time_end": "00-00-23.648",
        "speaker": "Paul",
        "emotion": "neutral",
        "sentiment": "neutral",
        "file_name": "1004_00-00-19.728_00-00-23.648_Paul_neutral_neutral"
    },
    "predicted": {
        "face": {
            "Admiration": 0.10763569176197052,
            "Adoration": 0.10281184315681458,
            "Aesthetic Appreciation": 0.07274045795202255,
            "Amusement": 0.17601969838142395,
            "Anger": 0.06086559221148491,
            "Anxiety": 0.1588035523891449,
            "Awe": 0.11949938535690308,
            "Awkwardness": 0.1505696177482605,
            "Boredom": 0.2474295198917389,
            "Calmness": 0.32183676958084106,
            "Concentration": 0.3831194043159485,
            "Confusion": 0.2825658917427063,
            "Contemplation": 0.24255236983299255,
            "Contempt": 0.11117764562368393,
            "Contentment": 0.1336107701063156,
            "Craving": 0.08398361504077911,
            "Desire": 0.15353378653526306,
            "Determination": 0.10664255917072296,
            "Disappointment": 0.21380724012851715,
            "Disgust": 0.09072266519069672,
            "Distress": 0.21878689527511597,
            "Doubt": 0.2308589369058609,
            "Ecstasy": 0.07626824826002121,
            "Embarrassment": 0.09071062505245209,
            "Empathic Pain": 0.09808455407619476,
            "Entrancement": 0.14575499296188354,
            "Envy": 0.03803413361310959,
            "Excitement": 0.11842101067304611,
            "Fear": 0.14392495155334473,
            "Guilt": 0.08804017305374146,
            "Horror": 0.07009954005479813,
            "Interest": 0.27773094177246094,
            "Joy": 0.13812090456485748,
            "Love": 0.15106350183486938,
            "Nostalgia": 0.0784469023346901,
            "Pain": 0.19590884447097778,
            "Pride": 0.05816524475812912,
            "Realization": 0.1714278906583786,
            "Relief": 0.09174847602844238,
            "Romance": 0.07958045601844788,
            "Sadness": 0.23476703464984894,
            "Satisfaction": 0.19261129200458527,
            "Shame": 0.07673607766628265,
            "Surprise (negative)": 0.06736019253730774,
            "Surprise (positive)": 0.057675499469041824,
            "Sympathy": 0.055555835366249084,
            "Tiredness": 0.21801486611366272,
            "Triumph": 0.04373084753751755
        },
        "prosody": {
            "Admiration": 0,
            "Adoration": 0,
            "Aesthetic Appreciation": 0,
            "Amusement": 0,
            "Anger": 0,
            "Annoyance": 0,
            "Anxiety": 0,
            "Awe": 0,
            "Awkwardness": 0,
            "Boredom": 0,
            "Calmness": 0,
            "Concentration": 0,
            "Confusion": 0,
            "Contemplation": 0,
            "Contempt": 0,
            "Contentment": 0,
            "Craving": 0,
            "Desire": 0,
            "Determination": 0,
            "Disappointment": 0,
            "Disapproval": 0,
            "Disgust": 0,
            "Distress": 0,
            "Doubt": 0,
            "Ecstasy": 0,
            "Embarrassment": 0,
            "Empathic Pain": 0,
            "Enthusiasm": 0,
            "Entrancement": 0,
            "Envy": 0,
            "Excitement": 0,
            "Fear": 0,
            "Gratitude": 0,
            "Guilt": 0,
            "Horror": 0,
            "Interest": 0,
            "Joy": 0,
            "Love": 0,
            "Nostalgia": 0,
            "Pain": 0,
            "Pride": 0,
            "Realization": 0,
            "Relief": 0,
            "Romance": 0,
            "Sadness": 0,
            "Sarcasm": 0,
            "Satisfaction": 0,
            "Shame": 0,
            "Surprise (negative)": 0,
            "Surprise (positive)": 0,
            "Sympathy": 0,
            "Tiredness": 0,
            "Triumph": 0
        },
        "lang": {
            "Admiration": 0.19376898035407067,
            "Adoration": 0.09840309340506792,
            "Aesthetic Appreciation": 0.09525720365345478,
            "Amusement": 0.009045688062906265,
            "Anger": 0.001098020951030776,
            "Annoyance": 0.010270806355401873,
            "Anxiety": 0.0008631987788248807,
            "Awe": 0.026132663898169994,
            "Awkwardness": 0.006129907397553325,
            "Boredom": 0.010034759808331729,
            "Calmness": 0.1293213702738285,
            "Concentration": 0.011702350806444883,
            "Confusion": 0.004850098665338009,
            "Contemplation": 0.01957675484009087,
            "Contempt": 0.026482909359037875,
            "Contentment": 0.1848364844918251,
            "Craving": 0.0011516339378431439,
            "Desire": 0.0005384263349696994,
            "Determination": 0.007547255139797926,
            "Disappointment": 0.0035676131781656297,
            "Disapproval": 0.005287317023612559,
            "Disgust": 0.0017381587880663575,
            "Distress": 0.0012310147809330373,
            "Doubt": 0.0017056742508430034,
            "Ecstasy": 0.0030561295687220992,
            "Embarrassment": 0.001385437062708661,
            "Empathic Pain": 0.0030537579441443086,
            "Enthusiasm": 0.053361347503960134,
            "Entrancement": 0.01082129031419754,
            "Envy": 0.000927159033017233,
            "Excitement": 0.0126455117482692,
            "Fear": 0.0003370730802998878,
            "Gratitude": 0.7299693763256073,
            "Guilt": 0.0004247120115906,
            "Horror": 0.00015930459412629716,
            "Interest": 0.04691513665020466,
            "Joy": 0.06707581281661987,
            "Love": 0.05943574090488255,
            "Nostalgia": 0.014372712036129087,
            "Pain": 0.0008545449032681063,
            "Pride": 0.05012449687346816,
            "Realization": 0.028059770446270706,
            "Relief": 0.04044256992638111,
            "Romance": 0.0016361639922251926,
            "Sadness": 0.0020516688673524186,
            "Sarcasm": 0.03378339176997543,
            "Satisfaction": 0.23938630819320678,
            "Shame": 0.0011702609772328287,
            "Surprise (negative)": 0.0017605730390641838,
            "Surprise (positive)": 0.022070527728646993,
            "Sympathy": 0.006692406442016363,
            "Tiredness": 0.0031101508415304125,
            "Triumph": 0.029799728374928235
        }
    }
}