{
    "metadata": {
        "dialogue_id": "1005",
        "time_start": "00-00-00.000",
        "time_end": "00-00-01.543",
        "speaker": "Larry",
        "emotion": "neutral",
        "sentiment": "neutral",
        "file_name": "1005_00-00-00.000_00-00-01.543_Larry_neutral_neutral"
    },
    "predicted": {
        "face": {
            "Admiration": 0.2313036024570465,
            "Adoration": 0.27004164457321167,
            "Aesthetic Appreciation": 0.0999670922756195,
            "Amusement": 0.6546624898910522,
            "Anger": 0.02534719556570053,
            "Anxiety": 0.06504741311073303,
            "Awe": 0.10868313163518906,
            "Awkwardness": 0.190340057015419,
            "Boredom": 0.12089274823665619,
            "Calmness": 0.28920572996139526,
            "Concentration": 0.18085503578186035,
            "Confusion": 0.1302781105041504,
            "Contemplation": 0.0965375229716301,
            "Contempt": 0.07736323028802872,
            "Contentment": 0.2835642695426941,
            "Craving": 0.061118680983781815,
            "Desire": 0.0945209190249443,
            "Determination": 0.06569121778011322,
            "Disappointment": 0.09620309621095657,
            "Disgust": 0.03340194746851921,
            "Distress": 0.07502604275941849,
            "Doubt": 0.10283439606428146,
            "Ecstasy": 0.13850779831409454,
            "Embarrassment": 0.09951464086771011,
            "Empathic Pain": 0.03890039771795273,
            "Entrancement": 0.11354924738407135,
            "Envy": 0.032497555017471313,
            "Excitement": 0.3743777275085449,
            "Fear": 0.047543734312057495,
            "Guilt": 0.037479814141988754,
            "Horror": 0.02653566375374794,
            "Interest": 0.43508443236351013,
            "Joy": 0.6432039141654968,
            "Love": 0.46295738220214844,
            "Nostalgia": 0.08399145305156708,
            "Pain": 0.05724358558654785,
            "Pride": 0.13160297274589539,
            "Realization": 0.12349238991737366,
            "Relief": 0.12839588522911072,
            "Romance": 0.12419302016496658,
            "Sadness": 0.06630226224660873,
            "Satisfaction": 0.40141138434410095,
            "Shame": 0.04558676481246948,
            "Surprise (negative)": 0.029318727552890778,
            "Surprise (positive)": 0.05371808633208275,
            "Sympathy": 0.06702172756195068,
            "Tiredness": 0.09144175052642822,
            "Triumph": 0.0932326540350914
        },
        "prosody": {
            "Admiration": 0.03739593178033829,
            "Adoration": 0.02044975943863392,
            "Aesthetic Appreciation": 0.01775553449988365,
            "Amusement": 0.09387753158807755,
            "Anger": 0.010816258378326893,
            "Anxiety": 0.03626101836562157,
            "Awe": 0.04787713289260864,
            "Awkwardness": 0.05722644925117493,
            "Boredom": 0.02557971701025963,
            "Calmness": 0.11944422125816345,
            "Concentration": 0.0802905336022377,
            "Confusion": 0.06733399629592896,
            "Contemplation": 0.05228686332702637,
            "Contempt": 0.012406371533870697,
            "Contentment": 0.09812118113040924,
            "Craving": 0.014106165617704391,
            "Desire": 0.0038652420043945312,
            "Determination": 0.06405866146087646,
            "Disappointment": 0.016567973420023918,
            "Disgust": 0.005476511083543301,
            "Distress": 0.024248696863651276,
            "Doubt": 0.06991387903690338,
            "Ecstasy": 0.029704324901103973,
            "Embarrassment": 0.007677428890019655,
            "Empathic Pain": 0.002864546375349164,
            "Entrancement": 0.01888681761920452,
            "Envy": 0.0161422248929739,
            "Excitement": 0.15360727906227112,
            "Fear": 0.009759439155459404,
            "Guilt": 0.004793807864189148,
            "Horror": 0.003424421651288867,
            "Interest": 0.37686941027641296,
            "Joy": 0.05042208731174469,
            "Love": 0.022389240562915802,
            "Nostalgia": 0.020647339522838593,
            "Pain": 0.0033251435961574316,
            "Pride": 0.08230400085449219,
            "Realization": 0.03065631352365017,
            "Relief": 0.0780801996588707,
            "Romance": 0.014210882596671581,
            "Sadness": 0.007284951396286488,
            "Satisfaction": 0.11849843710660934,
            "Shame": 0.004200337454676628,
            "Surprise (negative)": 0.032918646931648254,
            "Surprise (positive)": 0.11582542955875397,
            "Sympathy": 0.027264608070254326,
            "Tiredness": 0.015934016555547714,
            "Triumph": 0.09437797218561172
        },
        "lang": {
            "Admiration": 0.006329875090159476,
            "Adoration": 0.007365491590462625,
            "Aesthetic Appreciation": 0.010342582478187978,
            "Amusement": 0.02930990606546402,
            "Anger": 0.0011466501891845837,
            "Annoyance": 0.014816266018897295,
            "Anxiety": 0.00866175931878388,
            "Awe": 0.003190346877090633,
            "Awkwardness": 0.024315060349181294,
            "Boredom": 0.033086908515542746,
            "Calmness": 0.2971133217215538,
            "Concentration": 0.055652023293077946,
            "Confusion": 0.016510224028024822,
            "Contemplation": 0.055878635961562395,
            "Contempt": 0.015281491447240114,
            "Contentment": 0.08161540515720844,
            "Craving": 0.01849723421037197,
            "Desire": 0.0022646113066002727,
            "Determination": 0.11561167472973466,
            "Disappointment": 0.0020276659925002605,
            "Disapproval": 0.003614691144321114,
            "Disgust": 0.0007131810998544097,
            "Distress": 0.002123077370924875,
            "Doubt": 0.01028037560172379,
            "Ecstasy": 0.004917092446703464,
            "Embarrassment": 0.0006535088177770376,
            "Empathic Pain": 0.0032441721414215863,
            "Enthusiasm": 0.4345149137079716,
            "Entrancement": 0.005734620150178671,
            "Envy": 0.0012748800800181925,
            "Excitement": 0.26049090921878815,
            "Fear": 0.0014935062208678573,
            "Gratitude": 0.018410415155813098,
            "Guilt": 0.000789239929872565,
            "Horror": 0.0001427288334525656,
            "Interest": 0.4235745072364807,
            "Joy": 0.07169344462454319,
            "Love": 0.012716887751594186,
            "Nostalgia": 0.002920078404713422,
            "Pain": 0.0003739871390280314,
            "Pride": 0.007700459798797965,
            "Realization": 0.020365716656669974,
            "Relief": 0.011933105764910579,
            "Romance": 0.0033610615646466613,
            "Sadness": 0.0005286487939883955,
            "Sarcasm": 0.017931102542206645,
            "Satisfaction": 0.07215059082955122,
            "Shame": 0.0005557921467698179,
            "Surprise (negative)": 0.004747097962535918,
            "Surprise (positive)": 0.038424983620643616,
            "Sympathy": 0.007371961255557835,
            "Tiredness": 0.0050084341783076525,
            "Triumph": 0.014963808527681977
        }
    }
}