{
    "metadata": {
        "dialogue_id": "1009",
        "time_start": "00-00-19.708",
        "time_end": "00-00-22.746",
        "speaker": "Phoebe",
        "emotion": "joy",
        "sentiment": "positive",
        "text_content": "I don't even have a 'pl'.",
        "file_name": "1009_00-00-19.708_00-00-22.746_Phoebe_joy_positive"
    },
    "predicted": {
        "face": {
            "Admiration": 0.08443453162908554,
            "Adoration": 0.09579919278621674,
            "Aesthetic Appreciation": 0.05993814766407013,
            "Amusement": 0.15798556804656982,
            "Anger": 0.05065780505537987,
            "Anxiety": 0.1438409984111786,
            "Awe": 0.06929074972867966,
            "Awkwardness": 0.1256888508796692,
            "Boredom": 0.23431354761123657,
            "Calmness": 0.4097253680229187,
            "Concentration": 0.19760797917842865,
            "Confusion": 0.21878109872341156,
            "Contemplation": 0.13150937855243683,
            "Contempt": 0.10382726043462753,
            "Contentment": 0.21292617917060852,
            "Craving": 0.04129234328866005,
            "Desire": 0.11579441279172897,
            "Determination": 0.06543993949890137,
            "Disappointment": 0.2729320228099823,
            "Disgust": 0.05622934177517891,
            "Distress": 0.26284265518188477,
            "Doubt": 0.1490560919046402,
            "Ecstasy": 0.11587739735841751,
            "Embarrassment": 0.09400120377540588,
            "Empathic Pain": 0.09151623398065567,
            "Entrancement": 0.11085397750139236,
            "Envy": 0.02141570672392845,
            "Excitement": 0.09273012727499008,
            "Fear": 0.07612981647253036,
            "Guilt": 0.0748416930437088,
            "Horror": 0.033055152744054794,
            "Interest": 0.14042335748672485,
            "Joy": 0.1802690625190735,
            "Love": 0.175522580742836,
            "Nostalgia": 0.08763577044010162,
            "Pain": 0.26964351534843445,
            "Pride": 0.08789017796516418,
            "Realization": 0.17119908332824707,
            "Relief": 0.3976224362850189,
            "Romance": 0.07265201956033707,
            "Sadness": 0.20405539870262146,
            "Satisfaction": 0.3548385500907898,
            "Shame": 0.07316664606332779,
            "Surprise (negative)": 0.031077012419700623,
            "Surprise (positive)": 0.022893350571393967,
            "Sympathy": 0.04250563681125641,
            "Tiredness": 0.49140068888664246,
            "Triumph": 0.0641455203294754
        },
        "prosody": {
            "Admiration": 0.03624650463461876,
            "Adoration": 0.017272818833589554,
            "Aesthetic Appreciation": 0.017409784719347954,
            "Amusement": 0.0542546771466732,
            "Anger": 0.13574813306331635,
            "Anxiety": 0.023776425048708916,
            "Awe": 0.025312332436442375,
            "Awkwardness": 0.053801413625478745,
            "Boredom": 0.1097995862364769,
            "Calmness": 0.06660038232803345,
            "Concentration": 0.01748707704246044,
            "Confusion": 0.08796907216310501,
            "Contemplation": 0.05979273095726967,
            "Contempt": 0.14159779250621796,
            "Contentment": 0.03475828096270561,
            "Craving": 0.005203296430408955,
            "Desire": 0.007077013608068228,
            "Determination": 0.0557614229619503,
            "Disappointment": 0.23939865827560425,
            "Disgust": 0.09132492542266846,
            "Distress": 0.03786185383796692,
            "Doubt": 0.02560524269938469,
            "Ecstasy": 0.009133506566286087,
            "Embarrassment": 0.02109251171350479,
            "Empathic Pain": 0.004595840349793434,
            "Entrancement": 0.006790695711970329,
            "Envy": 0.040863603353500366,
            "Excitement": 0.019114768132567406,
            "Fear": 0.008070431649684906,
            "Guilt": 0.010227339342236519,
            "Horror": 0.009590405970811844,
            "Interest": 0.031317245215177536,
            "Joy": 0.02755601704120636,
            "Love": 0.017073195427656174,
            "Nostalgia": 0.010021497495472431,
            "Pain": 0.007674665190279484,
            "Pride": 0.025705745443701744,
            "Realization": 0.12614086270332336,
            "Relief": 0.01647094450891018,
            "Romance": 0.004766276106238365,
            "Sadness": 0.03962378576397896,
            "Satisfaction": 0.028654173016548157,
            "Shame": 0.018261445686221123,
            "Surprise (negative)": 0.07284481823444366,
            "Surprise (positive)": 0.034587062895298004,
            "Sympathy": 0.0038374201394617558,
            "Tiredness": 0.01780524104833603,
            "Triumph": 0.010374465957283974
        },
        "lang": {}
    }
}