{
    "metadata": {
        "dialogue_id": "1015",
        "time_start": "00-00-00.000",
        "time_end": "00-00-03.753",
        "speaker": "Gerston",
        "emotion": "neutral",
        "sentiment": "neutral",
        "text_content": "Uh, like, could these margaritas",
        "file_name": "1015_00-00-00.000_00-00-03.753_Gerston_neutral_neutral"
    },
    "predicted": {
        "face": {
            "Admiration": 0.20577183365821838,
            "Adoration": 0.22269488871097565,
            "Aesthetic Appreciation": 0.09865429997444153,
            "Amusement": 0.4635862410068512,
            "Anger": 0.0548391193151474,
            "Anxiety": 0.09963814914226532,
            "Awe": 0.1008579432964325,
            "Awkwardness": 0.20733642578125,
            "Boredom": 0.20064526796340942,
            "Calmness": 0.3966428339481354,
            "Concentration": 0.2735833525657654,
            "Confusion": 0.23770636320114136,
            "Contemplation": 0.13763613998889923,
            "Contempt": 0.13491342961788177,
            "Contentment": 0.2851810157299042,
            "Craving": 0.05361667275428772,
            "Desire": 0.08039748668670654,
            "Determination": 0.0904947966337204,
            "Disappointment": 0.17766566574573517,
            "Disgust": 0.075413279235363,
            "Distress": 0.13324587047100067,
            "Doubt": 0.18889783322811127,
            "Ecstasy": 0.09582744538784027,
            "Embarrassment": 0.10583695769309998,
            "Empathic Pain": 0.0683470144867897,
            "Entrancement": 0.124211385846138,
            "Envy": 0.04412228614091873,
            "Excitement": 0.24618802964687347,
            "Fear": 0.07238302379846573,
            "Guilt": 0.0581018403172493,
            "Horror": 0.03711135312914848,
            "Interest": 0.41619110107421875,
            "Joy": 0.46236374974250793,
            "Love": 0.3704993426799774,
            "Nostalgia": 0.08972090482711792,
            "Pain": 0.10820255428552628,
            "Pride": 0.12871824204921722,
            "Realization": 0.14074307680130005,
            "Relief": 0.13108505308628082,
            "Romance": 0.10365136712789536,
            "Sadness": 0.13749080896377563,
            "Satisfaction": 0.3356015086174011,
            "Shame": 0.061823584139347076,
            "Surprise (negative)": 0.04203595593571663,
            "Surprise (positive)": 0.05535315349698067,
            "Sympathy": 0.07861394435167313,
            "Tiredness": 0.14367586374282837,
            "Triumph": 0.07868687808513641
        },
        "prosody": {
            "Admiration": 0.0511225163936615,
            "Adoration": 0.024065525270998478,
            "Aesthetic Appreciation": 0.022106354124844074,
            "Amusement": 0.09442485868930817,
            "Anger": 0.0731580937281251,
            "Anxiety": 0.033744508400559425,
            "Awe": 0.030539369210600853,
            "Awkwardness": 0.01879347674548626,
            "Boredom": 0.0018957049760501832,
            "Calmness": 0.005683466326445341,
            "Concentration": 0.04117506556212902,
            "Confusion": 0.01815685979090631,
            "Contemplation": 0.0105382832698524,
            "Contempt": 0.015884337481111288,
            "Contentment": 0.022951258346438408,
            "Craving": 0.015660165809094906,
            "Desire": 0.009195002727210522,
            "Determination": 0.23577183485031128,
            "Disappointment": 0.00984927627723664,
            "Disgust": 0.009926358703523874,
            "Distress": 0.021922470536082983,
            "Doubt": 0.005786924855783582,
            "Ecstasy": 0.04981572553515434,
            "Embarrassment": 0.005409575998783112,
            "Empathic Pain": 0.0035989591851830482,
            "Entrancement": 0.010266890749335289,
            "Envy": 0.01347722765058279,
            "Excitement": 0.4127148985862732,
            "Fear": 0.01935997698456049,
            "Guilt": 0.003023105557076633,
            "Horror": 0.010802559088915586,
            "Interest": 0.13975036516785622,
            "Joy": 0.06462384201586246,
            "Love": 0.01265714317560196,
            "Nostalgia": 0.01029206719249487,
            "Pain": 0.004350101109594107,
            "Pride": 0.09085756540298462,
            "Realization": 0.043301619589328766,
            "Relief": 0.02154603088274598,
            "Romance": 0.009071926586329937,
            "Sadness": 0.001989492040593177,
            "Satisfaction": 0.07661192119121552,
            "Shame": 0.0035479593789204955,
            "Surprise (negative)": 0.02393630240112543,
            "Surprise (positive)": 0.06293619237840176,
            "Sympathy": 0.005331479129381478,
            "Tiredness": 0.0018562119221314788,
            "Triumph": 0.08265061303973198
        },
        "lang": {}
    }
}