{
    "metadata": {
        "dialogue_id": "1016",
        "time_start": "00-00-12.596",
        "time_end": "00-00-14.847",
        "speaker": "Carol",
        "emotion": "joy",
        "sentiment": "positive",
        "file_name": "1016_00-00-12.596_00-00-14.847_Carol_joy_positive"
    },
    "predicted": {
        "face": {
            "Admiration": 0.24252496659755707,
            "Adoration": 0.2716509997844696,
            "Aesthetic Appreciation": 0.10471799969673157,
            "Amusement": 0.791498601436615,
            "Anger": 0.011138117872178555,
            "Anxiety": 0.03666212409734726,
            "Awe": 0.08714044094085693,
            "Awkwardness": 0.1582452952861786,
            "Boredom": 0.0702163577079773,
            "Calmness": 0.28896069526672363,
            "Concentration": 0.14002470672130585,
            "Confusion": 0.0802125632762909,
            "Contemplation": 0.06690219044685364,
            "Contempt": 0.055118389427661896,
            "Contentment": 0.34040385484695435,
            "Craving": 0.04129771515727043,
            "Desire": 0.06340502947568893,
            "Determination": 0.04541553184390068,
            "Disappointment": 0.04045844450592995,
            "Disgust": 0.01749999448657036,
            "Distress": 0.03580353036522865,
            "Doubt": 0.05940259248018265,
            "Ecstasy": 0.16549913585186005,
            "Embarrassment": 0.054204314947128296,
            "Empathic Pain": 0.018736587837338448,
            "Entrancement": 0.1059504896402359,
            "Envy": 0.023650193586945534,
            "Excitement": 0.4651077389717102,
            "Fear": 0.024793926626443863,
            "Guilt": 0.01623198576271534,
            "Horror": 0.013918111100792885,
            "Interest": 0.47690606117248535,
            "Joy": 0.8504535555839539,
            "Love": 0.47592538595199585,
            "Nostalgia": 0.07718353718519211,
            "Pain": 0.02204417623579502,
            "Pride": 0.1460050642490387,
            "Realization": 0.0960102304816246,
            "Relief": 0.1354474574327469,
            "Romance": 0.09836006164550781,
            "Sadness": 0.021890413016080856,
            "Satisfaction": 0.46232908964157104,
            "Shame": 0.01999933086335659,
            "Surprise (negative)": 0.01642609015107155,
            "Surprise (positive)": 0.03815934807062149,
            "Sympathy": 0.06430302560329437,
            "Tiredness": 0.05120452493429184,
            "Triumph": 0.1016208603978157
        },
        "prosody": {
            "Admiration": 0.09037602692842484,
            "Adoration": 0.07810792326927185,
            "Aesthetic Appreciation": 0.038700614124536514,
            "Amusement": 0.15279826521873474,
            "Anger": 0.007212194614112377,
            "Anxiety": 0.04047875478863716,
            "Awe": 0.030895886942744255,
            "Awkwardness": 0.021693846210837364,
            "Boredom": 0.02975415624678135,
            "Calmness": 0.054626837372779846,
            "Concentration": 0.017553668469190598,
            "Confusion": 0.010518606752157211,
            "Contemplation": 0.01776650920510292,
            "Contempt": 0.023447051644325256,
            "Contentment": 0.12542010843753815,
            "Craving": 0.048260219395160675,
            "Desire": 0.011030602268874645,
            "Determination": 0.09285791963338852,
            "Disappointment": 0.007623052224516869,
            "Disgust": 0.0035110379103571177,
            "Distress": 0.008255391381680965,
            "Doubt": 0.007136070169508457,
            "Ecstasy": 0.06511328369379044,
            "Embarrassment": 0.0038452206645160913,
            "Empathic Pain": 0.012519958429038525,
            "Entrancement": 0.026775306090712547,
            "Envy": 0.011093148961663246,
            "Excitement": 0.2719813585281372,
            "Fear": 0.013722504489123821,
            "Guilt": 0.0021249970886856318,
            "Horror": 0.0035519017837941647,
            "Interest": 0.3030321002006531,
            "Joy": 0.2738153338432312,
            "Love": 0.04902828112244606,
            "Nostalgia": 0.0020822344813495874,
            "Pain": 0.0011038880329579115,
            "Pride": 0.057764265686273575,
            "Realization": 0.020701982080936432,
            "Relief": 0.039106667041778564,
            "Romance": 0.009004238992929459,
            "Sadness": 0.004721635952591896,
            "Satisfaction": 0.11276557296514511,
            "Shame": 0.0014223656617105007,
            "Surprise (negative)": 0.004535610321909189,
            "Surprise (positive)": 0.0326228030025959,
            "Sympathy": 0.05436824634671211,
            "Tiredness": 0.007452529855072498,
            "Triumph": 0.05003451183438301
        },
        "lang": {
            "Admiration": 0.0615281934539477,
            "Adoration": 0.028149043791927397,
            "Aesthetic Appreciation": 0.013877165348579487,
            "Amusement": 0.04992602796604236,
            "Anger": 0.006362569324361782,
            "Annoyance": 0.06688292976468801,
            "Anxiety": 0.0056174215278588235,
            "Awe": 0.04821753750244776,
            "Awkwardness": 0.03423378426426401,
            "Boredom": 0.01610061221678431,
            "Calmness": 0.12799692526459694,
            "Concentration": 0.010809903110687932,
            "Confusion": 0.021607691887766123,
            "Contemplation": 0.06960465883215268,
            "Contempt": 0.05824674743538102,
            "Contentment": 0.05827398939679066,
            "Craving": 0.002694066419887046,
            "Desire": 0.004680546175222844,
            "Determination": 0.012188719391512374,
            "Disappointment": 0.03419808783413222,
            "Disapproval": 0.02998280230288704,
            "Disgust": 0.00695277436170727,
            "Distress": 0.005623532546451315,
            "Doubt": 0.013997742556966841,
            "Ecstasy": 0.0046489189165489124,
            "Embarrassment": 0.009045375472245118,
            "Empathic Pain": 0.009594876241559783,
            "Enthusiasm": 0.055203054255495466,
            "Entrancement": 0.015717065272231896,
            "Envy": 0.01648829466042419,
            "Excitement": 0.048635424269984164,
            "Fear": 0.0016534327199527372,
            "Gratitude": 0.04663340918098887,
            "Guilt": 0.002518449065973982,
            "Horror": 0.0008216815889075709,
            "Interest": 0.07457654333362977,
            "Joy": 0.0551891295860211,
            "Love": 0.013664967147633433,
            "Nostalgia": 0.016539293418948848,
            "Pain": 0.0032558101665927097,
            "Pride": 0.011436700665702423,
            "Realization": 0.3716065088907878,
            "Relief": 0.07200364551196496,
            "Romance": 0.013049628197525939,
            "Sadness": 0.012559938875104612,
            "Sarcasm": 0.18401476678748926,
            "Satisfaction": 0.0919216809173425,
            "Shame": 0.007431334146531299,
            "Surprise (negative)": 0.06689686576525371,
            "Surprise (positive)": 0.21934604768951735,
            "Sympathy": 0.017949707185228665,
            "Tiredness": 0.0057671945736122625,
            "Triumph": 0.025430543270582955
        }
    }
}