{
    "metadata": {
        "dialogue_id": "1016",
        "time_start": "00-00-00.000",
        "time_end": "00-00-00.602",
        "speaker": "Ross",
        "emotion": "anger",
        "sentiment": "negative",
        "text_content": "....right?",
        "file_name": "1016_00-00-00.000_00-00-00.602_Ross_anger_negative"
    },
    "predicted": {
        "face": {},
        "prosody": {
            "Admiration": 0.008861953392624855,
            "Adoration": 0.009188158437609673,
            "Aesthetic Appreciation": 0.010855861939489841,
            "Amusement": 0.1950676441192627,
            "Anger": 0.05642339959740639,
            "Anxiety": 0.05675945803523064,
            "Awe": 0.06349585950374603,
            "Awkwardness": 0.0867362767457962,
            "Boredom": 0.013744201511144638,
            "Calmness": 0.012013249099254608,
            "Concentration": 0.013675286434590816,
            "Confusion": 0.18856222927570343,
            "Contemplation": 0.020245645195245743,
            "Contempt": 0.012661735527217388,
            "Contentment": 0.03761545196175575,
            "Craving": 0.006728859152644873,
            "Desire": 0.0074167270213365555,
            "Determination": 0.047373853623867035,
            "Disappointment": 0.02549503743648529,
            "Disgust": 0.013946602120995522,
            "Distress": 0.09500724822282791,
            "Doubt": 0.12496655434370041,
            "Ecstasy": 0.025803295895457268,
            "Embarrassment": 0.03020937740802765,
            "Empathic Pain": 0.006476874463260174,
            "Entrancement": 0.015404163859784603,
            "Envy": 0.009250444360077381,
            "Excitement": 0.15209220349788666,
            "Fear": 0.029052620753645897,
            "Guilt": 0.018058545887470245,
            "Horror": 0.027391556650400162,
            "Interest": 0.13269676268100739,
            "Joy": 0.03602663055062294,
            "Love": 0.004773360211402178,
            "Nostalgia": 0.010078014805912971,
            "Pain": 0.00912483036518097,
            "Pride": 0.023904485628008842,
            "Realization": 0.2293904572725296,
            "Relief": 0.053677793592214584,
            "Romance": 0.004183321259915829,
            "Sadness": 0.008343205787241459,
            "Satisfaction": 0.05973775312304497,
            "Shame": 0.023251209408044815,
            "Surprise (negative)": 0.15080001950263977,
            "Surprise (positive)": 0.2639957368373871,
            "Sympathy": 0.009308278560638428,
            "Tiredness": 0.0075516547076404095,
            "Triumph": 0.06400450319051743
        },
        "lang": {}
    }
}