{
    "metadata": {
        "dialogue_id": "1019",
        "time_start": "00-00-48.465",
        "time_end": "00-00-53.386",
        "speaker": "Chandler",
        "emotion": "neutral",
        "sentiment": "neutral",
        "file_name": "1019_00-00-48.465_00-00-53.386_Chandler_neutral_neutral"
    },
    "predicted": {
        "face": {
            "Admiration": 0.14021509885787964,
            "Adoration": 0.11430241912603378,
            "Aesthetic Appreciation": 0.07925328612327576,
            "Amusement": 0.23251187801361084,
            "Anger": 0.10813169926404953,
            "Anxiety": 0.1510736048221588,
            "Awe": 0.1520027220249176,
            "Awkwardness": 0.20647242665290833,
            "Boredom": 0.24851439893245697,
            "Calmness": 0.3330584168434143,
            "Concentration": 0.40167850255966187,
            "Confusion": 0.3853464126586914,
            "Contemplation": 0.21379172801971436,
            "Contempt": 0.169868603348732,
            "Contentment": 0.14912496507167816,
            "Craving": 0.06429216265678406,
            "Desire": 0.07101517915725708,
            "Determination": 0.1356210857629776,
            "Disappointment": 0.26754650473594666,
            "Disgust": 0.11946950107812881,
            "Distress": 0.1991792768239975,
            "Doubt": 0.3114714026451111,
            "Ecstasy": 0.05808823183178902,
            "Embarrassment": 0.10680101811885834,
            "Empathic Pain": 0.09694422781467438,
            "Entrancement": 0.1296938955783844,
            "Envy": 0.05414002016186714,
            "Excitement": 0.14162006974220276,
            "Fear": 0.1381252557039261,
            "Guilt": 0.0820777639746666,
            "Horror": 0.0790686383843422,
            "Interest": 0.34748488664627075,
            "Joy": 0.18113325536251068,
            "Love": 0.14619098603725433,
            "Nostalgia": 0.07373089343309402,
            "Pain": 0.14800648391246796,
            "Pride": 0.08975242078304291,
            "Realization": 0.18299280107021332,
            "Relief": 0.08194567263126373,
            "Romance": 0.05751308426260948,
            "Sadness": 0.21493205428123474,
            "Satisfaction": 0.16686294972896576,
            "Shame": 0.07215705513954163,
            "Surprise (negative)": 0.09571593999862671,
            "Surprise (positive)": 0.09031850099563599,
            "Sympathy": 0.07097253948450089,
            "Tiredness": 0.16726204752922058,
            "Triumph": 0.05672285705804825
        },
        "prosody": {
            "Admiration": 0.022724686190485954,
            "Adoration": 0.015219372697174549,
            "Aesthetic Appreciation": 0.022572219371795654,
            "Amusement": 0.1558159589767456,
            "Anger": 0.007698311936110258,
            "Anxiety": 0.02701546624302864,
            "Awe": 0.0009024994214996696,
            "Awkwardness": 0.22367897629737854,
            "Boredom": 0.0010597064392641187,
            "Calmness": 0.06223447248339653,
            "Concentration": 0.06189112365245819,
            "Confusion": 0.008378906175494194,
            "Contemplation": 0.21132220327854156,
            "Contempt": 0.012651239521801472,
            "Contentment": 0.02450895681977272,
            "Craving": 0.02086838334798813,
            "Desire": 0.008326787501573563,
            "Determination": 0.13896657526493073,
            "Disappointment": 0.008712082169950008,
            "Disgust": 0.0050215632654726505,
            "Distress": 0.013702095486223698,
            "Doubt": 0.08402004837989807,
            "Ecstasy": 0.0020775673910975456,
            "Embarrassment": 0.025807775557041168,
            "Empathic Pain": 0.024735338985919952,
            "Entrancement": 0.0012826728634536266,
            "Envy": 0.02554316073656082,
            "Excitement": 0.09889934211969376,
            "Fear": 0.005241000093519688,
            "Guilt": 0.0045649646781384945,
            "Horror": 0.0009127389639616013,
            "Interest": 0.3149561285972595,
            "Joy": 0.04796551913022995,
            "Love": 0.032104022800922394,
            "Nostalgia": 0.0043726516887545586,
            "Pain": 0.0013293132651597261,
            "Pride": 0.06889858841896057,
            "Realization": 0.01736677996814251,
            "Relief": 0.02902870811522007,
            "Romance": 0.006832941900938749,
            "Sadness": 0.0024792258627712727,
            "Satisfaction": 0.04368124529719353,
            "Shame": 0.004997041076421738,
            "Surprise (negative)": 0.0018714547622948885,
            "Surprise (positive)": 0.009671853855252266,
            "Sympathy": 0.18726757168769836,
            "Tiredness": 0.0040559060871601105,
            "Triumph": 0.007106296252459288
        },
        "lang": {
            "Admiration": 0.00319542280736972,
            "Adoration": 0.003673967259766703,
            "Aesthetic Appreciation": 0.006298070572401312,
            "Amusement": 0.025139732064086606,
            "Anger": 0.010557711383708838,
            "Annoyance": 0.2512772305106575,
            "Anxiety": 0.09042756568471139,
            "Awe": 0.0031906735358378764,
            "Awkwardness": 0.036508766637945715,
            "Boredom": 0.025794723452153532,
            "Calmness": 0.08853127815845338,
            "Concentration": 0.17217352563007313,
            "Confusion": 0.03605455460704186,
            "Contemplation": 0.07231441360305656,
            "Contempt": 0.022469676269048996,
            "Contentment": 0.015531163715588098,
            "Craving": 0.0183755005762743,
            "Desire": 0.0035610520095691422,
            "Determination": 0.22644046567041765,
            "Disappointment": 0.014152900347570803,
            "Disapproval": 0.025082882155071606,
            "Disgust": 0.003014902362007309,
            "Distress": 0.06378954062661664,
            "Doubt": 0.018318367444656113,
            "Ecstasy": 0.001761198893125931,
            "Embarrassment": 0.007087353712201796,
            "Empathic Pain": 0.006911946947432377,
            "Enthusiasm": 0.09594658034091647,
            "Entrancement": 0.009273958350108429,
            "Envy": 0.000804171023033136,
            "Excitement": 0.03630838917822323,
            "Fear": 0.012745203185741875,
            "Gratitude": 0.011154961036729881,
            "Guilt": 0.009026374937754801,
            "Horror": 0.0009159721164244481,
            "Interest": 0.09111256203190847,
            "Joy": 0.00616323515846902,
            "Love": 0.00569234359268607,
            "Nostalgia": 0.001263541863987815,
            "Pain": 0.003095843966796317,
            "Pride": 0.009358393774494867,
            "Realization": 0.07995715136216446,
            "Relief": 0.004966006487269293,
            "Romance": 0.0024494283385468984,
            "Sadness": 0.0029545325404879723,
            "Sarcasm": 0.04072691745717417,
            "Satisfaction": 0.019569574897600847,
            "Shame": 0.005404755081558092,
            "Surprise (negative)": 0.009544186685657636,
            "Surprise (positive)": 0.005699788532431491,
            "Sympathy": 0.00652270758820867,
            "Tiredness": 0.08805849792605097,
            "Triumph": 0.007387224050365727
        }
    }
}