{
    "metadata": {
        "dialogue_id": "1021",
        "time_start": "00-00-22.022",
        "time_end": "00-00-25.024",
        "speaker": "Chandler",
        "emotion": "neutral",
        "sentiment": "neutral",
        "text_content": "Is there any chance you didn\u0092t see that?",
        "file_name": "1021_00-00-22.022_00-00-25.024_Chandler_neutral_neutral"
    },
    "predicted": {
        "face": {
            "Admiration": 0.08252345770597458,
            "Adoration": 0.050985757261514664,
            "Aesthetic Appreciation": 0.06485018879175186,
            "Amusement": 0.08984959870576859,
            "Anger": 0.10716892778873444,
            "Anxiety": 0.17022806406021118,
            "Awe": 0.10859081149101257,
            "Awkwardness": 0.2013334035873413,
            "Boredom": 0.4830191433429718,
            "Calmness": 0.5048133134841919,
            "Concentration": 0.6243230104446411,
            "Confusion": 0.4790717661380768,
            "Contemplation": 0.24536600708961487,
            "Contempt": 0.18166163563728333,
            "Contentment": 0.09906399995088577,
            "Craving": 0.05790334567427635,
            "Desire": 0.05326083302497864,
            "Determination": 0.16958875954151154,
            "Disappointment": 0.3037206828594208,
            "Disgust": 0.09190019220113754,
            "Distress": 0.18598173558712006,
            "Doubt": 0.38073214888572693,
            "Ecstasy": 0.022808073088526726,
            "Embarrassment": 0.08924883604049683,
            "Empathic Pain": 0.08269302546977997,
            "Entrancement": 0.15112349390983582,
            "Envy": 0.05452292412519455,
            "Excitement": 0.048008378595113754,
            "Fear": 0.10943037271499634,
            "Guilt": 0.08599735796451569,
            "Horror": 0.051900122314691544,
            "Interest": 0.3282584547996521,
            "Joy": 0.05088571831583977,
            "Love": 0.056985221803188324,
            "Nostalgia": 0.05848480388522148,
            "Pain": 0.09061993658542633,
            "Pride": 0.0523662343621254,
            "Realization": 0.16685035824775696,
            "Relief": 0.05388091504573822,
            "Romance": 0.03422675281763077,
            "Sadness": 0.2129039168357849,
            "Satisfaction": 0.07656051963567734,
            "Shame": 0.06779177486896515,
            "Surprise (negative)": 0.08436271548271179,
            "Surprise (positive)": 0.06605342775583267,
            "Sympathy": 0.06473028659820557,
            "Tiredness": 0.2656170129776001,
            "Triumph": 0.022393014281988144
        },
        "prosody": {
            "Admiration": 0.007688669953495264,
            "Adoration": 0.00518299825489521,
            "Aesthetic Appreciation": 0.005282110068947077,
            "Amusement": 0.010309241712093353,
            "Anger": 0.2840218245983124,
            "Anxiety": 0.09122300148010254,
            "Awe": 0.01879953406751156,
            "Awkwardness": 0.035636819899082184,
            "Boredom": 0.002735471585765481,
            "Calmness": 0.005971752572804689,
            "Concentration": 0.005016542039811611,
            "Confusion": 0.11254504323005676,
            "Contemplation": 0.03241885080933571,
            "Contempt": 0.229844868183136,
            "Contentment": 0.003370886202901602,
            "Craving": 0.0008928973693400621,
            "Desire": 0.002207013312727213,
            "Determination": 0.0073192841373384,
            "Disappointment": 0.7609304785728455,
            "Disgust": 0.2549867033958435,
            "Distress": 0.3401963710784912,
            "Doubt": 0.12581345438957214,
            "Ecstasy": 0.0018585340585559607,
            "Embarrassment": 0.04959098622202873,
            "Empathic Pain": 0.1192387044429779,
            "Entrancement": 0.0049493275582790375,
            "Envy": 0.036169104278087616,
            "Excitement": 0.005035440903156996,
            "Fear": 0.05174725875258446,
            "Guilt": 0.04581569507718086,
            "Horror": 0.05249365419149399,
            "Interest": 0.0059720417484641075,
            "Joy": 0.001919147907756269,
            "Love": 0.0062190936878323555,
            "Nostalgia": 0.011788852512836456,
            "Pain": 0.11080100387334824,
            "Pride": 0.0025788298808038235,
            "Realization": 0.26197925209999084,
            "Relief": 0.008052901364862919,
            "Romance": 0.008856864646077156,
            "Sadness": 0.18263433873653412,
            "Satisfaction": 0.0018234645249322057,
            "Shame": 0.05678771808743477,
            "Surprise (negative)": 0.29052501916885376,
            "Surprise (positive)": 0.014137874357402325,
            "Sympathy": 0.0697420984506607,
            "Tiredness": 0.013138309121131897,
            "Triumph": 0.0016009961254894733
        },
        "lang": {}
    }
}