{
    "metadata": {
        "dialogue_id": "1023",
        "time_start": "00-00-00.000",
        "time_end": "00-00-02.168",
        "speaker": "Chandler",
        "emotion": "joy",
        "sentiment": "positive",
        "file_name": "1023_00-00-00.000_00-00-02.168_Chandler_joy_positive"
    },
    "predicted": {
        "face": {
            "Admiration": 0.04641631245613098,
            "Adoration": 0.02776094526052475,
            "Aesthetic Appreciation": 0.03611285611987114,
            "Amusement": 0.07092761993408203,
            "Anger": 0.20688800513744354,
            "Anxiety": 0.2002832293510437,
            "Awe": 0.10862640291452408,
            "Awkwardness": 0.23138508200645447,
            "Boredom": 0.2588433623313904,
            "Calmness": 0.17185096442699432,
            "Concentration": 0.3286374807357788,
            "Confusion": 0.7947039008140564,
            "Contemplation": 0.16000011563301086,
            "Contempt": 0.27006569504737854,
            "Contentment": 0.04674200713634491,
            "Craving": 0.039846546947956085,
            "Desire": 0.03831654042005539,
            "Determination": 0.1163918599486351,
            "Disappointment": 0.3427262604236603,
            "Disgust": 0.2925509214401245,
            "Distress": 0.27666112780570984,
            "Doubt": 0.4838253855705261,
            "Ecstasy": 0.02014957182109356,
            "Embarrassment": 0.11029735207557678,
            "Empathic Pain": 0.10219039022922516,
            "Entrancement": 0.08051988482475281,
            "Envy": 0.05073460936546326,
            "Excitement": 0.045268334448337555,
            "Fear": 0.13861316442489624,
            "Guilt": 0.07316970825195312,
            "Horror": 0.0992976576089859,
            "Interest": 0.18657991290092468,
            "Joy": 0.0346112884581089,
            "Love": 0.0296812504529953,
            "Nostalgia": 0.036025483161211014,
            "Pain": 0.15397359430789948,
            "Pride": 0.038039375096559525,
            "Realization": 0.15445813536643982,
            "Relief": 0.035483937710523605,
            "Romance": 0.017893757671117783,
            "Sadness": 0.16197523474693298,
            "Satisfaction": 0.04612702876329422,
            "Shame": 0.07035374641418457,
            "Surprise (negative)": 0.14397239685058594,
            "Surprise (positive)": 0.06737246364355087,
            "Sympathy": 0.04690852016210556,
            "Tiredness": 0.19169187545776367,
            "Triumph": 0.022931985557079315
        },
        "prosody": {
            "Admiration": 0.028956791386008263,
            "Adoration": 0.01970655471086502,
            "Aesthetic Appreciation": 0.03721841052174568,
            "Amusement": 0.28208109736442566,
            "Anger": 0.05032465234398842,
            "Anxiety": 0.0708838626742363,
            "Awe": 0.06720083951950073,
            "Awkwardness": 0.07684051245450974,
            "Boredom": 0.006191801279783249,
            "Calmness": 0.014306250028312206,
            "Concentration": 0.008032945916056633,
            "Confusion": 0.06293536722660065,
            "Contemplation": 0.0866476446390152,
            "Contempt": 0.03488897904753685,
            "Contentment": 0.1639351099729538,
            "Craving": 0.054249491542577744,
            "Desire": 0.027690637856721878,
            "Determination": 0.06829727441072464,
            "Disappointment": 0.09293725341558456,
            "Disgust": 0.0383450910449028,
            "Distress": 0.06173862889409065,
            "Doubt": 0.04905393719673157,
            "Ecstasy": 0.07646138221025467,
            "Embarrassment": 0.05713639408349991,
            "Empathic Pain": 0.007437343243509531,
            "Entrancement": 0.013566067442297935,
            "Envy": 0.021366983652114868,
            "Excitement": 0.2475428283214569,
            "Fear": 0.02820989303290844,
            "Guilt": 0.044246040284633636,
            "Horror": 0.020488498732447624,
            "Interest": 0.16570930182933807,
            "Joy": 0.14619415998458862,
            "Love": 0.011015752330422401,
            "Nostalgia": 0.018870381638407707,
            "Pain": 0.025312034413218498,
            "Pride": 0.1748407930135727,
            "Realization": 0.4923618733882904,
            "Relief": 0.05996471643447876,
            "Romance": 0.017036205157637596,
            "Sadness": 0.01163452584296465,
            "Satisfaction": 0.21351896226406097,
            "Shame": 0.047524381428956985,
            "Surprise (negative)": 0.11112204194068909,
            "Surprise (positive)": 0.3447416424751282,
            "Sympathy": 0.009348324500024319,
            "Tiredness": 0.008978433907032013,
            "Triumph": 0.10450570285320282
        },
        "lang": {
            "Admiration": 0.0016959387285169214,
            "Adoration": 0.0010197921850097675,
            "Aesthetic Appreciation": 0.004377824836410582,
            "Amusement": 0.05035864313443502,
            "Anger": 0.005263790236009906,
            "Annoyance": 0.07765246834605932,
            "Anxiety": 0.10799828117402892,
            "Awe": 0.002517407924945777,
            "Awkwardness": 0.15631493646651506,
            "Boredom": 0.08918873655299346,
            "Calmness": 0.04576852545142174,
            "Concentration": 0.01821913116145879,
            "Confusion": 0.17245192701617876,
            "Contemplation": 0.15955131594091654,
            "Contempt": 0.02576187113299966,
            "Contentment": 0.025773570640012622,
            "Craving": 0.04811931977747008,
            "Desire": 0.0017211639982027311,
            "Determination": 0.01322011835873127,
            "Disappointment": 0.052996291390930615,
            "Disapproval": 0.0251578235377868,
            "Disgust": 0.005774032984239359,
            "Distress": 0.06515719974413514,
            "Doubt": 0.17406562444133064,
            "Ecstasy": 0.010076726267773969,
            "Embarrassment": 0.031052799507354695,
            "Empathic Pain": 0.03318199647280077,
            "Enthusiasm": 0.05368146998807788,
            "Entrancement": 0.005653306259773672,
            "Envy": 0.003339411322182665,
            "Excitement": 0.03312087586770455,
            "Fear": 0.01738648969330825,
            "Gratitude": 0.0061867043453579145,
            "Guilt": 0.01925387801990534,
            "Horror": 0.0010409200379702572,
            "Interest": 0.035574285158266626,
            "Joy": 0.030655540981873248,
            "Love": 0.0011379671341273934,
            "Nostalgia": 0.0015887585080539186,
            "Pain": 0.030746507458388805,
            "Pride": 0.004845353464285533,
            "Realization": 0.10287146642804146,
            "Relief": 0.011758155034234127,
            "Romance": 0.0011251897813053802,
            "Sadness": 0.05652407444237421,
            "Sarcasm": 0.07840531381467979,
            "Satisfaction": 0.029218751820735633,
            "Shame": 0.034054644173011184,
            "Surprise (negative)": 0.025986823718994856,
            "Surprise (positive)": 0.023659652040805668,
            "Sympathy": 0.025730846954199176,
            "Tiredness": 0.1294033614297708,
            "Triumph": 0.00855638604843989
        }
    }
}