{
    "metadata": {
        "dialogue_id": "1025",
        "time_start": "00-00-51.677",
        "time_end": "00-00-56.013",
        "speaker": "Ross",
        "emotion": "neutral",
        "sentiment": "neutral",
        "file_name": "1025_00-00-51.677_00-00-56.013_Ross_neutral_neutral"
    },
    "predicted": {
        "face": {
            "Admiration": 0.057386383414268494,
            "Adoration": 0.04207335785031319,
            "Aesthetic Appreciation": 0.04206184297800064,
            "Amusement": 0.07631265372037888,
            "Anger": 0.0703396126627922,
            "Anxiety": 0.29540932178497314,
            "Awe": 0.07388193905353546,
            "Awkwardness": 0.1656041145324707,
            "Boredom": 0.26664018630981445,
            "Calmness": 0.2226201295852661,
            "Concentration": 0.4390357434749603,
            "Confusion": 0.5469286441802979,
            "Contemplation": 0.3219287097454071,
            "Contempt": 0.1127345860004425,
            "Contentment": 0.06190067157149315,
            "Craving": 0.04250204190611839,
            "Desire": 0.0438191220164299,
            "Determination": 0.10390830039978027,
            "Disappointment": 0.39938464760780334,
            "Disgust": 0.08696775138378143,
            "Distress": 0.4125393331050873,
            "Doubt": 0.4304322302341461,
            "Ecstasy": 0.022887684404850006,
            "Embarrassment": 0.14010807871818542,
            "Empathic Pain": 0.13209165632724762,
            "Entrancement": 0.09464362263679504,
            "Envy": 0.03199037164449692,
            "Excitement": 0.039559535682201385,
            "Fear": 0.14352254569530487,
            "Guilt": 0.1572839915752411,
            "Horror": 0.05777425691485405,
            "Interest": 0.19714507460594177,
            "Joy": 0.041253283619880676,
            "Love": 0.05008794739842415,
            "Nostalgia": 0.06151943653821945,
            "Pain": 0.228131502866745,
            "Pride": 0.03550225496292114,
            "Realization": 0.20930129289627075,
            "Relief": 0.06544391065835953,
            "Romance": 0.03172225505113602,
            "Sadness": 0.35026851296424866,
            "Satisfaction": 0.06183783337473869,
            "Shame": 0.12244761735200882,
            "Surprise (negative)": 0.06641469895839691,
            "Surprise (positive)": 0.039344750344753265,
            "Sympathy": 0.06484365463256836,
            "Tiredness": 0.28449925780296326,
            "Triumph": 0.018107997253537178
        },
        "prosody": {
            "Admiration": 0.001621247036382556,
            "Adoration": 0.002721586264669895,
            "Aesthetic Appreciation": 0.0008078732062131166,
            "Amusement": 0.0933355763554573,
            "Anger": 0.11335582286119461,
            "Anxiety": 0.19457678496837616,
            "Awe": 0.0012028057826682925,
            "Awkwardness": 0.16188780963420868,
            "Boredom": 0.007065575569868088,
            "Calmness": 0.010793264023959637,
            "Concentration": 0.0099210599437356,
            "Confusion": 0.07559684664011002,
            "Contemplation": 0.013989685103297234,
            "Contempt": 0.0437028743326664,
            "Contentment": 0.004472143482416868,
            "Craving": 0.012716139666736126,
            "Desire": 0.004061883315443993,
            "Determination": 0.04683292284607887,
            "Disappointment": 0.22918517887592316,
            "Disgust": 0.03261624276638031,
            "Distress": 0.522229790687561,
            "Doubt": 0.05327987298369408,
            "Ecstasy": 0.004590536933392286,
            "Embarrassment": 0.11829766631126404,
            "Empathic Pain": 0.06921342015266418,
            "Entrancement": 0.0012422825675457716,
            "Envy": 0.018520578742027283,
            "Excitement": 0.04534069076180458,
            "Fear": 0.02856495976448059,
            "Guilt": 0.10796116292476654,
            "Horror": 0.011783584021031857,
            "Interest": 0.013145636767148972,
            "Joy": 0.011845030821859837,
            "Love": 0.008252935484051704,
            "Nostalgia": 0.005172793287783861,
            "Pain": 0.07903078943490982,
            "Pride": 0.005321213509887457,
            "Realization": 0.12205855548381805,
            "Relief": 0.00771678239107132,
            "Romance": 0.007681814022362232,
            "Sadness": 0.0953357070684433,
            "Satisfaction": 0.012864688411355019,
            "Shame": 0.05935807526111603,
            "Surprise (negative)": 0.10273681581020355,
            "Surprise (positive)": 0.012374416925013065,
            "Sympathy": 0.03362695872783661,
            "Tiredness": 0.029333272948861122,
            "Triumph": 0.0036308267153799534
        },
        "lang": {
            "Admiration": 0.0029828753061960206,
            "Adoration": 0.002803014490238734,
            "Aesthetic Appreciation": 0.003193127686819552,
            "Amusement": 0.036359207508595365,
            "Anger": 0.019099347293376923,
            "Annoyance": 0.2665201660833861,
            "Anxiety": 0.1415215205695284,
            "Awe": 0.004227155899187844,
            "Awkwardness": 0.2826796150521228,
            "Boredom": 0.06368090364297754,
            "Calmness": 0.02970436744784054,
            "Concentration": 0.018550760480330178,
            "Confusion": 0.19557699129769676,
            "Contemplation": 0.05246038950587574,
            "Contempt": 0.04106415332736153,
            "Contentment": 0.006683767399456548,
            "Craving": 0.007849463123803664,
            "Desire": 0.00852538738399744,
            "Determination": 0.018994198021429935,
            "Disappointment": 0.07600071947825582,
            "Disapproval": 0.0841071586075582,
            "Disgust": 0.012560404028351369,
            "Distress": 0.07459570555702637,
            "Doubt": 0.10680934943650898,
            "Ecstasy": 0.0012154825013375988,
            "Embarrassment": 0.04579618364866627,
            "Empathic Pain": 0.010396052139664167,
            "Enthusiasm": 0.025960757740234073,
            "Entrancement": 0.006606516391529064,
            "Envy": 0.00486186074436103,
            "Excitement": 0.03228041934045522,
            "Fear": 0.04571731985350581,
            "Gratitude": 0.0029950566761391727,
            "Guilt": 0.020119018668897058,
            "Horror": 0.0052814862467226035,
            "Interest": 0.07114654583366294,
            "Joy": 0.0056753893150016665,
            "Love": 0.0038246980065626927,
            "Nostalgia": 0.0020846588886342943,
            "Pain": 0.006139819142653754,
            "Pride": 0.002691596280783415,
            "Realization": 0.09732240516888468,
            "Relief": 0.003969681050971542,
            "Romance": 0.00641075917519629,
            "Sadness": 0.018738893510185574,
            "Sarcasm": 0.08580082498098675,
            "Satisfaction": 0.0067567637276002455,
            "Shame": 0.021201359426700754,
            "Surprise (negative)": 0.1488316772799743,
            "Surprise (positive)": 0.034421847765579036,
            "Sympathy": 0.010301837991727026,
            "Tiredness": 0.012243443891700161,
            "Triumph": 0.0022713496230273066
        }
    }
}