{
    "metadata": {
        "dialogue_id": "1026",
        "time_start": "00-00-30.864",
        "time_end": "00-00-31.916",
        "speaker": "Monica",
        "emotion": "joy",
        "sentiment": "positive",
        "file_name": "1026_00-00-30.864_00-00-31.916_Monica_joy_positive"
    },
    "predicted": {
        "face": {
            "Admiration": 0.3018561899662018,
            "Adoration": 0.3569221794605255,
            "Aesthetic Appreciation": 0.13224071264266968,
            "Amusement": 0.5605615377426147,
            "Anger": 0.02188306488096714,
            "Anxiety": 0.05752596631646156,
            "Awe": 0.08442719280719757,
            "Awkwardness": 0.20296630263328552,
            "Boredom": 0.21268093585968018,
            "Calmness": 0.48353880643844604,
            "Concentration": 0.2359214723110199,
            "Confusion": 0.1488989144563675,
            "Contemplation": 0.14079664647579193,
            "Contempt": 0.1257670521736145,
            "Contentment": 0.39413273334503174,
            "Craving": 0.05833391100168228,
            "Desire": 0.08614720404148102,
            "Determination": 0.07460113614797592,
            "Disappointment": 0.1286129504442215,
            "Disgust": 0.03546901047229767,
            "Distress": 0.06748954206705093,
            "Doubt": 0.14811116456985474,
            "Ecstasy": 0.07981587201356888,
            "Embarrassment": 0.09420837461948395,
            "Empathic Pain": 0.03867260366678238,
            "Entrancement": 0.12367940694093704,
            "Envy": 0.04285132884979248,
            "Excitement": 0.22659851610660553,
            "Fear": 0.030893927440047264,
            "Guilt": 0.03742239996790886,
            "Horror": 0.013783040456473827,
            "Interest": 0.49561846256256104,
            "Joy": 0.5228402018547058,
            "Love": 0.5479750633239746,
            "Nostalgia": 0.11400021612644196,
            "Pain": 0.04441183805465698,
            "Pride": 0.1745561957359314,
            "Realization": 0.12598171830177307,
            "Relief": 0.1467675268650055,
            "Romance": 0.15506139397621155,
            "Sadness": 0.07546192407608032,
            "Satisfaction": 0.4491630494594574,
            "Shame": 0.048675715923309326,
            "Surprise (negative)": 0.017481578513979912,
            "Surprise (positive)": 0.02764182910323143,
            "Sympathy": 0.0892992913722992,
            "Tiredness": 0.12077905982732773,
            "Triumph": 0.08010213077068329
        },
        "prosody": {
            "Admiration": 0.0014189856592565775,
            "Adoration": 0.00047115926281549037,
            "Aesthetic Appreciation": 0.0032996986992657185,
            "Amusement": 0.023031085729599,
            "Anger": 0.1570531278848648,
            "Anxiety": 0.15899814665317535,
            "Awe": 0.002668587490916252,
            "Awkwardness": 0.06802723556756973,
            "Boredom": 0.020629780367016792,
            "Calmness": 0.054596468806266785,
            "Concentration": 0.049325261265039444,
            "Confusion": 0.17537088692188263,
            "Contemplation": 0.06675339490175247,
            "Contempt": 0.11958716809749603,
            "Contentment": 0.027138931676745415,
            "Craving": 0.0014547836035490036,
            "Desire": 0.000526337418705225,
            "Determination": 0.2869572639465332,
            "Disappointment": 0.12031691521406174,
            "Disgust": 0.044599294662475586,
            "Distress": 0.17444811761379242,
            "Doubt": 0.3726326823234558,
            "Ecstasy": 0.001979989930987358,
            "Embarrassment": 0.05889899283647537,
            "Empathic Pain": 0.009032427333295345,
            "Entrancement": 0.0008413620525971055,
            "Envy": 0.0026305420324206352,
            "Excitement": 0.008713135495781898,
            "Fear": 0.026376696303486824,
            "Guilt": 0.013681385666131973,
            "Horror": 0.008980818092823029,
            "Interest": 0.008334064856171608,
            "Joy": 0.0034256787039339542,
            "Love": 0.00044346932554617524,
            "Nostalgia": 0.0015564158093184233,
            "Pain": 0.011944463476538658,
            "Pride": 0.022372232750058174,
            "Realization": 0.1383449137210846,
            "Relief": 0.03055063635110855,
            "Romance": 0.00042566037154756486,
            "Sadness": 0.019000986590981483,
            "Satisfaction": 0.016543753445148468,
            "Shame": 0.035689666867256165,
            "Surprise (negative)": 0.0776418149471283,
            "Surprise (positive)": 0.007890382781624794,
            "Sympathy": 0.014929293654859066,
            "Tiredness": 0.013896358199417591,
            "Triumph": 0.011942671611905098
        },
        "lang": {
            "Admiration": 0.007009119028225541,
            "Adoration": 0.0012038070320462186,
            "Aesthetic Appreciation": 0.0037534072956380746,
            "Amusement": 0.01399647801493605,
            "Anger": 0.06613420136272907,
            "Annoyance": 0.22826691716909409,
            "Anxiety": 0.05037378368433565,
            "Awe": 0.010472319709757963,
            "Awkwardness": 0.019629869299630325,
            "Boredom": 0.04141490972445657,
            "Calmness": 0.07014410104602575,
            "Concentration": 0.030567638265589874,
            "Confusion": 0.08217532932758331,
            "Contemplation": 0.07735788449645042,
            "Contempt": 0.08578020582596461,
            "Contentment": 0.016900948986100655,
            "Craving": 0.0004355788114480674,
            "Desire": 0.0004092782570902879,
            "Determination": 0.027303702508409817,
            "Disappointment": 0.08093717197577159,
            "Disapproval": 0.2495067392786344,
            "Disgust": 0.023572605103254318,
            "Distress": 0.06861597516884406,
            "Doubt": 0.12409670154253642,
            "Ecstasy": 0.0008469439975063627,
            "Embarrassment": 0.004734502173960209,
            "Empathic Pain": 0.005572165362536907,
            "Enthusiasm": 0.0250161609146744,
            "Entrancement": 0.004228817007970065,
            "Envy": 0.0022870092458712557,
            "Excitement": 0.023878087794097762,
            "Fear": 0.08878530247602612,
            "Gratitude": 0.0017545750209440787,
            "Guilt": 0.002076355565804988,
            "Horror": 0.027019371414401878,
            "Interest": 0.046990724901358284,
            "Joy": 0.001998118192811186,
            "Love": 0.00048332460573874414,
            "Nostalgia": 0.0015092491424487282,
            "Pain": 0.0022638885226721563,
            "Pride": 0.0061867942567914724,
            "Realization": 0.1782004882891973,
            "Relief": 0.006569771406551202,
            "Romance": 0.000224282470298931,
            "Sadness": 0.006028774970521529,
            "Sarcasm": 0.061352549120783806,
            "Satisfaction": 0.022993714781478047,
            "Shame": 0.006719162687659264,
            "Surprise (negative)": 0.3055298874775569,
            "Surprise (positive)": 0.05324208519111077,
            "Sympathy": 0.00739691259029011,
            "Tiredness": 0.008656665954428414,
            "Triumph": 0.013112277956679463
        }
    }
}