{
    "metadata": {
        "dialogue_id": "1027",
        "time_start": "00-00-40.165",
        "time_end": "00-00-45.961",
        "speaker": "Phoebe",
        "emotion": "anger",
        "sentiment": "negative",
        "file_name": "1027_00-00-40.165_00-00-45.961_Phoebe_anger_negative"
    },
    "predicted": {
        "face": {
            "Admiration": 0.0425979420542717,
            "Adoration": 0.04083358123898506,
            "Aesthetic Appreciation": 0.030445663258433342,
            "Amusement": 0.13696809113025665,
            "Anger": 0.09253301471471786,
            "Anxiety": 0.19396647810935974,
            "Awe": 0.09441672265529633,
            "Awkwardness": 0.2133248746395111,
            "Boredom": 0.183394655585289,
            "Calmness": 0.13292014598846436,
            "Concentration": 0.1255195289850235,
            "Confusion": 0.3509310781955719,
            "Contemplation": 0.07118620723485947,
            "Contempt": 0.12931792438030243,
            "Contentment": 0.06657832860946655,
            "Craving": 0.04624584689736366,
            "Desire": 0.08100879937410355,
            "Determination": 0.04810745269060135,
            "Disappointment": 0.31315532326698303,
            "Disgust": 0.2344541698694229,
            "Distress": 0.3890742361545563,
            "Doubt": 0.19152790307998657,
            "Ecstasy": 0.06659684330224991,
            "Embarrassment": 0.1498725861310959,
            "Empathic Pain": 0.17445801198482513,
            "Entrancement": 0.06262509524822235,
            "Envy": 0.02562517300248146,
            "Excitement": 0.09167143702507019,
            "Fear": 0.21140342950820923,
            "Guilt": 0.09852797538042068,
            "Horror": 0.1463659256696701,
            "Interest": 0.11519265174865723,
            "Joy": 0.09013884514570236,
            "Love": 0.06606519967317581,
            "Nostalgia": 0.0485399067401886,
            "Pain": 0.4977351725101471,
            "Pride": 0.03587024658918381,
            "Realization": 0.13191375136375427,
            "Relief": 0.07821787893772125,
            "Romance": 0.03085332177579403,
            "Sadness": 0.37356624007225037,
            "Satisfaction": 0.1079607605934143,
            "Shame": 0.10287207365036011,
            "Surprise (negative)": 0.11743295192718506,
            "Surprise (positive)": 0.05267471447587013,
            "Sympathy": 0.050137486308813095,
            "Tiredness": 0.2699659466743469,
            "Triumph": 0.03495514765381813
        },
        "prosody": {
            "Admiration": 0.005345827667042613,
            "Adoration": 0.00368459802120924,
            "Aesthetic Appreciation": 0.004603484878316522,
            "Amusement": 0.0430507343262434,
            "Anger": 0.4023473933339119,
            "Anxiety": 0.2205355241894722,
            "Awe": 0.0123310680501163,
            "Awkwardness": 0.05974446423351765,
            "Boredom": 0.004469146719202399,
            "Calmness": 0.004246902302838862,
            "Concentration": 0.010780328419059515,
            "Confusion": 0.2289360612630844,
            "Contemplation": 0.021044248715043068,
            "Contempt": 0.1150766871869564,
            "Contentment": 0.004386232350952923,
            "Craving": 0.0038989773020148277,
            "Desire": 0.0014610388316214085,
            "Determination": 0.05591915640980005,
            "Disappointment": 0.1277923583984375,
            "Disgust": 0.08145812153816223,
            "Distress": 0.3163171261548996,
            "Doubt": 0.0868840217590332,
            "Ecstasy": 0.007001847494393587,
            "Embarrassment": 0.0596038494259119,
            "Empathic Pain": 0.016202598810195923,
            "Entrancement": 0.002192359999753535,
            "Envy": 0.01615537330508232,
            "Excitement": 0.0830688439309597,
            "Fear": 0.049825952388346195,
            "Guilt": 0.016205321764573455,
            "Horror": 0.041873712092638016,
            "Interest": 0.04761423170566559,
            "Joy": 0.012803861172869802,
            "Love": 0.0028436306747607887,
            "Nostalgia": 0.0028702521231025457,
            "Pain": 0.010473769856616855,
            "Pride": 0.01391065982170403,
            "Realization": 0.08882411383092403,
            "Relief": 0.007668607286177576,
            "Romance": 0.002669683482963592,
            "Sadness": 0.015253353398293257,
            "Satisfaction": 0.007228314760141075,
            "Shame": 0.01619305764324963,
            "Surprise (negative)": 0.18504581227898598,
            "Surprise (positive)": 0.030467419885098934,
            "Sympathy": 0.016119737876579165,
            "Tiredness": 0.006067930720746517,
            "Triumph": 0.008938983199186623
        },
        "lang": {
            "Admiration": 0.058150351441536956,
            "Adoration": 0.02009022519744646,
            "Aesthetic Appreciation": 0.022367412188591864,
            "Amusement": 0.04965242070074265,
            "Anger": 0.013726817658887459,
            "Annoyance": 0.0809566119255928,
            "Anxiety": 0.03218034400533025,
            "Awe": 0.05239124726862288,
            "Awkwardness": 0.03273741643016155,
            "Boredom": 0.02258228827626086,
            "Calmness": 0.02747802586796192,
            "Concentration": 0.032002886972175196,
            "Confusion": 0.05658321906454288,
            "Contemplation": 0.04280283173116354,
            "Contempt": 0.03306980108698973,
            "Contentment": 0.02012361378337328,
            "Craving": 0.0023739443769535194,
            "Desire": 0.002286773938417005,
            "Determination": 0.03943476231338886,
            "Disappointment": 0.016038301400840282,
            "Disapproval": 0.03762384969741106,
            "Disgust": 0.008457188369133152,
            "Distress": 0.028797538198817235,
            "Doubt": 0.031072103382589724,
            "Ecstasy": 0.008664196520560207,
            "Embarrassment": 0.0064997534589985246,
            "Empathic Pain": 0.06675672926940024,
            "Enthusiasm": 0.24103079062814897,
            "Entrancement": 0.014806602759143481,
            "Envy": 0.004502528696320951,
            "Excitement": 0.17958782720737732,
            "Fear": 0.020206612069159746,
            "Gratitude": 0.02796290874875222,
            "Guilt": 0.0025724470391511344,
            "Horror": 0.012061427557805123,
            "Interest": 0.17496122878331405,
            "Joy": 0.038121370903144665,
            "Love": 0.007309028070617037,
            "Nostalgia": 0.0025516917454436994,
            "Pain": 0.005200910390927815,
            "Pride": 0.026468577812640712,
            "Realization": 0.09351098308196434,
            "Relief": 0.013476277020974802,
            "Romance": 0.0017391851064390861,
            "Sadness": 0.00832879152865364,
            "Sarcasm": 0.12403517560316966,
            "Satisfaction": 0.04983759409962939,
            "Shame": 0.004208483222800379,
            "Surprise (negative)": 0.10449471224385959,
            "Surprise (positive)": 0.19522506428452638,
            "Sympathy": 0.07908087898977101,
            "Tiredness": 0.008873008182630517,
            "Triumph": 0.030553708139520425
        }
    }
}