{
    "metadata": {
        "dialogue_id": "102",
        "time_start": "00-00-07.132",
        "time_end": "00-00-09.467",
        "speaker": "Dr.-Rhodes",
        "emotion": "neutral",
        "sentiment": "neutral",
        "text_content": "He's good with rear things, bring him in too.",
        "file_name": "102_00-00-07.132_00-00-09.467_Dr.-Rhodes_neutral_neutral"
    },
    "predicted": {
        "face": {
            "Admiration": 0.08762402832508087,
            "Adoration": 0.05722649395465851,
            "Aesthetic Appreciation": 0.052491694688797,
            "Amusement": 0.19206391274929047,
            "Anger": 0.15873639285564423,
            "Anxiety": 0.15991345047950745,
            "Awe": 0.2564825415611267,
            "Awkwardness": 0.20543880760669708,
            "Boredom": 0.26527729630470276,
            "Calmness": 0.1849983185529709,
            "Concentration": 0.24367967247962952,
            "Confusion": 0.4097553491592407,
            "Contemplation": 0.11125937849283218,
            "Contempt": 0.14534805715084076,
            "Contentment": 0.08139539510011673,
            "Craving": 0.06737128645181656,
            "Desire": 0.08668053150177002,
            "Determination": 0.1219668984413147,
            "Disappointment": 0.2394779622554779,
            "Disgust": 0.12992119789123535,
            "Distress": 0.21957315504550934,
            "Doubt": 0.24956949055194855,
            "Ecstasy": 0.07892095297574997,
            "Embarrassment": 0.09348469972610474,
            "Empathic Pain": 0.08559592068195343,
            "Entrancement": 0.11244909465312958,
            "Envy": 0.041583120822906494,
            "Excitement": 0.17757529020309448,
            "Fear": 0.19599595665931702,
            "Guilt": 0.05701308697462082,
            "Horror": 0.1790245771408081,
            "Interest": 0.24228177964687347,
            "Joy": 0.12039158493280411,
            "Love": 0.07001549750566483,
            "Nostalgia": 0.04397786408662796,
            "Pain": 0.15771998465061188,
            "Pride": 0.06612695753574371,
            "Realization": 0.18899016082286835,
            "Relief": 0.07299653440713882,
            "Romance": 0.033111073076725006,
            "Sadness": 0.13209594786167145,
            "Satisfaction": 0.12493392080068588,
            "Shame": 0.05087748169898987,
            "Surprise (negative)": 0.23796263337135315,
            "Surprise (positive)": 0.20047272741794586,
            "Sympathy": 0.04232903942465782,
            "Tiredness": 0.21966613829135895,
            "Triumph": 0.06942575424909592
        },
        "prosody": {
            "Admiration": 0.2582308053970337,
            "Adoration": 0.09796792268753052,
            "Aesthetic Appreciation": 0.032132912427186966,
            "Amusement": 0.2990049719810486,
            "Anger": 0.004498278722167015,
            "Anxiety": 0.008291227743029594,
            "Awe": 0.04976163059473038,
            "Awkwardness": 0.025740396231412888,
            "Boredom": 0.000757367757614702,
            "Calmness": 0.0050292606465518475,
            "Concentration": 0.004498419351875782,
            "Confusion": 0.005967049393802881,
            "Contemplation": 0.012617896310985088,
            "Contempt": 0.008433575741946697,
            "Contentment": 0.07719617336988449,
            "Craving": 0.0027564854826778173,
            "Desire": 0.006461975164711475,
            "Determination": 0.02870599552989006,
            "Disappointment": 0.005798071622848511,
            "Disgust": 0.0017845862312242389,
            "Distress": 0.005806700326502323,
            "Doubt": 0.0044800653122365475,
            "Ecstasy": 0.0680277869105339,
            "Embarrassment": 0.007304952945560217,
            "Empathic Pain": 0.004976217169314623,
            "Entrancement": 0.005569709464907646,
            "Envy": 0.05293401703238487,
            "Excitement": 0.47480669617652893,
            "Fear": 0.0010862787021324039,
            "Guilt": 0.003848848631605506,
            "Horror": 0.0009739004890434444,
            "Interest": 0.18667258322238922,
            "Joy": 0.20817063748836517,
            "Love": 0.040369000285863876,
            "Nostalgia": 0.0045088608749210835,
            "Pain": 0.0008346567046828568,
            "Pride": 0.13622382283210754,
            "Realization": 0.05498005077242851,
            "Relief": 0.06789025664329529,
            "Romance": 0.011731958948075771,
            "Sadness": 0.0010966685367748141,
            "Satisfaction": 0.2288564294576645,
            "Shame": 0.0013729375787079334,
            "Surprise (negative)": 0.00852191261947155,
            "Surprise (positive)": 0.37641429901123047,
            "Sympathy": 0.026465563103556633,
            "Tiredness": 0.00023259823501575738,
            "Triumph": 0.10821785032749176
        },
        "lang": {}
    }
}