{
    "metadata": {
        "dialogue_id": "1034",
        "time_start": "00-00-00.000",
        "time_end": "00-00-03.836",
        "speaker": "Rachel",
        "emotion": "neutral",
        "sentiment": "neutral",
        "file_name": "1034_00-00-00.000_00-00-03.836_Rachel_neutral_neutral"
    },
    "predicted": {
        "face": {
            "Admiration": 0.07322783023118973,
            "Adoration": 0.07630380988121033,
            "Aesthetic Appreciation": 0.053105659782886505,
            "Amusement": 0.1251792311668396,
            "Anger": 0.05478319898247719,
            "Anxiety": 0.22511836886405945,
            "Awe": 0.04845339432358742,
            "Awkwardness": 0.22164656221866608,
            "Boredom": 0.3698236346244812,
            "Calmness": 0.4332883059978485,
            "Concentration": 0.43657079339027405,
            "Confusion": 0.2830143868923187,
            "Contemplation": 0.23888902366161346,
            "Contempt": 0.11852408945560455,
            "Contentment": 0.13439713418483734,
            "Craving": 0.04337629675865173,
            "Desire": 0.04580729082226753,
            "Determination": 0.09555099904537201,
            "Disappointment": 0.4607187509536743,
            "Disgust": 0.07407326251268387,
            "Distress": 0.3000980019569397,
            "Doubt": 0.2733314037322998,
            "Ecstasy": 0.02630428597331047,
            "Embarrassment": 0.2297598421573639,
            "Empathic Pain": 0.1286167949438095,
            "Entrancement": 0.101160928606987,
            "Envy": 0.035518549382686615,
            "Excitement": 0.048491258174180984,
            "Fear": 0.08460772782564163,
            "Guilt": 0.2067275494337082,
            "Horror": 0.029874861240386963,
            "Interest": 0.22619763016700745,
            "Joy": 0.09023196250200272,
            "Love": 0.12089242041110992,
            "Nostalgia": 0.0827334076166153,
            "Pain": 0.19327256083488464,
            "Pride": 0.049479175359010696,
            "Realization": 0.15851318836212158,
            "Relief": 0.0776047483086586,
            "Romance": 0.05939419940114021,
            "Sadness": 0.41222015023231506,
            "Satisfaction": 0.11346662789583206,
            "Shame": 0.22054336965084076,
            "Surprise (negative)": 0.03531760722398758,
            "Surprise (positive)": 0.024170394986867905,
            "Sympathy": 0.0910225585103035,
            "Tiredness": 0.35936984419822693,
            "Triumph": 0.019174281507730484
        },
        "prosody": {
            "Admiration": 0,
            "Adoration": 0,
            "Aesthetic Appreciation": 0,
            "Amusement": 0,
            "Anger": 0,
            "Annoyance": 0,
            "Anxiety": 0,
            "Awe": 0,
            "Awkwardness": 0,
            "Boredom": 0,
            "Calmness": 0,
            "Concentration": 0,
            "Confusion": 0,
            "Contemplation": 0,
            "Contempt": 0,
            "Contentment": 0,
            "Craving": 0,
            "Desire": 0,
            "Determination": 0,
            "Disappointment": 0,
            "Disapproval": 0,
            "Disgust": 0,
            "Distress": 0,
            "Doubt": 0,
            "Ecstasy": 0,
            "Embarrassment": 0,
            "Empathic Pain": 0,
            "Enthusiasm": 0,
            "Entrancement": 0,
            "Envy": 0,
            "Excitement": 0,
            "Fear": 0,
            "Gratitude": 0,
            "Guilt": 0,
            "Horror": 0,
            "Interest": 0,
            "Joy": 0,
            "Love": 0,
            "Nostalgia": 0,
            "Pain": 0,
            "Pride": 0,
            "Realization": 0,
            "Relief": 0,
            "Romance": 0,
            "Sadness": 0,
            "Sarcasm": 0,
            "Satisfaction": 0,
            "Shame": 0,
            "Surprise (negative)": 0,
            "Surprise (positive)": 0,
            "Sympathy": 0,
            "Tiredness": 0,
            "Triumph": 0
        },
        "lang": {
            "Admiration": 0.004380120946734678,
            "Adoration": 0.0058098503650398925,
            "Aesthetic Appreciation": 0.004186497506452724,
            "Amusement": 0.06663567433133721,
            "Anger": 0.003183590801199898,
            "Annoyance": 0.04353205091319978,
            "Anxiety": 0.01709997048601508,
            "Awe": 0.0018376727675786242,
            "Awkwardness": 0.15105113573372364,
            "Boredom": 0.03664465015754104,
            "Calmness": 0.21133642457425594,
            "Concentration": 0.027937447419390082,
            "Confusion": 0.07078404049389064,
            "Contemplation": 0.04049816355109215,
            "Contempt": 0.014834146830253303,
            "Contentment": 0.05602423450909555,
            "Craving": 0.006270289944950491,
            "Desire": 0.0012668705312535167,
            "Determination": 0.03924389625899494,
            "Disappointment": 0.0071031167899491265,
            "Disapproval": 0.006546798860654235,
            "Disgust": 0.0010149496229132637,
            "Distress": 0.006983086372201797,
            "Doubt": 0.017160221643280238,
            "Ecstasy": 0.002538800901675131,
            "Embarrassment": 0.021024784218752757,
            "Empathic Pain": 0.003558216165401973,
            "Enthusiasm": 0.18642750708386302,
            "Entrancement": 0.0036693921720143408,
            "Envy": 0.0009632193250581622,
            "Excitement": 0.08784581406507641,
            "Fear": 0.0023137664938985836,
            "Gratitude": 0.019824668648652732,
            "Guilt": 0.02293042706878623,
            "Horror": 0.00022810310292697977,
            "Interest": 0.18749918602406979,
            "Joy": 0.05344227747991681,
            "Love": 0.009827970847254619,
            "Nostalgia": 0.005398789566243067,
            "Pain": 0.0007367619364231359,
            "Pride": 0.01271131174871698,
            "Realization": 0.043962780153378844,
            "Relief": 0.010497916635358706,
            "Romance": 0.0020698405714938417,
            "Sadness": 0.0020657287423091475,
            "Sarcasm": 0.033503608079627156,
            "Satisfaction": 0.051872770534828305,
            "Shame": 0.008933577926654834,
            "Surprise (negative)": 0.009751676756422967,
            "Surprise (positive)": 0.03745117783546448,
            "Sympathy": 0.0070675991009920835,
            "Tiredness": 0.006471993605373427,
            "Triumph": 0.01406836899695918
        }
    }
}