{
    "metadata": {
        "dialogue_id": "1035",
        "time_start": "00-00-09.856",
        "time_end": "00-00-11.780",
        "speaker": "Chandler",
        "emotion": "neutral",
        "sentiment": "neutral",
        "file_name": "1035_00-00-09.856_00-00-11.780_Chandler_neutral_neutral"
    },
    "predicted": {
        "face": {
            "Admiration": 0.06695948541164398,
            "Adoration": 0.049577947705984116,
            "Aesthetic Appreciation": 0.04348481446504593,
            "Amusement": 0.13667111098766327,
            "Anger": 0.11271186172962189,
            "Anxiety": 0.21841022372245789,
            "Awe": 0.13043415546417236,
            "Awkwardness": 0.2204579859972,
            "Boredom": 0.1993301957845688,
            "Calmness": 0.16936126351356506,
            "Concentration": 0.2806084156036377,
            "Confusion": 0.632646918296814,
            "Contemplation": 0.15069617331027985,
            "Contempt": 0.15482479333877563,
            "Contentment": 0.06521066278219223,
            "Craving": 0.05254339054226875,
            "Desire": 0.055056311190128326,
            "Determination": 0.09265213459730148,
            "Disappointment": 0.29281648993492126,
            "Disgust": 0.18111750483512878,
            "Distress": 0.3212653398513794,
            "Doubt": 0.38154110312461853,
            "Ecstasy": 0.03817378729581833,
            "Embarrassment": 0.1211371123790741,
            "Empathic Pain": 0.14258868992328644,
            "Entrancement": 0.08806116878986359,
            "Envy": 0.04098073020577431,
            "Excitement": 0.08775129914283752,
            "Fear": 0.23249462246894836,
            "Guilt": 0.09098530560731888,
            "Horror": 0.14626550674438477,
            "Interest": 0.22987304627895355,
            "Joy": 0.0817067101597786,
            "Love": 0.060229841619729996,
            "Nostalgia": 0.050732001662254333,
            "Pain": 0.25805822014808655,
            "Pride": 0.04231201112270355,
            "Realization": 0.16173101961612701,
            "Relief": 0.04624801129102707,
            "Romance": 0.02892158553004265,
            "Sadness": 0.3058992624282837,
            "Satisfaction": 0.07629162818193436,
            "Shame": 0.07688480615615845,
            "Surprise (negative)": 0.1571883261203766,
            "Surprise (positive)": 0.08616691827774048,
            "Sympathy": 0.06622526049613953,
            "Tiredness": 0.1703421175479889,
            "Triumph": 0.03088151104748249
        },
        "prosody": {
            "Admiration": 0.0009735744679346681,
            "Adoration": 0.0010261244606226683,
            "Aesthetic Appreciation": 0.001125698210671544,
            "Amusement": 0.011608725413680077,
            "Anger": 0.5037182569503784,
            "Anxiety": 0.14976760745048523,
            "Awe": 0.0023065623827278614,
            "Awkwardness": 0.041348833590745926,
            "Boredom": 0.0018242626683786511,
            "Calmness": 0.0017595351673662663,
            "Concentration": 0.00843312032520771,
            "Confusion": 0.06849385052919388,
            "Contemplation": 0.0036865866277366877,
            "Contempt": 0.060250502079725266,
            "Contentment": 0.004206293728202581,
            "Craving": 0.0021523362956941128,
            "Desire": 0.0011584670282900333,
            "Determination": 0.14234815537929535,
            "Disappointment": 0.11668838560581207,
            "Disgust": 0.039033208042383194,
            "Distress": 0.26573681831359863,
            "Doubt": 0.028797786682844162,
            "Ecstasy": 0.005057870876044035,
            "Embarrassment": 0.04115992411971092,
            "Empathic Pain": 0.005120137240737677,
            "Entrancement": 0.0008764024241827428,
            "Envy": 0.0018422248540446162,
            "Excitement": 0.018508166074752808,
            "Fear": 0.03529468551278114,
            "Guilt": 0.018317287787795067,
            "Horror": 0.0199146531522274,
            "Interest": 0.0012764959828928113,
            "Joy": 0.00631581898778677,
            "Love": 0.0009060546290129423,
            "Nostalgia": 0.001762107014656067,
            "Pain": 0.047371264547109604,
            "Pride": 0.02552596852183342,
            "Realization": 0.031734589487314224,
            "Relief": 0.008156093768775463,
            "Romance": 0.0013457125751301646,
            "Sadness": 0.04174270108342171,
            "Satisfaction": 0.008555709384381771,
            "Shame": 0.030642863363027573,
            "Surprise (negative)": 0.07524318248033524,
            "Surprise (positive)": 0.009272678755223751,
            "Sympathy": 0.001136223552748561,
            "Tiredness": 0.006270620971918106,
            "Triumph": 0.01031644269824028
        },
        "lang": {
            "Admiration": 0.0019786196353379637,
            "Adoration": 0.000853911493322812,
            "Aesthetic Appreciation": 0.0013769145104258012,
            "Amusement": 0.01934241464671989,
            "Anger": 0.025631038025797654,
            "Annoyance": 0.265853990179797,
            "Anxiety": 0.04181512274468938,
            "Awe": 0.003148957786227887,
            "Awkwardness": 0.047300837157915034,
            "Boredom": 0.06832984027763207,
            "Calmness": 0.14308596208381155,
            "Concentration": 0.016020809300243855,
            "Confusion": 0.0970036182552576,
            "Contemplation": 0.059529415952662625,
            "Contempt": 0.07300430225829284,
            "Contentment": 0.0682586911522473,
            "Craving": 0.0014491410790166508,
            "Desire": 0.0009369378579625239,
            "Determination": 0.029063617810606956,
            "Disappointment": 0.06973529265572627,
            "Disapproval": 0.10369165086497863,
            "Disgust": 0.018100547584860276,
            "Distress": 0.059850559453479946,
            "Doubt": 0.10133424742768209,
            "Ecstasy": 0.0006944981165967571,
            "Embarrassment": 0.0094413203963389,
            "Empathic Pain": 0.005783016444183886,
            "Enthusiasm": 0.009226264897733927,
            "Entrancement": 0.002619588514789939,
            "Envy": 0.0023497332294937223,
            "Excitement": 0.003978518575119476,
            "Fear": 0.007712654187344015,
            "Gratitude": 0.0062535089964512736,
            "Guilt": 0.0028672816309457025,
            "Horror": 0.001257877151753443,
            "Interest": 0.016121114526564877,
            "Joy": 0.004070214810781181,
            "Love": 0.0010176917518644284,
            "Nostalgia": 0.0005989261068558941,
            "Pain": 0.012514564325101674,
            "Pride": 0.01276646350743249,
            "Realization": 0.1058594174683094,
            "Relief": 0.016242349714351196,
            "Romance": 0.0004995574490749277,
            "Sadness": 0.02288097880470256,
            "Sarcasm": 0.07225810115536054,
            "Satisfaction": 0.0408456576988101,
            "Shame": 0.010531571499692896,
            "Surprise (negative)": 0.06526058553329979,
            "Surprise (positive)": 0.017910584652175505,
            "Sympathy": 0.005900474498048425,
            "Tiredness": 0.09420938106874625,
            "Triumph": 0.013360824435949326
        }
    }
}