{
    "metadata": {
        "dialogue_id": "1036",
        "time_start": "00-00-20.437",
        "time_end": "00-00-23.939",
        "speaker": "Joey",
        "emotion": "surprise",
        "sentiment": "negative",
        "text_content": "What?!",
        "file_name": "1036_00-00-20.437_00-00-23.939_Joey_surprise_negative"
    },
    "predicted": {
        "face": {
            "Admiration": 0.046388693153858185,
            "Adoration": 0.036586157977581024,
            "Aesthetic Appreciation": 0.03308998793363571,
            "Amusement": 0.12203974276781082,
            "Anger": 0.13592231273651123,
            "Anxiety": 0.2066827118396759,
            "Awe": 0.08071141690015793,
            "Awkwardness": 0.25898799300193787,
            "Boredom": 0.158498615026474,
            "Calmness": 0.13780105113983154,
            "Concentration": 0.21100254356861115,
            "Confusion": 0.6734713315963745,
            "Contemplation": 0.10938241332769394,
            "Contempt": 0.20352372527122498,
            "Contentment": 0.058262087404727936,
            "Craving": 0.03791619464755058,
            "Desire": 0.03944314271211624,
            "Determination": 0.07064036279916763,
            "Disappointment": 0.31694644689559937,
            "Disgust": 0.32724374532699585,
            "Distress": 0.3476926386356354,
            "Doubt": 0.3670475482940674,
            "Ecstasy": 0.030703481286764145,
            "Embarrassment": 0.13439074158668518,
            "Empathic Pain": 0.16036975383758545,
            "Entrancement": 0.06054601073265076,
            "Envy": 0.03883495181798935,
            "Excitement": 0.06888080388307571,
            "Fear": 0.18477186560630798,
            "Guilt": 0.08888929337263107,
            "Horror": 0.12012121081352234,
            "Interest": 0.1696549952030182,
            "Joy": 0.0779271125793457,
            "Love": 0.04772603511810303,
            "Nostalgia": 0.04329591244459152,
            "Pain": 0.32278695702552795,
            "Pride": 0.038226984441280365,
            "Realization": 0.12771852314472198,
            "Relief": 0.04074428230524063,
            "Romance": 0.02110188454389572,
            "Sadness": 0.30734971165657043,
            "Satisfaction": 0.06631426513195038,
            "Shame": 0.0851493626832962,
            "Surprise (negative)": 0.11935153603553772,
            "Surprise (positive)": 0.0485408641397953,
            "Sympathy": 0.06540875136852264,
            "Tiredness": 0.1498461812734604,
            "Triumph": 0.0259855929762125
        },
        "prosody": {
            "Admiration": 0.014997432474046946,
            "Adoration": 0.006108344765380025,
            "Aesthetic Appreciation": 0.011273049050942063,
            "Amusement": 0.10091100633144379,
            "Anger": 0.00954532390460372,
            "Anxiety": 0.09918697085231543,
            "Awe": 0.05927962064743042,
            "Awkwardness": 0.10215727426111698,
            "Boredom": 0.030257625970989466,
            "Calmness": 0.07804497540928423,
            "Concentration": 0.09780634089838713,
            "Confusion": 0.444908931851387,
            "Contemplation": 0.15027261525392532,
            "Contempt": 0.030334646115079522,
            "Contentment": 0.02961602993309498,
            "Craving": 0.0028967171092517674,
            "Desire": 0.004128450294956565,
            "Determination": 0.04617498826701194,
            "Disappointment": 0.04397845920175314,
            "Disgust": 0.022305143531411886,
            "Distress": 0.06879045255482197,
            "Doubt": 0.2060014083981514,
            "Ecstasy": 0.010194238973781466,
            "Embarrassment": 0.0314680514857173,
            "Empathic Pain": 0.025690177455544472,
            "Entrancement": 0.010178817552514374,
            "Envy": 0.0049108583480119705,
            "Excitement": 0.02942860871553421,
            "Fear": 0.04083020053803921,
            "Guilt": 0.012471255380660295,
            "Horror": 0.01885149534791708,
            "Interest": 0.08432698622345924,
            "Joy": 0.00851642177440226,
            "Love": 0.003615862689912319,
            "Nostalgia": 0.007157908286899328,
            "Pain": 0.007317168521694839,
            "Pride": 0.032856359612196684,
            "Realization": 0.21164844557642937,
            "Relief": 0.03430750919505954,
            "Romance": 0.003242229111492634,
            "Sadness": 0.014488199492916465,
            "Satisfaction": 0.027418476645834744,
            "Shame": 0.011178615037351847,
            "Surprise (negative)": 0.2600623853504658,
            "Surprise (positive)": 0.10044877603650093,
            "Sympathy": 0.06435930542647839,
            "Tiredness": 0.02634123037569225,
            "Triumph": 0.016899864422157407
        },
        "lang": {}
    }
}