{
    "metadata": {
        "dialogue_id": "104",
        "time_start": "00-00-21.897",
        "time_end": "00-00-22.335",
        "speaker": "Monica",
        "emotion": "surprise",
        "sentiment": "negative",
        "text_content": "Look!",
        "file_name": "104_00-00-21.897_00-00-22.335_Monica_surprise_negative"
    },
    "predicted": {
        "face": {
            "Admiration": 0.09076383709907532,
            "Adoration": 0.077591173350811,
            "Aesthetic Appreciation": 0.05997853726148605,
            "Amusement": 0.17332682013511658,
            "Anger": 0.11237730085849762,
            "Anxiety": 0.14953190088272095,
            "Awe": 0.13176630437374115,
            "Awkwardness": 0.20176081359386444,
            "Boredom": 0.24651135504245758,
            "Calmness": 0.27546757459640503,
            "Concentration": 0.2934176027774811,
            "Confusion": 0.3630269765853882,
            "Contemplation": 0.1470557004213333,
            "Contempt": 0.1671263724565506,
            "Contentment": 0.11422369629144669,
            "Craving": 0.06022294983267784,
            "Desire": 0.09597252309322357,
            "Determination": 0.10796435922384262,
            "Disappointment": 0.29402244091033936,
            "Disgust": 0.14788904786109924,
            "Distress": 0.22283095121383667,
            "Doubt": 0.2537088394165039,
            "Ecstasy": 0.06231825053691864,
            "Embarrassment": 0.11987334489822388,
            "Empathic Pain": 0.09628332406282425,
            "Entrancement": 0.11541131883859634,
            "Envy": 0.04300479218363762,
            "Excitement": 0.115167997777462,
            "Fear": 0.11243297904729843,
            "Guilt": 0.08160527795553207,
            "Horror": 0.07190648466348648,
            "Interest": 0.24327993392944336,
            "Joy": 0.1256462037563324,
            "Love": 0.11203575134277344,
            "Nostalgia": 0.05888288840651512,
            "Pain": 0.17749644815921783,
            "Pride": 0.06358234584331512,
            "Realization": 0.17521806061267853,
            "Relief": 0.09423669427633286,
            "Romance": 0.052972517907619476,
            "Sadness": 0.1836462914943695,
            "Satisfaction": 0.15184661746025085,
            "Shame": 0.08492930233478546,
            "Surprise (negative)": 0.09646816551685333,
            "Surprise (positive)": 0.07948958873748779,
            "Sympathy": 0.052149780094623566,
            "Tiredness": 0.2532656788825989,
            "Triumph": 0.048355329781770706
        },
        "prosody": {
            "Admiration": 0,
            "Adoration": 0,
            "Aesthetic Appreciation": 0,
            "Amusement": 0,
            "Anger": 0,
            "Annoyance": 0,
            "Anxiety": 0,
            "Awe": 0,
            "Awkwardness": 0,
            "Boredom": 0,
            "Calmness": 0,
            "Concentration": 0,
            "Confusion": 0,
            "Contemplation": 0,
            "Contempt": 0,
            "Contentment": 0,
            "Craving": 0,
            "Desire": 0,
            "Determination": 0,
            "Disappointment": 0,
            "Disapproval": 0,
            "Disgust": 0,
            "Distress": 0,
            "Doubt": 0,
            "Ecstasy": 0,
            "Embarrassment": 0,
            "Empathic Pain": 0,
            "Enthusiasm": 0,
            "Entrancement": 0,
            "Envy": 0,
            "Excitement": 0,
            "Fear": 0,
            "Gratitude": 0,
            "Guilt": 0,
            "Horror": 0,
            "Interest": 0,
            "Joy": 0,
            "Love": 0,
            "Nostalgia": 0,
            "Pain": 0,
            "Pride": 0,
            "Realization": 0,
            "Relief": 0,
            "Romance": 0,
            "Sadness": 0,
            "Sarcasm": 0,
            "Satisfaction": 0,
            "Shame": 0,
            "Surprise (negative)": 0,
            "Surprise (positive)": 0,
            "Sympathy": 0,
            "Tiredness": 0,
            "Triumph": 0
        },
        "lang": {
            "Admiration": 0.05634382367134094,
            "Adoration": 0.026306578889489174,
            "Aesthetic Appreciation": 0.019303007051348686,
            "Amusement": 0.06504349410533905,
            "Anger": 0.020697064697742462,
            "Annoyance": 0.04606722667813301,
            "Anxiety": 0.006930829491466284,
            "Awe": 0.07012338191270828,
            "Awkwardness": 0.008645720779895782,
            "Boredom": 0.0019575313199311495,
            "Calmness": 0.002969860564917326,
            "Concentration": 0.015257195569574833,
            "Confusion": 0.02126775123178959,
            "Contemplation": 0.00628760177642107,
            "Contempt": 0.014707259833812714,
            "Contentment": 0.005906981416046619,
            "Craving": 0.0029679101426154375,
            "Desire": 0.002343627857044339,
            "Determination": 0.025190047919750214,
            "Disappointment": 0.004243487957865,
            "Disapproval": 0.024061281234025955,
            "Disgust": 0.008078372105956078,
            "Distress": 0.012049822136759758,
            "Doubt": 0.003480713814496994,
            "Ecstasy": 0.01888371631503105,
            "Embarrassment": 0.0025024686474353075,
            "Empathic Pain": 0.001475175959058106,
            "Enthusiasm": 0.4140668213367462,
            "Entrancement": 0.01661558635532856,
            "Envy": 0.0018634122097864747,
            "Excitement": 0.44006362557411194,
            "Fear": 0.007201408967375755,
            "Gratitude": 0.006996782962232828,
            "Guilt": 0.0004591481701936573,
            "Horror": 0.007049635984003544,
            "Interest": 0.17971478402614594,
            "Joy": 0.06314133107662201,
            "Love": 0.005356543231755495,
            "Nostalgia": 0.0008931494085118175,
            "Pain": 0.0007041041972115636,
            "Pride": 0.008629605174064636,
            "Realization": 0.07708891481161118,
            "Relief": 0.0038641307037323713,
            "Romance": 0.0011547302128747106,
            "Sadness": 0.00042220790055580437,
            "Sarcasm": 0.026678811758756638,
            "Satisfaction": 0.02690284512937069,
            "Shame": 0.0010330110089853406,
            "Surprise (negative)": 0.12516488134860992,
            "Surprise (positive)": 0.5428248643875122,
            "Sympathy": 0.001627314486540854,
            "Tiredness": 0.0004980027442798018,
            "Triumph": 0.021994657814502716
        }
    }
}