{
    "metadata": {
        "dialogue_id": "112",
        "time_start": "00-00-12.679",
        "time_end": "00-00-18.100",
        "speaker": "Phoebe",
        "emotion": "anger",
        "sentiment": "negative",
        "text_content": "Okay, I will find someplace else to do the rest of my appointments. I just don\u0092t know what the big deal is!",
        "file_name": "112_00-00-12.679_00-00-18.100_Phoebe_anger_negative"
    },
    "predicted": {
        "face": {
            "Admiration": 0.09343081712722778,
            "Adoration": 0.07519102841615677,
            "Aesthetic Appreciation": 0.06271219998598099,
            "Amusement": 0.1284169852733612,
            "Anger": 0.09674226492643356,
            "Anxiety": 0.20131783187389374,
            "Awe": 0.09430999308824539,
            "Awkwardness": 0.20474961400032043,
            "Boredom": 0.3042263686656952,
            "Calmness": 0.36169493198394775,
            "Concentration": 0.47429969906806946,
            "Confusion": 0.45459094643592834,
            "Contemplation": 0.2416372448205948,
            "Contempt": 0.1652410477399826,
            "Contentment": 0.11282074451446533,
            "Craving": 0.055310413241386414,
            "Desire": 0.05504123866558075,
            "Determination": 0.13108238577842712,
            "Disappointment": 0.348928838968277,
            "Disgust": 0.12056980282068253,
            "Distress": 0.2659599483013153,
            "Doubt": 0.3685137927532196,
            "Ecstasy": 0.03068823553621769,
            "Embarrassment": 0.13128513097763062,
            "Empathic Pain": 0.12570059299468994,
            "Entrancement": 0.12296362221240997,
            "Envy": 0.05022752657532692,
            "Excitement": 0.06528112292289734,
            "Fear": 0.14000755548477173,
            "Guilt": 0.12407125532627106,
            "Horror": 0.06103648990392685,
            "Interest": 0.2950689494609833,
            "Joy": 0.08885384351015091,
            "Love": 0.09799131006002426,
            "Nostalgia": 0.07425449043512344,
            "Pain": 0.18493977189064026,
            "Pride": 0.05654418468475342,
            "Realization": 0.16877585649490356,
            "Relief": 0.05967472493648529,
            "Romance": 0.047928713262081146,
            "Sadness": 0.3455357253551483,
            "Satisfaction": 0.10077938437461853,
            "Shame": 0.10759960114955902,
            "Surprise (negative)": 0.07526151835918427,
            "Surprise (positive)": 0.05187951773405075,
            "Sympathy": 0.08030669391155243,
            "Tiredness": 0.22797316312789917,
            "Triumph": 0.02719569019973278
        },
        "prosody": {
            "Admiration": 0.005330217536538839,
            "Adoration": 0.0026375921443104744,
            "Aesthetic Appreciation": 0.0024308362044394016,
            "Amusement": 0.0590125136077404,
            "Anger": 0.1985573172569275,
            "Anxiety": 0.17669819295406342,
            "Awe": 0.0021550613455474377,
            "Awkwardness": 0.12067866325378418,
            "Boredom": 0.00967545434832573,
            "Calmness": 0.010788949206471443,
            "Concentration": 0.058129988610744476,
            "Confusion": 0.1322091817855835,
            "Contemplation": 0.08052004128694534,
            "Contempt": 0.13471734523773193,
            "Contentment": 0.019315527752041817,
            "Craving": 0.004823502618819475,
            "Desire": 0.0009904606267809868,
            "Determination": 0.22971442341804504,
            "Disappointment": 0.2564520239830017,
            "Disgust": 0.06915635615587234,
            "Distress": 0.4279075264930725,
            "Doubt": 0.10100683569908142,
            "Ecstasy": 0.001959412358701229,
            "Embarrassment": 0.07357588410377502,
            "Empathic Pain": 0.02102559618651867,
            "Entrancement": 0.0007271523354575038,
            "Envy": 0.016581982374191284,
            "Excitement": 0.04066277667880058,
            "Fear": 0.02720184065401554,
            "Guilt": 0.014700020663440228,
            "Horror": 0.011384440585970879,
            "Interest": 0.03241473063826561,
            "Joy": 0.005674270447343588,
            "Love": 0.0027715961914509535,
            "Nostalgia": 0.005632036365568638,
            "Pain": 0.013530787080526352,
            "Pride": 0.021539844572544098,
            "Realization": 0.1161174550652504,
            "Relief": 0.011415539309382439,
            "Romance": 0.0013573209289461374,
            "Sadness": 0.03138937056064606,
            "Satisfaction": 0.02175762504339218,
            "Shame": 0.019177358597517014,
            "Surprise (negative)": 0.030303170904517174,
            "Surprise (positive)": 0.010888030752539635,
            "Sympathy": 0.03015199303627014,
            "Tiredness": 0.01122770644724369,
            "Triumph": 0.02134805917739868
        },
        "lang": {}
    }
}