{
    "metadata": {
        "dialogue_id": "113",
        "time_start": "00-00-30.656",
        "time_end": "00-00-36.827",
        "speaker": "Ross",
        "emotion": "neutral",
        "sentiment": "neutral",
        "text_content": "Okay, but if you do, make sure it seems like you're there to see him, okay, and you're not like doing it as a favour to me.",
        "file_name": "113_00-00-30.656_00-00-36.827_Ross_neutral_neutral"
    },
    "predicted": {
        "face": {
            "Admiration": 0.08923141658306122,
            "Adoration": 0.05422426015138626,
            "Aesthetic Appreciation": 0.06353560835123062,
            "Amusement": 0.08477494865655899,
            "Anger": 0.10197384655475616,
            "Anxiety": 0.1981133073568344,
            "Awe": 0.1323101967573166,
            "Awkwardness": 0.20683696866035461,
            "Boredom": 0.32858800888061523,
            "Calmness": 0.34505340456962585,
            "Concentration": 0.5293838381767273,
            "Confusion": 0.6169134974479675,
            "Contemplation": 0.27729400992393494,
            "Contempt": 0.18990617990493774,
            "Contentment": 0.07648414373397827,
            "Craving": 0.06253798305988312,
            "Desire": 0.05231448635458946,
            "Determination": 0.15445344150066376,
            "Disappointment": 0.3161008656024933,
            "Disgust": 0.1058068722486496,
            "Distress": 0.22500227391719818,
            "Doubt": 0.47316643595695496,
            "Ecstasy": 0.021816063672304153,
            "Embarrassment": 0.10013115406036377,
            "Empathic Pain": 0.09211081266403198,
            "Entrancement": 0.14351341128349304,
            "Envy": 0.05790460482239723,
            "Excitement": 0.046763237565755844,
            "Fear": 0.1521957814693451,
            "Guilt": 0.09391839802265167,
            "Horror": 0.06896597146987915,
            "Interest": 0.31414926052093506,
            "Joy": 0.04286099597811699,
            "Love": 0.053273435682058334,
            "Nostalgia": 0.06270431727170944,
            "Pain": 0.10682957619428635,
            "Pride": 0.048642516136169434,
            "Realization": 0.19946235418319702,
            "Relief": 0.0481715127825737,
            "Romance": 0.03424396738409996,
            "Sadness": 0.22317318618297577,
            "Satisfaction": 0.06348828971385956,
            "Shame": 0.07213322073221207,
            "Surprise (negative)": 0.10334416478872299,
            "Surprise (positive)": 0.0703791156411171,
            "Sympathy": 0.06409040838479996,
            "Tiredness": 0.20210221409797668,
            "Triumph": 0.02230844274163246
        },
        "prosody": {
            "Admiration": 0.03049830999225378,
            "Adoration": 0.01764912996441126,
            "Aesthetic Appreciation": 0.017358446959406137,
            "Amusement": 0.048835113644599915,
            "Anger": 0.22665849328041077,
            "Anxiety": 0.08291312493383884,
            "Awe": 0.009491867618635297,
            "Awkwardness": 0.04632590897381306,
            "Boredom": 0.010140549391508102,
            "Calmness": 0.0614682836458087,
            "Concentration": 0.11812744103372097,
            "Confusion": 0.06077003292739391,
            "Contemplation": 0.11120673827826977,
            "Contempt": 0.26976828277111053,
            "Contentment": 0.011633596383035183,
            "Craving": 0.011045628692954779,
            "Desire": 0.02737104136031121,
            "Determination": 0.2450782135128975,
            "Disappointment": 0.21334579214453697,
            "Disgust": 0.11959096044301987,
            "Distress": 0.09305768646299839,
            "Doubt": 0.17855529114603996,
            "Ecstasy": 0.005853791953995824,
            "Embarrassment": 0.035306261852383614,
            "Empathic Pain": 0.204375509172678,
            "Entrancement": 0.013232839643023908,
            "Envy": 0.14897342398762703,
            "Excitement": 0.02257546130567789,
            "Fear": 0.09318883530795574,
            "Guilt": 0.026817685924470425,
            "Horror": 0.01952188089489937,
            "Interest": 0.2171233631670475,
            "Joy": 0.010618255008012056,
            "Love": 0.019549622666090727,
            "Nostalgia": 0.0045371572487056255,
            "Pain": 0.019060850143432617,
            "Pride": 0.024130044505000114,
            "Realization": 0.07047569006681442,
            "Relief": 0.0120195671916008,
            "Romance": 0.03807060746476054,
            "Sadness": 0.03302418999373913,
            "Satisfaction": 0.016553663183003664,
            "Shame": 0.03088101325556636,
            "Surprise (negative)": 0.03747860435396433,
            "Surprise (positive)": 0.023295338731259108,
            "Sympathy": 0.3626729501411319,
            "Tiredness": 0.013176968321204185,
            "Triumph": 0.007165571907535195
        },
        "lang": {}
    }
}