{
    "metadata": {
        "dialogue_id": "116",
        "time_start": "00-00-03.963",
        "time_end": "00-00-09.884",
        "speaker": "Ross",
        "emotion": "neutral",
        "sentiment": "neutral",
        "file_name": "116_00-00-03.963_00-00-09.884_Ross_neutral_neutral"
    },
    "predicted": {
        "face": {
            "Admiration": 0.08346240967512131,
            "Adoration": 0.09193864464759827,
            "Aesthetic Appreciation": 0.07358033210039139,
            "Amusement": 0.13461193442344666,
            "Anger": 0.046106450259685516,
            "Anxiety": 0.10960587859153748,
            "Awe": 0.06631149351596832,
            "Awkwardness": 0.12513917684555054,
            "Boredom": 0.34016841650009155,
            "Calmness": 0.6958191990852356,
            "Concentration": 0.27987995743751526,
            "Confusion": 0.1774234026670456,
            "Contemplation": 0.15357235074043274,
            "Contempt": 0.12998992204666138,
            "Contentment": 0.2771107852458954,
            "Craving": 0.04908907413482666,
            "Desire": 0.13925328850746155,
            "Determination": 0.07869338989257812,
            "Disappointment": 0.23550796508789062,
            "Disgust": 0.058815035969018936,
            "Distress": 0.17473238706588745,
            "Doubt": 0.14283421635627747,
            "Ecstasy": 0.11036724597215652,
            "Embarrassment": 0.0720159187912941,
            "Empathic Pain": 0.07517140358686447,
            "Entrancement": 0.1471317559480667,
            "Envy": 0.026082854717969894,
            "Excitement": 0.07821640372276306,
            "Fear": 0.06199211627244949,
            "Guilt": 0.06285897642374039,
            "Horror": 0.02605198137462139,
            "Interest": 0.1659804731607437,
            "Joy": 0.1558423638343811,
            "Love": 0.1719243824481964,
            "Nostalgia": 0.09420348703861237,
            "Pain": 0.1670209765434265,
            "Pride": 0.08729144930839539,
            "Realization": 0.15127421915531158,
            "Relief": 0.3509150743484497,
            "Romance": 0.07469496130943298,
            "Sadness": 0.16629575192928314,
            "Satisfaction": 0.39801594614982605,
            "Shame": 0.06374096870422363,
            "Surprise (negative)": 0.028039902448654175,
            "Surprise (positive)": 0.02273440919816494,
            "Sympathy": 0.04611930996179581,
            "Tiredness": 0.5465565919876099,
            "Triumph": 0.05579762905836105
        },
        "prosody": {
            "Admiration": 0.05425441078841686,
            "Adoration": 0.044829148799180984,
            "Aesthetic Appreciation": 0.019923174753785133,
            "Amusement": 0.194068044424057,
            "Anger": 0.035395340994000435,
            "Anxiety": 0.03405124228447676,
            "Awe": 0.009711505146697164,
            "Awkwardness": 0.07771996408700943,
            "Boredom": 0.04970930330455303,
            "Calmness": 0.10144180245697498,
            "Concentration": 0.07125984132289886,
            "Confusion": 0.03520797099918127,
            "Contemplation": 0.0727638304233551,
            "Contempt": 0.0716773197054863,
            "Contentment": 0.031289733946323395,
            "Craving": 0.013372646644711494,
            "Desire": 0.010132945608347654,
            "Determination": 0.041911832988262177,
            "Disappointment": 0.09401435405015945,
            "Disgust": 0.040589338168501854,
            "Distress": 0.03560440614819527,
            "Doubt": 0.02862711902707815,
            "Ecstasy": 0.011082062497735023,
            "Embarrassment": 0.023283923976123333,
            "Empathic Pain": 0.016541830264031887,
            "Entrancement": 0.006395331118255854,
            "Envy": 0.038779753260314465,
            "Excitement": 0.023859218694269657,
            "Fear": 0.009850051254034042,
            "Guilt": 0.008261824492365122,
            "Horror": 0.004575828555971384,
            "Interest": 0.11385008692741394,
            "Joy": 0.05257774330675602,
            "Love": 0.04246034845709801,
            "Nostalgia": 0.13657598895952106,
            "Pain": 0.00851578381843865,
            "Pride": 0.06265966035425663,
            "Realization": 0.03801805432885885,
            "Relief": 0.015712878201156855,
            "Romance": 0.010871758684515953,
            "Sadness": 0.024256665259599686,
            "Satisfaction": 0.040581658482551575,
            "Shame": 0.008791905827820301,
            "Surprise (negative)": 0.018718508537858725,
            "Surprise (positive)": 0.01838997332379222,
            "Sympathy": 0.035702540539205074,
            "Tiredness": 0.02411193330772221,
            "Triumph": 0.010075102327391505
        },
        "lang": {
            "Admiration": 0.020427881789286263,
            "Adoration": 0.014675694067801278,
            "Aesthetic Appreciation": 0.008250686635549825,
            "Amusement": 0.06573375729987255,
            "Anger": 0.03403413542904533,
            "Annoyance": 0.2633237155297628,
            "Anxiety": 0.014001444689571284,
            "Awe": 0.021774573497868214,
            "Awkwardness": 0.11602046412344162,
            "Boredom": 0.024658010985988837,
            "Calmness": 0.04066700431016775,
            "Concentration": 0.0034668219428007994,
            "Confusion": 0.1430289990340288,
            "Contemplation": 0.053254065032188706,
            "Contempt": 0.09474051786729923,
            "Contentment": 0.016923579512737118,
            "Craving": 0.013330008543562144,
            "Desire": 0.014098511816253169,
            "Determination": 0.002676961952462219,
            "Disappointment": 0.13729563928567445,
            "Disapproval": 0.12225771301354353,
            "Disgust": 0.024012067928337134,
            "Distress": 0.020631047914950892,
            "Doubt": 0.058437501617635675,
            "Ecstasy": 0.001680072445126895,
            "Embarrassment": 0.030195213711032502,
            "Empathic Pain": 0.010536003660840483,
            "Enthusiasm": 0.009602450120907564,
            "Entrancement": 0.009921550643272124,
            "Envy": 0.062126181594346866,
            "Excitement": 0.007925246358634187,
            "Fear": 0.004077291554914644,
            "Gratitude": 0.013746973709203303,
            "Guilt": 0.006410541102433434,
            "Horror": 0.002326382223355512,
            "Interest": 0.04331875223523149,
            "Joy": 0.013736727844493894,
            "Love": 0.010405726731942896,
            "Nostalgia": 0.008375944513738012,
            "Pain": 0.011394592530380648,
            "Pride": 0.0076199945402689855,
            "Realization": 0.11270139165795766,
            "Relief": 0.010047800516566405,
            "Romance": 0.011592841514636977,
            "Sadness": 0.045002801182608194,
            "Sarcasm": 0.2264597936748312,
            "Satisfaction": 0.017309801259006444,
            "Shame": 0.02395327897885671,
            "Surprise (negative)": 0.17621643167848772,
            "Surprise (positive)": 0.08698796330449673,
            "Sympathy": 0.013597895892766805,
            "Tiredness": 0.008515845818552546,
            "Triumph": 0.0035350076370657636
        }
    }
}