{
    "metadata": {
        "dialogue_id": "122",
        "time_start": "00-00-52.427",
        "time_end": "00-01-02.311",
        "speaker": "Rachel",
        "emotion": "disgust",
        "sentiment": "negative",
        "text_content": "That wig all in disarray, and boobs flung over the night stand, y'know.",
        "file_name": "122_00-00-52.427_00-01-02.311_Rachel_disgust_negative"
    },
    "predicted": {
        "face": {
            "Admiration": 0.08143492043018341,
            "Adoration": 0.08067382872104645,
            "Aesthetic Appreciation": 0.052057020366191864,
            "Amusement": 0.16287462413311005,
            "Anger": 0.09939029812812805,
            "Anxiety": 0.18195265531539917,
            "Awe": 0.08375150710344315,
            "Awkwardness": 0.17318999767303467,
            "Boredom": 0.21539288759231567,
            "Calmness": 0.2533712685108185,
            "Concentration": 0.2611721158027649,
            "Confusion": 0.3341026306152344,
            "Contemplation": 0.16228339076042175,
            "Contempt": 0.14530977606773376,
            "Contentment": 0.12170271575450897,
            "Craving": 0.04595911130309105,
            "Desire": 0.06374470889568329,
            "Determination": 0.08798106014728546,
            "Disappointment": 0.3373132348060608,
            "Disgust": 0.14243285357952118,
            "Distress": 0.3231591582298279,
            "Doubt": 0.24928869307041168,
            "Ecstasy": 0.05633796751499176,
            "Embarrassment": 0.12588101625442505,
            "Empathic Pain": 0.15054212510585785,
            "Entrancement": 0.08882283419370651,
            "Envy": 0.035600654780864716,
            "Excitement": 0.09358087182044983,
            "Fear": 0.1381855309009552,
            "Guilt": 0.11018896102905273,
            "Horror": 0.0709051713347435,
            "Interest": 0.18890893459320068,
            "Joy": 0.13600772619247437,
            "Love": 0.1208389550447464,
            "Nostalgia": 0.07461924850940704,
            "Pain": 0.35393211245536804,
            "Pride": 0.06789456307888031,
            "Realization": 0.15307192504405975,
            "Relief": 0.10127460956573486,
            "Romance": 0.047678831964731216,
            "Sadness": 0.382680207490921,
            "Satisfaction": 0.15639998018741608,
            "Shame": 0.10135838389396667,
            "Surprise (negative)": 0.0623859241604805,
            "Surprise (positive)": 0.040145259350538254,
            "Sympathy": 0.06623350828886032,
            "Tiredness": 0.247409850358963,
            "Triumph": 0.04539497569203377
        },
        "prosody": {
            "Admiration": 0.05543981989224752,
            "Adoration": 0.04728515135745207,
            "Aesthetic Appreciation": 0.07393628855546315,
            "Amusement": 0.23730858912070593,
            "Anger": 0.007422443712130189,
            "Anxiety": 0.03258048867185911,
            "Awe": 0.035884628693262734,
            "Awkwardness": 0.09641795232892036,
            "Boredom": 0.054939173782865204,
            "Calmness": 0.0721921951820453,
            "Concentration": 0.08392420317977667,
            "Confusion": 0.023348647480209667,
            "Contemplation": 0.061862501626213394,
            "Contempt": 0.01732782709101836,
            "Contentment": 0.03178539127111435,
            "Craving": 0.014759810330967108,
            "Desire": 0.023727623745799065,
            "Determination": 0.040331373612085976,
            "Disappointment": 0.021840385782221954,
            "Disgust": 0.014356714052458605,
            "Distress": 0.02842672976354758,
            "Doubt": 0.017810304338733356,
            "Ecstasy": 0.04994484968483448,
            "Embarrassment": 0.043857965928812824,
            "Empathic Pain": 0.015632891717056435,
            "Entrancement": 0.024440269296367962,
            "Envy": 0.010897468154629072,
            "Excitement": 0.12172571818033855,
            "Fear": 0.02222462308903535,
            "Guilt": 0.012222803818682829,
            "Horror": 0.02178330855288853,
            "Interest": 0.15468002359072366,
            "Joy": 0.1157926395535469,
            "Love": 0.026953331505258877,
            "Nostalgia": 0.03915509022772312,
            "Pain": 0.01578348781913519,
            "Pride": 0.02456491533666849,
            "Realization": 0.03984231315553188,
            "Relief": 0.022223087027668953,
            "Romance": 0.022728048264980316,
            "Sadness": 0.023993015910188358,
            "Satisfaction": 0.069950466354688,
            "Shame": 0.011036303825676441,
            "Surprise (negative)": 0.022797676268965006,
            "Surprise (positive)": 0.091611891053617,
            "Sympathy": 0.020620965398848057,
            "Tiredness": 0.02245650750895341,
            "Triumph": 0.021856990332404774
        },
        "lang": {}
    }
}