{
    "metadata": {
        "dialogue_id": "129",
        "time_start": "00-00-51.469",
        "time_end": "00-00-51.660",
        "speaker": "Joey",
        "emotion": "surprise",
        "sentiment": "negative",
        "file_name": "129_00-00-51.469_00-00-51.660_Joey_surprise_negative"
    },
    "predicted": {
        "face": {
            "Admiration": 0.09116967022418976,
            "Adoration": 0.060192085802555084,
            "Aesthetic Appreciation": 0.06877626478672028,
            "Amusement": 0.08900747448205948,
            "Anger": 0.10620351880788803,
            "Anxiety": 0.17075033485889435,
            "Awe": 0.0887325182557106,
            "Awkwardness": 0.19771523773670197,
            "Boredom": 0.48703622817993164,
            "Calmness": 0.5138373374938965,
            "Concentration": 0.5674982666969299,
            "Confusion": 0.4563232362270355,
            "Contemplation": 0.27807584404945374,
            "Contempt": 0.21664461493492126,
            "Contentment": 0.11297959834337234,
            "Craving": 0.05297072231769562,
            "Desire": 0.04224449023604393,
            "Determination": 0.16146884858608246,
            "Disappointment": 0.3548741638660431,
            "Disgust": 0.09805840253829956,
            "Distress": 0.19664843380451202,
            "Doubt": 0.41170263290405273,
            "Ecstasy": 0.020974764600396156,
            "Embarrassment": 0.09374230355024338,
            "Empathic Pain": 0.09194508194923401,
            "Entrancement": 0.13997548818588257,
            "Envy": 0.060132771730422974,
            "Excitement": 0.04055052995681763,
            "Fear": 0.0992230698466301,
            "Guilt": 0.09370929002761841,
            "Horror": 0.03914502263069153,
            "Interest": 0.3091360032558441,
            "Joy": 0.05255722627043724,
            "Love": 0.06468779593706131,
            "Nostalgia": 0.07344397902488708,
            "Pain": 0.10613702237606049,
            "Pride": 0.06530547142028809,
            "Realization": 0.16893915832042694,
            "Relief": 0.06071622669696808,
            "Romance": 0.03604378551244736,
            "Sadness": 0.2685706913471222,
            "Satisfaction": 0.08262009918689728,
            "Shame": 0.07739143818616867,
            "Surprise (negative)": 0.057613641023635864,
            "Surprise (positive)": 0.04264965280890465,
            "Sympathy": 0.0726754292845726,
            "Tiredness": 0.26575660705566406,
            "Triumph": 0.024092599749565125
        },
        "prosody": {
            "Admiration": 0,
            "Adoration": 0,
            "Aesthetic Appreciation": 0,
            "Amusement": 0,
            "Anger": 0,
            "Annoyance": 0,
            "Anxiety": 0,
            "Awe": 0,
            "Awkwardness": 0,
            "Boredom": 0,
            "Calmness": 0,
            "Concentration": 0,
            "Confusion": 0,
            "Contemplation": 0,
            "Contempt": 0,
            "Contentment": 0,
            "Craving": 0,
            "Desire": 0,
            "Determination": 0,
            "Disappointment": 0,
            "Disapproval": 0,
            "Disgust": 0,
            "Distress": 0,
            "Doubt": 0,
            "Ecstasy": 0,
            "Embarrassment": 0,
            "Empathic Pain": 0,
            "Enthusiasm": 0,
            "Entrancement": 0,
            "Envy": 0,
            "Excitement": 0,
            "Fear": 0,
            "Gratitude": 0,
            "Guilt": 0,
            "Horror": 0,
            "Interest": 0,
            "Joy": 0,
            "Love": 0,
            "Nostalgia": 0,
            "Pain": 0,
            "Pride": 0,
            "Realization": 0,
            "Relief": 0,
            "Romance": 0,
            "Sadness": 0,
            "Sarcasm": 0,
            "Satisfaction": 0,
            "Shame": 0,
            "Surprise (negative)": 0,
            "Surprise (positive)": 0,
            "Sympathy": 0,
            "Tiredness": 0,
            "Triumph": 0
        },
        "lang": {
            "Admiration": 0.015159466691936055,
            "Adoration": 0.009744729565378899,
            "Aesthetic Appreciation": 0.0045000062479327125,
            "Amusement": 0.02953209200253089,
            "Anger": 0.017495300620794296,
            "Annoyance": 0.1571121389667193,
            "Anxiety": 0.009026293254767856,
            "Awe": 0.020413769719501335,
            "Awkwardness": 0.07995369657874107,
            "Boredom": 0.021440224178756278,
            "Calmness": 0.04555481548110644,
            "Concentration": 0.005785313745339711,
            "Confusion": 0.130262470493714,
            "Contemplation": 0.028595094569027424,
            "Contempt": 0.04053587714831034,
            "Contentment": 0.009646295298201343,
            "Craving": 0.0009584082047998285,
            "Desire": 0.002394007189044108,
            "Determination": 0.0038506382067377367,
            "Disappointment": 0.1556135875483354,
            "Disapproval": 0.086562920982639,
            "Disgust": 0.013820331233243147,
            "Distress": 0.01818860648199916,
            "Doubt": 0.0520140640437603,
            "Ecstasy": 0.0010665018198778853,
            "Embarrassment": 0.024316194312026102,
            "Empathic Pain": 0.013369192058841387,
            "Enthusiasm": 0.011416264344006777,
            "Entrancement": 0.006863905815407634,
            "Envy": 0.0055124890835334854,
            "Excitement": 0.00929086678661406,
            "Fear": 0.0038825554850821695,
            "Gratitude": 0.0068417675599145395,
            "Guilt": 0.010222354748596748,
            "Horror": 0.003386186552233994,
            "Interest": 0.04665106348693371,
            "Joy": 0.009587045991793275,
            "Love": 0.00722761087915084,
            "Nostalgia": 0.0019702944797851765,
            "Pain": 0.004568650096189231,
            "Pride": 0.0035492353490553796,
            "Realization": 0.21767316261927286,
            "Relief": 0.009733930036115149,
            "Romance": 0.005433586120489053,
            "Sadness": 0.0242253093359371,
            "Sarcasm": 0.11647915840148926,
            "Satisfaction": 0.010923340024116138,
            "Shame": 0.021898319634298485,
            "Surprise (negative)": 0.5148452967405319,
            "Surprise (positive)": 0.15466698879996935,
            "Sympathy": 0.02402187744155526,
            "Tiredness": 0.005922111915424466,
            "Triumph": 0.004172227636445314
        }
    }
}