{
    "metadata": {
        "dialogue_id": "130",
        "time_start": "00-00-52.177",
        "time_end": "00-00-53.689",
        "speaker": "Rachel",
        "emotion": "neutral",
        "sentiment": "neutral",
        "file_name": "130_00-00-52.177_00-00-53.689_Rachel_neutral_neutral"
    },
    "predicted": {
        "face": {
            "Admiration": 0.11846303939819336,
            "Adoration": 0.10049504041671753,
            "Aesthetic Appreciation": 0.06367483735084534,
            "Amusement": 0.23974846303462982,
            "Anger": 0.13353906571865082,
            "Anxiety": 0.15351678431034088,
            "Awe": 0.13590867817401886,
            "Awkwardness": 0.21829397976398468,
            "Boredom": 0.1676969826221466,
            "Calmness": 0.20347659289836884,
            "Concentration": 0.248981773853302,
            "Confusion": 0.463878870010376,
            "Contemplation": 0.13969317078590393,
            "Contempt": 0.18528342247009277,
            "Contentment": 0.11849216371774673,
            "Craving": 0.056199800223112106,
            "Desire": 0.07153750956058502,
            "Determination": 0.10645835846662521,
            "Disappointment": 0.23416519165039062,
            "Disgust": 0.17384879291057587,
            "Distress": 0.22635698318481445,
            "Doubt": 0.28849485516548157,
            "Ecstasy": 0.0665782019495964,
            "Embarrassment": 0.09882946312427521,
            "Empathic Pain": 0.09848762303590775,
            "Entrancement": 0.10183271020650864,
            "Envy": 0.04848543182015419,
            "Excitement": 0.16068588197231293,
            "Fear": 0.15666638314723969,
            "Guilt": 0.0625997930765152,
            "Horror": 0.09515667706727982,
            "Interest": 0.2912520468235016,
            "Joy": 0.20422397553920746,
            "Love": 0.1333708018064499,
            "Nostalgia": 0.06075891852378845,
            "Pain": 0.19213560223579407,
            "Pride": 0.08313307166099548,
            "Realization": 0.15925514698028564,
            "Relief": 0.07133911550045013,
            "Romance": 0.047103069722652435,
            "Sadness": 0.1844552606344223,
            "Satisfaction": 0.15594229102134705,
            "Shame": 0.05825525149703026,
            "Surprise (negative)": 0.09914156794548035,
            "Surprise (positive)": 0.07421935349702835,
            "Sympathy": 0.05632197856903076,
            "Tiredness": 0.12872762978076935,
            "Triumph": 0.06489531695842743
        },
        "prosody": {
            "Admiration": 0.017915120348334312,
            "Adoration": 0.005553949624300003,
            "Aesthetic Appreciation": 0.00863233394920826,
            "Amusement": 0.1314564347267151,
            "Anger": 0.34192684292793274,
            "Anxiety": 0.0692739337682724,
            "Awe": 0.009526045061647892,
            "Awkwardness": 0.059047069400548935,
            "Boredom": 0.023621732369065285,
            "Calmness": 0.03379947692155838,
            "Concentration": 0.12707853317260742,
            "Confusion": 0.0921931341290474,
            "Contemplation": 0.059712182730436325,
            "Contempt": 0.2686513066291809,
            "Contentment": 0.018518341705203056,
            "Craving": 0.011086981743574142,
            "Desire": 0.012771764770150185,
            "Determination": 0.1771172732114792,
            "Disappointment": 0.09995562583208084,
            "Disgust": 0.141489639878273,
            "Distress": 0.04058929532766342,
            "Doubt": 0.03703249618411064,
            "Ecstasy": 0.01359269767999649,
            "Embarrassment": 0.02276703529059887,
            "Empathic Pain": 0.004926147870719433,
            "Entrancement": 0.006469271145761013,
            "Envy": 0.018627416342496872,
            "Excitement": 0.10935544222593307,
            "Fear": 0.02914266474545002,
            "Guilt": 0.00924166664481163,
            "Horror": 0.01849808171391487,
            "Interest": 0.17847539484500885,
            "Joy": 0.022264724597334862,
            "Love": 0.007485624402761459,
            "Nostalgia": 0.01977543532848358,
            "Pain": 0.005351052153855562,
            "Pride": 0.05874316021800041,
            "Realization": 0.026626955717802048,
            "Relief": 0.007284149993211031,
            "Romance": 0.009952728636562824,
            "Sadness": 0.0067030698992311954,
            "Satisfaction": 0.019237786531448364,
            "Shame": 0.011825097724795341,
            "Surprise (negative)": 0.05919796600937843,
            "Surprise (positive)": 0.018661929294466972,
            "Sympathy": 0.010206921957433224,
            "Tiredness": 0.009837751276791096,
            "Triumph": 0.019244203343987465
        },
        "lang": {
            "Admiration": 0.01231209016405046,
            "Adoration": 0.02668828796595335,
            "Aesthetic Appreciation": 0.00862347309011966,
            "Amusement": 0.030265864729881287,
            "Anger": 0.026035041362047196,
            "Annoyance": 0.19197624176740646,
            "Anxiety": 0.025637012254446746,
            "Awe": 0.004710333386901766,
            "Awkwardness": 0.025944347959011793,
            "Boredom": 0.04783633118495345,
            "Calmness": 0.09708745442330838,
            "Concentration": 0.050179291516542435,
            "Confusion": 0.0575316502712667,
            "Contemplation": 0.04393426328897476,
            "Contempt": 0.04461344070732594,
            "Contentment": 0.057939193397760394,
            "Craving": 0.08895362289622426,
            "Desire": 0.12757133464328946,
            "Determination": 0.21743059009313584,
            "Disappointment": 0.03758318442851305,
            "Disapproval": 0.0339965095743537,
            "Disgust": 0.00549747662153095,
            "Distress": 0.03399152653291822,
            "Doubt": 0.022617533709853886,
            "Ecstasy": 0.01679948519449681,
            "Embarrassment": 0.002967906976118684,
            "Empathic Pain": 0.026309053367003798,
            "Enthusiasm": 0.08972676899284124,
            "Entrancement": 0.018471641396172345,
            "Envy": 0.005748616508208215,
            "Excitement": 0.03626294382847846,
            "Fear": 0.0049441270180977884,
            "Gratitude": 0.009823273750953376,
            "Guilt": 0.0045927961124107245,
            "Horror": 0.0006517823770991526,
            "Interest": 0.06036463938653469,
            "Joy": 0.02478222446516156,
            "Love": 0.11745282597839832,
            "Nostalgia": 0.002800061472225934,
            "Pain": 0.03242941834032535,
            "Pride": 0.013378017302602529,
            "Realization": 0.04000234380364418,
            "Relief": 0.02467449470423162,
            "Romance": 0.08614114664960652,
            "Sadness": 0.013405368523672223,
            "Sarcasm": 0.02728752247057855,
            "Satisfaction": 0.06267492733895778,
            "Shame": 0.005085636954754591,
            "Surprise (negative)": 0.013036850560456514,
            "Surprise (positive)": 0.007929115695878864,
            "Sympathy": 0.029572139773517848,
            "Tiredness": 0.11082199849188328,
            "Triumph": 0.02020386718213558
        }
    }
}