{
    "metadata": {
        "dialogue_id": "132",
        "time_start": "00-00-08.759",
        "time_end": "00-00-11.635",
        "speaker": "Rachel",
        "emotion": "sadness",
        "sentiment": "negative",
        "file_name": "132_00-00-08.759_00-00-11.635_Rachel_sadness_negative"
    },
    "predicted": {
        "face": {
            "Admiration": 0.06808272004127502,
            "Adoration": 0.058949150145053864,
            "Aesthetic Appreciation": 0.05332696810364723,
            "Amusement": 0.0799601748585701,
            "Anger": 0.06748224049806595,
            "Anxiety": 0.1932879388332367,
            "Awe": 0.06066962331533432,
            "Awkwardness": 0.1785794198513031,
            "Boredom": 0.6137428879737854,
            "Calmness": 0.34174972772598267,
            "Concentration": 0.3417486250400543,
            "Confusion": 0.514112651348114,
            "Contemplation": 0.28238925337791443,
            "Contempt": 0.19346079230308533,
            "Contentment": 0.09843923151493073,
            "Craving": 0.042809825390577316,
            "Desire": 0.05529792234301567,
            "Determination": 0.08600634336471558,
            "Disappointment": 0.49315953254699707,
            "Disgust": 0.10460949689149857,
            "Distress": 0.31196731328964233,
            "Doubt": 0.42822185158729553,
            "Ecstasy": 0.024157341569662094,
            "Embarrassment": 0.12766288220882416,
            "Empathic Pain": 0.11278177797794342,
            "Entrancement": 0.09799600392580032,
            "Envy": 0.03975258022546768,
            "Excitement": 0.03075767122209072,
            "Fear": 0.0733460858464241,
            "Guilt": 0.11374872177839279,
            "Horror": 0.02896326407790184,
            "Interest": 0.18457503616809845,
            "Joy": 0.047605060040950775,
            "Love": 0.07234470546245575,
            "Nostalgia": 0.07748287916183472,
            "Pain": 0.1973835974931717,
            "Pride": 0.05130067467689514,
            "Realization": 0.17143163084983826,
            "Relief": 0.09977972507476807,
            "Romance": 0.04268038645386696,
            "Sadness": 0.33901113271713257,
            "Satisfaction": 0.0963483452796936,
            "Shame": 0.12295176088809967,
            "Surprise (negative)": 0.0368323028087616,
            "Surprise (positive)": 0.021209295839071274,
            "Sympathy": 0.06552058458328247,
            "Tiredness": 0.5250468254089355,
            "Triumph": 0.021585755050182343
        },
        "prosody": {
            "Admiration": 0,
            "Adoration": 0,
            "Aesthetic Appreciation": 0,
            "Amusement": 0,
            "Anger": 0,
            "Annoyance": 0,
            "Anxiety": 0,
            "Awe": 0,
            "Awkwardness": 0,
            "Boredom": 0,
            "Calmness": 0,
            "Concentration": 0,
            "Confusion": 0,
            "Contemplation": 0,
            "Contempt": 0,
            "Contentment": 0,
            "Craving": 0,
            "Desire": 0,
            "Determination": 0,
            "Disappointment": 0,
            "Disapproval": 0,
            "Disgust": 0,
            "Distress": 0,
            "Doubt": 0,
            "Ecstasy": 0,
            "Embarrassment": 0,
            "Empathic Pain": 0,
            "Enthusiasm": 0,
            "Entrancement": 0,
            "Envy": 0,
            "Excitement": 0,
            "Fear": 0,
            "Gratitude": 0,
            "Guilt": 0,
            "Horror": 0,
            "Interest": 0,
            "Joy": 0,
            "Love": 0,
            "Nostalgia": 0,
            "Pain": 0,
            "Pride": 0,
            "Realization": 0,
            "Relief": 0,
            "Romance": 0,
            "Sadness": 0,
            "Sarcasm": 0,
            "Satisfaction": 0,
            "Shame": 0,
            "Surprise (negative)": 0,
            "Surprise (positive)": 0,
            "Sympathy": 0,
            "Tiredness": 0,
            "Triumph": 0
        },
        "lang": {
            "Admiration": 0.002075024376002451,
            "Adoration": 0.0006826091557741165,
            "Aesthetic Appreciation": 0.004557475292434295,
            "Amusement": 0.014820754528045654,
            "Anger": 0.006426177220419049,
            "Annoyance": 0.20092245439688364,
            "Anxiety": 0.02378062663289408,
            "Awe": 0.0013054675267388423,
            "Awkwardness": 0.1950563881546259,
            "Boredom": 0.44152991970380145,
            "Calmness": 0.06845398495594661,
            "Concentration": 0.012896543989578882,
            "Confusion": 0.1496098879724741,
            "Contemplation": 0.05704432353377342,
            "Contempt": 0.06390061974525452,
            "Contentment": 0.01696802768856287,
            "Craving": 0.0008083793606298665,
            "Desire": 0.0008814763374781857,
            "Determination": 0.004829098625729482,
            "Disappointment": 0.11014207949241002,
            "Disapproval": 0.09901368618011475,
            "Disgust": 0.01130046509206295,
            "Distress": 0.015842474531382322,
            "Doubt": 0.18650722038000822,
            "Ecstasy": 0.00027457691612653434,
            "Embarrassment": 0.02726448226409654,
            "Empathic Pain": 0.004432408449550469,
            "Enthusiasm": 0.006439014182736476,
            "Entrancement": 0.0027233421181639037,
            "Envy": 0.002508991902383665,
            "Excitement": 0.002545857452787459,
            "Fear": 0.004504989735626926,
            "Gratitude": 0.0016058374312706292,
            "Guilt": 0.002214723324868828,
            "Horror": 0.0005917127515810231,
            "Interest": 0.018257283916076023,
            "Joy": 0.0021499167196452618,
            "Love": 0.0005729719802426795,
            "Nostalgia": 0.0014522768324241042,
            "Pain": 0.004090466847022374,
            "Pride": 0.0015285934787243605,
            "Realization": 0.06407495712240537,
            "Relief": 0.005487784200037519,
            "Romance": 0.0005692254247454306,
            "Sadness": 0.016944264993071556,
            "Sarcasm": 0.0987262421598037,
            "Satisfaction": 0.00905733136460185,
            "Shame": 0.014674510806798935,
            "Surprise (negative)": 0.03634808026254177,
            "Surprise (positive)": 0.0065752912778407335,
            "Sympathy": 0.006077358654389779,
            "Tiredness": 0.0838551198442777,
            "Triumph": 0.0023251344197584936
        }
    }
}