{
    "metadata": {
        "dialogue_id": "138",
        "time_start": "00-00-07.716",
        "time_end": "00-00-09.593",
        "speaker": "Rachel",
        "emotion": "joy",
        "sentiment": "positive",
        "file_name": "138_00-00-07.716_00-00-09.593_Rachel_joy_positive"
    },
    "predicted": {
        "face": {
            "Admiration": 0.07173867523670197,
            "Adoration": 0.07568235695362091,
            "Aesthetic Appreciation": 0.06948074698448181,
            "Amusement": 0.2369173765182495,
            "Anger": 0.03161803260445595,
            "Anxiety": 0.07523705810308456,
            "Awe": 0.07681478559970856,
            "Awkwardness": 0.13809919357299805,
            "Boredom": 0.3139118254184723,
            "Calmness": 0.2557080388069153,
            "Concentration": 0.16641056537628174,
            "Confusion": 0.12195885926485062,
            "Contemplation": 0.10379564017057419,
            "Contempt": 0.08922907710075378,
            "Contentment": 0.1507948935031891,
            "Craving": 0.27303820848464966,
            "Desire": 1.1026928424835205,
            "Determination": 0.07802474498748779,
            "Disappointment": 0.10493046045303345,
            "Disgust": 0.04598860442638397,
            "Distress": 0.10585721582174301,
            "Doubt": 0.08138944208621979,
            "Ecstasy": 0.30594462156295776,
            "Embarrassment": 0.04461165517568588,
            "Empathic Pain": 0.035195428878068924,
            "Entrancement": 0.14848175644874573,
            "Envy": 0.021640151739120483,
            "Excitement": 0.17864330112934113,
            "Fear": 0.05177516117691994,
            "Guilt": 0.028590010479092598,
            "Horror": 0.02874278649687767,
            "Interest": 0.17554952204227448,
            "Joy": 0.1622903198003769,
            "Love": 0.14684231579303741,
            "Nostalgia": 0.0559563934803009,
            "Pain": 0.10688510537147522,
            "Pride": 0.07285203039646149,
            "Realization": 0.11746226996183395,
            "Relief": 0.2368544191122055,
            "Romance": 0.13063424825668335,
            "Sadness": 0.05349460244178772,
            "Satisfaction": 0.5361962914466858,
            "Shame": 0.031106507405638695,
            "Surprise (negative)": 0.023374509066343307,
            "Surprise (positive)": 0.0203209538012743,
            "Sympathy": 0.018776213750243187,
            "Tiredness": 0.324241578578949,
            "Triumph": 0.10571816563606262
        },
        "prosody": {
            "Admiration": 0.035829950124025345,
            "Adoration": 0.018410025164484978,
            "Aesthetic Appreciation": 0.029168089851737022,
            "Amusement": 0.21205145120620728,
            "Anger": 0.004989918787032366,
            "Anxiety": 0.023009635508060455,
            "Awe": 0.04551892727613449,
            "Awkwardness": 0.03734543174505234,
            "Boredom": 0.01089141983538866,
            "Calmness": 0.01044148113578558,
            "Concentration": 0.0007495766622014344,
            "Confusion": 0.02289673686027527,
            "Contemplation": 0.020886743441224098,
            "Contempt": 0.00392253790050745,
            "Contentment": 0.19395078718662262,
            "Craving": 0.00801868923008442,
            "Desire": 0.004103529267013073,
            "Determination": 0.004810180049389601,
            "Disappointment": 0.009695335291326046,
            "Disgust": 0.0021494298707693815,
            "Distress": 0.01408236101269722,
            "Doubt": 0.008724307641386986,
            "Ecstasy": 0.11260496079921722,
            "Embarrassment": 0.017173774540424347,
            "Empathic Pain": 0.004242120310664177,
            "Entrancement": 0.004222385585308075,
            "Envy": 0.03012564405798912,
            "Excitement": 0.39323189854621887,
            "Fear": 0.0030721710063517094,
            "Guilt": 0.007924556732177734,
            "Horror": 0.0021143131889402866,
            "Interest": 0.06013932824134827,
            "Joy": 0.3582180440425873,
            "Love": 0.013420401141047478,
            "Nostalgia": 0.008390496484935284,
            "Pain": 0.006970091722905636,
            "Pride": 0.0639723688364029,
            "Realization": 0.05231574550271034,
            "Relief": 0.5478414297103882,
            "Romance": 0.005370746832340956,
            "Sadness": 0.006385433487594128,
            "Satisfaction": 0.2860642373561859,
            "Shame": 0.003133790334686637,
            "Surprise (negative)": 0.008350737392902374,
            "Surprise (positive)": 0.23643140494823456,
            "Sympathy": 0.010082349181175232,
            "Tiredness": 0.01578347757458687,
            "Triumph": 0.04991156980395317
        },
        "lang": {
            "Admiration": 0.1431894088163972,
            "Adoration": 0.05142712825909257,
            "Aesthetic Appreciation": 0.0398610002361238,
            "Amusement": 0.05517498888075352,
            "Anger": 0.0034541587461717426,
            "Annoyance": 0.01034812389407307,
            "Anxiety": 0.003928194439504295,
            "Awe": 0.210603167116642,
            "Awkwardness": 0.00947490988764912,
            "Boredom": 0.0028320670360699298,
            "Calmness": 0.02438245890662074,
            "Concentration": 0.003604808519594371,
            "Confusion": 0.011076198238879443,
            "Contemplation": 0.016726874792948366,
            "Contempt": 0.012720197346061468,
            "Contentment": 0.16495053824037315,
            "Craving": 0.014568695856723934,
            "Desire": 0.008008387871086597,
            "Determination": 0.007476935896556824,
            "Disappointment": 0.007305293681565672,
            "Disapproval": 0.005873406579485163,
            "Disgust": 0.004734052257845178,
            "Distress": 0.006996589328628034,
            "Doubt": 0.001990053028566763,
            "Ecstasy": 0.15486043635755778,
            "Embarrassment": 0.0036128643376287075,
            "Empathic Pain": 0.022611016174778342,
            "Enthusiasm": 0.22693846598267556,
            "Entrancement": 0.036807563016191126,
            "Envy": 0.00925715423654765,
            "Excitement": 0.21153082549571992,
            "Fear": 0.0013727444456890225,
            "Gratitude": 0.11347352983430029,
            "Guilt": 0.0014523299352731556,
            "Horror": 0.002868788740306627,
            "Interest": 0.08318252265453338,
            "Joy": 0.3331885300576687,
            "Love": 0.018470512749627233,
            "Nostalgia": 0.0033826947561465203,
            "Pain": 0.01196578424423933,
            "Pride": 0.03499644761905074,
            "Realization": 0.062425751611590384,
            "Relief": 0.2509597547352314,
            "Romance": 0.004501910018734634,
            "Sadness": 0.004906638394459151,
            "Sarcasm": 0.023737472109496595,
            "Satisfaction": 0.33200741522014143,
            "Shame": 0.0030799462867435066,
            "Surprise (negative)": 0.0652308939024806,
            "Surprise (positive)": 0.5032357394695282,
            "Sympathy": 0.016608855384401978,
            "Tiredness": 0.004366180731449276,
            "Triumph": 0.13479515090584754
        }
    }
}