{
    "metadata": {
        "dialogue_id": "13",
        "time_start": "00-00-04.254",
        "time_end": "00-00-14.055",
        "speaker": "Ross",
        "emotion": "neutral",
        "sentiment": "neutral",
        "file_name": "13_00-00-04.254_00-00-14.055_Ross_neutral_neutral"
    },
    "predicted": {
        "face": {
            "Admiration": 0.14312243461608887,
            "Adoration": 0.1267731934785843,
            "Aesthetic Appreciation": 0.08583968877792358,
            "Amusement": 0.2417193204164505,
            "Anger": 0.07197680324316025,
            "Anxiety": 0.13971750438213348,
            "Awe": 0.11468334496021271,
            "Awkwardness": 0.22385302186012268,
            "Boredom": 0.31940603256225586,
            "Calmness": 0.37745386362075806,
            "Concentration": 0.38847815990448,
            "Confusion": 0.4030141234397888,
            "Contemplation": 0.21203380823135376,
            "Contempt": 0.17143744230270386,
            "Contentment": 0.16522425413131714,
            "Craving": 0.07712772488594055,
            "Desire": 0.11341416835784912,
            "Determination": 0.12204442918300629,
            "Disappointment": 0.24556457996368408,
            "Disgust": 0.09736128151416779,
            "Distress": 0.17247168719768524,
            "Doubt": 0.3167538344860077,
            "Ecstasy": 0.05493279546499252,
            "Embarrassment": 0.10417832434177399,
            "Empathic Pain": 0.07837730646133423,
            "Entrancement": 0.13322997093200684,
            "Envy": 0.050137486308813095,
            "Excitement": 0.12934499979019165,
            "Fear": 0.09608344733715057,
            "Guilt": 0.0717354342341423,
            "Horror": 0.04928415268659592,
            "Interest": 0.38614627718925476,
            "Joy": 0.1807696670293808,
            "Love": 0.17522014677524567,
            "Nostalgia": 0.07417183369398117,
            "Pain": 0.1117929071187973,
            "Pride": 0.08382140100002289,
            "Realization": 0.16395218670368195,
            "Relief": 0.08804961293935776,
            "Romance": 0.07896573841571808,
            "Sadness": 0.1634778529405594,
            "Satisfaction": 0.19311445951461792,
            "Shame": 0.06905367970466614,
            "Surprise (negative)": 0.06468810886144638,
            "Surprise (positive)": 0.06091081351041794,
            "Sympathy": 0.06940910220146179,
            "Tiredness": 0.2025250494480133,
            "Triumph": 0.048436298966407776
        },
        "prosody": {
            "Admiration": 0.14424593281000853,
            "Adoration": 0.1379254579078406,
            "Aesthetic Appreciation": 0.09285497106611729,
            "Amusement": 0.1756583023816347,
            "Anger": 0.012809538209694438,
            "Anxiety": 0.017465361263020895,
            "Awe": 0.24037064611911774,
            "Awkwardness": 0.029590804711915553,
            "Boredom": 0.011647547682514414,
            "Calmness": 0.03691342275124043,
            "Concentration": 0.0655056664836593,
            "Confusion": 0.04207054967992008,
            "Contemplation": 0.07861260205390863,
            "Contempt": 0.016593957814620808,
            "Contentment": 0.03882525721564889,
            "Craving": 0.011935177259147167,
            "Desire": 0.10569142870372161,
            "Determination": 0.05201095867960248,
            "Disappointment": 0.009161654976196587,
            "Disgust": 0.014753147508599795,
            "Distress": 0.027673037635395303,
            "Doubt": 0.026140898000448942,
            "Ecstasy": 0.053449783474206924,
            "Embarrassment": 0.01607892697211355,
            "Empathic Pain": 0.010716768549173139,
            "Entrancement": 0.043112796964123845,
            "Envy": 0.01671320921741426,
            "Excitement": 0.1986665353178978,
            "Fear": 0.012301064198254608,
            "Guilt": 0.007102945426595397,
            "Horror": 0.00959006515040528,
            "Interest": 0.2656128332018852,
            "Joy": 0.07324390579015017,
            "Love": 0.047126540215685964,
            "Nostalgia": 0.05011639406438917,
            "Pain": 0.011815107172878925,
            "Pride": 0.0832273131236434,
            "Realization": 0.12733579287305474,
            "Relief": 0.03147203056141734,
            "Romance": 0.040191421052441,
            "Sadness": 0.005572477544774301,
            "Satisfaction": 0.07427113456651568,
            "Shame": 0.008413800649577752,
            "Surprise (negative)": 0.03814822918502614,
            "Surprise (positive)": 0.30756403505802155,
            "Sympathy": 0.01627863512840122,
            "Tiredness": 0.010152342401852366,
            "Triumph": 0.05546944891102612
        },
        "lang": {
            "Admiration": 0.0176421739678416,
            "Adoration": 0.006060830563203328,
            "Aesthetic Appreciation": 0.0663143332219786,
            "Amusement": 0.07249394907719559,
            "Anger": 0.007448135124933388,
            "Annoyance": 0.16316554115878212,
            "Anxiety": 0.006377819628040824,
            "Awe": 0.022017388837412,
            "Awkwardness": 0.1270102643304401,
            "Boredom": 0.09697734067837398,
            "Calmness": 0.04184085027211242,
            "Concentration": 0.019934706389904022,
            "Confusion": 0.15829352868927848,
            "Contemplation": 0.07655693321592277,
            "Contempt": 0.08645419486694866,
            "Contentment": 0.006004936449850599,
            "Craving": 0.000841807370306924,
            "Desire": 0.004140978769606186,
            "Determination": 0.002229150307054321,
            "Disappointment": 0.0713383069054948,
            "Disapproval": 0.2069254004293018,
            "Disgust": 0.0384126046879424,
            "Distress": 0.008936004946008325,
            "Doubt": 0.06863866870601971,
            "Ecstasy": 0.0005587629922148255,
            "Embarrassment": 0.023793917563226488,
            "Empathic Pain": 0.0025318286433402034,
            "Enthusiasm": 0.010706164925876591,
            "Entrancement": 0.0216822675946686,
            "Envy": 0.0050775033370074295,
            "Excitement": 0.005040536505273647,
            "Fear": 0.0032430415481535923,
            "Gratitude": 0.0012953821375655632,
            "Guilt": 0.0010395381541457027,
            "Horror": 0.003950949072734349,
            "Interest": 0.09543643001880911,
            "Joy": 0.0039140536035928465,
            "Love": 0.0013923656855088968,
            "Nostalgia": 0.017832792868527274,
            "Pain": 0.0019029040154742284,
            "Pride": 0.002301926815157963,
            "Realization": 0.12577791015307108,
            "Relief": 0.0013839946445336358,
            "Romance": 0.002630252119464179,
            "Sadness": 0.0059553675948538715,
            "Sarcasm": 0.18092678901222017,
            "Satisfaction": 0.006379857219548689,
            "Shame": 0.010863362501064936,
            "Surprise (negative)": 0.10327679167191188,
            "Surprise (positive)": 0.04017644147906038,
            "Sympathy": 0.002738419855530891,
            "Tiredness": 0.010783830230745176,
            "Triumph": 0.0015963930636644363
        }
    }
}