{
    "metadata": {
        "dialogue_id": "141",
        "time_start": "00-00-06.427",
        "time_end": "00-00-08.011",
        "speaker": "Mr.-Franklin",
        "emotion": "neutral",
        "sentiment": "neutral",
        "file_name": "141_00-00-06.427_00-00-08.011_Mr.-Franklin_neutral_neutral"
    },
    "predicted": {
        "face": {
            "Admiration": 0.1655178964138031,
            "Adoration": 0.20266400277614594,
            "Aesthetic Appreciation": 0.07850037515163422,
            "Amusement": 0.3851792812347412,
            "Anger": 0.07089158892631531,
            "Anxiety": 0.11958299577236176,
            "Awe": 0.08824092149734497,
            "Awkwardness": 0.19882066547870636,
            "Boredom": 0.1652897149324417,
            "Calmness": 0.30828657746315,
            "Concentration": 0.20728960633277893,
            "Confusion": 0.23805958032608032,
            "Contemplation": 0.11693232506513596,
            "Contempt": 0.1476840078830719,
            "Contentment": 0.23770081996917725,
            "Craving": 0.0501544326543808,
            "Desire": 0.0735572800040245,
            "Determination": 0.07759006321430206,
            "Disappointment": 0.23376309871673584,
            "Disgust": 0.12817920744419098,
            "Distress": 0.2084774225950241,
            "Doubt": 0.18449127674102783,
            "Ecstasy": 0.0942683145403862,
            "Embarrassment": 0.13086557388305664,
            "Empathic Pain": 0.12072934210300446,
            "Entrancement": 0.10272811353206635,
            "Envy": 0.04289482161402702,
            "Excitement": 0.20084556937217712,
            "Fear": 0.10932182520627975,
            "Guilt": 0.08239240199327469,
            "Horror": 0.052970848977565765,
            "Interest": 0.29784324765205383,
            "Joy": 0.3779279589653015,
            "Love": 0.34429413080215454,
            "Nostalgia": 0.09869071841239929,
            "Pain": 0.2688830494880676,
            "Pride": 0.11395837366580963,
            "Realization": 0.13083089888095856,
            "Relief": 0.11809292435646057,
            "Romance": 0.09461936354637146,
            "Sadness": 0.3111512064933777,
            "Satisfaction": 0.2944207787513733,
            "Shame": 0.08811068534851074,
            "Surprise (negative)": 0.04362516477704048,
            "Surprise (positive)": 0.04089836776256561,
            "Sympathy": 0.0819733589887619,
            "Tiredness": 0.14722450077533722,
            "Triumph": 0.07552481442689896
        },
        "prosody": {
            "Admiration": 0,
            "Adoration": 0,
            "Aesthetic Appreciation": 0,
            "Amusement": 0,
            "Anger": 0,
            "Annoyance": 0,
            "Anxiety": 0,
            "Awe": 0,
            "Awkwardness": 0,
            "Boredom": 0,
            "Calmness": 0,
            "Concentration": 0,
            "Confusion": 0,
            "Contemplation": 0,
            "Contempt": 0,
            "Contentment": 0,
            "Craving": 0,
            "Desire": 0,
            "Determination": 0,
            "Disappointment": 0,
            "Disapproval": 0,
            "Disgust": 0,
            "Distress": 0,
            "Doubt": 0,
            "Ecstasy": 0,
            "Embarrassment": 0,
            "Empathic Pain": 0,
            "Enthusiasm": 0,
            "Entrancement": 0,
            "Envy": 0,
            "Excitement": 0,
            "Fear": 0,
            "Gratitude": 0,
            "Guilt": 0,
            "Horror": 0,
            "Interest": 0,
            "Joy": 0,
            "Love": 0,
            "Nostalgia": 0,
            "Pain": 0,
            "Pride": 0,
            "Realization": 0,
            "Relief": 0,
            "Romance": 0,
            "Sadness": 0,
            "Sarcasm": 0,
            "Satisfaction": 0,
            "Shame": 0,
            "Surprise (negative)": 0,
            "Surprise (positive)": 0,
            "Sympathy": 0,
            "Tiredness": 0,
            "Triumph": 0
        },
        "lang": {
            "Admiration": 0.010428475515384759,
            "Adoration": 0.0029851736866735984,
            "Aesthetic Appreciation": 0.024262327567807267,
            "Amusement": 0.006817491733402546,
            "Anger": 0.011049719394317694,
            "Annoyance": 0.1250537656513708,
            "Anxiety": 0.17604251126093523,
            "Awe": 0.007938045875302382,
            "Awkwardness": 0.009538827696815133,
            "Boredom": 0.0745377829298377,
            "Calmness": 0.13516356543238675,
            "Concentration": 0.11733517157179969,
            "Confusion": 0.07843270803069961,
            "Contemplation": 0.11562536763293403,
            "Contempt": 0.04057194638465132,
            "Contentment": 0.04965492505912802,
            "Craving": 0.0027195975583578858,
            "Desire": 0.0016439700453442388,
            "Determination": 0.12397992664149829,
            "Disappointment": 0.05072224645742348,
            "Disapproval": 0.03318820694195373,
            "Disgust": 0.007327455012792987,
            "Distress": 0.17096646994884526,
            "Doubt": 0.02705876755395106,
            "Ecstasy": 0.0022330770381293924,
            "Embarrassment": 0.001886549364176712,
            "Empathic Pain": 0.01125385771904673,
            "Enthusiasm": 0.04595755732485226,
            "Entrancement": 0.011748349693204676,
            "Envy": 0.0017403786103906377,
            "Excitement": 0.02421906028342034,
            "Fear": 0.04851713104705725,
            "Gratitude": 0.025058788280668005,
            "Guilt": 0.0018531349653910314,
            "Horror": 0.0036958565178792924,
            "Interest": 0.0506776027115328,
            "Joy": 0.011225234330465485,
            "Love": 0.0019357559212949127,
            "Nostalgia": 0.003706666807244931,
            "Pain": 0.016687942602272545,
            "Pride": 0.011475091625470668,
            "Realization": 0.09894983683313642,
            "Relief": 0.0618999228546662,
            "Romance": 0.0012437711203736918,
            "Sadness": 0.04047742216581745,
            "Sarcasm": 0.03091392062404858,
            "Satisfaction": 0.06129787915519306,
            "Shame": 0.005119553168437311,
            "Surprise (negative)": 0.015619763705347265,
            "Surprise (positive)": 0.010127234006566661,
            "Sympathy": 0.007859336145754372,
            "Tiredness": 0.1131947288023574,
            "Triumph": 0.03258360389320712
        }
    }
}