{
    "metadata": {
        "dialogue_id": "145",
        "time_start": "00-00-55.722",
        "time_end": "00-00-57.931",
        "speaker": "Monica",
        "emotion": "joy",
        "sentiment": "positive",
        "file_name": "145_00-00-55.722_00-00-57.931_Monica_joy_positive"
    },
    "predicted": {
        "face": {
            "Admiration": 0.3138287663459778,
            "Adoration": 0.33571842312812805,
            "Aesthetic Appreciation": 0.1491061896085739,
            "Amusement": 0.28930091857910156,
            "Anger": 0.026838533580303192,
            "Anxiety": 0.06872566044330597,
            "Awe": 0.09374640882015228,
            "Awkwardness": 0.16158407926559448,
            "Boredom": 0.41715776920318604,
            "Calmness": 0.6355909705162048,
            "Concentration": 0.3023513853549957,
            "Confusion": 0.22363537549972534,
            "Contemplation": 0.2638264000415802,
            "Contempt": 0.19675278663635254,
            "Contentment": 0.37454402446746826,
            "Craving": 0.06008077785372734,
            "Desire": 0.08968908339738846,
            "Determination": 0.09114241600036621,
            "Disappointment": 0.20997412502765656,
            "Disgust": 0.03946184739470482,
            "Distress": 0.09016449004411697,
            "Doubt": 0.24794456362724304,
            "Ecstasy": 0.0546240508556366,
            "Embarrassment": 0.07134401798248291,
            "Empathic Pain": 0.04481149837374687,
            "Entrancement": 0.15454676747322083,
            "Envy": 0.051065802574157715,
            "Excitement": 0.09711673855781555,
            "Fear": 0.033582787960767746,
            "Guilt": 0.04248715564608574,
            "Horror": 0.011651361361145973,
            "Interest": 0.4070403575897217,
            "Joy": 0.26726388931274414,
            "Love": 0.4132767915725708,
            "Nostalgia": 0.14876079559326172,
            "Pain": 0.05384461581707001,
            "Pride": 0.1808396577835083,
            "Realization": 0.16319794952869415,
            "Relief": 0.1884792149066925,
            "Romance": 0.14617690443992615,
            "Sadness": 0.1183798685669899,
            "Satisfaction": 0.3996523916721344,
            "Shame": 0.04978608340024948,
            "Surprise (negative)": 0.014608445577323437,
            "Surprise (positive)": 0.017667585983872414,
            "Sympathy": 0.07622156292200089,
            "Tiredness": 0.2232348769903183,
            "Triumph": 0.06965257972478867
        },
        "prosody": {
            "Admiration": 0.07232430577278137,
            "Adoration": 0.05971624329686165,
            "Aesthetic Appreciation": 0.04469487443566322,
            "Amusement": 0.8271874189376831,
            "Anger": 0.006795848719775677,
            "Anxiety": 0.005731335841119289,
            "Awe": 0.09076502174139023,
            "Awkwardness": 0.06380727142095566,
            "Boredom": 0.007783382199704647,
            "Calmness": 0.006795322988182306,
            "Concentration": 0.008827527984976768,
            "Confusion": 0.11320792138576508,
            "Contemplation": 0.057967279106378555,
            "Contempt": 0.025244560092687607,
            "Contentment": 0.04949364438652992,
            "Craving": 0.018259961158037186,
            "Desire": 0.11747729033231735,
            "Determination": 0.011809546500444412,
            "Disappointment": 0.025545354932546616,
            "Disgust": 0.03056909330189228,
            "Distress": 0.013346370309591293,
            "Doubt": 0.03673018515110016,
            "Ecstasy": 0.0666067898273468,
            "Embarrassment": 0.040825434029102325,
            "Empathic Pain": 0.025386890396475792,
            "Entrancement": 0.0113954683765769,
            "Envy": 0.13059554994106293,
            "Excitement": 0.32107478380203247,
            "Fear": 0.003435012185946107,
            "Guilt": 0.009343751706182957,
            "Horror": 0.009682947769761086,
            "Interest": 0.47408413887023926,
            "Joy": 0.16894525289535522,
            "Love": 0.03300900384783745,
            "Nostalgia": 0.013280210085213184,
            "Pain": 0.005695026833564043,
            "Pride": 0.040461182594299316,
            "Realization": 0.25419074296951294,
            "Relief": 0.009122473187744617,
            "Romance": 0.028708962723612785,
            "Sadness": 0.011572201736271381,
            "Satisfaction": 0.07822711020708084,
            "Shame": 0.016595082357525826,
            "Surprise (negative)": 0.03688821196556091,
            "Surprise (positive)": 0.28744199872016907,
            "Sympathy": 0.09902182966470718,
            "Tiredness": 0.0030525363981723785,
            "Triumph": 0.032538820058107376
        },
        "lang": {
            "Admiration": 0.0077087281582256155,
            "Adoration": 0.003722199471667409,
            "Aesthetic Appreciation": 0.007975575048476458,
            "Amusement": 0.02831047276655833,
            "Anger": 0.034329726826399565,
            "Annoyance": 0.10916161288817723,
            "Anxiety": 0.02623294045527776,
            "Awe": 0.021266533061861992,
            "Awkwardness": 0.04771741231282552,
            "Boredom": 0.00668351212516427,
            "Calmness": 0.008316532708704472,
            "Concentration": 0.01168976149832209,
            "Confusion": 0.5621897478898367,
            "Contemplation": 0.08852123282849789,
            "Contempt": 0.034752206255992256,
            "Contentment": 0.0027247496570150056,
            "Craving": 0.005642192981516321,
            "Desire": 0.006808774235347907,
            "Determination": 0.0035993639224519334,
            "Disappointment": 0.03797647791604201,
            "Disapproval": 0.060768195117513336,
            "Disgust": 0.025353290761510532,
            "Distress": 0.032280510291457176,
            "Doubt": 0.11427521457274754,
            "Ecstasy": 0.002485339102956156,
            "Embarrassment": 0.007441653870046139,
            "Empathic Pain": 0.003788196792205175,
            "Enthusiasm": 0.016408506780862808,
            "Entrancement": 0.015282565727829933,
            "Envy": 0.006945543612043063,
            "Excitement": 0.017391679498056572,
            "Fear": 0.017490060689548653,
            "Gratitude": 0.0012508830792891483,
            "Guilt": 0.001818170693392555,
            "Horror": 0.012530781328678131,
            "Interest": 0.2347757245103518,
            "Joy": 0.004815834807232022,
            "Love": 0.0016306483109171193,
            "Nostalgia": 0.0018895041818420093,
            "Pain": 0.004730788602804144,
            "Pride": 0.0022259370889514685,
            "Realization": 0.03342715588708719,
            "Relief": 0.001316803158260882,
            "Romance": 0.0021482330824558935,
            "Sadness": 0.005727354747553666,
            "Sarcasm": 0.07443269776801269,
            "Satisfaction": 0.004449615487828851,
            "Shame": 0.00690029530475537,
            "Surprise (negative)": 0.3006533881028493,
            "Surprise (positive)": 0.10116678973038991,
            "Sympathy": 0.0032606182309488454,
            "Tiredness": 0.003041940896461407,
            "Triumph": 0.002293789390629778
        }
    }
}