{
    "metadata": {
        "dialogue_id": "146",
        "time_start": "00-00-42.834",
        "time_end": "00-00-51.050",
        "speaker": "Phoebe",
        "emotion": "sadness",
        "sentiment": "negative",
        "text_content": "Y'know what the saddest part is, when we were playing together, that was like the most fun I\u0092ve ever had in like all my lives.",
        "file_name": "146_00-00-42.834_00-00-51.050_Phoebe_sadness_negative"
    },
    "predicted": {
        "face": {
            "Admiration": 0.16787293553352356,
            "Adoration": 0.1294991672039032,
            "Aesthetic Appreciation": 0.09941413998603821,
            "Amusement": 0.17287474870681763,
            "Anger": 0.061018604785203934,
            "Anxiety": 0.1308388113975525,
            "Awe": 0.0982428640127182,
            "Awkwardness": 0.21513716876506805,
            "Boredom": 0.4507257044315338,
            "Calmness": 0.5087674856185913,
            "Concentration": 0.4981868863105774,
            "Confusion": 0.3851577639579773,
            "Contemplation": 0.32886114716529846,
            "Contempt": 0.22066466510295868,
            "Contentment": 0.17799817025661469,
            "Craving": 0.07155033200979233,
            "Desire": 0.06340625137090683,
            "Determination": 0.1460365206003189,
            "Disappointment": 0.301161527633667,
            "Disgust": 0.07537651807069778,
            "Distress": 0.14911477267742157,
            "Doubt": 0.41447341442108154,
            "Ecstasy": 0.028881384059786797,
            "Embarrassment": 0.09318955987691879,
            "Empathic Pain": 0.07275813072919846,
            "Entrancement": 0.14464883506298065,
            "Envy": 0.06533683091402054,
            "Excitement": 0.06577064841985703,
            "Fear": 0.07704625278711319,
            "Guilt": 0.07488328963518143,
            "Horror": 0.02840568497776985,
            "Interest": 0.41091179847717285,
            "Joy": 0.10637624561786652,
            "Love": 0.1374061107635498,
            "Nostalgia": 0.09857103228569031,
            "Pain": 0.0766233280301094,
            "Pride": 0.10143780708312988,
            "Realization": 0.17896734178066254,
            "Relief": 0.07389509677886963,
            "Romance": 0.06587483733892441,
            "Sadness": 0.20346325635910034,
            "Satisfaction": 0.15344072878360748,
            "Shame": 0.0697842612862587,
            "Surprise (negative)": 0.03866954520344734,
            "Surprise (positive)": 0.03541385009884834,
            "Sympathy": 0.08305865526199341,
            "Tiredness": 0.1926940679550171,
            "Triumph": 0.037709251046180725
        },
        "prosody": {
            "Admiration": 0.0541501697152853,
            "Adoration": 0.045066497288644314,
            "Aesthetic Appreciation": 0.023014747227231663,
            "Amusement": 0.19589650010069212,
            "Anger": 0.035791268572211266,
            "Anxiety": 0.02915789435307185,
            "Awe": 0.02602302593489488,
            "Awkwardness": 0.04742090776562691,
            "Boredom": 0.02354555142422517,
            "Calmness": 0.042850153210262455,
            "Concentration": 0.02142789059629043,
            "Confusion": 0.0320991271485885,
            "Contemplation": 0.04952062387019396,
            "Contempt": 0.033925397942463555,
            "Contentment": 0.05482826009392738,
            "Craving": 0.005713069811463356,
            "Desire": 0.008992709995557865,
            "Determination": 0.06376160619159539,
            "Disappointment": 0.10120382532477379,
            "Disgust": 0.022670415850977104,
            "Distress": 0.05167576546470324,
            "Doubt": 0.03516500070691109,
            "Ecstasy": 0.03026744568099578,
            "Embarrassment": 0.03093108224372069,
            "Empathic Pain": 0.019562861882150173,
            "Entrancement": 0.012715707533061504,
            "Envy": 0.03039095054070155,
            "Excitement": 0.1090761957069238,
            "Fear": 0.015560001212482652,
            "Guilt": 0.012711538622776667,
            "Horror": 0.008926638479654988,
            "Interest": 0.056022676328818,
            "Joy": 0.1316592829922835,
            "Love": 0.048862782306969166,
            "Nostalgia": 0.17209114072223505,
            "Pain": 0.027350981409351032,
            "Pride": 0.048123216877381005,
            "Realization": 0.10375689218441646,
            "Relief": 0.03819727711379528,
            "Romance": 0.023419725863883894,
            "Sadness": 0.05150519932309786,
            "Satisfaction": 0.07729203626513481,
            "Shame": 0.017889739324649174,
            "Surprise (negative)": 0.03134865748385588,
            "Surprise (positive)": 0.05276252391437689,
            "Sympathy": 0.021164083930974204,
            "Tiredness": 0.019245702618112166,
            "Triumph": 0.03371806504825751
        },
        "lang": {}
    }
}