{
    "metadata": {
        "dialogue_id": "147",
        "time_start": "00-00-19.061",
        "time_end": "00-00-20.186",
        "speaker": "Ross",
        "emotion": "fear",
        "sentiment": "negative",
        "file_name": "147_00-00-19.061_00-00-20.186_Ross_fear_negative"
    },
    "predicted": {
        "face": {
            "Admiration": 0.09178516268730164,
            "Adoration": 0.056662749499082565,
            "Aesthetic Appreciation": 0.058689940720796585,
            "Amusement": 0.10322392731904984,
            "Anger": 0.09222520887851715,
            "Anxiety": 0.1932002454996109,
            "Awe": 0.19091829657554626,
            "Awkwardness": 0.22480475902557373,
            "Boredom": 0.24847595393657684,
            "Calmness": 0.2651699185371399,
            "Concentration": 0.3914991319179535,
            "Confusion": 0.5580000877380371,
            "Contemplation": 0.19811150431632996,
            "Contempt": 0.17286540567874908,
            "Contentment": 0.06983999907970428,
            "Craving": 0.06281743943691254,
            "Desire": 0.05541480705142021,
            "Determination": 0.11527151614427567,
            "Disappointment": 0.2942093014717102,
            "Disgust": 0.13043595850467682,
            "Distress": 0.23959055542945862,
            "Doubt": 0.39344561100006104,
            "Ecstasy": 0.029419101774692535,
            "Embarrassment": 0.11724889278411865,
            "Empathic Pain": 0.0993979275226593,
            "Entrancement": 0.1331767588853836,
            "Envy": 0.05163586884737015,
            "Excitement": 0.06436780840158463,
            "Fear": 0.21403345465660095,
            "Guilt": 0.0925610139966011,
            "Horror": 0.11579664051532745,
            "Interest": 0.2773888409137726,
            "Joy": 0.05044205114245415,
            "Love": 0.055787764489650726,
            "Nostalgia": 0.05846678465604782,
            "Pain": 0.12582285702228546,
            "Pride": 0.0433698371052742,
            "Realization": 0.21437591314315796,
            "Relief": 0.05374855548143387,
            "Romance": 0.033843353390693665,
            "Sadness": 0.22204594314098358,
            "Satisfaction": 0.06715407967567444,
            "Shame": 0.07476699352264404,
            "Surprise (negative)": 0.1608269214630127,
            "Surprise (positive)": 0.11158622056245804,
            "Sympathy": 0.05949059873819351,
            "Tiredness": 0.1802942007780075,
            "Triumph": 0.025516550987958908
        },
        "prosody": {
            "Admiration": 0,
            "Adoration": 0,
            "Aesthetic Appreciation": 0,
            "Amusement": 0,
            "Anger": 0,
            "Annoyance": 0,
            "Anxiety": 0,
            "Awe": 0,
            "Awkwardness": 0,
            "Boredom": 0,
            "Calmness": 0,
            "Concentration": 0,
            "Confusion": 0,
            "Contemplation": 0,
            "Contempt": 0,
            "Contentment": 0,
            "Craving": 0,
            "Desire": 0,
            "Determination": 0,
            "Disappointment": 0,
            "Disapproval": 0,
            "Disgust": 0,
            "Distress": 0,
            "Doubt": 0,
            "Ecstasy": 0,
            "Embarrassment": 0,
            "Empathic Pain": 0,
            "Enthusiasm": 0,
            "Entrancement": 0,
            "Envy": 0,
            "Excitement": 0,
            "Fear": 0,
            "Gratitude": 0,
            "Guilt": 0,
            "Horror": 0,
            "Interest": 0,
            "Joy": 0,
            "Love": 0,
            "Nostalgia": 0,
            "Pain": 0,
            "Pride": 0,
            "Realization": 0,
            "Relief": 0,
            "Romance": 0,
            "Sadness": 0,
            "Sarcasm": 0,
            "Satisfaction": 0,
            "Shame": 0,
            "Surprise (negative)": 0,
            "Surprise (positive)": 0,
            "Sympathy": 0,
            "Tiredness": 0,
            "Triumph": 0
        },
        "lang": {
            "Admiration": 0.003279999364167452,
            "Adoration": 0.0020841166842728853,
            "Aesthetic Appreciation": 0.008597619831562042,
            "Amusement": 0.028705177828669548,
            "Anger": 0.021340833976864815,
            "Annoyance": 0.3209986090660095,
            "Anxiety": 0.02088952623307705,
            "Awe": 0.0025767243932932615,
            "Awkwardness": 0.3020632266998291,
            "Boredom": 0.1190337985754013,
            "Calmness": 0.013610820285975933,
            "Concentration": 0.00920049287378788,
            "Confusion": 0.40156736969947815,
            "Contemplation": 0.021104784682393074,
            "Contempt": 0.056616220623254776,
            "Contentment": 0.0038623823784291744,
            "Craving": 0.001351947896182537,
            "Desire": 0.004509639926254749,
            "Determination": 0.003471361007541418,
            "Disappointment": 0.10546743869781494,
            "Disapproval": 0.1458752602338791,
            "Disgust": 0.023743044584989548,
            "Distress": 0.031648874282836914,
            "Doubt": 0.09274975210428238,
            "Ecstasy": 0.0006050998345017433,
            "Embarrassment": 0.04445222392678261,
            "Empathic Pain": 0.0022584886755794287,
            "Enthusiasm": 0.00654427008703351,
            "Entrancement": 0.0054717171005904675,
            "Envy": 0.0029707083012908697,
            "Excitement": 0.003301663789898157,
            "Fear": 0.0060076783411204815,
            "Gratitude": 0.0010472771245986223,
            "Guilt": 0.0023340927436947823,
            "Horror": 0.0024804328568279743,
            "Interest": 0.016017531976103783,
            "Joy": 0.003304742043837905,
            "Love": 0.0014433168107643723,
            "Nostalgia": 0.001990157412365079,
            "Pain": 0.00632064463570714,
            "Pride": 0.0015806041192263365,
            "Realization": 0.04024922475218773,
            "Relief": 0.0010569799924269319,
            "Romance": 0.002333046868443489,
            "Sadness": 0.012178457342088223,
            "Sarcasm": 0.04843352735042572,
            "Satisfaction": 0.003100000089034438,
            "Shame": 0.01670648902654648,
            "Surprise (negative)": 0.09019628167152405,
            "Surprise (positive)": 0.011168373748660088,
            "Sympathy": 0.002020762301981449,
            "Tiredness": 0.022969724610447884,
            "Triumph": 0.0012075831182301044
        }
    }
}