{
    "metadata": {
        "dialogue_id": "153",
        "time_start": "00-00-48.007",
        "time_end": "00-00-49.219",
        "speaker": "Phoebe",
        "emotion": "anger",
        "sentiment": "negative",
        "text_content": "You don\u0092t play the oboe!",
        "file_name": "153_00-00-48.007_00-00-49.219_Phoebe_anger_negative"
    },
    "predicted": {
        "face": {
            "Admiration": 0.09293008595705032,
            "Adoration": 0.06432373821735382,
            "Aesthetic Appreciation": 0.06451257318258286,
            "Amusement": 0.15304642915725708,
            "Anger": 0.08309169113636017,
            "Anxiety": 0.16701118648052216,
            "Awe": 0.1347932070493698,
            "Awkwardness": 0.3053905963897705,
            "Boredom": 0.2976565659046173,
            "Calmness": 0.2727559208869934,
            "Concentration": 0.35327616333961487,
            "Confusion": 0.5281869769096375,
            "Contemplation": 0.1749628633260727,
            "Contempt": 0.21667742729187012,
            "Contentment": 0.08738555759191513,
            "Craving": 0.1010511964559555,
            "Desire": 0.1333521157503128,
            "Determination": 0.10964901000261307,
            "Disappointment": 0.23619739711284637,
            "Disgust": 0.1698506772518158,
            "Distress": 0.18177996575832367,
            "Doubt": 0.3593696355819702,
            "Ecstasy": 0.03795710206031799,
            "Embarrassment": 0.11028657853603363,
            "Empathic Pain": 0.06946340948343277,
            "Entrancement": 0.1249915286898613,
            "Envy": 0.053771328181028366,
            "Excitement": 0.08594674617052078,
            "Fear": 0.1567998230457306,
            "Guilt": 0.066311314702034,
            "Horror": 0.08671237528324127,
            "Interest": 0.3164132833480835,
            "Joy": 0.07940054684877396,
            "Love": 0.07481087744235992,
            "Nostalgia": 0.04897262528538704,
            "Pain": 0.0839926227927208,
            "Pride": 0.04760979115962982,
            "Realization": 0.15868574380874634,
            "Relief": 0.04832065850496292,
            "Romance": 0.05105378106236458,
            "Sadness": 0.12333737313747406,
            "Satisfaction": 0.10182055085897446,
            "Shame": 0.06239229440689087,
            "Surprise (negative)": 0.11482980847358704,
            "Surprise (positive)": 0.07057247310876846,
            "Sympathy": 0.0494534894824028,
            "Tiredness": 0.1491439938545227,
            "Triumph": 0.02978145144879818
        },
        "prosody": {
            "Admiration": 0.03952990099787712,
            "Adoration": 0.029242979362607002,
            "Aesthetic Appreciation": 0.018216118216514587,
            "Amusement": 0.17609183490276337,
            "Anger": 0.025474339723587036,
            "Anxiety": 0.04621599614620209,
            "Awe": 0.06856364756822586,
            "Awkwardness": 0.07033298909664154,
            "Boredom": 0.003011550987139344,
            "Calmness": 0.006540889851748943,
            "Concentration": 0.005145776551216841,
            "Confusion": 0.2718888223171234,
            "Contemplation": 0.02172444947063923,
            "Contempt": 0.04023316875100136,
            "Contentment": 0.006398453377187252,
            "Craving": 0.005180765874683857,
            "Desire": 0.012266838923096657,
            "Determination": 0.012397983111441135,
            "Disappointment": 0.0348624661564827,
            "Disgust": 0.05848044529557228,
            "Distress": 0.059714436531066895,
            "Doubt": 0.05766607075929642,
            "Ecstasy": 0.013516668230295181,
            "Embarrassment": 0.04467930272221565,
            "Empathic Pain": 0.008059750311076641,
            "Entrancement": 0.008616222999989986,
            "Envy": 0.07653181254863739,
            "Excitement": 0.06404229253530502,
            "Fear": 0.01847902126610279,
            "Guilt": 0.0054260846227407455,
            "Horror": 0.01788756251335144,
            "Interest": 0.1281377673149109,
            "Joy": 0.025928379967808723,
            "Love": 0.011336210183799267,
            "Nostalgia": 0.003503164043650031,
            "Pain": 0.004342478699982166,
            "Pride": 0.017164386808872223,
            "Realization": 0.11115898936986923,
            "Relief": 0.010601692833006382,
            "Romance": 0.01155963446944952,
            "Sadness": 0.007506043650209904,
            "Satisfaction": 0.01112145185470581,
            "Shame": 0.008298586122691631,
            "Surprise (negative)": 0.19681447744369507,
            "Surprise (positive)": 0.16745764017105103,
            "Sympathy": 0.016789410263299942,
            "Tiredness": 0.002036983147263527,
            "Triumph": 0.00654324097558856
        },
        "lang": {}
    }
}