{
    "metadata": {
        "dialogue_id": "172",
        "time_start": "00-00-15.432",
        "time_end": "00-00-17.058",
        "speaker": "Chandler",
        "emotion": "joy",
        "sentiment": "positive",
        "file_name": "172_00-00-15.432_00-00-17.058_Chandler_joy_positive"
    },
    "predicted": {
        "face": {
            "Admiration": 0.2504950761795044,
            "Adoration": 0.3294399380683899,
            "Aesthetic Appreciation": 0.09454785287380219,
            "Amusement": 0.788262128829956,
            "Anger": 0.023563412949442863,
            "Anxiety": 0.056113433092832565,
            "Awe": 0.10141988098621368,
            "Awkwardness": 0.17101848125457764,
            "Boredom": 0.0855977013707161,
            "Calmness": 0.2435285896062851,
            "Concentration": 0.1413549929857254,
            "Confusion": 0.1056019738316536,
            "Contemplation": 0.07023806124925613,
            "Contempt": 0.06560086458921432,
            "Contentment": 0.29429081082344055,
            "Craving": 0.045059092342853546,
            "Desire": 0.07115370035171509,
            "Determination": 0.0522659569978714,
            "Disappointment": 0.07950098812580109,
            "Disgust": 0.03456558659672737,
            "Distress": 0.07079531252384186,
            "Doubt": 0.07892128825187683,
            "Ecstasy": 0.16353197395801544,
            "Embarrassment": 0.10481096059083939,
            "Empathic Pain": 0.03916919603943825,
            "Entrancement": 0.10434597730636597,
            "Envy": 0.029512226581573486,
            "Excitement": 0.4614875912666321,
            "Fear": 0.04473569989204407,
            "Guilt": 0.03504520282149315,
            "Horror": 0.026177383959293365,
            "Interest": 0.4289698600769043,
            "Joy": 0.7978588342666626,
            "Love": 0.6412079334259033,
            "Nostalgia": 0.08488050103187561,
            "Pain": 0.06310224533081055,
            "Pride": 0.12860256433486938,
            "Realization": 0.10851280391216278,
            "Relief": 0.11723282933235168,
            "Romance": 0.14198611676692963,
            "Sadness": 0.06477425247430801,
            "Satisfaction": 0.406629353761673,
            "Shame": 0.047080039978027344,
            "Surprise (negative)": 0.02640187367796898,
            "Surprise (positive)": 0.05075317248702049,
            "Sympathy": 0.06778759509325027,
            "Tiredness": 0.07120949774980545,
            "Triumph": 0.09889114648103714
        },
        "prosody": {
            "Admiration": 0.0303056463599205,
            "Adoration": 0.006749552674591541,
            "Aesthetic Appreciation": 0.01067302841693163,
            "Amusement": 0.020707882940769196,
            "Anger": 0.04075400158762932,
            "Anxiety": 0.018770864233374596,
            "Awe": 0.006301769055426121,
            "Awkwardness": 0.015526090748608112,
            "Boredom": 0.12000175565481186,
            "Calmness": 0.32010796666145325,
            "Concentration": 0.12462466210126877,
            "Confusion": 0.005621079821139574,
            "Contemplation": 0.02267305552959442,
            "Contempt": 0.03673554211854935,
            "Contentment": 0.13709872961044312,
            "Craving": 0.004708620719611645,
            "Desire": 0.002917907200753689,
            "Determination": 0.3048100769519806,
            "Disappointment": 0.03364615514874458,
            "Disgust": 0.010651634074747562,
            "Distress": 0.01997314766049385,
            "Doubt": 0.018909649923443794,
            "Ecstasy": 0.0038430269341915846,
            "Embarrassment": 0.005785169079899788,
            "Empathic Pain": 0.014791423454880714,
            "Entrancement": 0.005505697336047888,
            "Envy": 0.007908591069281101,
            "Excitement": 0.02109028957784176,
            "Fear": 0.0258720014244318,
            "Guilt": 0.00843016803264618,
            "Horror": 0.00693271029740572,
            "Interest": 0.05980115011334419,
            "Joy": 0.02135707065463066,
            "Love": 0.010205032303929329,
            "Nostalgia": 0.005716138985008001,
            "Pain": 0.010330751538276672,
            "Pride": 0.06563345342874527,
            "Realization": 0.025401977822184563,
            "Relief": 0.08663441985845566,
            "Romance": 0.004028331022709608,
            "Sadness": 0.029282858595252037,
            "Satisfaction": 0.1138671413064003,
            "Shame": 0.007861961610615253,
            "Surprise (negative)": 0.011857707984745502,
            "Surprise (positive)": 0.006566398777067661,
            "Sympathy": 0.06414409726858139,
            "Tiredness": 0.03557910770177841,
            "Triumph": 0.04043775051832199
        },
        "lang": {
            "Admiration": 0.059606297074684074,
            "Adoration": 0.025631992828233967,
            "Aesthetic Appreciation": 0.024442670101832067,
            "Amusement": 0.03193542481000934,
            "Anger": 0.00938187986113397,
            "Annoyance": 0.0729968375360061,
            "Anxiety": 0.006430680397897959,
            "Awe": 0.01273687054137034,
            "Awkwardness": 0.02320560483661081,
            "Boredom": 0.02796558931004256,
            "Calmness": 0.04969923464315278,
            "Concentration": 0.011101165520293372,
            "Confusion": 0.07401559719749327,
            "Contemplation": 0.038419974934575815,
            "Contempt": 0.05005469572331224,
            "Contentment": 0.1811965966065015,
            "Craving": 0.0015531363231795175,
            "Desire": 0.0005639155195759875,
            "Determination": 0.02299451987658228,
            "Disappointment": 0.022137552283571234,
            "Disapproval": 0.02467912033067218,
            "Disgust": 0.004358455127138379,
            "Distress": 0.005039182050885367,
            "Doubt": 0.05385272060188332,
            "Ecstasy": 0.015466682034977046,
            "Embarrassment": 0.0032238228429507998,
            "Empathic Pain": 0.0089406194165349,
            "Enthusiasm": 0.2919928946399263,
            "Entrancement": 0.0038797736633569,
            "Envy": 0.0032425683291096774,
            "Excitement": 0.1281806672923267,
            "Fear": 0.001846716078164588,
            "Gratitude": 0.3112824544077739,
            "Guilt": 0.0009951506425360484,
            "Horror": 0.0003676838688469226,
            "Interest": 0.05583376277770315,
            "Joy": 0.24248445004091732,
            "Love": 0.028076904971385375,
            "Nostalgia": 0.0011180334258824587,
            "Pain": 0.0013259745236220105,
            "Pride": 0.08966964978857764,
            "Realization": 0.044985739780323844,
            "Relief": 0.09358080163864153,
            "Romance": 0.0007864448042320353,
            "Sadness": 0.003342962491192988,
            "Sarcasm": 0.1228746533659952,
            "Satisfaction": 0.32804803091234397,
            "Shame": 0.00288212119734713,
            "Surprise (negative)": 0.021729436453564892,
            "Surprise (positive)": 0.10223545160676752,
            "Sympathy": 0.022981392718585476,
            "Tiredness": 0.00868718312787158,
            "Triumph": 0.11914546574865069
        }
    }
}