{
    "metadata": {
        "dialogue_id": "178",
        "time_start": "00-00-02.377",
        "time_end": "00-00-07.840",
        "speaker": "The-Presenter",
        "emotion": "neutral",
        "sentiment": "neutral",
        "text_content": "in the category of Favorite Returning Male Character the nominees are: John Wheeler from",
        "file_name": "178_00-00-02.377_00-00-07.840_The-Presenter_neutral_neutral"
    },
    "predicted": {
        "face": {
            "Admiration": 0.18779674172401428,
            "Adoration": 0.1825280338525772,
            "Aesthetic Appreciation": 0.11078140884637833,
            "Amusement": 0.6322349905967712,
            "Anger": 0.012354951351881027,
            "Anxiety": 0.05726391822099686,
            "Awe": 0.07293883711099625,
            "Awkwardness": 0.19576352834701538,
            "Boredom": 0.14368386566638947,
            "Calmness": 0.23518264293670654,
            "Concentration": 0.28546813130378723,
            "Confusion": 0.13558493554592133,
            "Contemplation": 0.15314367413520813,
            "Contempt": 0.06342341750860214,
            "Contentment": 0.1834462285041809,
            "Craving": 0.23646658658981323,
            "Desire": 0.46547776460647583,
            "Determination": 0.08496139198541641,
            "Disappointment": 0.04541535675525665,
            "Disgust": 0.022231468930840492,
            "Distress": 0.043638333678245544,
            "Doubt": 0.10633313655853271,
            "Ecstasy": 0.1342591941356659,
            "Embarrassment": 0.048142291605472565,
            "Empathic Pain": 0.017700662836432457,
            "Entrancement": 0.14131870865821838,
            "Envy": 0.03161286935210228,
            "Excitement": 0.35180169343948364,
            "Fear": 0.033150047063827515,
            "Guilt": 0.021495753899216652,
            "Horror": 0.015289436094462872,
            "Interest": 0.64642733335495,
            "Joy": 0.4428654909133911,
            "Love": 0.30071544647216797,
            "Nostalgia": 0.05629189684987068,
            "Pain": 0.019936643540859222,
            "Pride": 0.08177957683801651,
            "Realization": 0.09613577276468277,
            "Relief": 0.05969750136137009,
            "Romance": 0.17239639163017273,
            "Sadness": 0.024603424593806267,
            "Satisfaction": 0.36241936683654785,
            "Shame": 0.022156178951263428,
            "Surprise (negative)": 0.01665072701871395,
            "Surprise (positive)": 0.028945332393050194,
            "Sympathy": 0.04306928813457489,
            "Tiredness": 0.05223987624049187,
            "Triumph": 0.06610745191574097
        },
        "prosody": {
            "Admiration": 0.29064805805683136,
            "Adoration": 0.1209992840886116,
            "Aesthetic Appreciation": 0.08166755735874176,
            "Amusement": 0.1320057027041912,
            "Anger": 0.008347611175850034,
            "Anxiety": 0.001816162548493594,
            "Awe": 0.07493165880441666,
            "Awkwardness": 0.00784647953696549,
            "Boredom": 0.013077055104076862,
            "Calmness": 0.08375616371631622,
            "Concentration": 0.2486579716205597,
            "Confusion": 0.00621847971342504,
            "Contemplation": 0.05957149527966976,
            "Contempt": 0.01862454740330577,
            "Contentment": 0.07756205275654793,
            "Craving": 0.012877762783318758,
            "Desire": 0.004810186452232301,
            "Determination": 0.15938372164964676,
            "Disappointment": 0.0052005109610036016,
            "Disgust": 0.008442075690254569,
            "Distress": 0.0024691300932317972,
            "Doubt": 0.0015633662405889481,
            "Ecstasy": 0.03569834679365158,
            "Embarrassment": 0.0014226928469724953,
            "Empathic Pain": 0.0017256690189242363,
            "Entrancement": 0.037549177184700966,
            "Envy": 0.027870477992109954,
            "Excitement": 0.24836822599172592,
            "Fear": 0.0007569155568489805,
            "Guilt": 0.0010460906778462231,
            "Horror": 0.0008875290222931653,
            "Interest": 0.5220682919025421,
            "Joy": 0.1345846801996231,
            "Love": 0.02973481733351946,
            "Nostalgia": 0.045462850481271744,
            "Pain": 0.00029842444928362966,
            "Pride": 0.30448608100414276,
            "Realization": 0.07394923828542233,
            "Relief": 0.007701644208282232,
            "Romance": 0.010602947091683745,
            "Sadness": 0.0012826294405385852,
            "Satisfaction": 0.250936396420002,
            "Shame": 0.0005427169089671224,
            "Surprise (negative)": 0.0035626270109787583,
            "Surprise (positive)": 0.07220395747572184,
            "Sympathy": 0.007444451795890927,
            "Tiredness": 0.0010127936257049441,
            "Triumph": 0.07214441895484924
        },
        "lang": {}
    }
}