{
    "metadata": {
        "dialogue_id": "182",
        "time_start": "00-00-43.054",
        "time_end": "00-00-45.646",
        "speaker": "Rachel",
        "emotion": "neutral",
        "sentiment": "neutral",
        "text_content": "All right, I'm just gonna go on the date.",
        "file_name": "182_00-00-43.054_00-00-45.646_Rachel_neutral_neutral"
    },
    "predicted": {
        "face": {
            "Admiration": 0.038855720311403275,
            "Adoration": 0.03424735367298126,
            "Aesthetic Appreciation": 0.02700961008667946,
            "Amusement": 0.12991055846214294,
            "Anger": 0.09258244931697845,
            "Anxiety": 0.24044528603553772,
            "Awe": 0.10983424633741379,
            "Awkwardness": 0.1743474304676056,
            "Boredom": 0.18454457819461823,
            "Calmness": 0.1175694465637207,
            "Concentration": 0.10693781077861786,
            "Confusion": 0.2860215902328491,
            "Contemplation": 0.06925055384635925,
            "Contempt": 0.08202642947435379,
            "Contentment": 0.062415894120931625,
            "Craving": 0.03968343511223793,
            "Desire": 0.09649943560361862,
            "Determination": 0.05279865860939026,
            "Disappointment": 0.37961721420288086,
            "Disgust": 0.09314411878585815,
            "Distress": 0.45341432094573975,
            "Doubt": 0.14775390923023224,
            "Ecstasy": 0.10125958919525146,
            "Embarrassment": 0.18878790736198425,
            "Empathic Pain": 0.10207587480545044,
            "Entrancement": 0.06495939940214157,
            "Envy": 0.015830399468541145,
            "Excitement": 0.10494567453861237,
            "Fear": 0.13395848870277405,
            "Guilt": 0.10067185759544373,
            "Horror": 0.09857317060232162,
            "Interest": 0.0822003111243248,
            "Joy": 0.08326202630996704,
            "Love": 0.0591699481010437,
            "Nostalgia": 0.03890733793377876,
            "Pain": 0.3418649137020111,
            "Pride": 0.04306116700172424,
            "Realization": 0.20920181274414062,
            "Relief": 0.2364533543586731,
            "Romance": 0.03550403565168381,
            "Sadness": 0.1637841910123825,
            "Satisfaction": 0.14057745039463043,
            "Shame": 0.10875742137432098,
            "Surprise (negative)": 0.11417870223522186,
            "Surprise (positive)": 0.06609273701906204,
            "Sympathy": 0.026324868202209473,
            "Tiredness": 0.5355450510978699,
            "Triumph": 0.05252326279878616
        },
        "prosody": {
            "Admiration": 0.0014778085751459002,
            "Adoration": 0.0014775407034903765,
            "Aesthetic Appreciation": 0.0019913201685994864,
            "Amusement": 0.018649347126483917,
            "Anger": 0.11359845101833344,
            "Anxiety": 0.21357285976409912,
            "Awe": 0.007875737734138966,
            "Awkwardness": 0.027205515652894974,
            "Boredom": 0.0193476639688015,
            "Calmness": 0.010561547242105007,
            "Concentration": 0.04734760522842407,
            "Confusion": 0.09115801006555557,
            "Contemplation": 0.024636633694171906,
            "Contempt": 0.030271505936980247,
            "Contentment": 0.009814750403165817,
            "Craving": 0.01938297599554062,
            "Desire": 0.012188645079731941,
            "Determination": 0.35091981291770935,
            "Disappointment": 0.10296477377414703,
            "Disgust": 0.025112362578511238,
            "Distress": 0.23304486274719238,
            "Doubt": 0.07389567792415619,
            "Ecstasy": 0.021205736324191093,
            "Embarrassment": 0.017447860911488533,
            "Empathic Pain": 0.005063869059085846,
            "Entrancement": 0.005964034236967564,
            "Envy": 0.0031875534914433956,
            "Excitement": 0.09515468776226044,
            "Fear": 0.13800129294395447,
            "Guilt": 0.009707831777632236,
            "Horror": 0.02898464724421501,
            "Interest": 0.018169879913330078,
            "Joy": 0.01289525255560875,
            "Love": 0.0025669788010418415,
            "Nostalgia": 0.007081795949488878,
            "Pain": 0.045525502413511276,
            "Pride": 0.0065871975384652615,
            "Realization": 0.07279062271118164,
            "Relief": 0.01253561768680811,
            "Romance": 0.008664684370160103,
            "Sadness": 0.032948657870292664,
            "Satisfaction": 0.01266283169388771,
            "Shame": 0.016372298821806908,
            "Surprise (negative)": 0.05086100473999977,
            "Surprise (positive)": 0.010959879495203495,
            "Sympathy": 0.0027121712919324636,
            "Tiredness": 0.05725476145744324,
            "Triumph": 0.0141509510576725
        },
        "lang": {}
    }
}