{
    "metadata": {
        "dialogue_id": "183",
        "time_start": "00-00-01.751",
        "time_end": "00-00-02.723",
        "speaker": "Duncan",
        "emotion": "surprise",
        "sentiment": "positive",
        "file_name": "183_00-00-01.751_00-00-02.723_Duncan_surprise_positive"
    },
    "predicted": {
        "face": {
            "Admiration": 0.3175232410430908,
            "Adoration": 0.3676549792289734,
            "Aesthetic Appreciation": 0.12944357097148895,
            "Amusement": 0.5978081822395325,
            "Anger": 0.017844635993242264,
            "Anxiety": 0.04762391746044159,
            "Awe": 0.09390289336442947,
            "Awkwardness": 0.1954340785741806,
            "Boredom": 0.14968296885490417,
            "Calmness": 0.4288814961910248,
            "Concentration": 0.19798456132411957,
            "Confusion": 0.11622539162635803,
            "Contemplation": 0.12093767523765564,
            "Contempt": 0.10668649524450302,
            "Contentment": 0.38825270533561707,
            "Craving": 0.053988419473171234,
            "Desire": 0.07430822402238846,
            "Determination": 0.06923659890890121,
            "Disappointment": 0.1021779403090477,
            "Disgust": 0.026439892128109932,
            "Distress": 0.051323335617780685,
            "Doubt": 0.11694668233394623,
            "Ecstasy": 0.08825943619012833,
            "Embarrassment": 0.09251458942890167,
            "Empathic Pain": 0.02881469950079918,
            "Entrancement": 0.11802394688129425,
            "Envy": 0.03873305395245552,
            "Excitement": 0.25544318556785583,
            "Fear": 0.0255268607288599,
            "Guilt": 0.030812716111540794,
            "Horror": 0.012072952464222908,
            "Interest": 0.46713757514953613,
            "Joy": 0.5597677826881409,
            "Love": 0.5436171293258667,
            "Nostalgia": 0.10779960453510284,
            "Pain": 0.0306779146194458,
            "Pride": 0.18875381350517273,
            "Realization": 0.12901028990745544,
            "Relief": 0.15490493178367615,
            "Romance": 0.14928323030471802,
            "Sadness": 0.04697750136256218,
            "Satisfaction": 0.45917049050331116,
            "Shame": 0.042251065373420715,
            "Surprise (negative)": 0.01618190109729767,
            "Surprise (positive)": 0.029082881286740303,
            "Sympathy": 0.07978567481040955,
            "Tiredness": 0.09277163445949554,
            "Triumph": 0.09035348892211914
        },
        "prosody": {
            "Admiration": 0,
            "Adoration": 0,
            "Aesthetic Appreciation": 0,
            "Amusement": 0,
            "Anger": 0,
            "Annoyance": 0,
            "Anxiety": 0,
            "Awe": 0,
            "Awkwardness": 0,
            "Boredom": 0,
            "Calmness": 0,
            "Concentration": 0,
            "Confusion": 0,
            "Contemplation": 0,
            "Contempt": 0,
            "Contentment": 0,
            "Craving": 0,
            "Desire": 0,
            "Determination": 0,
            "Disappointment": 0,
            "Disapproval": 0,
            "Disgust": 0,
            "Distress": 0,
            "Doubt": 0,
            "Ecstasy": 0,
            "Embarrassment": 0,
            "Empathic Pain": 0,
            "Enthusiasm": 0,
            "Entrancement": 0,
            "Envy": 0,
            "Excitement": 0,
            "Fear": 0,
            "Gratitude": 0,
            "Guilt": 0,
            "Horror": 0,
            "Interest": 0,
            "Joy": 0,
            "Love": 0,
            "Nostalgia": 0,
            "Pain": 0,
            "Pride": 0,
            "Realization": 0,
            "Relief": 0,
            "Romance": 0,
            "Sadness": 0,
            "Sarcasm": 0,
            "Satisfaction": 0,
            "Shame": 0,
            "Surprise (negative)": 0,
            "Surprise (positive)": 0,
            "Sympathy": 0,
            "Tiredness": 0,
            "Triumph": 0
        },
        "lang": {
            "Admiration": 0.013921382836997509,
            "Adoration": 0.018775692209601402,
            "Aesthetic Appreciation": 0.004329604562371969,
            "Amusement": 0.024142203852534294,
            "Anger": 0.2999679148197174,
            "Annoyance": 0.3596724569797516,
            "Anxiety": 0.0053995708003640175,
            "Awe": 0.016971882432699203,
            "Awkwardness": 0.04784851893782616,
            "Boredom": 0.004529144614934921,
            "Calmness": 0.00699919369071722,
            "Concentration": 0.003076463472098112,
            "Confusion": 0.08495587110519409,
            "Contemplation": 0.003281027777120471,
            "Contempt": 0.06253045052289963,
            "Contentment": 0.006213150918483734,
            "Craving": 0.0006739703821949661,
            "Desire": 0.0062971473671495914,
            "Determination": 0.008673299103975296,
            "Disappointment": 0.0770661011338234,
            "Disapproval": 0.1482294797897339,
            "Disgust": 0.03730728477239609,
            "Distress": 0.03341044485569,
            "Doubt": 0.005620216950774193,
            "Ecstasy": 0.006240262649953365,
            "Embarrassment": 0.026578642427921295,
            "Empathic Pain": 0.003991247620433569,
            "Enthusiasm": 0.03091067261993885,
            "Entrancement": 0.007355533540248871,
            "Envy": 0.002535714767873287,
            "Excitement": 0.024935537949204445,
            "Fear": 0.0028224869165569544,
            "Gratitude": 0.002360798418521881,
            "Guilt": 0.0052496385760605335,
            "Horror": 0.009141300804913044,
            "Interest": 0.013761335052549839,
            "Joy": 0.02595708519220352,
            "Love": 0.017280271276831627,
            "Nostalgia": 0.0021025219466537237,
            "Pain": 0.006286307703703642,
            "Pride": 0.011879358440637589,
            "Realization": 0.06848812103271484,
            "Relief": 0.002560713794082403,
            "Romance": 0.008926387876272202,
            "Sadness": 0.012194601818919182,
            "Sarcasm": 0.016582397744059563,
            "Satisfaction": 0.009482698515057564,
            "Shame": 0.01713544689118862,
            "Surprise (negative)": 0.34574395418167114,
            "Surprise (positive)": 0.10612305998802185,
            "Sympathy": 0.004413239657878876,
            "Tiredness": 0.0020608992781490088,
            "Triumph": 0.010535846464335918
        }
    }
}