{
    "metadata": {
        "dialogue_id": "184",
        "time_start": "00-01-06.066",
        "time_end": "00-01-10.695",
        "speaker": "Rachel",
        "emotion": "anger",
        "sentiment": "negative",
        "text_content": "OH! And the year before that, when you set up that nighttime    tour of that button factory?",
        "file_name": "184_00-01-06.066_00-01-10.695_Rachel_anger_negative"
    },
    "predicted": {
        "face": {
            "Admiration": 0.04755733907222748,
            "Adoration": 0.030933858826756477,
            "Aesthetic Appreciation": 0.02878265455365181,
            "Amusement": 0.10608295351266861,
            "Anger": 0.09366703033447266,
            "Anxiety": 0.3802599310874939,
            "Awe": 0.13999515771865845,
            "Awkwardness": 0.2148805558681488,
            "Boredom": 0.09574299305677414,
            "Calmness": 0.06469564884901047,
            "Concentration": 0.17868493497371674,
            "Confusion": 0.5178475379943848,
            "Contemplation": 0.14454786479473114,
            "Contempt": 0.09842659533023834,
            "Contentment": 0.032309915870428085,
            "Craving": 0.05493658035993576,
            "Desire": 0.05276070162653923,
            "Determination": 0.06799688935279846,
            "Disappointment": 0.20528078079223633,
            "Disgust": 0.1594327837228775,
            "Distress": 0.4281977415084839,
            "Doubt": 0.3184854984283447,
            "Ecstasy": 0.038673609495162964,
            "Embarrassment": 0.13149379193782806,
            "Empathic Pain": 0.12637925148010254,
            "Entrancement": 0.0639573186635971,
            "Envy": 0.028525494039058685,
            "Excitement": 0.09003518521785736,
            "Fear": 0.5766963958740234,
            "Guilt": 0.0970720648765564,
            "Horror": 0.3516773283481598,
            "Interest": 0.15128299593925476,
            "Joy": 0.05407242476940155,
            "Love": 0.03430928662419319,
            "Nostalgia": 0.03754331171512604,
            "Pain": 0.23988649249076843,
            "Pride": 0.025745201855897903,
            "Realization": 0.16151434183120728,
            "Relief": 0.025207066908478737,
            "Romance": 0.021680545061826706,
            "Sadness": 0.20116646587848663,
            "Satisfaction": 0.046776968985795975,
            "Shame": 0.06754553318023682,
            "Surprise (negative)": 0.2329186499118805,
            "Surprise (positive)": 0.0827614814043045,
            "Sympathy": 0.042421985417604446,
            "Tiredness": 0.07829608023166656,
            "Triumph": 0.02571941167116165
        },
        "prosody": {
            "Admiration": 0.011904294602572918,
            "Adoration": 0.018596524372696877,
            "Aesthetic Appreciation": 0.009052436798810959,
            "Amusement": 0.11733926832675934,
            "Anger": 0.6021056175231934,
            "Anxiety": 0.15335196256637573,
            "Awe": 0.07958880811929703,
            "Awkwardness": 0.027155661955475807,
            "Boredom": 0.0009293414186686277,
            "Calmness": 0.00021025129535701126,
            "Concentration": 0.0003772622731048614,
            "Confusion": 0.07410632073879242,
            "Contemplation": 0.0009739288943819702,
            "Contempt": 0.11128560453653336,
            "Contentment": 0.0017083348939195275,
            "Craving": 0.004603206180036068,
            "Desire": 0.0030833655036985874,
            "Determination": 0.004489080514758825,
            "Disappointment": 0.36374956369400024,
            "Disgust": 0.3193921744823456,
            "Distress": 0.5227735042572021,
            "Doubt": 0.010775483213365078,
            "Ecstasy": 0.03397281840443611,
            "Embarrassment": 0.018941089510917664,
            "Empathic Pain": 0.02207489311695099,
            "Entrancement": 0.014353170990943909,
            "Envy": 0.01082089077681303,
            "Excitement": 0.12904280424118042,
            "Fear": 0.1223640963435173,
            "Guilt": 0.01910741813480854,
            "Horror": 0.24913477897644043,
            "Interest": 0.013580413535237312,
            "Joy": 0.033885497599840164,
            "Love": 0.01011713407933712,
            "Nostalgia": 0.021605895832180977,
            "Pain": 0.05877844989299774,
            "Pride": 0.00646414328366518,
            "Realization": 0.02820976823568344,
            "Relief": 0.002540296409279108,
            "Romance": 0.026259735226631165,
            "Sadness": 0.027728121727705002,
            "Satisfaction": 0.010304677300155163,
            "Shame": 0.006901310756802559,
            "Surprise (negative)": 0.3997029960155487,
            "Surprise (positive)": 0.053378939628601074,
            "Sympathy": 0.005502660293132067,
            "Tiredness": 0.010301236994564533,
            "Triumph": 0.007764922920614481
        },
        "lang": {}
    }
}