{
    "metadata": {
        "dialogue_id": "185",
        "time_start": "00-00-40.082",
        "time_end": "00-00-41.750",
        "speaker": "Rachel",
        "emotion": "surprise",
        "sentiment": "positive",
        "text_content": "What did you just say?",
        "file_name": "185_00-00-40.082_00-00-41.750_Rachel_surprise_positive"
    },
    "predicted": {
        "face": {
            "Admiration": 0.10995790362358093,
            "Adoration": 0.1180371344089508,
            "Aesthetic Appreciation": 0.07115215808153152,
            "Amusement": 0.19627749919891357,
            "Anger": 0.07574286311864853,
            "Anxiety": 0.14109791815280914,
            "Awe": 0.08399073779582977,
            "Awkwardness": 0.1702136993408203,
            "Boredom": 0.30288606882095337,
            "Calmness": 0.4377666115760803,
            "Concentration": 0.30960211157798767,
            "Confusion": 0.24256350100040436,
            "Contemplation": 0.17825847864151,
            "Contempt": 0.14839118719100952,
            "Contentment": 0.20547805726528168,
            "Craving": 0.05296379327774048,
            "Desire": 0.09007669985294342,
            "Determination": 0.09470942616462708,
            "Disappointment": 0.3028164207935333,
            "Disgust": 0.10107365250587463,
            "Distress": 0.22893312573432922,
            "Doubt": 0.20812126994132996,
            "Ecstasy": 0.07216715812683105,
            "Embarrassment": 0.11403750628232956,
            "Empathic Pain": 0.11429300904273987,
            "Entrancement": 0.11719417572021484,
            "Envy": 0.03792857751250267,
            "Excitement": 0.10714403539896011,
            "Fear": 0.09906838089227676,
            "Guilt": 0.09693659096956253,
            "Horror": 0.047305669635534286,
            "Interest": 0.2287672460079193,
            "Joy": 0.1924077272415161,
            "Love": 0.19590525329113007,
            "Nostalgia": 0.09039631485939026,
            "Pain": 0.23865598440170288,
            "Pride": 0.08611184358596802,
            "Realization": 0.14870154857635498,
            "Relief": 0.14397987723350525,
            "Romance": 0.07385636121034622,
            "Sadness": 0.29624947905540466,
            "Satisfaction": 0.25510624051094055,
            "Shame": 0.09697625041007996,
            "Surprise (negative)": 0.04575739800930023,
            "Surprise (positive)": 0.037298593670129776,
            "Sympathy": 0.06673381477594376,
            "Tiredness": 0.310177743434906,
            "Triumph": 0.05306436866521835
        },
        "prosody": {
            "Admiration": 0.004467908293008804,
            "Adoration": 0.003926248289644718,
            "Aesthetic Appreciation": 0.003949986305087805,
            "Amusement": 0.038335833698511124,
            "Anger": 0.053177401423454285,
            "Anxiety": 0.11836115270853043,
            "Awe": 0.056946828961372375,
            "Awkwardness": 0.04861006140708923,
            "Boredom": 0.0050593153573572636,
            "Calmness": 0.00690577644854784,
            "Concentration": 0.006993837654590607,
            "Confusion": 0.6328425407409668,
            "Contemplation": 0.012679564766585827,
            "Contempt": 0.007018113974481821,
            "Contentment": 0.0027984357438981533,
            "Craving": 0.0011141248978674412,
            "Desire": 0.002527964301407337,
            "Determination": 0.005585142876952887,
            "Disappointment": 0.04287434741854668,
            "Disgust": 0.012495482340455055,
            "Distress": 0.14106296002864838,
            "Doubt": 0.08141401410102844,
            "Ecstasy": 0.006744059734046459,
            "Embarrassment": 0.010293707251548767,
            "Empathic Pain": 0.014348411001265049,
            "Entrancement": 0.004940618760883808,
            "Envy": 0.003630862571299076,
            "Excitement": 0.03403935581445694,
            "Fear": 0.09169220924377441,
            "Guilt": 0.01136659923940897,
            "Horror": 0.06905676424503326,
            "Interest": 0.0947592481970787,
            "Joy": 0.008262262679636478,
            "Love": 0.0033158857841044664,
            "Nostalgia": 0.0029759537428617477,
            "Pain": 0.02317245490849018,
            "Pride": 0.0038237469270825386,
            "Realization": 0.02071278728544712,
            "Relief": 0.0033612048719078302,
            "Romance": 0.004864744376391172,
            "Sadness": 0.038002900779247284,
            "Satisfaction": 0.0030449540354311466,
            "Shame": 0.009843884035944939,
            "Surprise (negative)": 0.29575473070144653,
            "Surprise (positive)": 0.10589595884084702,
            "Sympathy": 0.02188299596309662,
            "Tiredness": 0.0037382428999990225,
            "Triumph": 0.002705108607187867
        },
        "lang": {}
    }
}