{
    "metadata": {
        "dialogue_id": "186",
        "time_start": "00-00-00.000",
        "time_end": "00-00-01.584",
        "speaker": "Gary",
        "emotion": "joy",
        "sentiment": "positive",
        "text_content": "I really like waking up with you.",
        "file_name": "186_00-00-00.000_00-00-01.584_Gary_joy_positive"
    },
    "predicted": {
        "face": {
            "Admiration": 0.23684081435203552,
            "Adoration": 0.29286256432533264,
            "Aesthetic Appreciation": 0.10145291686058044,
            "Amusement": 0.5627898573875427,
            "Anger": 0.033307891339063644,
            "Anxiety": 0.0621408075094223,
            "Awe": 0.11939984560012817,
            "Awkwardness": 0.15172390639781952,
            "Boredom": 0.10775405168533325,
            "Calmness": 0.30661070346832275,
            "Concentration": 0.17990565299987793,
            "Confusion": 0.14687758684158325,
            "Contemplation": 0.09191697090864182,
            "Contempt": 0.08803308010101318,
            "Contentment": 0.2891610860824585,
            "Craving": 0.05335598438978195,
            "Desire": 0.10283874720335007,
            "Determination": 0.06283850222826004,
            "Disappointment": 0.09665322303771973,
            "Disgust": 0.05128728598356247,
            "Distress": 0.08737154304981232,
            "Doubt": 0.10197948664426804,
            "Ecstasy": 0.16774490475654602,
            "Embarrassment": 0.0793474018573761,
            "Empathic Pain": 0.0455414280295372,
            "Entrancement": 0.13102245330810547,
            "Envy": 0.033808011561632156,
            "Excitement": 0.3559606671333313,
            "Fear": 0.05529077351093292,
            "Guilt": 0.03587595373392105,
            "Horror": 0.030055969953536987,
            "Interest": 0.3960276246070862,
            "Joy": 0.6357131600379944,
            "Love": 0.5315821170806885,
            "Nostalgia": 0.08947155624628067,
            "Pain": 0.08684751391410828,
            "Pride": 0.12425248324871063,
            "Realization": 0.1271345019340515,
            "Relief": 0.14866670966148376,
            "Romance": 0.134902223944664,
            "Sadness": 0.0818667858839035,
            "Satisfaction": 0.42049819231033325,
            "Shame": 0.04214591532945633,
            "Surprise (negative)": 0.03057907521724701,
            "Surprise (positive)": 0.05157622694969177,
            "Sympathy": 0.05770101398229599,
            "Tiredness": 0.098064124584198,
            "Triumph": 0.09877133369445801
        },
        "prosody": {
            "Admiration": 0,
            "Adoration": 0,
            "Aesthetic Appreciation": 0,
            "Amusement": 0,
            "Anger": 0,
            "Annoyance": 0,
            "Anxiety": 0,
            "Awe": 0,
            "Awkwardness": 0,
            "Boredom": 0,
            "Calmness": 0,
            "Concentration": 0,
            "Confusion": 0,
            "Contemplation": 0,
            "Contempt": 0,
            "Contentment": 0,
            "Craving": 0,
            "Desire": 0,
            "Determination": 0,
            "Disappointment": 0,
            "Disapproval": 0,
            "Disgust": 0,
            "Distress": 0,
            "Doubt": 0,
            "Ecstasy": 0,
            "Embarrassment": 0,
            "Empathic Pain": 0,
            "Enthusiasm": 0,
            "Entrancement": 0,
            "Envy": 0,
            "Excitement": 0,
            "Fear": 0,
            "Gratitude": 0,
            "Guilt": 0,
            "Horror": 0,
            "Interest": 0,
            "Joy": 0,
            "Love": 0,
            "Nostalgia": 0,
            "Pain": 0,
            "Pride": 0,
            "Realization": 0,
            "Relief": 0,
            "Romance": 0,
            "Sadness": 0,
            "Sarcasm": 0,
            "Satisfaction": 0,
            "Shame": 0,
            "Surprise (negative)": 0,
            "Surprise (positive)": 0,
            "Sympathy": 0,
            "Tiredness": 0,
            "Triumph": 0
        },
        "lang": {}
    }
}