{
    "metadata": {
        "dialogue_id": "197",
        "time_start": "00-01-04.564",
        "time_end": "00-01-08.276",
        "speaker": "Joey",
        "emotion": "neutral",
        "sentiment": "neutral",
        "file_name": "197_00-01-04.564_00-01-08.276_Joey_neutral_neutral"
    },
    "predicted": {
        "face": {
            "Admiration": 0.16053250432014465,
            "Adoration": 0.1321207582950592,
            "Aesthetic Appreciation": 0.09636558592319489,
            "Amusement": 0.20031800866127014,
            "Anger": 0.08351878076791763,
            "Anxiety": 0.13125301897525787,
            "Awe": 0.09526465088129044,
            "Awkwardness": 0.212397038936615,
            "Boredom": 0.3323739469051361,
            "Calmness": 0.4972046911716461,
            "Concentration": 0.46167683601379395,
            "Confusion": 0.34718945622444153,
            "Contemplation": 0.2570435702800751,
            "Contempt": 0.21772140264511108,
            "Contentment": 0.1952611804008484,
            "Craving": 0.07427629083395004,
            "Desire": 0.08008413761854172,
            "Determination": 0.15507805347442627,
            "Disappointment": 0.27302247285842896,
            "Disgust": 0.08963671326637268,
            "Distress": 0.15073367953300476,
            "Doubt": 0.33198100328445435,
            "Ecstasy": 0.040374837815761566,
            "Embarrassment": 0.09255604445934296,
            "Empathic Pain": 0.07378672063350677,
            "Entrancement": 0.14246535301208496,
            "Envy": 0.06232232227921486,
            "Excitement": 0.09160514920949936,
            "Fear": 0.08211179077625275,
            "Guilt": 0.0715068057179451,
            "Horror": 0.03325270488858223,
            "Interest": 0.3873905539512634,
            "Joy": 0.148501455783844,
            "Love": 0.16032534837722778,
            "Nostalgia": 0.08894496411085129,
            "Pain": 0.08824408799409866,
            "Pride": 0.11131072044372559,
            "Realization": 0.1652296781539917,
            "Relief": 0.08653205633163452,
            "Romance": 0.0711861103773117,
            "Sadness": 0.17763130366802216,
            "Satisfaction": 0.18995052576065063,
            "Shame": 0.06551869958639145,
            "Surprise (negative)": 0.04283368960022926,
            "Surprise (positive)": 0.039317622780799866,
            "Sympathy": 0.07374516874551773,
            "Tiredness": 0.17931298911571503,
            "Triumph": 0.049890197813510895
        },
        "prosody": {
            "Admiration": 0.02073897421360016,
            "Adoration": 0.02048511803150177,
            "Aesthetic Appreciation": 0.016208354383707047,
            "Amusement": 0.1789403259754181,
            "Anger": 0.0306952353566885,
            "Anxiety": 0.07632339000701904,
            "Awe": 0.07041673362255096,
            "Awkwardness": 0.049281105399131775,
            "Boredom": 0.0013861050829291344,
            "Calmness": 0.0009479048894718289,
            "Concentration": 0.0013172196922823787,
            "Confusion": 0.1066301092505455,
            "Contemplation": 0.0022157158236950636,
            "Contempt": 0.010842709802091122,
            "Contentment": 0.003519971389323473,
            "Craving": 0.004236394539475441,
            "Desire": 0.0038786386139690876,
            "Determination": 0.005473398137837648,
            "Disappointment": 0.10734260082244873,
            "Disgust": 0.038555875420570374,
            "Distress": 0.19466368854045868,
            "Doubt": 0.02250916324555874,
            "Ecstasy": 0.051448505371809006,
            "Embarrassment": 0.0598994605243206,
            "Empathic Pain": 0.05303291976451874,
            "Entrancement": 0.0059937890619039536,
            "Envy": 0.020122312009334564,
            "Excitement": 0.19036944210529327,
            "Fear": 0.05407992750406265,
            "Guilt": 0.024776851758360863,
            "Horror": 0.11353671550750732,
            "Interest": 0.05626895651221275,
            "Joy": 0.04897037521004677,
            "Love": 0.015620262362062931,
            "Nostalgia": 0.010276558808982372,
            "Pain": 0.04082220420241356,
            "Pride": 0.010479201562702656,
            "Realization": 0.09229398518800735,
            "Relief": 0.016202446073293686,
            "Romance": 0.010644706897437572,
            "Sadness": 0.030253224074840546,
            "Satisfaction": 0.01648617349565029,
            "Shame": 0.0225515253841877,
            "Surprise (negative)": 0.34246617555618286,
            "Surprise (positive)": 0.4234974980354309,
            "Sympathy": 0.048048704862594604,
            "Tiredness": 0.0034562228247523308,
            "Triumph": 0.02070431411266327
        },
        "lang": {
            "Admiration": 0.020426404196769,
            "Adoration": 0.0064805456980442004,
            "Aesthetic Appreciation": 0.01176838700970014,
            "Amusement": 0.018376142097016174,
            "Anger": 0.0034369085333310068,
            "Annoyance": 0.09945864540835221,
            "Anxiety": 0.003495415401024123,
            "Awe": 0.004850590252317488,
            "Awkwardness": 0.05576861067675054,
            "Boredom": 0.23704847196737924,
            "Calmness": 0.3020276774962743,
            "Concentration": 0.026558709951738518,
            "Confusion": 0.02569157036487013,
            "Contemplation": 0.043970913626253605,
            "Contempt": 0.04993887121478716,
            "Contentment": 0.292438509563605,
            "Craving": 0.0031411804957315326,
            "Desire": 0.0026418000537281237,
            "Determination": 0.019130271238585312,
            "Disappointment": 0.06001030234619975,
            "Disapproval": 0.030217919033020735,
            "Disgust": 0.006547063356265426,
            "Distress": 0.0057884772346975906,
            "Doubt": 0.011298211524263024,
            "Ecstasy": 0.002122463076375425,
            "Embarrassment": 0.008365706637656936,
            "Empathic Pain": 0.009258475775520006,
            "Enthusiasm": 0.0201919957374533,
            "Entrancement": 0.00445751395697395,
            "Envy": 0.0028154528699815273,
            "Excitement": 0.004954491586734851,
            "Fear": 0.0005584312796903154,
            "Gratitude": 0.021577854330341022,
            "Guilt": 0.002019844211948415,
            "Horror": 0.00022454515904731429,
            "Interest": 0.03314926289021969,
            "Joy": 0.021851048183937866,
            "Love": 0.008396166493184865,
            "Nostalgia": 0.0021991602843627334,
            "Pain": 0.005604607130711277,
            "Pride": 0.01661213068291545,
            "Realization": 0.1517010157306989,
            "Relief": 0.09719201549887657,
            "Romance": 0.002316030654280136,
            "Sadness": 0.010211241043483218,
            "Sarcasm": 0.021211011645694573,
            "Satisfaction": 0.2744326616326968,
            "Shame": 0.006134979077614844,
            "Surprise (negative)": 0.01791818905621767,
            "Surprise (positive)": 0.025293053748706978,
            "Sympathy": 0.018191080074757338,
            "Tiredness": 0.06812603352591395,
            "Triumph": 0.030027801947047312
        }
    }
}