{
    "metadata": {
        "dialogue_id": "199",
        "time_start": "00-00-45.962",
        "time_end": "00-00-48.422",
        "speaker": "Joey",
        "emotion": "neutral",
        "sentiment": "neutral",
        "file_name": "199_00-00-45.962_00-00-48.422_Joey_neutral_neutral"
    },
    "predicted": {
        "face": {
            "Admiration": 0.1819649487733841,
            "Adoration": 0.20378834009170532,
            "Aesthetic Appreciation": 0.079901784658432,
            "Amusement": 0.4871906340122223,
            "Anger": 0.06597378104925156,
            "Anxiety": 0.11050925403833389,
            "Awe": 0.10708989948034286,
            "Awkwardness": 0.2091432362794876,
            "Boredom": 0.11473187804222107,
            "Calmness": 0.23157741129398346,
            "Concentration": 0.18884125351905823,
            "Confusion": 0.31939539313316345,
            "Contemplation": 0.10559486597776413,
            "Contempt": 0.12890057265758514,
            "Contentment": 0.21565818786621094,
            "Craving": 0.04256775975227356,
            "Desire": 0.06316552311182022,
            "Determination": 0.07092808187007904,
            "Disappointment": 0.15744177997112274,
            "Disgust": 0.11443445086479187,
            "Distress": 0.16974130272865295,
            "Doubt": 0.19561798870563507,
            "Ecstasy": 0.10751619189977646,
            "Embarrassment": 0.10405618697404861,
            "Empathic Pain": 0.08545614778995514,
            "Entrancement": 0.0998028814792633,
            "Envy": 0.04065025597810745,
            "Excitement": 0.28760436177253723,
            "Fear": 0.10148390382528305,
            "Guilt": 0.05275699868798256,
            "Horror": 0.05674618482589722,
            "Interest": 0.37065231800079346,
            "Joy": 0.5229179263114929,
            "Love": 0.33617448806762695,
            "Nostalgia": 0.07838962972164154,
            "Pain": 0.17459827661514282,
            "Pride": 0.11033064126968384,
            "Realization": 0.1342802196741104,
            "Relief": 0.10608383268117905,
            "Romance": 0.07921799272298813,
            "Sadness": 0.16318561136722565,
            "Satisfaction": 0.27325111627578735,
            "Shame": 0.05414380133152008,
            "Surprise (negative)": 0.05306842178106308,
            "Surprise (positive)": 0.05740875378251076,
            "Sympathy": 0.07408864051103592,
            "Tiredness": 0.09497751295566559,
            "Triumph": 0.08289273828268051
        },
        "prosody": {
            "Admiration": 0.06384003907442093,
            "Adoration": 0.021188581362366676,
            "Aesthetic Appreciation": 0.023002823814749718,
            "Amusement": 0.1767309606075287,
            "Anger": 0.0024803606793284416,
            "Anxiety": 0.00531546538695693,
            "Awe": 0.03109055943787098,
            "Awkwardness": 0.014990098774433136,
            "Boredom": 0.10233995318412781,
            "Calmness": 0.1814412772655487,
            "Concentration": 0.14712923765182495,
            "Confusion": 0.02056560106575489,
            "Contemplation": 0.056619059294462204,
            "Contempt": 0.007664650212973356,
            "Contentment": 0.08463931828737259,
            "Craving": 0.006672621704638004,
            "Desire": 0.010988990776240826,
            "Determination": 0.09635120630264282,
            "Disappointment": 0.017206497490406036,
            "Disgust": 0.005617324262857437,
            "Distress": 0.006151075474917889,
            "Doubt": 0.008381839841604233,
            "Ecstasy": 0.02653582952916622,
            "Embarrassment": 0.003204346401616931,
            "Empathic Pain": 0.002594787860289216,
            "Entrancement": 0.01934288628399372,
            "Envy": 0.005770665593445301,
            "Excitement": 0.15398791432380676,
            "Fear": 0.004334307741373777,
            "Guilt": 0.0037475235294550657,
            "Horror": 0.0035066797863692045,
            "Interest": 0.12107914686203003,
            "Joy": 0.15615831315517426,
            "Love": 0.015108800493180752,
            "Nostalgia": 0.051155272871255875,
            "Pain": 0.003704181406646967,
            "Pride": 0.15552034974098206,
            "Realization": 0.05395226553082466,
            "Relief": 0.06740515679121017,
            "Romance": 0.007088052108883858,
            "Sadness": 0.009457254782319069,
            "Satisfaction": 0.12720824778079987,
            "Shame": 0.004133856855332851,
            "Surprise (negative)": 0.016591867431998253,
            "Surprise (positive)": 0.09652069211006165,
            "Sympathy": 0.003327759448438883,
            "Tiredness": 0.025425689294934273,
            "Triumph": 0.07214073836803436
        },
        "lang": {
            "Admiration": 0.059623711928725245,
            "Adoration": 0.040758710354566574,
            "Aesthetic Appreciation": 0.01871712300926447,
            "Amusement": 0.10622656904160976,
            "Anger": 0.005309136444702744,
            "Annoyance": 0.0629585113376379,
            "Anxiety": 0.010468548815697431,
            "Awe": 0.06644875071942806,
            "Awkwardness": 0.07609215490520001,
            "Boredom": 0.029669781867414712,
            "Calmness": 0.043293381482362746,
            "Concentration": 0.007580076297745109,
            "Confusion": 0.037222076673060656,
            "Contemplation": 0.062016716599464415,
            "Contempt": 0.027292890660464763,
            "Contentment": 0.028189512714743615,
            "Craving": 0.009582857042551041,
            "Desire": 0.014411586709320546,
            "Determination": 0.008107459126040339,
            "Disappointment": 0.054730376787483694,
            "Disapproval": 0.01692330278456211,
            "Disgust": 0.005180944036692381,
            "Distress": 0.013155526528134943,
            "Doubt": 0.01524883946403861,
            "Ecstasy": 0.010917070973664521,
            "Embarrassment": 0.0278313759714365,
            "Empathic Pain": 0.011796807404607534,
            "Enthusiasm": 0.0796897366642952,
            "Entrancement": 0.03071065992116928,
            "Envy": 0.04039003783836961,
            "Excitement": 0.08224545419216156,
            "Fear": 0.002361916110385209,
            "Gratitude": 0.027413348481059075,
            "Guilt": 0.005959220975637436,
            "Horror": 0.0012747971923090518,
            "Interest": 0.0425674207508564,
            "Joy": 0.08782471753656865,
            "Love": 0.023121488466858863,
            "Nostalgia": 0.06968981120735407,
            "Pain": 0.009085597842931748,
            "Pride": 0.02911499156616628,
            "Realization": 0.2761265769600868,
            "Relief": 0.022945877443999053,
            "Romance": 0.02994181104004383,
            "Sadness": 0.026802594680339097,
            "Sarcasm": 0.14052092432975768,
            "Satisfaction": 0.03996466416865587,
            "Shame": 0.016393069736659528,
            "Surprise (negative)": 0.07626035325229168,
            "Surprise (positive)": 0.19125031530857087,
            "Sympathy": 0.010611860547214746,
            "Tiredness": 0.012589716585353017,
            "Triumph": 0.01970515106804669
        }
    }
}