{
    "metadata": {
        "dialogue_id": "201",
        "time_start": "00-00-08.133",
        "time_end": "00-00-10.593",
        "speaker": "Ross",
        "emotion": "neutral",
        "sentiment": "neutral",
        "file_name": "201_00-00-08.133_00-00-10.593_Ross_neutral_neutral"
    },
    "predicted": {
        "face": {
            "Admiration": 0.16503533720970154,
            "Adoration": 0.21185433864593506,
            "Aesthetic Appreciation": 0.0963604748249054,
            "Amusement": 0.40515267848968506,
            "Anger": 0.019186420366168022,
            "Anxiety": 0.08101466298103333,
            "Awe": 0.0672655925154686,
            "Awkwardness": 0.19089820981025696,
            "Boredom": 0.22477267682552338,
            "Calmness": 0.40906617045402527,
            "Concentration": 0.23207926750183105,
            "Confusion": 0.13774192333221436,
            "Contemplation": 0.13921605050563812,
            "Contempt": 0.08437391370534897,
            "Contentment": 0.2705342173576355,
            "Craving": 0.10150137543678284,
            "Desire": 0.24524663388729095,
            "Determination": 0.06840696930885315,
            "Disappointment": 0.1450095921754837,
            "Disgust": 0.030617225915193558,
            "Distress": 0.0959852784872055,
            "Doubt": 0.11845625936985016,
            "Ecstasy": 0.10943256318569183,
            "Embarrassment": 0.12009880691766739,
            "Empathic Pain": 0.040644049644470215,
            "Entrancement": 0.1295388787984848,
            "Envy": 0.02856362983584404,
            "Excitement": 0.1816660612821579,
            "Fear": 0.03402867168188095,
            "Guilt": 0.054777368903160095,
            "Horror": 0.014708606526255608,
            "Interest": 0.3350484073162079,
            "Joy": 0.3438703715801239,
            "Love": 0.40246203541755676,
            "Nostalgia": 0.08780613541603088,
            "Pain": 0.06349252909421921,
            "Pride": 0.09382495284080505,
            "Realization": 0.1351822465658188,
            "Relief": 0.19068478047847748,
            "Romance": 0.19218526780605316,
            "Sadness": 0.07999970018863678,
            "Satisfaction": 0.42397162318229675,
            "Shame": 0.07138272374868393,
            "Surprise (negative)": 0.01785634458065033,
            "Surprise (positive)": 0.023349694907665253,
            "Sympathy": 0.05442690849304199,
            "Tiredness": 0.214262455701828,
            "Triumph": 0.058264996856451035
        },
        "prosody": {
            "Admiration": 0.03362899646162987,
            "Adoration": 0.037614915519952774,
            "Aesthetic Appreciation": 0.05376068502664566,
            "Amusement": 0.11503703892230988,
            "Anger": 0.0019727780018001795,
            "Anxiety": 0.0031192090827971697,
            "Awe": 0.06023496389389038,
            "Awkwardness": 0.016315320506691933,
            "Boredom": 0.00476177828386426,
            "Calmness": 0.09705241024494171,
            "Concentration": 0.06646700203418732,
            "Confusion": 0.020390460267663002,
            "Contemplation": 0.036838825792074203,
            "Contempt": 0.009119750931859016,
            "Contentment": 0.11696930974721909,
            "Craving": 0.041970159858465195,
            "Desire": 0.0029147546738386154,
            "Determination": 0.03740249574184418,
            "Disappointment": 0.002517017535865307,
            "Disgust": 0.0023448907304555178,
            "Distress": 0.004923171829432249,
            "Doubt": 0.004899442195892334,
            "Ecstasy": 0.04604350030422211,
            "Embarrassment": 0.0012221544748172164,
            "Empathic Pain": 0.0008991698850877583,
            "Entrancement": 0.027783911675214767,
            "Envy": 0.0020788346882909536,
            "Excitement": 0.26990067958831787,
            "Fear": 0.0029635480605065823,
            "Guilt": 0.0006720815435983241,
            "Horror": 0.0016845179488882422,
            "Interest": 0.2705017924308777,
            "Joy": 0.1519136279821396,
            "Love": 0.019156532362103462,
            "Nostalgia": 0.010098052211105824,
            "Pain": 0.00029891327721998096,
            "Pride": 0.0741325318813324,
            "Realization": 0.02366524562239647,
            "Relief": 0.007102574221789837,
            "Romance": 0.003244752762839198,
            "Sadness": 0.0006696967757306993,
            "Satisfaction": 0.11034567654132843,
            "Shame": 0.0005862051621079445,
            "Surprise (negative)": 0.014408311806619167,
            "Surprise (positive)": 0.08640141040086746,
            "Sympathy": 0.004503051750361919,
            "Tiredness": 0.0010991801973432302,
            "Triumph": 0.04649249091744423
        },
        "lang": {
            "Admiration": 0.009515983996809356,
            "Adoration": 0.0038510612244459074,
            "Aesthetic Appreciation": 0.02222176039746652,
            "Amusement": 0.037724110246118575,
            "Anger": 0.010024832632754825,
            "Annoyance": 0.2189563260310226,
            "Anxiety": 0.013176872925315466,
            "Awe": 0.011047042938621921,
            "Awkwardness": 0.15534422784629795,
            "Boredom": 0.1323578603979614,
            "Calmness": 0.1096625787516435,
            "Concentration": 0.034420771420829825,
            "Confusion": 0.09744777494213647,
            "Contemplation": 0.11731223824123542,
            "Contempt": 0.04816764913913277,
            "Contentment": 0.026621897808379598,
            "Craving": 0.0041741571363268625,
            "Desire": 0.004952711620717309,
            "Determination": 0.013054159146526622,
            "Disappointment": 0.08621481893998054,
            "Disapproval": 0.07408397370535466,
            "Disgust": 0.0084673295625382,
            "Distress": 0.013546183472499251,
            "Doubt": 0.05167803473563658,
            "Ecstasy": 0.0008666795401950367,
            "Embarrassment": 0.02250141237810668,
            "Empathic Pain": 0.017940790625289083,
            "Enthusiasm": 0.02017635849511458,
            "Entrancement": 0.010827761945418186,
            "Envy": 0.0057907535616929335,
            "Excitement": 0.009634315805871867,
            "Fear": 0.002897773254921453,
            "Gratitude": 0.006918986069245471,
            "Guilt": 0.004112657049619075,
            "Horror": 0.0009438691930780704,
            "Interest": 0.13006960683398777,
            "Joy": 0.006487728264700208,
            "Love": 0.0032620006903824913,
            "Nostalgia": 0.009577739207694927,
            "Pain": 0.0076248904030459625,
            "Pride": 0.005171501090646618,
            "Realization": 0.16848000387350717,
            "Relief": 0.013015334306853928,
            "Romance": 0.0048620168494785,
            "Sadness": 0.01793615203092082,
            "Sarcasm": 0.08465975522994995,
            "Satisfaction": 0.02929236871811251,
            "Shame": 0.010131457742924491,
            "Surprise (negative)": 0.061283218984802566,
            "Surprise (positive)": 0.06523522724294001,
            "Sympathy": 0.016413094430592738,
            "Tiredness": 0.032925347694092326,
            "Triumph": 0.006431605437278954
        }
    }
}