{
    "metadata": {
        "dialogue_id": "201",
        "time_start": "00-02-23.685",
        "time_end": "00-02-38.198",
        "speaker": "Ross",
        "emotion": "fear",
        "sentiment": "negative",
        "text_content": "Look, I\u0085  Look, I\u0092m having a great time with you and I just don\u0092t want us to move to fast or put to much pressure on us.",
        "file_name": "201_00-02-23.685_00-02-38.198_Ross_fear_negative"
    },
    "predicted": {
        "face": {
            "Admiration": 0.08774984627962112,
            "Adoration": 0.07471847534179688,
            "Aesthetic Appreciation": 0.0598752424120903,
            "Amusement": 0.12877462804317474,
            "Anger": 0.08731032907962799,
            "Anxiety": 0.19807720184326172,
            "Awe": 0.08996842801570892,
            "Awkwardness": 0.18891634047031403,
            "Boredom": 0.2673606276512146,
            "Calmness": 0.3314081132411957,
            "Concentration": 0.4225400686264038,
            "Confusion": 0.3656427264213562,
            "Contemplation": 0.2514125108718872,
            "Contempt": 0.14521464705467224,
            "Contentment": 0.11129863560199738,
            "Craving": 0.059751249849796295,
            "Desire": 0.06815723329782486,
            "Determination": 0.12308384478092194,
            "Disappointment": 0.3523502051830292,
            "Disgust": 0.10327797383069992,
            "Distress": 0.2682480812072754,
            "Doubt": 0.3242511749267578,
            "Ecstasy": 0.037633322179317474,
            "Embarrassment": 0.1373153179883957,
            "Empathic Pain": 0.11877810955047607,
            "Entrancement": 0.11364371329545975,
            "Envy": 0.04349673539400101,
            "Excitement": 0.069010429084301,
            "Fear": 0.13025492429733276,
            "Guilt": 0.13005949556827545,
            "Horror": 0.05690457299351692,
            "Interest": 0.25051558017730713,
            "Joy": 0.08716685324907303,
            "Love": 0.09939055889844894,
            "Nostalgia": 0.0743805542588234,
            "Pain": 0.19552959501743317,
            "Pride": 0.05953807383775711,
            "Realization": 0.17872506380081177,
            "Relief": 0.0742354542016983,
            "Romance": 0.05189717561006546,
            "Sadness": 0.3161006271839142,
            "Satisfaction": 0.11744415014982224,
            "Shame": 0.11620375514030457,
            "Surprise (negative)": 0.06618831306695938,
            "Surprise (positive)": 0.04727087914943695,
            "Sympathy": 0.07076007127761841,
            "Tiredness": 0.24280773103237152,
            "Triumph": 0.03165113180875778
        },
        "prosody": {
            "Admiration": 0.10735461517469957,
            "Adoration": 0.12001441651955247,
            "Aesthetic Appreciation": 0.040953918593004346,
            "Amusement": 0.04638106934726238,
            "Anger": 0.018833527574315667,
            "Anxiety": 0.11373544461093843,
            "Awe": 0.028486859024269506,
            "Awkwardness": 0.15502695459872484,
            "Boredom": 0.022622618125751615,
            "Calmness": 0.0885041868314147,
            "Concentration": 0.05279582506045699,
            "Confusion": 0.05110528855584562,
            "Contemplation": 0.1463197311386466,
            "Contempt": 0.027760169468820095,
            "Contentment": 0.08050284546334296,
            "Craving": 0.020701048895716667,
            "Desire": 0.01677619048859924,
            "Determination": 0.08340942859649658,
            "Disappointment": 0.07865675538778305,
            "Disgust": 0.020841164398007095,
            "Distress": 0.08019167743623257,
            "Doubt": 0.07558136666193604,
            "Ecstasy": 0.01989211270119995,
            "Embarrassment": 0.06937724875751883,
            "Empathic Pain": 0.026988167432136834,
            "Entrancement": 0.01694499870063737,
            "Envy": 0.04476371849887073,
            "Excitement": 0.058560122968629,
            "Fear": 0.022146265080664307,
            "Guilt": 0.019836119608953595,
            "Horror": 0.006569847348146141,
            "Interest": 0.09812573110684752,
            "Joy": 0.11114420869853348,
            "Love": 0.09234506450593472,
            "Nostalgia": 0.051544204354286194,
            "Pain": 0.0139075827319175,
            "Pride": 0.032547191833145916,
            "Realization": 0.04206785373389721,
            "Relief": 0.025777202274184674,
            "Romance": 0.08089457079768181,
            "Sadness": 0.05979940923862159,
            "Satisfaction": 0.06658109225099906,
            "Shame": 0.03599310014396906,
            "Surprise (negative)": 0.020559790544211864,
            "Surprise (positive)": 0.031155190052231774,
            "Sympathy": 0.06811248254962265,
            "Tiredness": 0.03394765197299421,
            "Triumph": 0.0197380764875561
        },
        "lang": {}
    }
}