{
    "metadata": {
        "dialogue_id": "202",
        "time_start": "00-00-51.051",
        "time_end": "00-00-53.469",
        "speaker": "Chandler",
        "emotion": "anger",
        "sentiment": "negative",
        "file_name": "202_00-00-51.051_00-00-53.469_Chandler_anger_negative"
    },
    "predicted": {
        "face": {
            "Admiration": 0.05746839940547943,
            "Adoration": 0.0495152547955513,
            "Aesthetic Appreciation": 0.04438384622335434,
            "Amusement": 0.1418912559747696,
            "Anger": 0.1436624675989151,
            "Anxiety": 0.18419839441776276,
            "Awe": 0.05608940124511719,
            "Awkwardness": 0.2748080790042877,
            "Boredom": 0.21443139016628265,
            "Calmness": 0.17056849598884583,
            "Concentration": 0.2771562933921814,
            "Confusion": 0.42209604382514954,
            "Contemplation": 0.15772414207458496,
            "Contempt": 0.24064266681671143,
            "Contentment": 0.07362072169780731,
            "Craving": 0.09043288230895996,
            "Desire": 0.12014706432819366,
            "Determination": 0.11498139053583145,
            "Disappointment": 0.33895695209503174,
            "Disgust": 0.2971276044845581,
            "Distress": 0.2633170187473297,
            "Doubt": 0.3196460008621216,
            "Ecstasy": 0.03842850774526596,
            "Embarrassment": 0.1494542360305786,
            "Empathic Pain": 0.11861864477396011,
            "Entrancement": 0.07323206216096878,
            "Envy": 0.05024656653404236,
            "Excitement": 0.07424888014793396,
            "Fear": 0.107940673828125,
            "Guilt": 0.1039649099111557,
            "Horror": 0.058211080729961395,
            "Interest": 0.2056986391544342,
            "Joy": 0.07753202319145203,
            "Love": 0.07370679080486298,
            "Nostalgia": 0.04870728403329849,
            "Pain": 0.22927691042423248,
            "Pride": 0.05207972228527069,
            "Realization": 0.11923076212406158,
            "Relief": 0.04020893573760986,
            "Romance": 0.04651495814323425,
            "Sadness": 0.23275573551654816,
            "Satisfaction": 0.10204415768384933,
            "Shame": 0.11686525493860245,
            "Surprise (negative)": 0.057448629289865494,
            "Surprise (positive)": 0.026825252920389175,
            "Sympathy": 0.05264893174171448,
            "Tiredness": 0.1524035632610321,
            "Triumph": 0.03514094650745392
        },
        "prosody": {
            "Admiration": 0.0011946188751608133,
            "Adoration": 0.0010266922181472182,
            "Aesthetic Appreciation": 0.00048227194929495454,
            "Amusement": 0.05047396197915077,
            "Anger": 0.8088433742523193,
            "Anxiety": 0.19702409207820892,
            "Awe": 0.003312505781650543,
            "Awkwardness": 0.03723229095339775,
            "Boredom": 0.0009305257117375731,
            "Calmness": 0.0003324856224935502,
            "Concentration": 0.0008955335360951722,
            "Confusion": 0.10015258193016052,
            "Contemplation": 0.0012224380625411868,
            "Contempt": 0.09863605350255966,
            "Contentment": 0.0004956795019097626,
            "Craving": 0.003852816764265299,
            "Desire": 0.010524856857955456,
            "Determination": 0.009662427939474583,
            "Disappointment": 0.10632924735546112,
            "Disgust": 0.14815692603588104,
            "Distress": 0.3243953585624695,
            "Doubt": 0.013130753301084042,
            "Ecstasy": 0.014017045497894287,
            "Embarrassment": 0.02463412657380104,
            "Empathic Pain": 0.005260698031634092,
            "Entrancement": 0.0010916173923760653,
            "Envy": 0.007103483192622662,
            "Excitement": 0.0514623261988163,
            "Fear": 0.09952235221862793,
            "Guilt": 0.01279466599225998,
            "Horror": 0.07242833077907562,
            "Interest": 0.005974276922643185,
            "Joy": 0.004300744738429785,
            "Love": 0.001391171826981008,
            "Nostalgia": 0.0024702069349586964,
            "Pain": 0.02651258371770382,
            "Pride": 0.0027035868261009455,
            "Realization": 0.032464221119880676,
            "Relief": 0.002384097082540393,
            "Romance": 0.0021864715963602066,
            "Sadness": 0.007441964000463486,
            "Satisfaction": 0.002081436337903142,
            "Shame": 0.0410933643579483,
            "Surprise (negative)": 0.24533337354660034,
            "Surprise (positive)": 0.022123204544186592,
            "Sympathy": 0.0017563800793141127,
            "Tiredness": 0.004780715797096491,
            "Triumph": 0.005100255366414785
        },
        "lang": {
            "Admiration": 0.060427646049194865,
            "Adoration": 0.08375407713982794,
            "Aesthetic Appreciation": 0.0990377947067221,
            "Amusement": 0.017632306863864262,
            "Anger": 0.05116807575945535,
            "Annoyance": 0.08958539739251137,
            "Anxiety": 0.006376992917567905,
            "Awe": 0.03462452891593178,
            "Awkwardness": 0.030950284356044397,
            "Boredom": 0.016648076578146882,
            "Calmness": 0.2032425428300889,
            "Concentration": 0.016782591365174286,
            "Confusion": 0.05141399521380663,
            "Contemplation": 0.06675189619676934,
            "Contempt": 0.04815929610696104,
            "Contentment": 0.05720440044792162,
            "Craving": 0.010365127931840511,
            "Desire": 0.06772142126121455,
            "Determination": 0.006413255960473584,
            "Disappointment": 0.02948062093411055,
            "Disapproval": 0.07773100817576051,
            "Disgust": 0.08628507994581014,
            "Distress": 0.02163180456005244,
            "Doubt": 0.010171676287427545,
            "Ecstasy": 0.005960761556505329,
            "Embarrassment": 0.006268537926694585,
            "Empathic Pain": 0.005276067001331184,
            "Enthusiasm": 0.04720078031015065,
            "Entrancement": 0.053348424947924085,
            "Envy": 0.005463310711396237,
            "Excitement": 0.024499573175691895,
            "Fear": 0.0025824098475924176,
            "Gratitude": 0.023380143580854766,
            "Guilt": 0.0015591363901168937,
            "Horror": 0.02139719783574239,
            "Interest": 0.2463352370282842,
            "Joy": 0.040010834500814475,
            "Love": 0.07009669486433268,
            "Nostalgia": 0.009118058059054116,
            "Pain": 0.0031111144408997563,
            "Pride": 0.005236750494481789,
            "Realization": 0.0417685192078352,
            "Relief": 0.007646652507699198,
            "Romance": 0.09050780372409564,
            "Sadness": 0.0058446330044211615,
            "Sarcasm": 0.013254364745484458,
            "Satisfaction": 0.04396099064292179,
            "Shame": 0.005724512842587299,
            "Surprise (negative)": 0.06301629677828816,
            "Surprise (positive)": 0.05284075625240803,
            "Sympathy": 0.0073104956601228975,
            "Tiredness": 0.004852910099240641,
            "Triumph": 0.00315779456610067
        }
    }
}