{
    "metadata": {
        "dialogue_id": "204",
        "time_start": "00-00-15.223",
        "time_end": "00-00-16.348",
        "speaker": "Rachel",
        "emotion": "surprise",
        "sentiment": "positive",
        "text_content": "What? Guys, I'm not.",
        "file_name": "204_00-00-15.223_00-00-16.348_Rachel_surprise_positive"
    },
    "predicted": {
        "face": {
            "Admiration": 0.12522770464420319,
            "Adoration": 0.13960736989974976,
            "Aesthetic Appreciation": 0.0680350586771965,
            "Amusement": 0.21869421005249023,
            "Anger": 0.05855535343289375,
            "Anxiety": 0.16144318878650665,
            "Awe": 0.07274575531482697,
            "Awkwardness": 0.19168877601623535,
            "Boredom": 0.21159882843494415,
            "Calmness": 0.2551652491092682,
            "Concentration": 0.2789762616157532,
            "Confusion": 0.3961736559867859,
            "Contemplation": 0.20802965760231018,
            "Contempt": 0.14454570412635803,
            "Contentment": 0.14687049388885498,
            "Craving": 0.05567079782485962,
            "Desire": 0.07857811450958252,
            "Determination": 0.08127827197313309,
            "Disappointment": 0.2848643660545349,
            "Disgust": 0.11631330102682114,
            "Distress": 0.2617289125919342,
            "Doubt": 0.3104267716407776,
            "Ecstasy": 0.04669341444969177,
            "Embarrassment": 0.13709756731987,
            "Empathic Pain": 0.130242720246315,
            "Entrancement": 0.09615541994571686,
            "Envy": 0.041852839291095734,
            "Excitement": 0.09772027283906937,
            "Fear": 0.10611434280872345,
            "Guilt": 0.10217659920454025,
            "Horror": 0.04451018199324608,
            "Interest": 0.28237098455429077,
            "Joy": 0.18206638097763062,
            "Love": 0.206235870718956,
            "Nostalgia": 0.09124387055635452,
            "Pain": 0.26419058442115784,
            "Pride": 0.07144273817539215,
            "Realization": 0.14369186758995056,
            "Relief": 0.07860003411769867,
            "Romance": 0.08090710639953613,
            "Sadness": 0.3681694567203522,
            "Satisfaction": 0.17375411093235016,
            "Shame": 0.10402623564004898,
            "Surprise (negative)": 0.03982093557715416,
            "Surprise (positive)": 0.027439618483185768,
            "Sympathy": 0.08578507602214813,
            "Tiredness": 0.17491212487220764,
            "Triumph": 0.03878160938620567
        },
        "prosody": {
            "Admiration": 0.002265229122713208,
            "Adoration": 0.0015635830350220203,
            "Aesthetic Appreciation": 0.001407902454957366,
            "Amusement": 0.03079301118850708,
            "Anger": 0.33422666788101196,
            "Anxiety": 0.0817863866686821,
            "Awe": 0.0036003137938678265,
            "Awkwardness": 0.12895092368125916,
            "Boredom": 0.009774952195584774,
            "Calmness": 0.009710061363875866,
            "Concentration": 0.009605328552424908,
            "Confusion": 0.21560470759868622,
            "Contemplation": 0.01235487125813961,
            "Contempt": 0.1674051284790039,
            "Contentment": 0.002435769187286496,
            "Craving": 0.004549048840999603,
            "Desire": 0.00438704714179039,
            "Determination": 0.045049820095300674,
            "Disappointment": 0.18810033798217773,
            "Disgust": 0.1534603089094162,
            "Distress": 0.21970714628696442,
            "Doubt": 0.14961011707782745,
            "Ecstasy": 0.0027297798078507185,
            "Embarrassment": 0.053803347051143646,
            "Empathic Pain": 0.041085872799158096,
            "Entrancement": 0.0011758798500522971,
            "Envy": 0.012436000630259514,
            "Excitement": 0.007745935581624508,
            "Fear": 0.04966667667031288,
            "Guilt": 0.030399328097701073,
            "Horror": 0.03808964788913727,
            "Interest": 0.005030268803238869,
            "Joy": 0.002630355767905712,
            "Love": 0.0012834292137995362,
            "Nostalgia": 0.0009282014216296375,
            "Pain": 0.03487018495798111,
            "Pride": 0.002692203735932708,
            "Realization": 0.044438645243644714,
            "Relief": 0.006044406443834305,
            "Romance": 0.004982998128980398,
            "Sadness": 0.06722522526979446,
            "Satisfaction": 0.0029104636050760746,
            "Shame": 0.04317089170217514,
            "Surprise (negative)": 0.17542347311973572,
            "Surprise (positive)": 0.006047043949365616,
            "Sympathy": 0.028849337249994278,
            "Tiredness": 0.009276929311454296,
            "Triumph": 0.00343490531668067
        },
        "lang": {}
    }
}