{
    "metadata": {
        "dialogue_id": "206",
        "time_start": "00-00-01.543",
        "time_end": "00-00-08.090",
        "speaker": "Ross",
        "emotion": "anger",
        "sentiment": "negative",
        "file_name": "206_00-00-01.543_00-00-08.090_Ross_anger_negative"
    },
    "predicted": {
        "face": {
            "Admiration": 0.037358976900577545,
            "Adoration": 0.04363149404525757,
            "Aesthetic Appreciation": 0.02691693790256977,
            "Amusement": 0.11534573882818222,
            "Anger": 0.07103049755096436,
            "Anxiety": 0.215953066945076,
            "Awe": 0.04853492230176926,
            "Awkwardness": 0.13617265224456787,
            "Boredom": 0.154007226228714,
            "Calmness": 0.14093796908855438,
            "Concentration": 0.14290031790733337,
            "Confusion": 0.21958275139331818,
            "Contemplation": 0.09763579815626144,
            "Contempt": 0.08167833834886551,
            "Contentment": 0.07185722142457962,
            "Craving": 0.034878116101026535,
            "Desire": 0.046086374670267105,
            "Determination": 0.04765497148036957,
            "Disappointment": 0.3459564447402954,
            "Disgust": 0.12040915340185165,
            "Distress": 0.4646517038345337,
            "Doubt": 0.1520165205001831,
            "Ecstasy": 0.050592873245477676,
            "Embarrassment": 0.14353489875793457,
            "Empathic Pain": 0.24736522138118744,
            "Entrancement": 0.05247017741203308,
            "Envy": 0.019526250660419464,
            "Excitement": 0.06715574115514755,
            "Fear": 0.17903882265090942,
            "Guilt": 0.1503552347421646,
            "Horror": 0.09246163815259933,
            "Interest": 0.09420830756425858,
            "Joy": 0.0901053175330162,
            "Love": 0.07360512018203735,
            "Nostalgia": 0.06595737487077713,
            "Pain": 0.7633752822875977,
            "Pride": 0.03697400540113449,
            "Realization": 0.11196140944957733,
            "Relief": 0.07127479463815689,
            "Romance": 0.02959304302930832,
            "Sadness": 0.7356597781181335,
            "Satisfaction": 0.10183922946453094,
            "Shame": 0.13824862241744995,
            "Surprise (negative)": 0.05168626084923744,
            "Surprise (positive)": 0.02206125110387802,
            "Sympathy": 0.07058481872081757,
            "Tiredness": 0.27784669399261475,
            "Triumph": 0.0289691761136055
        },
        "prosody": {
            "Admiration": 0.048521374352276325,
            "Adoration": 0.047220081090927124,
            "Aesthetic Appreciation": 0.010034641716629267,
            "Amusement": 0.2714674174785614,
            "Anger": 0.20052264304831624,
            "Anxiety": 0.06354342959821224,
            "Awe": 0.01765559590421617,
            "Awkwardness": 0.1340014450252056,
            "Boredom": 0.011771328165195882,
            "Calmness": 0.005169296870008111,
            "Concentration": 0.006456716568209231,
            "Confusion": 0.15907931327819824,
            "Contemplation": 0.02671519247815013,
            "Contempt": 0.15846604807302356,
            "Contentment": 0.018333618994802237,
            "Craving": 0.01132995798252523,
            "Desire": 0.002870504860766232,
            "Determination": 0.026428704615682364,
            "Disappointment": 0.34649847354739904,
            "Disgust": 0.21357934002298862,
            "Distress": 0.10734192281961441,
            "Doubt": 0.027303938753902912,
            "Ecstasy": 0.022202536929398775,
            "Embarrassment": 0.06586021650582552,
            "Empathic Pain": 0.017352746217511594,
            "Entrancement": 0.002268583979457617,
            "Envy": 0.1115783080458641,
            "Excitement": 0.31441933661699295,
            "Fear": 0.004426414961926639,
            "Guilt": 0.029594180174171925,
            "Horror": 0.009764533722773194,
            "Interest": 0.12249155528843403,
            "Joy": 0.09998612105846405,
            "Love": 0.018161388812586665,
            "Nostalgia": 0.019629791844636202,
            "Pain": 0.01007099961861968,
            "Pride": 0.06709120981395245,
            "Realization": 0.13858161307871342,
            "Relief": 0.007168569602072239,
            "Romance": 0.007383082993328571,
            "Sadness": 0.039746367605403066,
            "Satisfaction": 0.04528278857469559,
            "Shame": 0.05153615353628993,
            "Surprise (negative)": 0.09608956426382065,
            "Surprise (positive)": 0.15431864745914936,
            "Sympathy": 0.012568058096803725,
            "Tiredness": 0.007129983510822058,
            "Triumph": 0.02511900756508112
        },
        "lang": {
            "Admiration": 0.002598673072498059,
            "Adoration": 0.0028042615704180207,
            "Aesthetic Appreciation": 0.002727150909777265,
            "Amusement": 0.020081876835320145,
            "Anger": 0.05374608840793371,
            "Annoyance": 0.3086085868999362,
            "Anxiety": 0.055510362959466875,
            "Awe": 0.002397202631982509,
            "Awkwardness": 0.23182930331677198,
            "Boredom": 0.008978500321973115,
            "Calmness": 0.03756226669065654,
            "Concentration": 0.006507334983325563,
            "Confusion": 0.060440839966759086,
            "Contemplation": 0.030750208534300327,
            "Contempt": 0.084296437446028,
            "Contentment": 0.00443240963795688,
            "Craving": 0.0019740675343200564,
            "Desire": 0.0029933171390439384,
            "Determination": 0.013108952640322968,
            "Disappointment": 0.17767432006075978,
            "Disapproval": 0.3313141609542072,
            "Disgust": 0.05307294306112453,
            "Distress": 0.09728795057162642,
            "Doubt": 0.05966670764610171,
            "Ecstasy": 0.00023807055094948737,
            "Embarrassment": 0.09030529484152794,
            "Empathic Pain": 0.01657485734904185,
            "Enthusiasm": 0.0053461454444914125,
            "Entrancement": 0.0027290060388622805,
            "Envy": 0.005862223268195521,
            "Excitement": 0.0023836795226088725,
            "Fear": 0.044056071841623634,
            "Gratitude": 0.0008038312598728226,
            "Guilt": 0.03002702075173147,
            "Horror": 0.014698765255161561,
            "Interest": 0.02516413148259744,
            "Joy": 0.0010152266222576145,
            "Love": 0.004687985498094349,
            "Nostalgia": 0.0026553989955573343,
            "Pain": 0.01677794945135247,
            "Pride": 0.007138609518733574,
            "Realization": 0.16672294843010604,
            "Relief": 0.0017887514768517576,
            "Romance": 0.0032537879669689573,
            "Sadness": 0.06267565581947565,
            "Sarcasm": 0.06042177998460829,
            "Satisfaction": 0.004052193929965142,
            "Shame": 0.0766813486116007,
            "Surprise (negative)": 0.17873392347246408,
            "Surprise (positive)": 0.009180760273011401,
            "Sympathy": 0.0204651189269498,
            "Tiredness": 0.00474939338164404,
            "Triumph": 0.0017395017930539325
        }
    }
}