{
    "metadata": {
        "dialogue_id": "208",
        "time_start": "00-00-05.931",
        "time_end": "00-00-09.091",
        "speaker": "Joey",
        "emotion": "neutral",
        "sentiment": "neutral",
        "text_content": "Oh, y'know the same thing happened to me one time.",
        "file_name": "208_00-00-05.931_00-00-09.091_Joey_neutral_neutral"
    },
    "predicted": {
        "face": {
            "Admiration": 0.15840917825698853,
            "Adoration": 0.1747339963912964,
            "Aesthetic Appreciation": 0.09141899645328522,
            "Amusement": 0.19969035685062408,
            "Anger": 0.04991839826107025,
            "Anxiety": 0.17280511558055878,
            "Awe": 0.07757757604122162,
            "Awkwardness": 0.18351921439170837,
            "Boredom": 0.32435521483421326,
            "Calmness": 0.46293729543685913,
            "Concentration": 0.49552077054977417,
            "Confusion": 0.2815729081630707,
            "Contemplation": 0.3217972218990326,
            "Contempt": 0.12895512580871582,
            "Contentment": 0.197016179561615,
            "Craving": 0.07616133987903595,
            "Desire": 0.11074226349592209,
            "Determination": 0.12368253618478775,
            "Disappointment": 0.28531575202941895,
            "Disgust": 0.06466266512870789,
            "Distress": 0.2076783925294876,
            "Doubt": 0.2797659635543823,
            "Ecstasy": 0.04593642055988312,
            "Embarrassment": 0.14453856647014618,
            "Empathic Pain": 0.09256908297538757,
            "Entrancement": 0.14778496325016022,
            "Envy": 0.04702434688806534,
            "Excitement": 0.0948069840669632,
            "Fear": 0.09135158360004425,
            "Guilt": 0.12672017514705658,
            "Horror": 0.03197235241532326,
            "Interest": 0.3744129538536072,
            "Joy": 0.1718602329492569,
            "Love": 0.2691919207572937,
            "Nostalgia": 0.10642388463020325,
            "Pain": 0.13891839981079102,
            "Pride": 0.07519014924764633,
            "Realization": 0.16728439927101135,
            "Relief": 0.08508720248937607,
            "Romance": 0.13234862685203552,
            "Sadness": 0.2690701186656952,
            "Satisfaction": 0.20366601645946503,
            "Shame": 0.12607352435588837,
            "Surprise (negative)": 0.03525148332118988,
            "Surprise (positive)": 0.03115842677652836,
            "Sympathy": 0.08101402223110199,
            "Tiredness": 0.23301152884960175,
            "Triumph": 0.034897398203611374
        },
        "prosody": {
            "Admiration": 0.023859119042754173,
            "Adoration": 0.00895271822810173,
            "Aesthetic Appreciation": 0.006388504523783922,
            "Amusement": 0.03281666338443756,
            "Anger": 0.03839731961488724,
            "Anxiety": 0.04240310192108154,
            "Awe": 0.007341261021792889,
            "Awkwardness": 0.0258958637714386,
            "Boredom": 0.0957772359251976,
            "Calmness": 0.11705301702022552,
            "Concentration": 0.05046544969081879,
            "Confusion": 0.02169179543852806,
            "Contemplation": 0.09926524013280869,
            "Contempt": 0.031981226056814194,
            "Contentment": 0.034773752093315125,
            "Craving": 0.005254698917269707,
            "Desire": 0.003906894940882921,
            "Determination": 0.08260053396224976,
            "Disappointment": 0.06798398494720459,
            "Disgust": 0.01162759680300951,
            "Distress": 0.03458068147301674,
            "Doubt": 0.03844106197357178,
            "Ecstasy": 0.005524391308426857,
            "Embarrassment": 0.013257768005132675,
            "Empathic Pain": 0.053709086030721664,
            "Entrancement": 0.0033721914514899254,
            "Envy": 0.02874581515789032,
            "Excitement": 0.013442839495837688,
            "Fear": 0.01628580503165722,
            "Guilt": 0.01840607263147831,
            "Horror": 0.009497765451669693,
            "Interest": 0.04728712886571884,
            "Joy": 0.011144761927425861,
            "Love": 0.009531284682452679,
            "Nostalgia": 0.03498132899403572,
            "Pain": 0.02980343997478485,
            "Pride": 0.010764479637145996,
            "Realization": 0.21126984059810638,
            "Relief": 0.04195312038064003,
            "Romance": 0.011574413627386093,
            "Sadness": 0.06226218119263649,
            "Satisfaction": 0.031869880855083466,
            "Shame": 0.012223834171891212,
            "Surprise (negative)": 0.022111132740974426,
            "Surprise (positive)": 0.01600557565689087,
            "Sympathy": 0.06043889746069908,
            "Tiredness": 0.05228418856859207,
            "Triumph": 0.006828126031905413
        },
        "lang": {}
    }
}