{
    "metadata": {
        "dialogue_id": "212",
        "time_start": "00-00-15.599",
        "time_end": "00-00-17.099",
        "speaker": "Phoebe",
        "emotion": "surprise",
        "sentiment": "negative",
        "text_content": "Was it not pain-free?",
        "file_name": "212_00-00-15.599_00-00-17.099_Phoebe_surprise_negative"
    },
    "predicted": {
        "face": {
            "Admiration": 0.05335424840450287,
            "Adoration": 0.05346180498600006,
            "Aesthetic Appreciation": 0.030172260478138924,
            "Amusement": 0.20001699030399323,
            "Anger": 0.13026942312717438,
            "Anxiety": 0.22787070274353027,
            "Awe": 0.10575231909751892,
            "Awkwardness": 0.14673864841461182,
            "Boredom": 0.14319565892219543,
            "Calmness": 0.0982590839266777,
            "Concentration": 0.1303585022687912,
            "Confusion": 0.21187424659729004,
            "Contemplation": 0.07818301767110825,
            "Contempt": 0.07188507914543152,
            "Contentment": 0.0672023817896843,
            "Craving": 0.04148285835981369,
            "Desire": 0.052757926285266876,
            "Determination": 0.07376394420862198,
            "Disappointment": 0.30207449197769165,
            "Disgust": 0.09321677684783936,
            "Distress": 0.4176228642463684,
            "Doubt": 0.1345965415239334,
            "Ecstasy": 0.08986791968345642,
            "Embarrassment": 0.14885348081588745,
            "Empathic Pain": 0.1670132726430893,
            "Entrancement": 0.061309147626161575,
            "Envy": 0.02209797315299511,
            "Excitement": 0.16412197053432465,
            "Fear": 0.22884488105773926,
            "Guilt": 0.11671460419893265,
            "Horror": 0.15753984451293945,
            "Interest": 0.12772724032402039,
            "Joy": 0.1546604335308075,
            "Love": 0.08979909121990204,
            "Nostalgia": 0.05035852640867233,
            "Pain": 0.5030491948127747,
            "Pride": 0.05270025134086609,
            "Realization": 0.1403619945049286,
            "Relief": 0.07229013741016388,
            "Romance": 0.03389349579811096,
            "Sadness": 0.4105154573917389,
            "Satisfaction": 0.1166064515709877,
            "Shame": 0.10635200142860413,
            "Surprise (negative)": 0.11431252956390381,
            "Surprise (positive)": 0.07315483689308167,
            "Sympathy": 0.04880529269576073,
            "Tiredness": 0.23136267066001892,
            "Triumph": 0.06151933968067169
        },
        "prosody": {
            "Admiration": 0.013899882324039936,
            "Adoration": 0.010259549133479595,
            "Aesthetic Appreciation": 0.012598098255693913,
            "Amusement": 0.10923255980014801,
            "Anger": 0.07341956347227097,
            "Anxiety": 0.18910078704357147,
            "Awe": 0.016717467457056046,
            "Awkwardness": 0.055098626762628555,
            "Boredom": 0.011136390268802643,
            "Calmness": 0.05574638769030571,
            "Concentration": 0.05399443581700325,
            "Confusion": 0.08074884116649628,
            "Contemplation": 0.0836140364408493,
            "Contempt": 0.032244108617305756,
            "Contentment": 0.0604356974363327,
            "Craving": 0.03003973327577114,
            "Desire": 0.001302636112086475,
            "Determination": 0.18673987686634064,
            "Disappointment": 0.03375400975346565,
            "Disgust": 0.023984570056200027,
            "Distress": 0.17444321513175964,
            "Doubt": 0.07513976842164993,
            "Ecstasy": 0.023662259802222252,
            "Embarrassment": 0.01378586795181036,
            "Empathic Pain": 0.07085225731134415,
            "Entrancement": 0.007421012502163649,
            "Envy": 0.018103990703821182,
            "Excitement": 0.12745189666748047,
            "Fear": 0.0831078290939331,
            "Guilt": 0.02108120545744896,
            "Horror": 0.02411762624979019,
            "Interest": 0.10426175594329834,
            "Joy": 0.055163946002721786,
            "Love": 0.005131816957145929,
            "Nostalgia": 0.00982707180082798,
            "Pain": 0.048114001750946045,
            "Pride": 0.04205012321472168,
            "Realization": 0.13448326289653778,
            "Relief": 0.1320967823266983,
            "Romance": 0.0038012906443327665,
            "Sadness": 0.05683160200715065,
            "Satisfaction": 0.09470385313034058,
            "Shame": 0.028448421508073807,
            "Surprise (negative)": 0.0702785775065422,
            "Surprise (positive)": 0.0694686695933342,
            "Sympathy": 0.09021633118391037,
            "Tiredness": 0.009875006042420864,
            "Triumph": 0.052168503403663635
        },
        "lang": {}
    }
}