{
    "metadata": {
        "dialogue_id": "214",
        "time_start": "00-00-15.474",
        "time_end": "00-00-18.100",
        "speaker": "David",
        "emotion": "surprise",
        "sentiment": "positive",
        "text_content": "Phoebe?",
        "file_name": "214_00-00-15.474_00-00-18.100_David_surprise_positive"
    },
    "predicted": {
        "face": {
            "Admiration": 0.09922406077384949,
            "Adoration": 0.077695332467556,
            "Aesthetic Appreciation": 0.05603913590312004,
            "Amusement": 0.22390049695968628,
            "Anger": 0.16445113718509674,
            "Anxiety": 0.16849875450134277,
            "Awe": 0.14651228487491608,
            "Awkwardness": 0.24350570142269135,
            "Boredom": 0.17753663659095764,
            "Calmness": 0.1937156766653061,
            "Concentration": 0.25598999857902527,
            "Confusion": 0.44144999980926514,
            "Contemplation": 0.11971713602542877,
            "Contempt": 0.1942261904478073,
            "Contentment": 0.10257843881845474,
            "Craving": 0.05256392061710358,
            "Desire": 0.06063596531748772,
            "Determination": 0.10893987119197845,
            "Disappointment": 0.24095453321933746,
            "Disgust": 0.22348681092262268,
            "Distress": 0.2280828058719635,
            "Doubt": 0.27936920523643494,
            "Ecstasy": 0.05934138223528862,
            "Embarrassment": 0.11459490656852722,
            "Empathic Pain": 0.09483952820301056,
            "Entrancement": 0.09769245237112045,
            "Envy": 0.050902172923088074,
            "Excitement": 0.1608855128288269,
            "Fear": 0.1781880259513855,
            "Guilt": 0.06740045547485352,
            "Horror": 0.12640854716300964,
            "Interest": 0.2803043723106384,
            "Joy": 0.17311528325080872,
            "Love": 0.10763489454984665,
            "Nostalgia": 0.04937717318534851,
            "Pain": 0.1622798591852188,
            "Pride": 0.06853419542312622,
            "Realization": 0.15294164419174194,
            "Relief": 0.054145749658346176,
            "Romance": 0.040052562952041626,
            "Sadness": 0.15332737565040588,
            "Satisfaction": 0.12423205375671387,
            "Shame": 0.06527471542358398,
            "Surprise (negative)": 0.1417829990386963,
            "Surprise (positive)": 0.10445380210876465,
            "Sympathy": 0.05261394381523132,
            "Tiredness": 0.1235908642411232,
            "Triumph": 0.05529309809207916
        },
        "prosody": {
            "Admiration": 0,
            "Adoration": 0,
            "Aesthetic Appreciation": 0,
            "Amusement": 0,
            "Anger": 0,
            "Annoyance": 0,
            "Anxiety": 0,
            "Awe": 0,
            "Awkwardness": 0,
            "Boredom": 0,
            "Calmness": 0,
            "Concentration": 0,
            "Confusion": 0,
            "Contemplation": 0,
            "Contempt": 0,
            "Contentment": 0,
            "Craving": 0,
            "Desire": 0,
            "Determination": 0,
            "Disappointment": 0,
            "Disapproval": 0,
            "Disgust": 0,
            "Distress": 0,
            "Doubt": 0,
            "Ecstasy": 0,
            "Embarrassment": 0,
            "Empathic Pain": 0,
            "Enthusiasm": 0,
            "Entrancement": 0,
            "Envy": 0,
            "Excitement": 0,
            "Fear": 0,
            "Gratitude": 0,
            "Guilt": 0,
            "Horror": 0,
            "Interest": 0,
            "Joy": 0,
            "Love": 0,
            "Nostalgia": 0,
            "Pain": 0,
            "Pride": 0,
            "Realization": 0,
            "Relief": 0,
            "Romance": 0,
            "Sadness": 0,
            "Sarcasm": 0,
            "Satisfaction": 0,
            "Shame": 0,
            "Surprise (negative)": 0,
            "Surprise (positive)": 0,
            "Sympathy": 0,
            "Tiredness": 0,
            "Triumph": 0
        },
        "lang": {}
    }
}