{
    "metadata": {
        "dialogue_id": "214",
        "time_start": "00-00-20.729",
        "time_end": "00-00-23.856",
        "speaker": "Phoebe",
        "emotion": "surprise",
        "sentiment": "positive",
        "file_name": "214_00-00-20.729_00-00-23.856_Phoebe_surprise_positive"
    },
    "predicted": {
        "face": {
            "Admiration": 0.3049384355545044,
            "Adoration": 0.3620534837245941,
            "Aesthetic Appreciation": 0.12200470268726349,
            "Amusement": 0.7133948802947998,
            "Anger": 0.01782929338514805,
            "Anxiety": 0.047891080379486084,
            "Awe": 0.09657017141580582,
            "Awkwardness": 0.17879900336265564,
            "Boredom": 0.09445062279701233,
            "Calmness": 0.30694302916526794,
            "Concentration": 0.18178123235702515,
            "Confusion": 0.10660038888454437,
            "Contemplation": 0.09680221229791641,
            "Contempt": 0.07761116325855255,
            "Contentment": 0.3296926021575928,
            "Craving": 0.05592221021652222,
            "Desire": 0.08368005603551865,
            "Determination": 0.06331329792737961,
            "Disappointment": 0.06491062790155411,
            "Disgust": 0.026202665641903877,
            "Distress": 0.04836266487836838,
            "Doubt": 0.08901849389076233,
            "Ecstasy": 0.12543043494224548,
            "Embarrassment": 0.07913336157798767,
            "Empathic Pain": 0.026280691847205162,
            "Entrancement": 0.1194092333316803,
            "Envy": 0.03425227105617523,
            "Excitement": 0.3873339891433716,
            "Fear": 0.03074037656188011,
            "Guilt": 0.026141691952943802,
            "Horror": 0.015701882541179657,
            "Interest": 0.5289592742919922,
            "Joy": 0.7257491946220398,
            "Love": 0.5971970558166504,
            "Nostalgia": 0.0931665375828743,
            "Pain": 0.031877465546131134,
            "Pride": 0.15467116236686707,
            "Realization": 0.11193546652793884,
            "Relief": 0.11536118388175964,
            "Romance": 0.1525871306657791,
            "Sadness": 0.03786099702119827,
            "Satisfaction": 0.4283737242221832,
            "Shame": 0.03375815600156784,
            "Surprise (negative)": 0.018335990607738495,
            "Surprise (positive)": 0.036250486969947815,
            "Sympathy": 0.07137161493301392,
            "Tiredness": 0.06022898852825165,
            "Triumph": 0.0959882140159607
        },
        "prosody": {
            "Admiration": 0.008754106238484383,
            "Adoration": 0.007812665775418282,
            "Aesthetic Appreciation": 0.006571059115231037,
            "Amusement": 0.04911497235298157,
            "Anger": 0.04175928607583046,
            "Anxiety": 0.2264939695596695,
            "Awe": 0.06915662437677383,
            "Awkwardness": 0.06249002739787102,
            "Boredom": 0.002172020962461829,
            "Calmness": 0.0019344979664310813,
            "Concentration": 0.005982642062008381,
            "Confusion": 0.9487696886062622,
            "Contemplation": 0.022168338298797607,
            "Contempt": 0.010596166364848614,
            "Contentment": 0.0009781706612557173,
            "Craving": 0.0027184616774320602,
            "Desire": 0.002495778491720557,
            "Determination": 0.005573993548750877,
            "Disappointment": 0.11933514475822449,
            "Disgust": 0.01301266998052597,
            "Distress": 0.17751044034957886,
            "Doubt": 0.3373870551586151,
            "Ecstasy": 0.004551498685032129,
            "Embarrassment": 0.016277549788355827,
            "Empathic Pain": 0.01301913894712925,
            "Entrancement": 0.0031368990894407034,
            "Envy": 0.045457080006599426,
            "Excitement": 0.06204971671104431,
            "Fear": 0.06890054792165756,
            "Guilt": 0.00862317718565464,
            "Horror": 0.034173544496297836,
            "Interest": 0.299211323261261,
            "Joy": 0.007487786468118429,
            "Love": 0.0043332078494131565,
            "Nostalgia": 0.0018444787710905075,
            "Pain": 0.005221209023147821,
            "Pride": 0.002039968967437744,
            "Realization": 0.0467669852077961,
            "Relief": 0.0005699852481484413,
            "Romance": 0.012392614036798477,
            "Sadness": 0.017790062353014946,
            "Satisfaction": 0.0010378635488450527,
            "Shame": 0.004306992515921593,
            "Surprise (negative)": 0.5123215913772583,
            "Surprise (positive)": 0.34983375668525696,
            "Sympathy": 0.012793413363397121,
            "Tiredness": 0.0023202442098408937,
            "Triumph": 0.0009561137412674725
        },
        "lang": {
            "Admiration": 0.005420808698265598,
            "Adoration": 0.0032095107464836193,
            "Aesthetic Appreciation": 0.0029918056053037825,
            "Amusement": 0.04398519158936464,
            "Anger": 0.1749869974043507,
            "Annoyance": 0.33584276128273743,
            "Anxiety": 0.05176325285663971,
            "Awe": 0.012428970470164832,
            "Awkwardness": 0.03922841511666775,
            "Boredom": 0.0038854768320631524,
            "Calmness": 0.003980552070201016,
            "Concentration": 0.009812010308870902,
            "Confusion": 0.3078561700307406,
            "Contemplation": 0.017638862491227113,
            "Contempt": 0.061314272694289684,
            "Contentment": 0.0021145272543295645,
            "Craving": 0.0016906951854112917,
            "Desire": 0.0007396214664018211,
            "Determination": 0.010528876016346308,
            "Disappointment": 0.07497828364228973,
            "Disapproval": 0.19859088097627348,
            "Disgust": 0.04290143969970254,
            "Distress": 0.10066803709532206,
            "Doubt": 0.056665115273342684,
            "Ecstasy": 0.002151481301273004,
            "Embarrassment": 0.017422619060828134,
            "Empathic Pain": 0.003912182694945771,
            "Enthusiasm": 0.052962987325512446,
            "Entrancement": 0.00494612601155845,
            "Envy": 0.0019085568716176427,
            "Excitement": 0.05326216198647252,
            "Fear": 0.041403159785729185,
            "Gratitude": 0.0013499316723587422,
            "Guilt": 0.003583133041572112,
            "Horror": 0.03749277136431864,
            "Interest": 0.09861692814872815,
            "Joy": 0.008641579510787359,
            "Love": 0.0015754216202857117,
            "Nostalgia": 0.0008172040800743091,
            "Pain": 0.0038351416050528106,
            "Pride": 0.003545906860381365,
            "Realization": 0.047901346992987856,
            "Relief": 0.00119677995546506,
            "Romance": 0.0004676742783675973,
            "Sadness": 0.006320073520048306,
            "Sarcasm": 0.05386281400345839,
            "Satisfaction": 0.003906684981372494,
            "Shame": 0.008681622226364337,
            "Surprise (negative)": 0.49607058385243785,
            "Surprise (positive)": 0.09816459953211822,
            "Sympathy": 0.0033976523778759516,
            "Tiredness": 0.002198667663973398,
            "Triumph": 0.004275039348822947
        }
    }
}