{
    "metadata": {
        "dialogue_id": "228",
        "time_start": "00-00-32.324",
        "time_end": "00-00-33.296",
        "speaker": "Joey",
        "emotion": "surprise",
        "sentiment": "positive",
        "text_content": "You really think I'm ready?",
        "file_name": "228_00-00-32.324_00-00-33.296_Joey_surprise_positive"
    },
    "predicted": {
        "face": {
            "Admiration": 0.08250205963850021,
            "Adoration": 0.06186014041304588,
            "Aesthetic Appreciation": 0.05961475521326065,
            "Amusement": 0.09699250757694244,
            "Anger": 0.14128322899341583,
            "Anxiety": 0.17835913598537445,
            "Awe": 0.08287303894758224,
            "Awkwardness": 0.20242464542388916,
            "Boredom": 0.3294406831264496,
            "Calmness": 0.3741225600242615,
            "Concentration": 0.4655819833278656,
            "Confusion": 0.41008493304252625,
            "Contemplation": 0.23161710798740387,
            "Contempt": 0.2265540510416031,
            "Contentment": 0.10440170764923096,
            "Craving": 0.05534454435110092,
            "Desire": 0.04873201623558998,
            "Determination": 0.1515849083662033,
            "Disappointment": 0.3849130868911743,
            "Disgust": 0.1550927460193634,
            "Distress": 0.2359030842781067,
            "Doubt": 0.3600993752479553,
            "Ecstasy": 0.026072464883327484,
            "Embarrassment": 0.1201067864894867,
            "Empathic Pain": 0.1135614812374115,
            "Entrancement": 0.11690114438533783,
            "Envy": 0.0590442530810833,
            "Excitement": 0.04897215589880943,
            "Fear": 0.11342091858386993,
            "Guilt": 0.11152099817991257,
            "Horror": 0.04888259619474411,
            "Interest": 0.2576603293418884,
            "Joy": 0.061829786747694016,
            "Love": 0.07573668658733368,
            "Nostalgia": 0.07069460302591324,
            "Pain": 0.16472375392913818,
            "Pride": 0.0648457407951355,
            "Realization": 0.1557997167110443,
            "Relief": 0.056256745010614395,
            "Romance": 0.04040335863828659,
            "Sadness": 0.3092113137245178,
            "Satisfaction": 0.09007126837968826,
            "Shame": 0.10484041273593903,
            "Surprise (negative)": 0.06112714856863022,
            "Surprise (positive)": 0.038717932999134064,
            "Sympathy": 0.06913347542285919,
            "Tiredness": 0.2308482825756073,
            "Triumph": 0.02898990921676159
        },
        "prosody": {
            "Admiration": 0.03608481585979462,
            "Adoration": 0.015508715994656086,
            "Aesthetic Appreciation": 0.017902139574289322,
            "Amusement": 0.08347581326961517,
            "Anger": 0.008024522103369236,
            "Anxiety": 0.04532342031598091,
            "Awe": 0.03046637587249279,
            "Awkwardness": 0.09277588874101639,
            "Boredom": 0.012394502758979797,
            "Calmness": 0.08645643293857574,
            "Concentration": 0.04737844690680504,
            "Confusion": 0.18606968224048615,
            "Contemplation": 0.19950301945209503,
            "Contempt": 0.019469818100333214,
            "Contentment": 0.08321676403284073,
            "Craving": 0.026613641530275345,
            "Desire": 0.0075562442652881145,
            "Determination": 0.041718170046806335,
            "Disappointment": 0.017677640542387962,
            "Disgust": 0.015508074313402176,
            "Distress": 0.019397778436541557,
            "Doubt": 0.40066400170326233,
            "Ecstasy": 0.00862429291009903,
            "Embarrassment": 0.01265338622033596,
            "Empathic Pain": 0.007123969495296478,
            "Entrancement": 0.01040846761316061,
            "Envy": 0.05026600882411003,
            "Excitement": 0.031669337302446365,
            "Fear": 0.011621211655437946,
            "Guilt": 0.004671571776270866,
            "Horror": 0.002325245179235935,
            "Interest": 0.448589950799942,
            "Joy": 0.02115711383521557,
            "Love": 0.011020454578101635,
            "Nostalgia": 0.004313664510846138,
            "Pain": 0.00320129725150764,
            "Pride": 0.019102424383163452,
            "Realization": 0.08306844532489777,
            "Relief": 0.035852573812007904,
            "Romance": 0.010427212342619896,
            "Sadness": 0.0027048918418586254,
            "Satisfaction": 0.03691054508090019,
            "Shame": 0.004957905970513821,
            "Surprise (negative)": 0.02086121216416359,
            "Surprise (positive)": 0.08704844117164612,
            "Sympathy": 0.03882632777094841,
            "Tiredness": 0.00962737575173378,
            "Triumph": 0.010551259852945805
        },
        "lang": {}
    }
}