{
    "metadata": {
        "dialogue_id": "232",
        "time_start": "00-00-57.974",
        "time_end": "00-01-01.936",
        "speaker": "Rachel",
        "emotion": "neutral",
        "sentiment": "neutral",
        "text_content": "Yeah, why?",
        "file_name": "232_00-00-57.974_00-01-01.936_Rachel_neutral_neutral"
    },
    "predicted": {
        "face": {
            "Admiration": 0.10693434625864029,
            "Adoration": 0.11310142278671265,
            "Aesthetic Appreciation": 0.06447882205247879,
            "Amusement": 0.1983243077993393,
            "Anger": 0.09132006019353867,
            "Anxiety": 0.1711244285106659,
            "Awe": 0.07149513810873032,
            "Awkwardness": 0.21757975220680237,
            "Boredom": 0.2380199134349823,
            "Calmness": 0.3173200190067291,
            "Concentration": 0.31239816546440125,
            "Confusion": 0.34762507677078247,
            "Contemplation": 0.18679776787757874,
            "Contempt": 0.17818638682365417,
            "Contentment": 0.15420986711978912,
            "Craving": 0.05295170471072197,
            "Desire": 0.07294809818267822,
            "Determination": 0.09784317761659622,
            "Disappointment": 0.3563025891780853,
            "Disgust": 0.16049806773662567,
            "Distress": 0.2720283269882202,
            "Doubt": 0.2833029627799988,
            "Ecstasy": 0.0473339669406414,
            "Embarrassment": 0.157671257853508,
            "Empathic Pain": 0.1292470246553421,
            "Entrancement": 0.09831768274307251,
            "Envy": 0.04580669105052948,
            "Excitement": 0.09383511543273926,
            "Fear": 0.10592339187860489,
            "Guilt": 0.12063325196504593,
            "Horror": 0.0471775196492672,
            "Interest": 0.25599414110183716,
            "Joy": 0.167106032371521,
            "Love": 0.17741046845912933,
            "Nostalgia": 0.08113507926464081,
            "Pain": 0.24847592413425446,
            "Pride": 0.0747252106666565,
            "Realization": 0.1509343534708023,
            "Relief": 0.08780206739902496,
            "Romance": 0.07115438580513,
            "Sadness": 0.33047154545783997,
            "Satisfaction": 0.1718355268239975,
            "Shame": 0.12856537103652954,
            "Surprise (negative)": 0.0478784441947937,
            "Surprise (positive)": 0.033083923161029816,
            "Sympathy": 0.07551918178796768,
            "Tiredness": 0.21693143248558044,
            "Triumph": 0.04094386473298073
        },
        "prosody": {
            "Admiration": 0.029101327061653137,
            "Adoration": 0.027684363536536694,
            "Aesthetic Appreciation": 0.010375195648521185,
            "Amusement": 0.13908459153026342,
            "Anger": 0.023985889740288258,
            "Anxiety": 0.04618400428444147,
            "Awe": 0.03273513913154602,
            "Awkwardness": 0.2411174662411213,
            "Boredom": 0.023568364325910807,
            "Calmness": 0.03664252161979675,
            "Concentration": 0.01970609277486801,
            "Confusion": 0.4784611016511917,
            "Contemplation": 0.06608641520142555,
            "Contempt": 0.044258538633584976,
            "Contentment": 0.019782135728746653,
            "Craving": 0.003056898480281234,
            "Desire": 0.011430226266384125,
            "Determination": 0.01401338423602283,
            "Disappointment": 0.07142558880150318,
            "Disgust": 0.04378753248602152,
            "Distress": 0.05512680113315582,
            "Doubt": 0.11703816428780556,
            "Ecstasy": 0.010698572732508183,
            "Embarrassment": 0.030714645981788635,
            "Empathic Pain": 0.029923945665359497,
            "Entrancement": 0.006301763001829386,
            "Envy": 0.025863115675747395,
            "Excitement": 0.023022530367597938,
            "Fear": 0.018372169695794582,
            "Guilt": 0.02313414914533496,
            "Horror": 0.026028250344097614,
            "Interest": 0.113686203956604,
            "Joy": 0.015855025965720415,
            "Love": 0.016516615403816104,
            "Nostalgia": 0.013569328933954239,
            "Pain": 0.010885211639106274,
            "Pride": 0.0262373813893646,
            "Realization": 0.05496294051408768,
            "Relief": 0.01105086924508214,
            "Romance": 0.009146114345639944,
            "Sadness": 0.032945169135928154,
            "Satisfaction": 0.014716538367792964,
            "Shame": 0.016661370173096657,
            "Surprise (negative)": 0.11465254053473473,
            "Surprise (positive)": 0.0735760573297739,
            "Sympathy": 0.10784011613577604,
            "Tiredness": 0.010028621763922274,
            "Triumph": 0.007645353674888611
        },
        "lang": {}
    }
}