{
    "metadata": {
        "dialogue_id": "232",
        "time_start": "00-00-13.096",
        "time_end": "00-00-15.264",
        "speaker": "Chandler",
        "emotion": "neutral",
        "sentiment": "neutral",
        "text_content": "Oh, no, no. I just meant hypothetically.",
        "file_name": "232_00-00-13.096_00-00-15.264_Chandler_neutral_neutral"
    },
    "predicted": {
        "face": {
            "Admiration": 0.08675652742385864,
            "Adoration": 0.05161427706480026,
            "Aesthetic Appreciation": 0.04508104547858238,
            "Amusement": 0.19405201077461243,
            "Anger": 0.331021785736084,
            "Anxiety": 0.1256057620048523,
            "Awe": 0.2985474169254303,
            "Awkwardness": 0.130660742521286,
            "Boredom": 0.1630048155784607,
            "Calmness": 0.09793484210968018,
            "Concentration": 0.14377933740615845,
            "Confusion": 0.2214455008506775,
            "Contemplation": 0.06825258582830429,
            "Contempt": 0.14043106138706207,
            "Contentment": 0.0646699070930481,
            "Craving": 0.06615366041660309,
            "Desire": 0.07183150947093964,
            "Determination": 0.1747792363166809,
            "Disappointment": 0.19179245829582214,
            "Disgust": 0.09937354177236557,
            "Distress": 0.1856328397989273,
            "Doubt": 0.14519473910331726,
            "Ecstasy": 0.12052736431360245,
            "Embarrassment": 0.06157676875591278,
            "Empathic Pain": 0.06272374838590622,
            "Entrancement": 0.09218817949295044,
            "Envy": 0.03818177059292793,
            "Excitement": 0.27466586232185364,
            "Fear": 0.1683412343263626,
            "Guilt": 0.03522775322198868,
            "Horror": 0.18698987364768982,
            "Interest": 0.18006516993045807,
            "Joy": 0.11785228550434113,
            "Love": 0.05957117676734924,
            "Nostalgia": 0.036354050040245056,
            "Pain": 0.13966521620750427,
            "Pride": 0.1165894865989685,
            "Realization": 0.17876343429088593,
            "Relief": 0.07336679846048355,
            "Romance": 0.024457868188619614,
            "Sadness": 0.07120927423238754,
            "Satisfaction": 0.13802406191825867,
            "Shame": 0.030698711052536964,
            "Surprise (negative)": 0.20979009568691254,
            "Surprise (positive)": 0.21628791093826294,
            "Sympathy": 0.024571161717176437,
            "Tiredness": 0.16640344262123108,
            "Triumph": 0.18677884340286255
        },
        "prosody": {
            "Admiration": 0.0014119825791567564,
            "Adoration": 0.0016486740205436945,
            "Aesthetic Appreciation": 0.0025438314769417048,
            "Amusement": 0.07284796983003616,
            "Anger": 0.06951063871383667,
            "Anxiety": 0.17885416746139526,
            "Awe": 0.004839402623474598,
            "Awkwardness": 0.4980451464653015,
            "Boredom": 0.0035805609077215195,
            "Calmness": 0.0024832459166646004,
            "Concentration": 0.010427446104586124,
            "Confusion": 0.07960332930088043,
            "Contemplation": 0.008465046063065529,
            "Contempt": 0.02343934401869774,
            "Contentment": 0.002947406843304634,
            "Craving": 0.0013054831651970744,
            "Desire": 0.004090399015694857,
            "Determination": 0.07221802324056625,
            "Disappointment": 0.09747455269098282,
            "Disgust": 0.027285993099212646,
            "Distress": 0.24893426895141602,
            "Doubt": 0.07964513450860977,
            "Ecstasy": 0.0032852233853191137,
            "Embarrassment": 0.28924283385276794,
            "Empathic Pain": 0.010195162147283554,
            "Entrancement": 0.0011298535391688347,
            "Envy": 0.002199816517531872,
            "Excitement": 0.02108578383922577,
            "Fear": 0.02534368634223938,
            "Guilt": 0.045311927795410156,
            "Horror": 0.032127995043992996,
            "Interest": 0.033517442643642426,
            "Joy": 0.002170175313949585,
            "Love": 0.0016956800827756524,
            "Nostalgia": 0.004524580668658018,
            "Pain": 0.01234035100787878,
            "Pride": 0.005907038226723671,
            "Realization": 0.21068532764911652,
            "Relief": 0.004848873242735863,
            "Romance": 0.0043380302377045155,
            "Sadness": 0.006236182525753975,
            "Satisfaction": 0.006812188308686018,
            "Shame": 0.05026617646217346,
            "Surprise (negative)": 0.2084440141916275,
            "Surprise (positive)": 0.034374602138996124,
            "Sympathy": 0.012823228724300861,
            "Tiredness": 0.006368005182594061,
            "Triumph": 0.011554943397641182
        },
        "lang": {}
    }
}