{
    "metadata": {
        "dialogue_id": "233",
        "time_start": "00-00-14.222",
        "time_end": "00-00-17.808",
        "speaker": "Monica",
        "emotion": "surprise",
        "sentiment": "negative",
        "file_name": "233_00-00-14.222_00-00-17.808_Monica_surprise_negative"
    },
    "predicted": {
        "face": {
            "Admiration": 0.16187280416488647,
            "Adoration": 0.14445780217647552,
            "Aesthetic Appreciation": 0.10351666063070297,
            "Amusement": 0.2030392736196518,
            "Anger": 0.06537150591611862,
            "Anxiety": 0.1146242618560791,
            "Awe": 0.09684114158153534,
            "Awkwardness": 0.1642163246870041,
            "Boredom": 0.37595829367637634,
            "Calmness": 0.5186055302619934,
            "Concentration": 0.4741467535495758,
            "Confusion": 0.340252548456192,
            "Contemplation": 0.2990497052669525,
            "Contempt": 0.1929580271244049,
            "Contentment": 0.22026382386684418,
            "Craving": 0.0701025202870369,
            "Desire": 0.09828577190637589,
            "Determination": 0.13857725262641907,
            "Disappointment": 0.24502789974212646,
            "Disgust": 0.08423161506652832,
            "Distress": 0.15415535867214203,
            "Doubt": 0.31354039907455444,
            "Ecstasy": 0.05401274561882019,
            "Embarrassment": 0.07261023670434952,
            "Empathic Pain": 0.0757661759853363,
            "Entrancement": 0.15638858079910278,
            "Envy": 0.05363673344254494,
            "Excitement": 0.09379789233207703,
            "Fear": 0.07047928124666214,
            "Guilt": 0.06305734813213348,
            "Horror": 0.029489438980817795,
            "Interest": 0.37377089262008667,
            "Joy": 0.16707348823547363,
            "Love": 0.18789681792259216,
            "Nostalgia": 0.09988528490066528,
            "Pain": 0.11184518784284592,
            "Pride": 0.11029301583766937,
            "Realization": 0.17049941420555115,
            "Relief": 0.12039683759212494,
            "Romance": 0.08086065948009491,
            "Sadness": 0.19021958112716675,
            "Satisfaction": 0.24135863780975342,
            "Shame": 0.05835845693945885,
            "Surprise (negative)": 0.035871006548404694,
            "Surprise (positive)": 0.034905120730400085,
            "Sympathy": 0.07064394652843475,
            "Tiredness": 0.22849014401435852,
            "Triumph": 0.053639307618141174
        },
        "prosody": {
            "Admiration": 0.01130533218383789,
            "Adoration": 0.015490744030103087,
            "Aesthetic Appreciation": 0.012358012492768466,
            "Amusement": 0.059129759669303894,
            "Anger": 0.07919315807521343,
            "Anxiety": 0.04890316352248192,
            "Awe": 0.03669543657451868,
            "Awkwardness": 0.03738909121602774,
            "Boredom": 0.014347191900014877,
            "Calmness": 0.03861424955539405,
            "Concentration": 0.02141775516793132,
            "Confusion": 0.17782874032855034,
            "Contemplation": 0.021320694591850042,
            "Contempt": 0.01612150389701128,
            "Contentment": 0.032002265099436045,
            "Craving": 0.00453436269890517,
            "Desire": 0.0019076658645644784,
            "Determination": 0.01677207974717021,
            "Disappointment": 0.10301900142803788,
            "Disgust": 0.022767521091736853,
            "Distress": 0.10200831154361367,
            "Doubt": 0.041588193736970425,
            "Ecstasy": 0.015158813446760178,
            "Embarrassment": 0.016540270764380693,
            "Empathic Pain": 0.024938715272583067,
            "Entrancement": 0.006840276066213846,
            "Envy": 0.013261734507977962,
            "Excitement": 0.15238696709275246,
            "Fear": 0.016657469561323524,
            "Guilt": 0.013971825770568103,
            "Horror": 0.010401945444755256,
            "Interest": 0.18360690027475357,
            "Joy": 0.05379799148067832,
            "Love": 0.009529113071039319,
            "Nostalgia": 0.006100304424762726,
            "Pain": 0.01867643545847386,
            "Pride": 0.018725947942584753,
            "Realization": 0.05616219318471849,
            "Relief": 0.01212470605969429,
            "Romance": 0.0027321415836922824,
            "Sadness": 0.03226617129985243,
            "Satisfaction": 0.022539857658557594,
            "Shame": 0.011932519904803485,
            "Surprise (negative)": 0.15449014585465193,
            "Surprise (positive)": 0.10801543667912483,
            "Sympathy": 0.028646074468269944,
            "Tiredness": 0.00682749948464334,
            "Triumph": 0.019500060472637415
        },
        "lang": {
            "Admiration": 0.005086640594527125,
            "Adoration": 0.005658078705891967,
            "Aesthetic Appreciation": 0.004665252927225083,
            "Amusement": 0.036586625734344125,
            "Anger": 0.012041155336191878,
            "Annoyance": 0.0488911303691566,
            "Anxiety": 0.053124927605191864,
            "Awe": 0.01035474605547885,
            "Awkwardness": 0.025481858290731907,
            "Boredom": 0.006312831343772511,
            "Calmness": 0.016745368329187233,
            "Concentration": 0.027904984774067998,
            "Confusion": 0.5204788396755854,
            "Contemplation": 0.19663743736843267,
            "Contempt": 0.009059993200935423,
            "Contentment": 0.0024719538438754776,
            "Craving": 0.014319968371031186,
            "Desire": 0.0020381324381257095,
            "Determination": 0.00615676228577892,
            "Disappointment": 0.03910507153098782,
            "Disapproval": 0.016655154060572386,
            "Disgust": 0.00471392036221611,
            "Distress": 0.043391735603411995,
            "Doubt": 0.08173978142440319,
            "Ecstasy": 0.001837876644761612,
            "Embarrassment": 0.004364695962673674,
            "Empathic Pain": 0.013080939029653868,
            "Enthusiasm": 0.030491044744849205,
            "Entrancement": 0.013929852517321706,
            "Envy": 0.002691659601017212,
            "Excitement": 0.026240115830053885,
            "Fear": 0.02176276734098792,
            "Gratitude": 0.0012804000192166616,
            "Guilt": 0.004852796982352932,
            "Horror": 0.006376533361617476,
            "Interest": 0.3569841682910919,
            "Joy": 0.009382333393053463,
            "Love": 0.0057351177286667126,
            "Nostalgia": 0.02547195672135179,
            "Pain": 0.006531620630994439,
            "Pride": 0.0015434681651337694,
            "Realization": 0.04562016390264034,
            "Relief": 0.001273992956460764,
            "Romance": 0.0033480620865399637,
            "Sadness": 0.021605432654420536,
            "Sarcasm": 0.021544293422872823,
            "Satisfaction": 0.0032026820505658784,
            "Shame": 0.004689328450088699,
            "Surprise (negative)": 0.14103726452837387,
            "Surprise (positive)": 0.04244388360530138,
            "Sympathy": 0.011518754181452096,
            "Tiredness": 0.002726214957268288,
            "Triumph": 0.0013633660952715825
        }
    }
}