{
    "metadata": {
        "dialogue_id": "234",
        "time_start": "00-00-21.563",
        "time_end": "00-00-24.815",
        "speaker": "Chandler",
        "emotion": "surprise",
        "sentiment": "negative",
        "text_content": "Is that why you became a chef? So that people would like you?",
        "file_name": "234_00-00-21.563_00-00-24.815_Chandler_surprise_negative"
    },
    "predicted": {
        "face": {
            "Admiration": 0.03665997087955475,
            "Adoration": 0.03868390992283821,
            "Aesthetic Appreciation": 0.028488541021943092,
            "Amusement": 0.14310809969902039,
            "Anger": 0.08759578317403793,
            "Anxiety": 0.1814376562833786,
            "Awe": 0.0739607885479927,
            "Awkwardness": 0.1607246845960617,
            "Boredom": 0.16962245106697083,
            "Calmness": 0.11542360484600067,
            "Concentration": 0.10444185882806778,
            "Confusion": 0.25799039006233215,
            "Contemplation": 0.05983705818653107,
            "Contempt": 0.09226331114768982,
            "Contentment": 0.06928424537181854,
            "Craving": 0.06546548008918762,
            "Desire": 0.17193682491779327,
            "Determination": 0.0506233274936676,
            "Disappointment": 0.267406702041626,
            "Disgust": 0.14593805372714996,
            "Distress": 0.3980351686477661,
            "Doubt": 0.12733393907546997,
            "Ecstasy": 0.11860731989145279,
            "Embarrassment": 0.10642524808645248,
            "Empathic Pain": 0.1746825873851776,
            "Entrancement": 0.06448045372962952,
            "Envy": 0.019069261848926544,
            "Excitement": 0.1127726137638092,
            "Fear": 0.1890157163143158,
            "Guilt": 0.08578245341777802,
            "Horror": 0.12478740513324738,
            "Interest": 0.09313773363828659,
            "Joy": 0.10429106652736664,
            "Love": 0.07004246115684509,
            "Nostalgia": 0.049533192068338394,
            "Pain": 0.7131538987159729,
            "Pride": 0.04004492610692978,
            "Realization": 0.11607223004102707,
            "Relief": 0.11010690778493881,
            "Romance": 0.03770311176776886,
            "Sadness": 0.3963402211666107,
            "Satisfaction": 0.1674652397632599,
            "Shame": 0.07859129458665848,
            "Surprise (negative)": 0.07765205204486847,
            "Surprise (positive)": 0.03174798563122749,
            "Sympathy": 0.03795536607503891,
            "Tiredness": 0.3190770745277405,
            "Triumph": 0.05148374289274216
        },
        "prosody": {
            "Admiration": 0.06099003180861473,
            "Adoration": 0.0314643532037735,
            "Aesthetic Appreciation": 0.04583067074418068,
            "Amusement": 0.14569325745105743,
            "Anger": 0.018687693402171135,
            "Anxiety": 0.014454172924160957,
            "Awe": 0.1402093917131424,
            "Awkwardness": 0.02428329363465309,
            "Boredom": 0.000702928111422807,
            "Calmness": 0.0035526221618056297,
            "Concentration": 0.00897968839854002,
            "Confusion": 0.6863095164299011,
            "Contemplation": 0.1053890660405159,
            "Contempt": 0.04082963988184929,
            "Contentment": 0.002235542517155409,
            "Craving": 0.009839527308940887,
            "Desire": 0.005271800793707371,
            "Determination": 0.0047882068902254105,
            "Disappointment": 0.03740064427256584,
            "Disgust": 0.039838943630456924,
            "Distress": 0.019538862630724907,
            "Doubt": 0.3065301477909088,
            "Ecstasy": 0.0049509331583976746,
            "Embarrassment": 0.008922124281525612,
            "Empathic Pain": 0.00813266634941101,
            "Entrancement": 0.005640431772917509,
            "Envy": 0.10024529695510864,
            "Excitement": 0.05121413990855217,
            "Fear": 0.0049542770721018314,
            "Guilt": 0.0054800682701170444,
            "Horror": 0.007152417674660683,
            "Interest": 0.41492709517478943,
            "Joy": 0.017760518938302994,
            "Love": 0.01667001098394394,
            "Nostalgia": 0.014831459149718285,
            "Pain": 0.0009332178742624819,
            "Pride": 0.011980018578469753,
            "Realization": 0.12994542717933655,
            "Relief": 0.0015010093338787556,
            "Romance": 0.02012651413679123,
            "Sadness": 0.004187447018921375,
            "Satisfaction": 0.004713860340416431,
            "Shame": 0.0031232896726578474,
            "Surprise (negative)": 0.29340416193008423,
            "Surprise (positive)": 0.15776358544826508,
            "Sympathy": 0.03007015585899353,
            "Tiredness": 0.00022109471319708973,
            "Triumph": 0.0022213836200535297
        },
        "lang": {}
    }
}