{
    "metadata": {
        "dialogue_id": "236",
        "time_start": "00-00-36.787",
        "time_end": "00-00-39.038",
        "speaker": "The-Vendor",
        "emotion": "neutral",
        "sentiment": "neutral",
        "file_name": "236_00-00-36.787_00-00-39.038_The-Vendor_neutral_neutral"
    },
    "predicted": {
        "face": {
            "Admiration": 0.09386848658323288,
            "Adoration": 0.06587719917297363,
            "Aesthetic Appreciation": 0.05366862192749977,
            "Amusement": 0.18171893060207367,
            "Anger": 0.21049931645393372,
            "Anxiety": 0.15671777725219727,
            "Awe": 0.2072320133447647,
            "Awkwardness": 0.19902704656124115,
            "Boredom": 0.2140129953622818,
            "Calmness": 0.1844356805086136,
            "Concentration": 0.2512121796607971,
            "Confusion": 0.36108139157295227,
            "Contemplation": 0.11793731153011322,
            "Contempt": 0.18496152758598328,
            "Contentment": 0.08628114312887192,
            "Craving": 0.06373134255409241,
            "Desire": 0.06784212589263916,
            "Determination": 0.1360466182231903,
            "Disappointment": 0.26439112424850464,
            "Disgust": 0.17719602584838867,
            "Distress": 0.22534917294979095,
            "Doubt": 0.2439352124929428,
            "Ecstasy": 0.06569919735193253,
            "Embarrassment": 0.0991152673959732,
            "Empathic Pain": 0.0985381007194519,
            "Entrancement": 0.10240833461284637,
            "Envy": 0.05000936985015869,
            "Excitement": 0.15784630179405212,
            "Fear": 0.19585171341896057,
            "Guilt": 0.06565645337104797,
            "Horror": 0.15615522861480713,
            "Interest": 0.23489567637443542,
            "Joy": 0.12139789015054703,
            "Love": 0.07983385026454926,
            "Nostalgia": 0.04944939911365509,
            "Pain": 0.18339651823043823,
            "Pride": 0.07822514325380325,
            "Realization": 0.16886472702026367,
            "Relief": 0.06059391424059868,
            "Romance": 0.03450487181544304,
            "Sadness": 0.17118409276008606,
            "Satisfaction": 0.11969000101089478,
            "Shame": 0.059806276112794876,
            "Surprise (negative)": 0.1810530573129654,
            "Surprise (positive)": 0.13734324276447296,
            "Sympathy": 0.04564254730939865,
            "Tiredness": 0.16797809302806854,
            "Triumph": 0.07322679460048676
        },
        "prosody": {
            "Admiration": 0.16795705258846283,
            "Adoration": 0.08405151963233948,
            "Aesthetic Appreciation": 0.03741736710071564,
            "Amusement": 0.2118799388408661,
            "Anger": 0.012710130773484707,
            "Anxiety": 0.0037785940803587437,
            "Awe": 0.11808324605226517,
            "Awkwardness": 0.002093926537781954,
            "Boredom": 0.004239238798618317,
            "Calmness": 0.006642444059252739,
            "Concentration": 0.020268745720386505,
            "Confusion": 0.0031833688262850046,
            "Contemplation": 0.010151826776564121,
            "Contempt": 0.02800127863883972,
            "Contentment": 0.03101624920964241,
            "Craving": 0.008692456409335136,
            "Desire": 0.004362450912594795,
            "Determination": 0.09943567216396332,
            "Disappointment": 0.004454741720110178,
            "Disgust": 0.013776957988739014,
            "Distress": 0.005673415958881378,
            "Doubt": 0.0011981521965935826,
            "Ecstasy": 0.08006253838539124,
            "Embarrassment": 0.0020226500928401947,
            "Empathic Pain": 0.003759388579055667,
            "Entrancement": 0.02969731204211712,
            "Envy": 0.042523741722106934,
            "Excitement": 0.4839247167110443,
            "Fear": 0.0025030169636011124,
            "Guilt": 0.0011498717358335853,
            "Horror": 0.008428847417235374,
            "Interest": 0.2629050016403198,
            "Joy": 0.10972433537244797,
            "Love": 0.03296395391225815,
            "Nostalgia": 0.010038966313004494,
            "Pain": 0.0006338314851745963,
            "Pride": 0.2729267477989197,
            "Realization": 0.16711567342281342,
            "Relief": 0.002945970743894577,
            "Romance": 0.005233033560216427,
            "Sadness": 0.0013651038752868772,
            "Satisfaction": 0.10389085859060287,
            "Shame": 0.0013814207632094622,
            "Surprise (negative)": 0.009582262486219406,
            "Surprise (positive)": 0.1834890991449356,
            "Sympathy": 0.009671756997704506,
            "Tiredness": 0.0008850441663525999,
            "Triumph": 0.29916277527809143
        },
        "lang": {
            "Admiration": 0.02239073017456879,
            "Adoration": 0.004985872384471198,
            "Aesthetic Appreciation": 0.007779475301504135,
            "Amusement": 0.009447662470241388,
            "Anger": 0.040277672776331506,
            "Annoyance": 0.1643441691994667,
            "Anxiety": 0.01101433594400684,
            "Awe": 0.01270527190839251,
            "Awkwardness": 0.021438701233516138,
            "Boredom": 0.05861367719868819,
            "Calmness": 0.14146048777426282,
            "Concentration": 0.025793690894109506,
            "Confusion": 0.056192327135552965,
            "Contemplation": 0.09179010055959225,
            "Contempt": 0.10950577879945438,
            "Contentment": 0.0377803606291612,
            "Craving": 0.001204746406680594,
            "Desire": 0.001176129774345706,
            "Determination": 0.005381604055097948,
            "Disappointment": 0.10789806147416432,
            "Disapproval": 0.19793934312959513,
            "Disgust": 0.18569434923119843,
            "Distress": 0.03799599758349359,
            "Doubt": 0.022319787181913853,
            "Ecstasy": 0.0006182650298190614,
            "Embarrassment": 0.009885817358735949,
            "Empathic Pain": 0.01999953738413751,
            "Enthusiasm": 0.009918411805604896,
            "Entrancement": 0.005884432117454708,
            "Envy": 0.00571260810829699,
            "Excitement": 0.004812477195324997,
            "Fear": 0.0032345306050653258,
            "Gratitude": 0.010947308803830916,
            "Guilt": 0.006345863551056634,
            "Horror": 0.008158698367575804,
            "Interest": 0.06516824445376794,
            "Joy": 0.003326057951198891,
            "Love": 0.0016743100713938475,
            "Nostalgia": 0.00208840905300652,
            "Pain": 0.01205835243066152,
            "Pride": 0.003902460797689855,
            "Realization": 0.21391637126604715,
            "Relief": 0.019111185024182003,
            "Romance": 0.0005177373629218588,
            "Sadness": 0.02881121317235132,
            "Sarcasm": 0.025295361876487732,
            "Satisfaction": 0.03996128406530867,
            "Shame": 0.030700196667263906,
            "Surprise (negative)": 0.047808585378030934,
            "Surprise (positive)": 0.0293008373118937,
            "Sympathy": 0.024363848380744457,
            "Tiredness": 0.028586295743783314,
            "Triumph": 0.006505474118360628
        }
    }
}