{
    "metadata": {
        "dialogue_id": "245",
        "time_start": "00-00-45.379",
        "time_end": "00-00-47.038",
        "speaker": "Monica",
        "emotion": "sadness",
        "sentiment": "negative",
        "text_content": "I\u0092m never gonna get to sleep with anyone else!",
        "file_name": "245_00-00-45.379_00-00-47.038_Monica_sadness_negative"
    },
    "predicted": {
        "face": {
            "Admiration": 0.09030748903751373,
            "Adoration": 0.039730336517095566,
            "Aesthetic Appreciation": 0.04385321959853172,
            "Amusement": 0.13110992312431335,
            "Anger": 0.05653848126530647,
            "Anxiety": 0.1904865950345993,
            "Awe": 0.588252067565918,
            "Awkwardness": 0.22181080281734467,
            "Boredom": 0.12661448121070862,
            "Calmness": 0.11392098665237427,
            "Concentration": 0.20865343511104584,
            "Confusion": 0.429777055978775,
            "Contemplation": 0.1032123938202858,
            "Contempt": 0.07542318850755692,
            "Contentment": 0.04086155444383621,
            "Craving": 0.054452329874038696,
            "Desire": 0.036526646465063095,
            "Determination": 0.06477183103561401,
            "Disappointment": 0.1320977807044983,
            "Disgust": 0.0648927092552185,
            "Distress": 0.1688804179430008,
            "Doubt": 0.25784438848495483,
            "Ecstasy": 0.04919322580099106,
            "Embarrassment": 0.11353105306625366,
            "Empathic Pain": 0.05131842568516731,
            "Entrancement": 0.12298472970724106,
            "Envy": 0.034432679414749146,
            "Excitement": 0.1510058343410492,
            "Fear": 0.5651074647903442,
            "Guilt": 0.05443466454744339,
            "Horror": 0.5626461505889893,
            "Interest": 0.23226624727249146,
            "Joy": 0.05453747883439064,
            "Love": 0.03446628525853157,
            "Nostalgia": 0.033432502299547195,
            "Pain": 0.04907800257205963,
            "Pride": 0.026820894330739975,
            "Realization": 0.24807101488113403,
            "Relief": 0.03262434899806976,
            "Romance": 0.01961631514132023,
            "Sadness": 0.051384855061769485,
            "Satisfaction": 0.04834173992276192,
            "Shame": 0.0395650640130043,
            "Surprise (negative)": 0.6444476842880249,
            "Surprise (positive)": 0.5540652275085449,
            "Sympathy": 0.03632054105401039,
            "Tiredness": 0.07941430807113647,
            "Triumph": 0.02747299149632454
        },
        "prosody": {
            "Admiration": 0.0019037917954847217,
            "Adoration": 0.002251353580504656,
            "Aesthetic Appreciation": 0.0014752820134162903,
            "Amusement": 0.056517936289310455,
            "Anger": 0.5011268854141235,
            "Anxiety": 0.22713932394981384,
            "Awe": 0.008443932980298996,
            "Awkwardness": 0.025108270347118378,
            "Boredom": 0.003757217898964882,
            "Calmness": 0.0014885899145156145,
            "Concentration": 0.004743333440274,
            "Confusion": 0.06719069182872772,
            "Contemplation": 0.014351477846503258,
            "Contempt": 0.10632814466953278,
            "Contentment": 0.010967513546347618,
            "Craving": 0.009184630587697029,
            "Desire": 0.002794817788526416,
            "Determination": 0.026235634461045265,
            "Disappointment": 0.33053937554359436,
            "Disgust": 0.08493989706039429,
            "Distress": 0.3595629036426544,
            "Doubt": 0.016859063878655434,
            "Ecstasy": 0.01972777396440506,
            "Embarrassment": 0.047807637602090836,
            "Empathic Pain": 0.015788067132234573,
            "Entrancement": 0.003086647018790245,
            "Envy": 0.009922800585627556,
            "Excitement": 0.04268811643123627,
            "Fear": 0.03528732806444168,
            "Guilt": 0.034122712910175323,
            "Horror": 0.024837780743837357,
            "Interest": 0.010832303203642368,
            "Joy": 0.01149497926235199,
            "Love": 0.005346642341464758,
            "Nostalgia": 0.01838366873562336,
            "Pain": 0.08635874092578888,
            "Pride": 0.00987019669264555,
            "Realization": 0.1478334367275238,
            "Relief": 0.017405850812792778,
            "Romance": 0.005790680646896362,
            "Sadness": 0.07675004750490189,
            "Satisfaction": 0.015116983093321323,
            "Shame": 0.02468511089682579,
            "Surprise (negative)": 0.08304009586572647,
            "Surprise (positive)": 0.015248275361955166,
            "Sympathy": 0.011408484540879726,
            "Tiredness": 0.05063920468091965,
            "Triumph": 0.012193265371024609
        },
        "lang": {}
    }
}