{
    "metadata": {
        "dialogue_id": "249",
        "time_start": "00-00-00.000",
        "time_end": "00-00-02.918",
        "speaker": "Rachel",
        "emotion": "neutral",
        "sentiment": "neutral",
        "text_content": "Remember I had to leave the room the other day when you had that roast chicken?",
        "file_name": "249_00-00-00.000_00-00-02.918_Rachel_neutral_neutral"
    },
    "predicted": {
        "face": {
            "Admiration": 0.08273608237504959,
            "Adoration": 0.06881643831729889,
            "Aesthetic Appreciation": 0.05932161584496498,
            "Amusement": 0.11660084873437881,
            "Anger": 0.12067814916372299,
            "Anxiety": 0.16458061337471008,
            "Awe": 0.07361247390508652,
            "Awkwardness": 0.2016592174768448,
            "Boredom": 0.3303273916244507,
            "Calmness": 0.3335428833961487,
            "Concentration": 0.37830594182014465,
            "Confusion": 0.38293689489364624,
            "Contemplation": 0.22625203430652618,
            "Contempt": 0.2291204035282135,
            "Contentment": 0.11370809376239777,
            "Craving": 0.05598177760839462,
            "Desire": 0.054904550313949585,
            "Determination": 0.12572364509105682,
            "Disappointment": 0.3699718713760376,
            "Disgust": 0.17160582542419434,
            "Distress": 0.24297568202018738,
            "Doubt": 0.34003663063049316,
            "Ecstasy": 0.031835995614528656,
            "Embarrassment": 0.11378589272499084,
            "Empathic Pain": 0.12338271737098694,
            "Entrancement": 0.10265751928091049,
            "Envy": 0.055308952927589417,
            "Excitement": 0.05627746507525444,
            "Fear": 0.1090315505862236,
            "Guilt": 0.10377195477485657,
            "Horror": 0.047667957842350006,
            "Interest": 0.23588605225086212,
            "Joy": 0.08030354231595993,
            "Love": 0.08589194715023041,
            "Nostalgia": 0.07686859369277954,
            "Pain": 0.20769980549812317,
            "Pride": 0.07126642018556595,
            "Realization": 0.14279115200042725,
            "Relief": 0.06120925769209862,
            "Romance": 0.04113015532493591,
            "Sadness": 0.35303524136543274,
            "Satisfaction": 0.111604705452919,
            "Shame": 0.10119654983282089,
            "Surprise (negative)": 0.05044664815068245,
            "Surprise (positive)": 0.030506344512104988,
            "Sympathy": 0.07167975604534149,
            "Tiredness": 0.2300742119550705,
            "Triumph": 0.03465808555483818
        },
        "prosody": {
            "Admiration": 0.016663813963532448,
            "Adoration": 0.025002339854836464,
            "Aesthetic Appreciation": 0.013448134064674377,
            "Amusement": 0.15155762434005737,
            "Anger": 0.1728908270597458,
            "Anxiety": 0.08816402405500412,
            "Awe": 0.011761993169784546,
            "Awkwardness": 0.09175808727741241,
            "Boredom": 0.018841106444597244,
            "Calmness": 0.00921603199094534,
            "Concentration": 0.013252979144454002,
            "Confusion": 0.11176329851150513,
            "Contemplation": 0.07080454379320145,
            "Contempt": 0.13256719708442688,
            "Contentment": 0.01539637055248022,
            "Craving": 0.028978129848837852,
            "Desire": 0.007810003589838743,
            "Determination": 0.023412130773067474,
            "Disappointment": 0.33948636054992676,
            "Disgust": 0.2097175568342209,
            "Distress": 0.2006167769432068,
            "Doubt": 0.07156834751367569,
            "Ecstasy": 0.02011020854115486,
            "Embarrassment": 0.03977024927735329,
            "Empathic Pain": 0.024233011528849602,
            "Entrancement": 0.005368323996663094,
            "Envy": 0.020861029624938965,
            "Excitement": 0.043441060930490494,
            "Fear": 0.04419475793838501,
            "Guilt": 0.016350263729691505,
            "Horror": 0.03788560628890991,
            "Interest": 0.05316401273012161,
            "Joy": 0.032448526471853256,
            "Love": 0.02282598800957203,
            "Nostalgia": 0.27794089913368225,
            "Pain": 0.03599880635738373,
            "Pride": 0.01461242325603962,
            "Realization": 0.08607170730829239,
            "Relief": 0.006118635181337595,
            "Romance": 0.01813482493162155,
            "Sadness": 0.06980159878730774,
            "Satisfaction": 0.016077274456620216,
            "Shame": 0.03090536780655384,
            "Surprise (negative)": 0.11066558957099915,
            "Surprise (positive)": 0.03932729735970497,
            "Sympathy": 0.016456885263323784,
            "Tiredness": 0.022202378138899803,
            "Triumph": 0.005978286731988192
        },
        "lang": {}
    }
}