{
    "metadata": {
        "dialogue_id": "24",
        "time_start": "00-00-04.338",
        "time_end": "00-00-09.008",
        "speaker": "Rachel",
        "emotion": "neutral",
        "sentiment": "neutral",
        "text_content": "Look honey, Mark is in fashion okay, I like having a friend that I can share this stuff with.",
        "file_name": "24_00-00-04.338_00-00-09.008_Rachel_neutral_neutral"
    },
    "predicted": {
        "face": {
            "Admiration": 0.08335822075605392,
            "Adoration": 0.05763303488492966,
            "Aesthetic Appreciation": 0.06484182924032211,
            "Amusement": 0.07887949794530869,
            "Anger": 0.1160234585404396,
            "Anxiety": 0.1803162544965744,
            "Awe": 0.07141996175050735,
            "Awkwardness": 0.1878453940153122,
            "Boredom": 0.44559937715530396,
            "Calmness": 0.4978718161582947,
            "Concentration": 0.5612629652023315,
            "Confusion": 0.4093673527240753,
            "Contemplation": 0.28280404210090637,
            "Contempt": 0.22054025530815125,
            "Contentment": 0.11002370715141296,
            "Craving": 0.05547469109296799,
            "Desire": 0.04576180875301361,
            "Determination": 0.1714908331632614,
            "Disappointment": 0.36431851983070374,
            "Disgust": 0.10288607329130173,
            "Distress": 0.21280749142169952,
            "Doubt": 0.3869296610355377,
            "Ecstasy": 0.020108092576265335,
            "Embarrassment": 0.0970878005027771,
            "Empathic Pain": 0.09878209978342056,
            "Entrancement": 0.13209454715251923,
            "Envy": 0.05962410941720009,
            "Excitement": 0.03635416552424431,
            "Fear": 0.09907296299934387,
            "Guilt": 0.10298223048448563,
            "Horror": 0.035767812281847,
            "Interest": 0.2817056179046631,
            "Joy": 0.04730375483632088,
            "Love": 0.06393501162528992,
            "Nostalgia": 0.07515876740217209,
            "Pain": 0.12158243358135223,
            "Pride": 0.0647762194275856,
            "Realization": 0.15466733276844025,
            "Relief": 0.055780425667762756,
            "Romance": 0.03719918057322502,
            "Sadness": 0.2949717938899994,
            "Satisfaction": 0.08336527645587921,
            "Shame": 0.08559074252843857,
            "Surprise (negative)": 0.04757095128297806,
            "Surprise (positive)": 0.031169330701231956,
            "Sympathy": 0.07022325694561005,
            "Tiredness": 0.26605889201164246,
            "Triumph": 0.023674294352531433
        },
        "prosody": {
            "Admiration": 0.14080700278282166,
            "Adoration": 0.09425333887338638,
            "Aesthetic Appreciation": 0.04255302622914314,
            "Amusement": 0.3186706006526947,
            "Anger": 0.10474444925785065,
            "Anxiety": 0.052947863936424255,
            "Awe": 0.016923271119594574,
            "Awkwardness": 0.14432522654533386,
            "Boredom": 0.00229982053861022,
            "Calmness": 0.013256057165563107,
            "Concentration": 0.0428905263543129,
            "Confusion": 0.1389022320508957,
            "Contemplation": 0.09298290312290192,
            "Contempt": 0.10893695056438446,
            "Contentment": 0.08349194377660751,
            "Craving": 0.02817995473742485,
            "Desire": 0.018503934144973755,
            "Determination": 0.105380579829216,
            "Disappointment": 0.16126185655593872,
            "Disgust": 0.06779122352600098,
            "Distress": 0.08693244308233261,
            "Doubt": 0.0763736441731453,
            "Ecstasy": 0.021094702184200287,
            "Embarrassment": 0.06624482572078705,
            "Empathic Pain": 0.02133593149483204,
            "Entrancement": 0.010322673246264458,
            "Envy": 0.1714334934949875,
            "Excitement": 0.16439290344715118,
            "Fear": 0.019154377281665802,
            "Guilt": 0.03169853985309601,
            "Horror": 0.008792391046881676,
            "Interest": 0.28257057070732117,
            "Joy": 0.1532132625579834,
            "Love": 0.08725671470165253,
            "Nostalgia": 0.03364655375480652,
            "Pain": 0.004675779026001692,
            "Pride": 0.12084800750017166,
            "Realization": 0.06756473332643509,
            "Relief": 0.0066835819743573666,
            "Romance": 0.09367786347866058,
            "Sadness": 0.0290281530469656,
            "Satisfaction": 0.14817027747631073,
            "Shame": 0.03873230516910553,
            "Surprise (negative)": 0.03922885283827782,
            "Surprise (positive)": 0.0635966807603836,
            "Sympathy": 0.0447717010974884,
            "Tiredness": 0.0018626523669809103,
            "Triumph": 0.020301327109336853
        },
        "lang": {}
    }
}