{
    "metadata": {
        "dialogue_id": "251",
        "time_start": "00-00-23.803",
        "time_end": "00-00-25.399",
        "speaker": "Joey",
        "emotion": "sadness",
        "sentiment": "negative",
        "file_name": "251_00-00-23.803_00-00-25.399_Joey_sadness_negative"
    },
    "predicted": {
        "face": {
            "Admiration": 0.04829145967960358,
            "Adoration": 0.042554304003715515,
            "Aesthetic Appreciation": 0.03947243094444275,
            "Amusement": 0.07982144504785538,
            "Anger": 0.09146137535572052,
            "Anxiety": 0.19510267674922943,
            "Awe": 0.07122324407100677,
            "Awkwardness": 0.20314066112041473,
            "Boredom": 0.25811973214149475,
            "Calmness": 0.2382507175207138,
            "Concentration": 0.29642248153686523,
            "Confusion": 0.39856329560279846,
            "Contemplation": 0.16724541783332825,
            "Contempt": 0.17342716455459595,
            "Contentment": 0.06864971667528152,
            "Craving": 0.04796478524804115,
            "Desire": 0.06591920554637909,
            "Determination": 0.0814962089061737,
            "Disappointment": 0.39490437507629395,
            "Disgust": 0.20557990670204163,
            "Distress": 0.31354716420173645,
            "Doubt": 0.2842252254486084,
            "Ecstasy": 0.028139034286141396,
            "Embarrassment": 0.16395024955272675,
            "Empathic Pain": 0.13234499096870422,
            "Entrancement": 0.08844346553087234,
            "Envy": 0.03719310462474823,
            "Excitement": 0.04195409268140793,
            "Fear": 0.11649792641401291,
            "Guilt": 0.13452106714248657,
            "Horror": 0.05805963650345802,
            "Interest": 0.15793539583683014,
            "Joy": 0.04600171372294426,
            "Love": 0.06104923039674759,
            "Nostalgia": 0.05576714500784874,
            "Pain": 0.2495843470096588,
            "Pride": 0.03309446945786476,
            "Realization": 0.15199235081672668,
            "Relief": 0.05868377164006233,
            "Romance": 0.03756045922636986,
            "Sadness": 0.3147314786911011,
            "Satisfaction": 0.07490813732147217,
            "Shame": 0.15069974958896637,
            "Surprise (negative)": 0.0689636617898941,
            "Surprise (positive)": 0.03410351276397705,
            "Sympathy": 0.05654489994049072,
            "Tiredness": 0.3037305474281311,
            "Triumph": 0.01953096129000187
        },
        "prosody": {
            "Admiration": 0,
            "Adoration": 0,
            "Aesthetic Appreciation": 0,
            "Amusement": 0,
            "Anger": 0,
            "Annoyance": 0,
            "Anxiety": 0,
            "Awe": 0,
            "Awkwardness": 0,
            "Boredom": 0,
            "Calmness": 0,
            "Concentration": 0,
            "Confusion": 0,
            "Contemplation": 0,
            "Contempt": 0,
            "Contentment": 0,
            "Craving": 0,
            "Desire": 0,
            "Determination": 0,
            "Disappointment": 0,
            "Disapproval": 0,
            "Disgust": 0,
            "Distress": 0,
            "Doubt": 0,
            "Ecstasy": 0,
            "Embarrassment": 0,
            "Empathic Pain": 0,
            "Enthusiasm": 0,
            "Entrancement": 0,
            "Envy": 0,
            "Excitement": 0,
            "Fear": 0,
            "Gratitude": 0,
            "Guilt": 0,
            "Horror": 0,
            "Interest": 0,
            "Joy": 0,
            "Love": 0,
            "Nostalgia": 0,
            "Pain": 0,
            "Pride": 0,
            "Realization": 0,
            "Relief": 0,
            "Romance": 0,
            "Sadness": 0,
            "Sarcasm": 0,
            "Satisfaction": 0,
            "Shame": 0,
            "Surprise (negative)": 0,
            "Surprise (positive)": 0,
            "Sympathy": 0,
            "Tiredness": 0,
            "Triumph": 0
        },
        "lang": {
            "Admiration": 0.0034647504799067974,
            "Adoration": 0.004333106800913811,
            "Aesthetic Appreciation": 0.006383183877915144,
            "Amusement": 0.08952780067920685,
            "Anger": 0.003903481177985668,
            "Annoyance": 0.06050485000014305,
            "Anxiety": 0.05425585061311722,
            "Awe": 0.0015028623165562749,
            "Awkwardness": 0.31634464859962463,
            "Boredom": 0.08056899160146713,
            "Calmness": 0.10505248606204987,
            "Concentration": 0.014947360381484032,
            "Confusion": 0.06843162328004837,
            "Contemplation": 0.01729384995996952,
            "Contempt": 0.03450692817568779,
            "Contentment": 0.04372319206595421,
            "Craving": 0.0022825414780527353,
            "Desire": 0.0032604250591248274,
            "Determination": 0.01806768588721752,
            "Disappointment": 0.038975462317466736,
            "Disapproval": 0.03673180192708969,
            "Disgust": 0.005889448337256908,
            "Distress": 0.02759629301726818,
            "Doubt": 0.038269564509391785,
            "Ecstasy": 0.0026435961481183767,
            "Embarrassment": 0.03931301832199097,
            "Empathic Pain": 0.010897498577833176,
            "Enthusiasm": 0.05668267235159874,
            "Entrancement": 0.004167803097516298,
            "Envy": 0.0005280517507344484,
            "Excitement": 0.03094039484858513,
            "Fear": 0.013829098083078861,
            "Gratitude": 0.019788064062595367,
            "Guilt": 0.009265365079045296,
            "Horror": 0.0017164811724796891,
            "Interest": 0.019868643954396248,
            "Joy": 0.027650751173496246,
            "Love": 0.010487288236618042,
            "Nostalgia": 0.004585317336022854,
            "Pain": 0.005132115911692381,
            "Pride": 0.003936066757887602,
            "Realization": 0.04639729484915733,
            "Relief": 0.043460626155138016,
            "Romance": 0.0044969916343688965,
            "Sadness": 0.01679409295320511,
            "Sarcasm": 0.1264755129814148,
            "Satisfaction": 0.03133046627044678,
            "Shame": 0.015604333020746708,
            "Surprise (negative)": 0.02551329880952835,
            "Surprise (positive)": 0.014378610998392105,
            "Sympathy": 0.018554097041487694,
            "Tiredness": 0.025324435904622078,
            "Triumph": 0.009967862628400326
        }
    }
}