{
    "metadata": {
        "dialogue_id": "251",
        "time_start": "00-00-16.803",
        "time_end": "00-00-19.435",
        "speaker": "Ross",
        "emotion": "neutral",
        "sentiment": "neutral",
        "text_content": "Okay. This stuff?",
        "file_name": "251_00-00-16.803_00-00-19.435_Ross_neutral_neutral"
    },
    "predicted": {
        "face": {
            "Admiration": 0.260906457901001,
            "Adoration": 0.3280341327190399,
            "Aesthetic Appreciation": 0.09932640939950943,
            "Amusement": 0.6150103807449341,
            "Anger": 0.01640208251774311,
            "Anxiety": 0.08497831225395203,
            "Awe": 0.0992472842335701,
            "Awkwardness": 0.19531451165676117,
            "Boredom": 0.10980788618326187,
            "Calmness": 0.21319085359573364,
            "Concentration": 0.14588558673858643,
            "Confusion": 0.14102423191070557,
            "Contemplation": 0.11879400908946991,
            "Contempt": 0.0643024891614914,
            "Contentment": 0.24057267606258392,
            "Craving": 0.058025822043418884,
            "Desire": 0.10256650298833847,
            "Determination": 0.05065564438700676,
            "Disappointment": 0.10886009782552719,
            "Disgust": 0.023744672536849976,
            "Distress": 0.09546054154634476,
            "Doubt": 0.10872792452573776,
            "Ecstasy": 0.11915017664432526,
            "Embarrassment": 0.15544070303440094,
            "Empathic Pain": 0.0337446965277195,
            "Entrancement": 0.1039196252822876,
            "Envy": 0.02684471756219864,
            "Excitement": 0.2919187843799591,
            "Fear": 0.039254460483789444,
            "Guilt": 0.04621666669845581,
            "Horror": 0.018474189564585686,
            "Interest": 0.35647377371788025,
            "Joy": 0.5631345510482788,
            "Love": 0.5343729853630066,
            "Nostalgia": 0.09212654829025269,
            "Pain": 0.05233769491314888,
            "Pride": 0.12087365984916687,
            "Realization": 0.1558789163827896,
            "Relief": 0.17841827869415283,
            "Romance": 0.18588072061538696,
            "Sadness": 0.05303507298231125,
            "Satisfaction": 0.3681451976299286,
            "Shame": 0.06279996037483215,
            "Surprise (negative)": 0.020014170557260513,
            "Surprise (positive)": 0.03116662986576557,
            "Sympathy": 0.055889468640089035,
            "Tiredness": 0.10007260739803314,
            "Triumph": 0.08073636889457703
        },
        "prosody": {
            "Admiration": 0.02111954241991043,
            "Adoration": 0.012219591997563839,
            "Aesthetic Appreciation": 0.012581918388605118,
            "Amusement": 0.29244139790534973,
            "Anger": 0.036771260201931,
            "Anxiety": 0.044934067875146866,
            "Awe": 0.018947185948491096,
            "Awkwardness": 0.17786510288715363,
            "Boredom": 0.03576548770070076,
            "Calmness": 0.07184373587369919,
            "Concentration": 0.062308430671691895,
            "Confusion": 0.15782302618026733,
            "Contemplation": 0.045471686869859695,
            "Contempt": 0.037501946091651917,
            "Contentment": 0.05499830096960068,
            "Craving": 0.008110478520393372,
            "Desire": 0.01784815452992916,
            "Determination": 0.12201302498579025,
            "Disappointment": 0.045776840299367905,
            "Disgust": 0.030056416988372803,
            "Distress": 0.05268552526831627,
            "Doubt": 0.12091314047574997,
            "Ecstasy": 0.016989242285490036,
            "Embarrassment": 0.04936535283923149,
            "Empathic Pain": 0.03545568510890007,
            "Entrancement": 0.00980804767459631,
            "Envy": 0.016129454597830772,
            "Excitement": 0.135489821434021,
            "Fear": 0.03334047645330429,
            "Guilt": 0.02085905149579048,
            "Horror": 0.028172411024570465,
            "Interest": 0.2324916273355484,
            "Joy": 0.05549041926860809,
            "Love": 0.01432031113654375,
            "Nostalgia": 0.02172347716987133,
            "Pain": 0.02626793272793293,
            "Pride": 0.03112519532442093,
            "Realization": 0.0759020447731018,
            "Relief": 0.0687202513217926,
            "Romance": 0.012590916827321053,
            "Sadness": 0.034403927624225616,
            "Satisfaction": 0.08305560052394867,
            "Shame": 0.02676115185022354,
            "Surprise (negative)": 0.07248012721538544,
            "Surprise (positive)": 0.07558581978082657,
            "Sympathy": 0.08557017147541046,
            "Tiredness": 0.03217897564172745,
            "Triumph": 0.04040580987930298
        },
        "lang": {}
    }
}