{
    "metadata": {
        "dialogue_id": "254",
        "time_start": "00-00-22.898",
        "time_end": "00-00-25.234",
        "speaker": "Phoebe",
        "emotion": "anger",
        "sentiment": "negative",
        "file_name": "254_00-00-22.898_00-00-25.234_Phoebe_anger_negative"
    },
    "predicted": {
        "face": {
            "Admiration": 0.059035081416368484,
            "Adoration": 0.04311903566122055,
            "Aesthetic Appreciation": 0.047589629888534546,
            "Amusement": 0.08956430107355118,
            "Anger": 0.10879840701818466,
            "Anxiety": 0.19975146651268005,
            "Awe": 0.068621426820755,
            "Awkwardness": 0.23568512499332428,
            "Boredom": 0.30246174335479736,
            "Calmness": 0.23475483059883118,
            "Concentration": 0.37377941608428955,
            "Confusion": 0.5810922980308533,
            "Contemplation": 0.226297065615654,
            "Contempt": 0.2361920177936554,
            "Contentment": 0.06784513592720032,
            "Craving": 0.06624467670917511,
            "Desire": 0.05614884942770004,
            "Determination": 0.11090746521949768,
            "Disappointment": 0.38546088337898254,
            "Disgust": 0.22666752338409424,
            "Distress": 0.2962118983268738,
            "Doubt": 0.4520425498485565,
            "Ecstasy": 0.021357785910367966,
            "Embarrassment": 0.121973916888237,
            "Empathic Pain": 0.1503542959690094,
            "Entrancement": 0.08814895153045654,
            "Envy": 0.05436202883720398,
            "Excitement": 0.039586205035448074,
            "Fear": 0.14231647551059723,
            "Guilt": 0.11225685477256775,
            "Horror": 0.06380347907543182,
            "Interest": 0.22038213908672333,
            "Joy": 0.0421522818505764,
            "Love": 0.04805386811494827,
            "Nostalgia": 0.06288707256317139,
            "Pain": 0.24131731688976288,
            "Pride": 0.044964928179979324,
            "Realization": 0.14131386578083038,
            "Relief": 0.03843894600868225,
            "Romance": 0.02997700311243534,
            "Sadness": 0.4199424386024475,
            "Satisfaction": 0.0650038868188858,
            "Shame": 0.1030847504734993,
            "Surprise (negative)": 0.0663810521364212,
            "Surprise (positive)": 0.02984527312219143,
            "Sympathy": 0.07674414664506912,
            "Tiredness": 0.19258561730384827,
            "Triumph": 0.021468665450811386
        },
        "prosody": {
            "Admiration": 0.014234531670808792,
            "Adoration": 0.015171905979514122,
            "Aesthetic Appreciation": 0.005969778168946505,
            "Amusement": 0.23073628544807434,
            "Anger": 0.6501219272613525,
            "Anxiety": 0.060505643486976624,
            "Awe": 0.007577977608889341,
            "Awkwardness": 0.03406454250216484,
            "Boredom": 0.0018826983869075775,
            "Calmness": 0.001705792499706149,
            "Concentration": 0.003185620531439781,
            "Confusion": 0.10327831655740738,
            "Contemplation": 0.0019453694112598896,
            "Contempt": 0.12183225154876709,
            "Contentment": 0.0023515361826866865,
            "Craving": 0.007991681806743145,
            "Desire": 0.01386680081486702,
            "Determination": 0.03017851524055004,
            "Disappointment": 0.06769156455993652,
            "Disgust": 0.11922755092382431,
            "Distress": 0.11159499734640121,
            "Doubt": 0.01153754536062479,
            "Ecstasy": 0.024871323257684708,
            "Embarrassment": 0.025212891399860382,
            "Empathic Pain": 0.012345005758106709,
            "Entrancement": 0.002830660669133067,
            "Envy": 0.06814530491828918,
            "Excitement": 0.13536937534809113,
            "Fear": 0.01980704255402088,
            "Guilt": 0.009323286823928356,
            "Horror": 0.030575845390558243,
            "Interest": 0.028528405353426933,
            "Joy": 0.03552145138382912,
            "Love": 0.009070961736142635,
            "Nostalgia": 0.005523500964045525,
            "Pain": 0.01861434429883957,
            "Pride": 0.02754141390323639,
            "Realization": 0.011389994993805885,
            "Relief": 0.0043429844081401825,
            "Romance": 0.008302280679345131,
            "Sadness": 0.01479088794440031,
            "Satisfaction": 0.008686371147632599,
            "Shame": 0.011300165206193924,
            "Surprise (negative)": 0.16275493800640106,
            "Surprise (positive)": 0.023177243769168854,
            "Sympathy": 0.005312638357281685,
            "Tiredness": 0.0027225555386394262,
            "Triumph": 0.013782547786831856
        },
        "lang": {
            "Admiration": 0.02661869302392006,
            "Adoration": 0.008424020488746464,
            "Aesthetic Appreciation": 0.003708826843649149,
            "Amusement": 0.022129294462502003,
            "Anger": 0.5062392894178629,
            "Annoyance": 0.5239513417085012,
            "Anxiety": 0.0033835044984395304,
            "Awe": 0.04098581033758819,
            "Awkwardness": 0.006756213804086049,
            "Boredom": 0.0026776167020822563,
            "Calmness": 0.0023633954503263035,
            "Concentration": 0.002203035701919968,
            "Confusion": 0.02329961823609968,
            "Contemplation": 0.006519418132180969,
            "Contempt": 0.23503476909051338,
            "Contentment": 0.002172662604910632,
            "Craving": 0.0018069760311239709,
            "Desire": 0.004909520464328428,
            "Determination": 0.008246214672302207,
            "Disappointment": 0.17037717004617056,
            "Disapproval": 0.28827233364184696,
            "Disgust": 0.12079962342977524,
            "Distress": 0.03370186407119036,
            "Doubt": 0.005160098080523312,
            "Ecstasy": 0.0029525720165111125,
            "Embarrassment": 0.009387252309049169,
            "Empathic Pain": 0.00636552507057786,
            "Enthusiasm": 0.013691274216398597,
            "Entrancement": 0.007329817318047087,
            "Envy": 0.0294244266115129,
            "Excitement": 0.01014520573274543,
            "Fear": 0.002272712163782368,
            "Gratitude": 0.0014481099497061223,
            "Guilt": 0.0023725451125452914,
            "Horror": 0.009652851071829597,
            "Interest": 0.014142245364685854,
            "Joy": 0.0048405462099860115,
            "Love": 0.0018717721686698496,
            "Nostalgia": 0.0013796272105537355,
            "Pain": 0.008900872121254602,
            "Pride": 0.005059209264193972,
            "Realization": 0.05165740102529526,
            "Relief": 0.0017302286093278478,
            "Romance": 0.0014651619179251914,
            "Sadness": 0.011917685546601811,
            "Sarcasm": 0.02993444229165713,
            "Satisfaction": 0.006546221169022222,
            "Shame": 0.014960354814926783,
            "Surprise (negative)": 0.2129095196723938,
            "Surprise (positive)": 0.07583576658119758,
            "Sympathy": 0.0053753868366281194,
            "Tiredness": 0.004148889604645471,
            "Triumph": 0.008183316133605937
        }
    }
}