{
    "metadata": {
        "dialogue_id": "255",
        "time_start": "00-00-13.097",
        "time_end": "00-00-16.432",
        "speaker": "Monica",
        "emotion": "surprise",
        "sentiment": "negative",
        "file_name": "255_00-00-13.097_00-00-16.432_Monica_surprise_negative"
    },
    "predicted": {
        "face": {
            "Admiration": 0.22864371538162231,
            "Adoration": 0.23728501796722412,
            "Aesthetic Appreciation": 0.11723711341619492,
            "Amusement": 0.533931314945221,
            "Anger": 0.024933286011219025,
            "Anxiety": 0.06787179410457611,
            "Awe": 0.09107676893472672,
            "Awkwardness": 0.2020009160041809,
            "Boredom": 0.166249081492424,
            "Calmness": 0.3470725417137146,
            "Concentration": 0.2933148145675659,
            "Confusion": 0.16669222712516785,
            "Contemplation": 0.14692778885364532,
            "Contempt": 0.09661859273910522,
            "Contentment": 0.25016945600509644,
            "Craving": 0.12134771794080734,
            "Desire": 0.21507886052131653,
            "Determination": 0.09357048571109772,
            "Disappointment": 0.08621663600206375,
            "Disgust": 0.03526042774319649,
            "Distress": 0.06350446492433548,
            "Doubt": 0.1370222568511963,
            "Ecstasy": 0.107172891497612,
            "Embarrassment": 0.06950345635414124,
            "Empathic Pain": 0.030195677652955055,
            "Entrancement": 0.1413397192955017,
            "Envy": 0.03979259729385376,
            "Excitement": 0.2896120250225067,
            "Fear": 0.04285659268498421,
            "Guilt": 0.03283482417464256,
            "Horror": 0.01996808685362339,
            "Interest": 0.5663307905197144,
            "Joy": 0.46582770347595215,
            "Love": 0.3859657645225525,
            "Nostalgia": 0.07598880678415298,
            "Pain": 0.03619137033820152,
            "Pride": 0.11344856768846512,
            "Realization": 0.1174624115228653,
            "Relief": 0.08987519145011902,
            "Romance": 0.15774068236351013,
            "Sadness": 0.050198547542095184,
            "Satisfaction": 0.37269461154937744,
            "Shame": 0.03511761128902435,
            "Surprise (negative)": 0.024321777746081352,
            "Surprise (positive)": 0.03762110695242882,
            "Sympathy": 0.05857072398066521,
            "Tiredness": 0.0846441388130188,
            "Triumph": 0.07387033849954605
        },
        "prosody": {
            "Admiration": 0.00176947662839666,
            "Adoration": 0.0018175375298596919,
            "Aesthetic Appreciation": 0.001684222195763141,
            "Amusement": 0.037261029705405235,
            "Anger": 0.41796863079071045,
            "Anxiety": 0.21140309423208237,
            "Awe": 0.0057792996522039175,
            "Awkwardness": 0.08381787408143282,
            "Boredom": 0.0055672392481938004,
            "Calmness": 0.01331974461209029,
            "Concentration": 0.0682754626031965,
            "Confusion": 0.2133679948747158,
            "Contemplation": 0.006674512871541083,
            "Contempt": 0.0734778605401516,
            "Contentment": 0.0035185832530260086,
            "Craving": 0.006732131354510784,
            "Desire": 0.002490617916919291,
            "Determination": 0.2190888775512576,
            "Disappointment": 0.0838048905134201,
            "Disgust": 0.04335944168269634,
            "Distress": 0.30696244537830353,
            "Doubt": 0.06692004762589931,
            "Ecstasy": 0.008311852347105742,
            "Embarrassment": 0.04855815880000591,
            "Empathic Pain": 0.020249033346772194,
            "Entrancement": 0.003932099789381027,
            "Envy": 0.009901978075504303,
            "Excitement": 0.05381881818175316,
            "Fear": 0.10574678424745798,
            "Guilt": 0.02310236101038754,
            "Horror": 0.04544918145984411,
            "Interest": 0.032553328201174736,
            "Joy": 0.0072758340975269675,
            "Love": 0.0016419374442193657,
            "Nostalgia": 0.0013030734262429178,
            "Pain": 0.06471997615881264,
            "Pride": 0.009151586331427097,
            "Realization": 0.02117587113752961,
            "Relief": 0.005466945236548781,
            "Romance": 0.0022701378620695323,
            "Sadness": 0.046489487518556416,
            "Satisfaction": 0.005487362970598042,
            "Shame": 0.02493609255179763,
            "Surprise (negative)": 0.2057509608566761,
            "Surprise (positive)": 0.02213982166722417,
            "Sympathy": 0.012431342387571931,
            "Tiredness": 0.010864528361707926,
            "Triumph": 0.010994201293215156
        },
        "lang": {
            "Admiration": 0.028862143080914393,
            "Adoration": 0.00714378387783654,
            "Aesthetic Appreciation": 0.02393144482630305,
            "Amusement": 0.00896321696927771,
            "Anger": 0.02560501656262204,
            "Annoyance": 0.20995159051381052,
            "Anxiety": 0.018827759369742125,
            "Awe": 0.00850805756635964,
            "Awkwardness": 0.03313445067033172,
            "Boredom": 0.049685107194818556,
            "Calmness": 0.10571413184516132,
            "Concentration": 0.1583335790783167,
            "Confusion": 0.22322452208027244,
            "Contemplation": 0.05971363908611238,
            "Contempt": 0.03623424097895622,
            "Contentment": 0.016839147050632164,
            "Craving": 0.0018146942857129034,
            "Desire": 0.0030165894131641835,
            "Determination": 0.05743525002617389,
            "Disappointment": 0.07611217914381996,
            "Disapproval": 0.12360375880962238,
            "Disgust": 0.007774132114718668,
            "Distress": 0.03263187347329222,
            "Doubt": 0.046627026284113526,
            "Ecstasy": 0.0008359913699678145,
            "Embarrassment": 0.0059984920371789485,
            "Empathic Pain": 0.013099216448608786,
            "Enthusiasm": 0.02153217641171068,
            "Entrancement": 0.011292172479443252,
            "Envy": 0.0018854519075830467,
            "Excitement": 0.004519223468378186,
            "Fear": 0.008923770627006888,
            "Gratitude": 0.009032830566866323,
            "Guilt": 0.0022293763468042016,
            "Horror": 0.002090049543767236,
            "Interest": 0.18917104322463274,
            "Joy": 0.002940258083981462,
            "Love": 0.003491683382890187,
            "Nostalgia": 0.002091116883093491,
            "Pain": 0.004026895287097432,
            "Pride": 0.0053319985017878935,
            "Realization": 0.029235880938358605,
            "Relief": 0.0064346227736677974,
            "Romance": 0.0016489767003804445,
            "Sadness": 0.007595584203954786,
            "Sarcasm": 0.01732807472581044,
            "Satisfaction": 0.020989208802348003,
            "Shame": 0.005393981526140124,
            "Surprise (negative)": 0.05431945068994537,
            "Surprise (positive)": 0.011339955555740744,
            "Sympathy": 0.021860975306481123,
            "Tiredness": 0.014630879159085453,
            "Triumph": 0.008210381754906848
        }
    }
}