{
    "metadata": {
        "dialogue_id": "264",
        "time_start": "00-00-25.484",
        "time_end": "00-00-29.487",
        "speaker": "Chandler",
        "emotion": "fear",
        "sentiment": "negative",
        "text_content": "I\u0092m going crazy! Okay? Do you have any thing around here that looks homemade?",
        "file_name": "264_00-00-25.484_00-00-29.487_Chandler_fear_negative"
    },
    "predicted": {
        "face": {
            "Admiration": 0.05786030739545822,
            "Adoration": 0.03628476709127426,
            "Aesthetic Appreciation": 0.0309690460562706,
            "Amusement": 0.20825493335723877,
            "Anger": 0.41412341594696045,
            "Anxiety": 0.1347101926803589,
            "Awe": 0.2629757821559906,
            "Awkwardness": 0.14825117588043213,
            "Boredom": 0.1685567945241928,
            "Calmness": 0.06236248090863228,
            "Concentration": 0.08715832233428955,
            "Confusion": 0.19892935454845428,
            "Contemplation": 0.0379205159842968,
            "Contempt": 0.13636676967144012,
            "Contentment": 0.05165909230709076,
            "Craving": 0.05559659004211426,
            "Desire": 0.06730890274047852,
            "Determination": 0.14108864963054657,
            "Disappointment": 0.19281475245952606,
            "Disgust": 0.12689369916915894,
            "Distress": 0.20725195109844208,
            "Doubt": 0.11197406053543091,
            "Ecstasy": 0.1378447264432907,
            "Embarrassment": 0.06996764987707138,
            "Empathic Pain": 0.06576494872570038,
            "Entrancement": 0.061001576483249664,
            "Envy": 0.030893057584762573,
            "Excitement": 0.3416099548339844,
            "Fear": 0.1794416904449463,
            "Guilt": 0.031670451164245605,
            "Horror": 0.26638561487197876,
            "Interest": 0.13298651576042175,
            "Joy": 0.1306123286485672,
            "Love": 0.048794761300086975,
            "Nostalgia": 0.02646397054195404,
            "Pain": 0.17561258375644684,
            "Pride": 0.10474725067615509,
            "Realization": 0.13775625824928284,
            "Relief": 0.06002897396683693,
            "Romance": 0.018732476979494095,
            "Sadness": 0.06039482355117798,
            "Satisfaction": 0.1307556927204132,
            "Shame": 0.03146137297153473,
            "Surprise (negative)": 0.2753305435180664,
            "Surprise (positive)": 0.2162320911884308,
            "Sympathy": 0.021419988945126534,
            "Tiredness": 0.18427813053131104,
            "Triumph": 0.20845921337604523
        },
        "prosody": {
            "Admiration": 0.01628550887107849,
            "Adoration": 0.01851041242480278,
            "Aesthetic Appreciation": 0.016495024785399437,
            "Amusement": 0.05758673697710037,
            "Anger": 0.05030284449458122,
            "Anxiety": 0.09826761484146118,
            "Awe": 0.014859677292406559,
            "Awkwardness": 0.13489247858524323,
            "Boredom": 0.013509438373148441,
            "Calmness": 0.03641144186258316,
            "Concentration": 0.04712102189660072,
            "Confusion": 0.10326153039932251,
            "Contemplation": 0.08193466812372208,
            "Contempt": 0.06184836104512215,
            "Contentment": 0.016582120209932327,
            "Craving": 0.05563369393348694,
            "Desire": 0.008900673128664494,
            "Determination": 0.06292762607336044,
            "Disappointment": 0.1287531703710556,
            "Disgust": 0.02462899126112461,
            "Distress": 0.21720899641513824,
            "Doubt": 0.19307951629161835,
            "Ecstasy": 0.007202726788818836,
            "Embarrassment": 0.07144860923290253,
            "Empathic Pain": 0.04923631250858307,
            "Entrancement": 0.004568116739392281,
            "Envy": 0.061297085136175156,
            "Excitement": 0.026109011843800545,
            "Fear": 0.03808877617120743,
            "Guilt": 0.03284332901239395,
            "Horror": 0.015448281541466713,
            "Interest": 0.09907972067594528,
            "Joy": 0.01765189878642559,
            "Love": 0.011651392094790936,
            "Nostalgia": 0.014249726198613644,
            "Pain": 0.011296292766928673,
            "Pride": 0.01990032009780407,
            "Realization": 0.05644414201378822,
            "Relief": 0.010352520272135735,
            "Romance": 0.01932496204972267,
            "Sadness": 0.042986515909433365,
            "Satisfaction": 0.01491737924516201,
            "Shame": 0.02613171562552452,
            "Surprise (negative)": 0.06811252236366272,
            "Surprise (positive)": 0.03472892567515373,
            "Sympathy": 0.02846650592982769,
            "Tiredness": 0.031722020357847214,
            "Triumph": 0.0060255806893110275
        },
        "lang": {}
    }
}