{
    "metadata": {
        "dialogue_id": "264",
        "time_start": "00-00-35.286",
        "time_end": "00-00-36.642",
        "speaker": "Ross",
        "emotion": "neutral",
        "sentiment": "neutral",
        "text_content": "I made it in the sixth grade.",
        "file_name": "264_00-00-35.286_00-00-36.642_Ross_neutral_neutral"
    },
    "predicted": {
        "face": {
            "Admiration": 0.23272308707237244,
            "Adoration": 0.21686628460884094,
            "Aesthetic Appreciation": 0.09660166501998901,
            "Amusement": 0.6709550023078918,
            "Anger": 0.030811961740255356,
            "Anxiety": 0.061246607452631,
            "Awe": 0.19408854842185974,
            "Awkwardness": 0.16706913709640503,
            "Boredom": 0.09106557816267014,
            "Calmness": 0.22079983353614807,
            "Concentration": 0.17521539330482483,
            "Confusion": 0.17265097796916962,
            "Contemplation": 0.08669064939022064,
            "Contempt": 0.07445980608463287,
            "Contentment": 0.22088946402072906,
            "Craving": 0.05174756050109863,
            "Desire": 0.06980329006910324,
            "Determination": 0.06514561176300049,
            "Disappointment": 0.0715479850769043,
            "Disgust": 0.040410660207271576,
            "Distress": 0.07102534174919128,
            "Doubt": 0.10813552141189575,
            "Ecstasy": 0.17679190635681152,
            "Embarrassment": 0.061789385974407196,
            "Empathic Pain": 0.033288195729255676,
            "Entrancement": 0.12756812572479248,
            "Envy": 0.0331115797162056,
            "Excitement": 0.47771403193473816,
            "Fear": 0.06814732402563095,
            "Guilt": 0.024476952850818634,
            "Horror": 0.0467081293463707,
            "Interest": 0.4625067710876465,
            "Joy": 0.6546747088432312,
            "Love": 0.32148659229278564,
            "Nostalgia": 0.06802196800708771,
            "Pain": 0.04733109101653099,
            "Pride": 0.12111413478851318,
            "Realization": 0.14647600054740906,
            "Relief": 0.11468395590782166,
            "Romance": 0.0739590972661972,
            "Sadness": 0.045005958527326584,
            "Satisfaction": 0.32114550471305847,
            "Shame": 0.02548849582672119,
            "Surprise (negative)": 0.05584000051021576,
            "Surprise (positive)": 0.11695501208305359,
            "Sympathy": 0.05622447282075882,
            "Tiredness": 0.06699009239673615,
            "Triumph": 0.11338654905557632
        },
        "prosody": {
            "Admiration": 0.16033941507339478,
            "Adoration": 0.07582322508096695,
            "Aesthetic Appreciation": 0.07742463797330856,
            "Amusement": 0.13681110739707947,
            "Anger": 0.0024218640755861998,
            "Anxiety": 0.005099410191178322,
            "Awe": 0.05970248579978943,
            "Awkwardness": 0.036224085837602615,
            "Boredom": 0.0054122162982821465,
            "Calmness": 0.019086938351392746,
            "Concentration": 0.011527025140821934,
            "Confusion": 0.015131650492548943,
            "Contemplation": 0.07181571424007416,
            "Contempt": 0.0023280647583305836,
            "Contentment": 0.3218708634376526,
            "Craving": 0.00931573286652565,
            "Desire": 0.007784650661051273,
            "Determination": 0.01139387208968401,
            "Disappointment": 0.008574104867875576,
            "Disgust": 0.0020834142342209816,
            "Distress": 0.0035950460005551577,
            "Doubt": 0.006386165972799063,
            "Ecstasy": 0.1025429517030716,
            "Embarrassment": 0.010050700977444649,
            "Empathic Pain": 0.0002580657892394811,
            "Entrancement": 0.02026309072971344,
            "Envy": 0.01486129965633154,
            "Excitement": 0.33154162764549255,
            "Fear": 0.0008731309790164232,
            "Guilt": 0.0029637697152793407,
            "Horror": 0.0005531149217858911,
            "Interest": 0.13991816341876984,
            "Joy": 0.36431780457496643,
            "Love": 0.05465078726410866,
            "Nostalgia": 0.1669258177280426,
            "Pain": 0.0005807700799778104,
            "Pride": 0.32210174202919006,
            "Realization": 0.0512169748544693,
            "Relief": 0.03757204860448837,
            "Romance": 0.015354117378592491,
            "Sadness": 0.00252312864176929,
            "Satisfaction": 0.4360728859901428,
            "Shame": 0.0029997178353369236,
            "Surprise (negative)": 0.004960992839187384,
            "Surprise (positive)": 0.24604615569114685,
            "Sympathy": 0.0006506317877210677,
            "Tiredness": 0.0017035059863701463,
            "Triumph": 0.13837000727653503
        },
        "lang": {}
    }
}