{
    "metadata": {
        "dialogue_id": "269",
        "time_start": "00-00-09.134",
        "time_end": "00-00-23.522",
        "speaker": "Janice",
        "emotion": "surprise",
        "sentiment": "negative",
        "text_content": "Oh\u0085wait\u0085you two think of me as family?! Oh, I have to ask you something now and be honest; do you want me to sing",
        "file_name": "269_00-00-09.134_00-00-23.522_Janice_surprise_negative"
    },
    "predicted": {
        "face": {
            "Admiration": 0.03694308176636696,
            "Adoration": 0.02874957025051117,
            "Aesthetic Appreciation": 0.028323877602815628,
            "Amusement": 0.16246424615383148,
            "Anger": 0.09509174525737762,
            "Anxiety": 0.13286028802394867,
            "Awe": 0.11040005087852478,
            "Awkwardness": 0.35903316736221313,
            "Boredom": 0.1836368292570114,
            "Calmness": 0.09774807840585709,
            "Concentration": 0.11875299364328384,
            "Confusion": 0.3593077063560486,
            "Contemplation": 0.054468490183353424,
            "Contempt": 0.2340310662984848,
            "Contentment": 0.04473915696144104,
            "Craving": 0.06165219098329544,
            "Desire": 0.06551624089479446,
            "Determination": 0.04229331016540527,
            "Disappointment": 0.2313048541545868,
            "Disgust": 0.6130291819572449,
            "Distress": 0.2347148358821869,
            "Doubt": 0.2157846987247467,
            "Ecstasy": 0.0387469083070755,
            "Embarrassment": 0.15174564719200134,
            "Empathic Pain": 0.12062185257673264,
            "Entrancement": 0.05067654699087143,
            "Envy": 0.03874432295560837,
            "Excitement": 0.08600428700447083,
            "Fear": 0.22707533836364746,
            "Guilt": 0.0652550607919693,
            "Horror": 0.20493075251579285,
            "Interest": 0.1336446851491928,
            "Joy": 0.06261526048183441,
            "Love": 0.03896700590848923,
            "Nostalgia": 0.032165102660655975,
            "Pain": 0.21484357118606567,
            "Pride": 0.02703740820288658,
            "Realization": 0.09402825683355331,
            "Relief": 0.023436414077878,
            "Romance": 0.020508721470832825,
            "Sadness": 0.205793559551239,
            "Satisfaction": 0.06093492731451988,
            "Shame": 0.08457706868648529,
            "Surprise (negative)": 0.17728634178638458,
            "Surprise (positive)": 0.06860227137804031,
            "Sympathy": 0.049058232456445694,
            "Tiredness": 0.10062766075134277,
            "Triumph": 0.024718118831515312
        },
        "prosody": {
            "Admiration": 0.03177346577867866,
            "Adoration": 0.043757821433246136,
            "Aesthetic Appreciation": 0.010694665787741541,
            "Amusement": 0.0763289324939251,
            "Anger": 0.06326581360772252,
            "Anxiety": 0.15153921246528626,
            "Awe": 0.02472116407006979,
            "Awkwardness": 0.062022140622138976,
            "Boredom": 0.004282514378428459,
            "Calmness": 0.0036209966288879513,
            "Concentration": 0.003360544389579445,
            "Confusion": 0.06089258454740047,
            "Contemplation": 0.008425362303387373,
            "Contempt": 0.017789932899177074,
            "Contentment": 0.0042368455324321985,
            "Craving": 0.022184200771152972,
            "Desire": 0.01758807394653559,
            "Determination": 0.02016155025921762,
            "Disappointment": 0.08430123627185822,
            "Disgust": 0.02981622200459242,
            "Distress": 0.2385767489671707,
            "Doubt": 0.017866896465420723,
            "Ecstasy": 0.02521443199366331,
            "Embarrassment": 0.0727054424583912,
            "Empathic Pain": 0.08574519455432891,
            "Entrancement": 0.011833791760727764,
            "Envy": 0.02507089972496033,
            "Excitement": 0.08657645527273417,
            "Fear": 0.12736373245716096,
            "Guilt": 0.03816668586805463,
            "Horror": 0.09166837483644485,
            "Interest": 0.05410401858389378,
            "Joy": 0.055690066423267126,
            "Love": 0.024653253331780433,
            "Nostalgia": 0.02892629993148148,
            "Pain": 0.1960838746279478,
            "Pride": 0.006325372029095888,
            "Realization": 0.026724887266755103,
            "Relief": 0.008395989728160202,
            "Romance": 0.02370857410132885,
            "Sadness": 0.16438833624124527,
            "Satisfaction": 0.008794441912323236,
            "Shame": 0.04984927885234356,
            "Surprise (negative)": 0.08625794909894466,
            "Surprise (positive)": 0.0682306619361043,
            "Sympathy": 0.027659184485673904,
            "Tiredness": 0.005764173180796206,
            "Triumph": 0.004283365188166499
        },
        "lang": {}
    }
}