{
    "metadata": {
        "dialogue_id": "26",
        "time_start": "00-00-38.997",
        "time_end": "00-00-44.251",
        "speaker": "The-Casting-Director",
        "emotion": "neutral",
        "sentiment": "neutral",
        "text_content": "Yeah because you all have such different looks, we're putting you with Raymond and Kyle with Ben.",
        "file_name": "26_00-00-38.997_00-00-44.251_The-Casting-Director_neutral_neutral"
    },
    "predicted": {
        "face": {
            "Admiration": 0.09766948223114014,
            "Adoration": 0.12020557373762131,
            "Aesthetic Appreciation": 0.05483214184641838,
            "Amusement": 0.22406840324401855,
            "Anger": 0.05875276029109955,
            "Anxiety": 0.13385720551013947,
            "Awe": 0.05806528031826019,
            "Awkwardness": 0.18421027064323425,
            "Boredom": 0.17863206565380096,
            "Calmness": 0.2908555567264557,
            "Concentration": 0.18399770557880402,
            "Confusion": 0.23126481473445892,
            "Contemplation": 0.11658058315515518,
            "Contempt": 0.13576558232307434,
            "Contentment": 0.17556995153427124,
            "Craving": 0.039274074137210846,
            "Desire": 0.050892189145088196,
            "Determination": 0.06021999567747116,
            "Disappointment": 0.30494606494903564,
            "Disgust": 0.1266792118549347,
            "Distress": 0.2701907157897949,
            "Doubt": 0.1881260871887207,
            "Ecstasy": 0.05859595164656639,
            "Embarrassment": 0.14362379908561707,
            "Empathic Pain": 0.16613848507404327,
            "Entrancement": 0.07879596948623657,
            "Envy": 0.033781059086322784,
            "Excitement": 0.09846155345439911,
            "Fear": 0.1110730841755867,
            "Guilt": 0.11024252325296402,
            "Horror": 0.047081537544727325,
            "Interest": 0.19312776625156403,
            "Joy": 0.20449519157409668,
            "Love": 0.19927233457565308,
            "Nostalgia": 0.10007347911596298,
            "Pain": 0.4009644091129303,
            "Pride": 0.07903215289115906,
            "Realization": 0.11966899037361145,
            "Relief": 0.10327468812465668,
            "Romance": 0.060836490243673325,
            "Sadness": 0.5250803828239441,
            "Satisfaction": 0.2039642184972763,
            "Shame": 0.114240862429142,
            "Surprise (negative)": 0.03460414707660675,
            "Surprise (positive)": 0.02256755717098713,
            "Sympathy": 0.09174579381942749,
            "Tiredness": 0.2011934220790863,
            "Triumph": 0.04464225843548775
        },
        "prosody": {
            "Admiration": 0.134873166680336,
            "Adoration": 0.07607641071081161,
            "Aesthetic Appreciation": 0.09065234661102295,
            "Amusement": 0.3959377706050873,
            "Anger": 0.09844561666250229,
            "Anxiety": 0.014325105585157871,
            "Awe": 0.011433801613748074,
            "Awkwardness": 0.09146072715520859,
            "Boredom": 0.027476144954562187,
            "Calmness": 0.09200067073106766,
            "Concentration": 0.16275058686733246,
            "Confusion": 0.07042556256055832,
            "Contemplation": 0.12996837496757507,
            "Contempt": 0.11340219527482986,
            "Contentment": 0.06900175660848618,
            "Craving": 0.014371171593666077,
            "Desire": 0.034519489854574203,
            "Determination": 0.03117089718580246,
            "Disappointment": 0.05423557758331299,
            "Disgust": 0.11072047054767609,
            "Distress": 0.03466358408331871,
            "Doubt": 0.02184562385082245,
            "Ecstasy": 0.0034864952322095633,
            "Embarrassment": 0.03460690751671791,
            "Empathic Pain": 0.025455191731452942,
            "Entrancement": 0.008560998365283012,
            "Envy": 0.24689935147762299,
            "Excitement": 0.027668064460158348,
            "Fear": 0.007395789958536625,
            "Guilt": 0.016481302678585052,
            "Horror": 0.008408177644014359,
            "Interest": 0.16991092264652252,
            "Joy": 0.04738194867968559,
            "Love": 0.07326408475637436,
            "Nostalgia": 0.02722907066345215,
            "Pain": 0.0033874951768666506,
            "Pride": 0.07258233428001404,
            "Realization": 0.03523220494389534,
            "Relief": 0.00822271965444088,
            "Romance": 0.027143005281686783,
            "Sadness": 0.021939771249890327,
            "Satisfaction": 0.08433162420988083,
            "Shame": 0.015337998978793621,
            "Surprise (negative)": 0.021317046135663986,
            "Surprise (positive)": 0.01690543070435524,
            "Sympathy": 0.06217075511813164,
            "Tiredness": 0.0035360525362193584,
            "Triumph": 0.01084392424672842
        },
        "lang": {}
    }
}