{
    "metadata": {
        "dialogue_id": "279",
        "time_start": "00-00-35.744",
        "time_end": "00-00-37.411",
        "speaker": "Ross",
        "emotion": "neutral",
        "sentiment": "neutral",
        "file_name": "279_00-00-35.744_00-00-37.411_Ross_neutral_neutral"
    },
    "predicted": {
        "face": {
            "Admiration": 0.3322349190711975,
            "Adoration": 0.40872722864151,
            "Aesthetic Appreciation": 0.1339520514011383,
            "Amusement": 0.5684183239936829,
            "Anger": 0.020750874653458595,
            "Anxiety": 0.05918991565704346,
            "Awe": 0.10366528481245041,
            "Awkwardness": 0.15408527851104736,
            "Boredom": 0.12576206028461456,
            "Calmness": 0.3465332090854645,
            "Concentration": 0.24896849691867828,
            "Confusion": 0.14859724044799805,
            "Contemplation": 0.15826168656349182,
            "Contempt": 0.08802231401205063,
            "Contentment": 0.3229576051235199,
            "Craving": 0.06437034904956818,
            "Desire": 0.11476367712020874,
            "Determination": 0.0745198056101799,
            "Disappointment": 0.08129096776247025,
            "Disgust": 0.03246815502643585,
            "Distress": 0.06492900848388672,
            "Doubt": 0.12634867429733276,
            "Ecstasy": 0.10977426171302795,
            "Embarrassment": 0.07510457187891006,
            "Empathic Pain": 0.033625006675720215,
            "Entrancement": 0.1454320251941681,
            "Envy": 0.039191924035549164,
            "Excitement": 0.3010694682598114,
            "Fear": 0.03879357874393463,
            "Guilt": 0.0329364538192749,
            "Horror": 0.017423370853066444,
            "Interest": 0.5529839396476746,
            "Joy": 0.6135081648826599,
            "Love": 0.6524103879928589,
            "Nostalgia": 0.1070224791765213,
            "Pain": 0.046173855662345886,
            "Pride": 0.13824398815631866,
            "Realization": 0.12802588939666748,
            "Relief": 0.11500991135835648,
            "Romance": 0.19461952149868011,
            "Sadness": 0.06019195541739464,
            "Satisfaction": 0.4189833700656891,
            "Shame": 0.03955409675836563,
            "Surprise (negative)": 0.019247986376285553,
            "Surprise (positive)": 0.03304164111614227,
            "Sympathy": 0.06968904286623001,
            "Tiredness": 0.07728659361600876,
            "Triumph": 0.07970650494098663
        },
        "prosody": {
            "Admiration": 0.00354734156280756,
            "Adoration": 0.0019751074723899364,
            "Aesthetic Appreciation": 0.004063786938786507,
            "Amusement": 0.014953533187508583,
            "Anger": 0.3537708818912506,
            "Anxiety": 0.19588537514209747,
            "Awe": 0.008630497381091118,
            "Awkwardness": 0.09756895154714584,
            "Boredom": 0.013728532940149307,
            "Calmness": 0.029056182131171227,
            "Concentration": 0.01828409731388092,
            "Confusion": 0.553151547908783,
            "Contemplation": 0.009616430848836899,
            "Contempt": 0.06879521161317825,
            "Contentment": 0.005455896724015474,
            "Craving": 0.0030012461356818676,
            "Desire": 0.0019364319741725922,
            "Determination": 0.04079919680953026,
            "Disappointment": 0.12221860140562057,
            "Disgust": 0.06136646494269371,
            "Distress": 0.2382664829492569,
            "Doubt": 0.04567467048764229,
            "Ecstasy": 0.0019985721446573734,
            "Embarrassment": 0.023787755519151688,
            "Empathic Pain": 0.051020558923482895,
            "Entrancement": 0.003029728075489402,
            "Envy": 0.013624696992337704,
            "Excitement": 0.008599874563515186,
            "Fear": 0.09322138875722885,
            "Guilt": 0.032389894127845764,
            "Horror": 0.04520367085933685,
            "Interest": 0.07154018431901932,
            "Joy": 0.003732715267688036,
            "Love": 0.0022974745370447636,
            "Nostalgia": 0.001126964925788343,
            "Pain": 0.05795678868889809,
            "Pride": 0.008224781602621078,
            "Realization": 0.010224985890090466,
            "Relief": 0.007204708643257618,
            "Romance": 0.0026559336110949516,
            "Sadness": 0.08211711794137955,
            "Satisfaction": 0.005038423929363489,
            "Shame": 0.027549082413315773,
            "Surprise (negative)": 0.2135791927576065,
            "Surprise (positive)": 0.02375701628625393,
            "Sympathy": 0.05209794640541077,
            "Tiredness": 0.017797283828258514,
            "Triumph": 0.0030552030075341463
        },
        "lang": {
            "Admiration": 0.01255086197052151,
            "Adoration": 0.005495081434492022,
            "Aesthetic Appreciation": 0.007894059456884862,
            "Amusement": 0.01881528366357088,
            "Anger": 0.0422733225626871,
            "Annoyance": 0.2163571946322918,
            "Anxiety": 0.016313029499724508,
            "Awe": 0.010977910994552077,
            "Awkwardness": 0.04718001522123814,
            "Boredom": 0.04621862452477217,
            "Calmness": 0.06467240825295448,
            "Concentration": 0.032640261203050615,
            "Confusion": 0.34466826617717744,
            "Contemplation": 0.11714231371879577,
            "Contempt": 0.06508360393345355,
            "Contentment": 0.01491718515753746,
            "Craving": 0.006483837612904608,
            "Desire": 0.007164019282208755,
            "Determination": 0.03803926203399897,
            "Disappointment": 0.06560836881399154,
            "Disapproval": 0.09939143694937229,
            "Disgust": 0.012188660772517323,
            "Distress": 0.017093931697309016,
            "Doubt": 0.12551527023315429,
            "Ecstasy": 0.001329443120630458,
            "Embarrassment": 0.004811116866767407,
            "Empathic Pain": 0.007265661610290408,
            "Enthusiasm": 0.031037405133247375,
            "Entrancement": 0.00927101685665548,
            "Envy": 0.011137225921265781,
            "Excitement": 0.014941676147282123,
            "Fear": 0.006035350321326405,
            "Gratitude": 0.003974304022267461,
            "Guilt": 0.003792614652775228,
            "Horror": 0.00155632090754807,
            "Interest": 0.1843319356441498,
            "Joy": 0.006045184563845396,
            "Love": 0.0045598873461131,
            "Nostalgia": 0.0030857537523843346,
            "Pain": 0.003621009667403996,
            "Pride": 0.007942119217477738,
            "Realization": 0.03780495747923851,
            "Relief": 0.003996869316324592,
            "Romance": 0.004653271185816266,
            "Sadness": 0.00979859558865428,
            "Sarcasm": 0.0864354558289051,
            "Satisfaction": 0.014449883811175823,
            "Shame": 0.007172242738306522,
            "Surprise (negative)": 0.10465117916464806,
            "Surprise (positive)": 0.03689543921500445,
            "Sympathy": 0.010301166400313377,
            "Tiredness": 0.014946200791746378,
            "Triumph": 0.0066363619640469555
        }
    }
}