{
    "metadata": {
        "dialogue_id": "285",
        "time_start": "00-00-14.014",
        "time_end": "00-00-18.268",
        "speaker": "Nurse",
        "emotion": "neutral",
        "sentiment": "neutral",
        "text_content": "Hey! Are you ready to try nursing again?",
        "file_name": "285_00-00-14.014_00-00-18.268_Nurse_neutral_neutral"
    },
    "predicted": {
        "face": {
            "Admiration": 0.1574172079563141,
            "Adoration": 0.08912244439125061,
            "Aesthetic Appreciation": 0.07308243215084076,
            "Amusement": 0.26728320121765137,
            "Anger": 0.05752844363451004,
            "Anxiety": 0.12703171372413635,
            "Awe": 0.44604793190956116,
            "Awkwardness": 0.2147839218378067,
            "Boredom": 0.17416000366210938,
            "Calmness": 0.19772431254386902,
            "Concentration": 0.2808026969432831,
            "Confusion": 0.3863762319087982,
            "Contemplation": 0.13324907422065735,
            "Contempt": 0.09933992475271225,
            "Contentment": 0.09005826711654663,
            "Craving": 0.06323888152837753,
            "Desire": 0.05091257765889168,
            "Determination": 0.09495965391397476,
            "Disappointment": 0.14225727319717407,
            "Disgust": 0.06039007008075714,
            "Distress": 0.12812447547912598,
            "Doubt": 0.2607106864452362,
            "Ecstasy": 0.0718155950307846,
            "Embarrassment": 0.09475287795066833,
            "Empathic Pain": 0.04836336523294449,
            "Entrancement": 0.1502191573381424,
            "Envy": 0.04367678612470627,
            "Excitement": 0.2369501292705536,
            "Fear": 0.22317983210086823,
            "Guilt": 0.04641830921173096,
            "Horror": 0.19729353487491608,
            "Interest": 0.38506603240966797,
            "Joy": 0.1406082957983017,
            "Love": 0.08801542222499847,
            "Nostalgia": 0.0475282184779644,
            "Pain": 0.04811568185687065,
            "Pride": 0.06086736544966698,
            "Realization": 0.25334975123405457,
            "Relief": 0.06785790622234344,
            "Romance": 0.03615974634885788,
            "Sadness": 0.05769859626889229,
            "Satisfaction": 0.10944124311208725,
            "Shame": 0.03824571147561073,
            "Surprise (negative)": 0.28146350383758545,
            "Surprise (positive)": 0.43075188994407654,
            "Sympathy": 0.049626488238573074,
            "Tiredness": 0.10025941580533981,
            "Triumph": 0.05440501496195793
        },
        "prosody": {
            "Admiration": 0.02568567916750908,
            "Adoration": 0.04411059897392988,
            "Aesthetic Appreciation": 0.01372798578813672,
            "Amusement": 0.1555738002061844,
            "Anger": 0.08380485512316227,
            "Anxiety": 0.12440047040581703,
            "Awe": 0.031010286882519722,
            "Awkwardness": 0.13214662298560143,
            "Boredom": 0.020400699228048325,
            "Calmness": 0.006746657192707062,
            "Concentration": 0.00351105909794569,
            "Confusion": 0.05142900161445141,
            "Contemplation": 0.007533465512096882,
            "Contempt": 0.02987035783007741,
            "Contentment": 0.017908716574311256,
            "Craving": 0.013010863214731216,
            "Desire": 0.023367392597720027,
            "Determination": 0.029694640543311834,
            "Disappointment": 0.046577583998441696,
            "Disgust": 0.02034746389836073,
            "Distress": 0.10304922237992287,
            "Doubt": 0.02070500608533621,
            "Ecstasy": 0.10514820367097855,
            "Embarrassment": 0.03375071752816439,
            "Empathic Pain": 0.007081387564539909,
            "Entrancement": 0.013735974207520485,
            "Envy": 0.03159382753074169,
            "Excitement": 0.4106040596961975,
            "Fear": 0.03508184663951397,
            "Guilt": 0.017307108268141747,
            "Horror": 0.014812512323260307,
            "Interest": 0.17959519289433956,
            "Joy": 0.15978791564702988,
            "Love": 0.0378042277880013,
            "Nostalgia": 0.008839390939101577,
            "Pain": 0.023546977434307337,
            "Pride": 0.028531277552247047,
            "Realization": 0.028557424433529377,
            "Relief": 0.02061511669307947,
            "Romance": 0.015078841708600521,
            "Sadness": 0.04073369316756725,
            "Satisfaction": 0.03996154759079218,
            "Shame": 0.02607098873704672,
            "Surprise (negative)": 0.05496799200773239,
            "Surprise (positive)": 0.1510145366191864,
            "Sympathy": 0.011743822135031223,
            "Tiredness": 0.018923654686659575,
            "Triumph": 0.026970472186803818
        },
        "lang": {}
    }
}