{
    "metadata": {
        "dialogue_id": "286",
        "time_start": "00-00-11.136",
        "time_end": "00-00-19.477",
        "speaker": "Chandler",
        "emotion": "neutral",
        "sentiment": "neutral",
        "text_content": "Well, I have an appointment to see Dr. Robert Pillman, career counselor a-gogo.  I added the \"a-gogo.\"",
        "file_name": "286_00-00-11.136_00-00-19.477_Chandler_neutral_neutral"
    },
    "predicted": {
        "face": {
            "Admiration": 0.06974305957555771,
            "Adoration": 0.04379795491695404,
            "Aesthetic Appreciation": 0.051822807639837265,
            "Amusement": 0.07534364610910416,
            "Anger": 0.15462373197078705,
            "Anxiety": 0.20381182432174683,
            "Awe": 0.0905284434556961,
            "Awkwardness": 0.18595367670059204,
            "Boredom": 0.2417697012424469,
            "Calmness": 0.2728545665740967,
            "Concentration": 0.5194101333618164,
            "Confusion": 0.6024447679519653,
            "Contemplation": 0.27290403842926025,
            "Contempt": 0.20800398290157318,
            "Contentment": 0.06682353466749191,
            "Craving": 0.052226267755031586,
            "Desire": 0.042811136692762375,
            "Determination": 0.1677100956439972,
            "Disappointment": 0.32579362392425537,
            "Disgust": 0.1500510424375534,
            "Distress": 0.24632668495178223,
            "Doubt": 0.4618460237979889,
            "Ecstasy": 0.019799798727035522,
            "Embarrassment": 0.09907164424657822,
            "Empathic Pain": 0.09868725389242172,
            "Entrancement": 0.11590804159641266,
            "Envy": 0.057628333568573,
            "Excitement": 0.04239356517791748,
            "Fear": 0.1272340565919876,
            "Guilt": 0.09538613259792328,
            "Horror": 0.05691875144839287,
            "Interest": 0.2665552496910095,
            "Joy": 0.04156707227230072,
            "Love": 0.04604315012693405,
            "Nostalgia": 0.054696258157491684,
            "Pain": 0.13150855898857117,
            "Pride": 0.048247210681438446,
            "Realization": 0.17177224159240723,
            "Relief": 0.038456518203020096,
            "Romance": 0.027876589447259903,
            "Sadness": 0.22712208330631256,
            "Satisfaction": 0.05689259245991707,
            "Shame": 0.0761512890458107,
            "Surprise (negative)": 0.077450692653656,
            "Surprise (positive)": 0.047057975083589554,
            "Sympathy": 0.057230349630117416,
            "Tiredness": 0.1668209433555603,
            "Triumph": 0.022448210045695305
        },
        "prosody": {
            "Admiration": 0.03317456878721714,
            "Adoration": 0.014670037664473057,
            "Aesthetic Appreciation": 0.015261007472872734,
            "Amusement": 0.33693331480026245,
            "Anger": 0.033895512111485004,
            "Anxiety": 0.02577224373817444,
            "Awe": 0.011381541611626744,
            "Awkwardness": 0.1944305943325162,
            "Boredom": 0.037017282797023654,
            "Calmness": 0.10099227214232087,
            "Concentration": 0.09429678693413734,
            "Confusion": 0.027617102954536676,
            "Contemplation": 0.06763511709868908,
            "Contempt": 0.14228358305990696,
            "Contentment": 0.034674964379519224,
            "Craving": 0.02204298786818981,
            "Desire": 0.011712821666151285,
            "Determination": 0.33156540989875793,
            "Disappointment": 0.11206268845126033,
            "Disgust": 0.052290567895397544,
            "Distress": 0.024590677581727505,
            "Doubt": 0.020975337363779545,
            "Ecstasy": 0.025404842104762793,
            "Embarrassment": 0.031845641089603305,
            "Empathic Pain": 0.0030920798890292645,
            "Entrancement": 0.010572355007752776,
            "Envy": 0.05386989191174507,
            "Excitement": 0.2588985338807106,
            "Fear": 0.005872165493201464,
            "Guilt": 0.009338496485725045,
            "Horror": 0.002619269536808133,
            "Interest": 0.1953570395708084,
            "Joy": 0.04970777407288551,
            "Love": 0.011690957471728325,
            "Nostalgia": 0.041579319164156914,
            "Pain": 0.001995758735574782,
            "Pride": 0.22142093628644943,
            "Realization": 0.2621249370276928,
            "Relief": 0.019282127497717738,
            "Romance": 0.005982839269563556,
            "Sadness": 0.0038550100289285183,
            "Satisfaction": 0.09870314970612526,
            "Shame": 0.00763674802146852,
            "Surprise (negative)": 0.04365367954596877,
            "Surprise (positive)": 0.08810810931026936,
            "Sympathy": 0.012642543064430356,
            "Tiredness": 0.004548595868982375,
            "Triumph": 0.15208560600876808
        },
        "lang": {}
    }
}