{
    "metadata": {
        "dialogue_id": "288",
        "time_start": "00-00-17.351",
        "time_end": "00-00-19.185",
        "speaker": "Joey",
        "emotion": "anger",
        "sentiment": "negative",
        "file_name": "288_00-00-17.351_00-00-19.185_Joey_anger_negative"
    },
    "predicted": {
        "face": {
            "Admiration": 0.12904152274131775,
            "Adoration": 0.19495919346809387,
            "Aesthetic Appreciation": 0.08597201108932495,
            "Amusement": 0.23838303983211517,
            "Anger": 0.02283778414130211,
            "Anxiety": 0.0712958425283432,
            "Awe": 0.049303729087114334,
            "Awkwardness": 0.119818314909935,
            "Boredom": 0.2765980660915375,
            "Calmness": 0.7271994352340698,
            "Concentration": 0.17560702562332153,
            "Confusion": 0.11087528616189957,
            "Contemplation": 0.10791435837745667,
            "Contempt": 0.10116976499557495,
            "Contentment": 0.45097917318344116,
            "Craving": 0.03574894368648529,
            "Desire": 0.11905761063098907,
            "Determination": 0.048079971224069595,
            "Disappointment": 0.18511807918548584,
            "Disgust": 0.03702664002776146,
            "Distress": 0.12439210712909698,
            "Doubt": 0.09441439807415009,
            "Ecstasy": 0.1286483108997345,
            "Embarrassment": 0.08571807295084,
            "Empathic Pain": 0.05780695378780365,
            "Entrancement": 0.1266782134771347,
            "Envy": 0.021937955170869827,
            "Excitement": 0.10760461539030075,
            "Fear": 0.03171205893158913,
            "Guilt": 0.051685698330402374,
            "Horror": 0.012499704957008362,
            "Interest": 0.1817372590303421,
            "Joy": 0.3388930559158325,
            "Love": 0.43485698103904724,
            "Nostalgia": 0.1210515946149826,
            "Pain": 0.13213327527046204,
            "Pride": 0.11353255063295364,
            "Realization": 0.12388043105602264,
            "Relief": 0.4476163983345032,
            "Romance": 0.13676442205905914,
            "Sadness": 0.12967126071453094,
            "Satisfaction": 0.6206402778625488,
            "Shame": 0.0667809247970581,
            "Surprise (negative)": 0.012674923054873943,
            "Surprise (positive)": 0.01263879518955946,
            "Sympathy": 0.05448005348443985,
            "Tiredness": 0.4739609956741333,
            "Triumph": 0.06262362003326416
        },
        "prosody": {
            "Admiration": 0,
            "Adoration": 0,
            "Aesthetic Appreciation": 0,
            "Amusement": 0,
            "Anger": 0,
            "Annoyance": 0,
            "Anxiety": 0,
            "Awe": 0,
            "Awkwardness": 0,
            "Boredom": 0,
            "Calmness": 0,
            "Concentration": 0,
            "Confusion": 0,
            "Contemplation": 0,
            "Contempt": 0,
            "Contentment": 0,
            "Craving": 0,
            "Desire": 0,
            "Determination": 0,
            "Disappointment": 0,
            "Disapproval": 0,
            "Disgust": 0,
            "Distress": 0,
            "Doubt": 0,
            "Ecstasy": 0,
            "Embarrassment": 0,
            "Empathic Pain": 0,
            "Enthusiasm": 0,
            "Entrancement": 0,
            "Envy": 0,
            "Excitement": 0,
            "Fear": 0,
            "Gratitude": 0,
            "Guilt": 0,
            "Horror": 0,
            "Interest": 0,
            "Joy": 0,
            "Love": 0,
            "Nostalgia": 0,
            "Pain": 0,
            "Pride": 0,
            "Realization": 0,
            "Relief": 0,
            "Romance": 0,
            "Sadness": 0,
            "Sarcasm": 0,
            "Satisfaction": 0,
            "Shame": 0,
            "Surprise (negative)": 0,
            "Surprise (positive)": 0,
            "Sympathy": 0,
            "Tiredness": 0,
            "Triumph": 0
        },
        "lang": {
            "Admiration": 0.005118195898830891,
            "Adoration": 0.0023898559156805277,
            "Aesthetic Appreciation": 0.0012321025133132935,
            "Amusement": 0.009205632843077183,
            "Anger": 0.6909739375114441,
            "Annoyance": 0.5953117609024048,
            "Anxiety": 0.01612074300646782,
            "Awe": 0.00973188504576683,
            "Awkwardness": 0.0072204358875751495,
            "Boredom": 0.001123159541748464,
            "Calmness": 0.0013738211710005999,
            "Concentration": 0.002499826019629836,
            "Confusion": 0.020079534500837326,
            "Contemplation": 0.005661731120198965,
            "Contempt": 0.09216906130313873,
            "Contentment": 0.0013735734391957521,
            "Craving": 0.0015698407078161836,
            "Desire": 0.0016506965039297938,
            "Determination": 0.012793214060366154,
            "Disappointment": 0.1671624630689621,
            "Disapproval": 0.19723479449748993,
            "Disgust": 0.0916750505566597,
            "Distress": 0.1271120011806488,
            "Doubt": 0.004676723387092352,
            "Ecstasy": 0.002287415089085698,
            "Embarrassment": 0.01134681235998869,
            "Empathic Pain": 0.006104358937591314,
            "Enthusiasm": 0.015676813200116158,
            "Entrancement": 0.002556672552600503,
            "Envy": 0.005669040139764547,
            "Excitement": 0.014889665879309177,
            "Fear": 0.00879630446434021,
            "Gratitude": 0.0007640154217369854,
            "Guilt": 0.0057713729329407215,
            "Horror": 0.02383890002965927,
            "Interest": 0.010253367945551872,
            "Joy": 0.0035179711412638426,
            "Love": 0.0008128333138301969,
            "Nostalgia": 0.0008598612621426582,
            "Pain": 0.015477671287953854,
            "Pride": 0.0028652502223849297,
            "Realization": 0.08256465941667557,
            "Relief": 0.0018232662696391344,
            "Romance": 0.0005617114366032183,
            "Sadness": 0.01374924834817648,
            "Sarcasm": 0.005607195198535919,
            "Satisfaction": 0.004117070231586695,
            "Shame": 0.014216857962310314,
            "Surprise (negative)": 0.338235080242157,
            "Surprise (positive)": 0.033660888671875,
            "Sympathy": 0.0034353211522102356,
            "Tiredness": 0.003655900014564395,
            "Triumph": 0.005960914772003889
        }
    }
}