{
    "metadata": {
        "dialogue_id": "28",
        "time_start": "00-00-02.169",
        "time_end": "00-00-06.923",
        "speaker": "Emily",
        "emotion": "fear",
        "sentiment": "negative",
        "text_content": "I think you\u0092ve got concussion.",
        "file_name": "28_00-00-02.169_00-00-06.923_Emily_fear_negative"
    },
    "predicted": {
        "face": {
            "Admiration": 0.23474974930286407,
            "Adoration": 0.25578275322914124,
            "Aesthetic Appreciation": 0.09685967117547989,
            "Amusement": 0.7096918225288391,
            "Anger": 0.024614285677671432,
            "Anxiety": 0.07779562473297119,
            "Awe": 0.11857200413942337,
            "Awkwardness": 0.217323437333107,
            "Boredom": 0.10249652713537216,
            "Calmness": 0.26589763164520264,
            "Concentration": 0.1759616881608963,
            "Confusion": 0.17756710946559906,
            "Contemplation": 0.09115634113550186,
            "Contempt": 0.07669350504875183,
            "Contentment": 0.27255600690841675,
            "Craving": 0.04807881638407707,
            "Desire": 0.07212602347135544,
            "Determination": 0.058197759091854095,
            "Disappointment": 0.09584265947341919,
            "Disgust": 0.03876205533742905,
            "Distress": 0.088904969394207,
            "Doubt": 0.12238822877407074,
            "Ecstasy": 0.1398247331380844,
            "Embarrassment": 0.10970250517129898,
            "Empathic Pain": 0.03964954987168312,
            "Entrancement": 0.11078636348247528,
            "Envy": 0.031434565782547,
            "Excitement": 0.4056767523288727,
            "Fear": 0.058214835822582245,
            "Guilt": 0.03779954835772514,
            "Horror": 0.032979756593704224,
            "Interest": 0.457744836807251,
            "Joy": 0.6730523705482483,
            "Love": 0.4325203597545624,
            "Nostalgia": 0.07717220485210419,
            "Pain": 0.05547520890831947,
            "Pride": 0.12330592423677444,
            "Realization": 0.141115203499794,
            "Relief": 0.1435740888118744,
            "Romance": 0.1083514392375946,
            "Sadness": 0.058288831263780594,
            "Satisfaction": 0.3610285222530365,
            "Shame": 0.04383883625268936,
            "Surprise (negative)": 0.03894299268722534,
            "Surprise (positive)": 0.07056744396686554,
            "Sympathy": 0.0704173818230629,
            "Tiredness": 0.08246009051799774,
            "Triumph": 0.08791933953762054
        },
        "prosody": {
            "Admiration": 0.14490154921077192,
            "Adoration": 0.12751432112418115,
            "Aesthetic Appreciation": 0.060802235850133,
            "Amusement": 0.11590631306171417,
            "Anger": 0.028367654958856292,
            "Anxiety": 0.02756814128952101,
            "Awe": 0.2056509256362915,
            "Awkwardness": 0.062262662686407566,
            "Boredom": 0.03051324945408851,
            "Calmness": 0.046435156487859786,
            "Concentration": 0.009063319012057036,
            "Confusion": 0.04135697608580813,
            "Contemplation": 0.024070869432762265,
            "Contempt": 0.02588699123589322,
            "Contentment": 0.06205704645253718,
            "Craving": 0.015691205218899995,
            "Desire": 0.02716517262160778,
            "Determination": 0.013067007646895945,
            "Disappointment": 0.042650654911994934,
            "Disgust": 0.03527691087219864,
            "Distress": 0.04512651090044528,
            "Doubt": 0.018697811639867723,
            "Ecstasy": 0.07211527961771935,
            "Embarrassment": 0.017088641761802137,
            "Empathic Pain": 0.011561811516003218,
            "Entrancement": 0.057628356269560754,
            "Envy": 0.023508208571001887,
            "Excitement": 0.1634352570399642,
            "Fear": 0.01834512551431544,
            "Guilt": 0.014216624782420695,
            "Horror": 0.013640885532367975,
            "Interest": 0.09927389677613974,
            "Joy": 0.15454035252332687,
            "Love": 0.04013869725167751,
            "Nostalgia": 0.019540827837772667,
            "Pain": 0.02535165674635209,
            "Pride": 0.02025904366746545,
            "Realization": 0.06728417077101767,
            "Relief": 0.048794285859912634,
            "Romance": 0.025696589844301343,
            "Sadness": 0.024463102279696614,
            "Satisfaction": 0.07724144449457526,
            "Shame": 0.017183612973894924,
            "Surprise (negative)": 0.04822928679641336,
            "Surprise (positive)": 0.08700720593333244,
            "Sympathy": 0.008805487581412308,
            "Tiredness": 0.018726654583588243,
            "Triumph": 0.02907302137464285
        },
        "lang": {}
    }
}