{
    "metadata": {
        "dialogue_id": "293",
        "time_start": "00-00-42.751",
        "time_end": "00-00-43.893",
        "speaker": "Chandler",
        "emotion": "neutral",
        "sentiment": "neutral",
        "file_name": "293_00-00-42.751_00-00-43.893_Chandler_neutral_neutral"
    },
    "predicted": {
        "face": {
            "Admiration": 0.26252296566963196,
            "Adoration": 0.30497708916664124,
            "Aesthetic Appreciation": 0.10241519659757614,
            "Amusement": 0.8034951686859131,
            "Anger": 0.012392100878059864,
            "Anxiety": 0.03259093686938286,
            "Awe": 0.11409387737512589,
            "Awkwardness": 0.1142888069152832,
            "Boredom": 0.05373140051960945,
            "Calmness": 0.2146945297718048,
            "Concentration": 0.10974857956171036,
            "Confusion": 0.08210411667823792,
            "Contemplation": 0.06684011220932007,
            "Contempt": 0.05064639821648598,
            "Contentment": 0.30157434940338135,
            "Craving": 0.03862439841032028,
            "Desire": 0.06474320590496063,
            "Determination": 0.04221819341182709,
            "Disappointment": 0.03770771622657776,
            "Disgust": 0.017567405477166176,
            "Distress": 0.03928808495402336,
            "Doubt": 0.05497794225811958,
            "Ecstasy": 0.23062503337860107,
            "Embarrassment": 0.04266548156738281,
            "Empathic Pain": 0.018990295007824898,
            "Entrancement": 0.10980477929115295,
            "Envy": 0.022030308842658997,
            "Excitement": 0.5126817226409912,
            "Fear": 0.02648553065955639,
            "Guilt": 0.013918272219598293,
            "Horror": 0.01532199326902628,
            "Interest": 0.4067946672439575,
            "Joy": 0.8815368413925171,
            "Love": 0.504122793674469,
            "Nostalgia": 0.08119790256023407,
            "Pain": 0.029968125745654106,
            "Pride": 0.15856924653053284,
            "Realization": 0.10894191265106201,
            "Relief": 0.1654633730649948,
            "Romance": 0.09660080820322037,
            "Sadness": 0.02399418316781521,
            "Satisfaction": 0.48390936851501465,
            "Shame": 0.016827823594212532,
            "Surprise (negative)": 0.015907714143395424,
            "Surprise (positive)": 0.03932085633277893,
            "Sympathy": 0.04970449581742287,
            "Tiredness": 0.04730198532342911,
            "Triumph": 0.13836868107318878
        },
        "prosody": {
            "Admiration": 0.03959846496582031,
            "Adoration": 0.017139706760644913,
            "Aesthetic Appreciation": 0.01358161773532629,
            "Amusement": 0.030404556542634964,
            "Anger": 0.2048119455575943,
            "Anxiety": 0.015420759096741676,
            "Awe": 0.017291080206632614,
            "Awkwardness": 0.022401832044124603,
            "Boredom": 0.02223445661365986,
            "Calmness": 0.02430664375424385,
            "Concentration": 0.009956326335668564,
            "Confusion": 0.01933041401207447,
            "Contemplation": 0.01503563579171896,
            "Contempt": 0.05287405848503113,
            "Contentment": 0.0396425798535347,
            "Craving": 0.09503921121358871,
            "Desire": 0.01903245784342289,
            "Determination": 0.09499914944171906,
            "Disappointment": 0.24000100791454315,
            "Disgust": 0.05106301233172417,
            "Distress": 0.042638931423425674,
            "Doubt": 0.022166194394230843,
            "Ecstasy": 0.024402063339948654,
            "Embarrassment": 0.01578468643128872,
            "Empathic Pain": 0.018290957435965538,
            "Entrancement": 0.00986518431454897,
            "Envy": 0.10907606780529022,
            "Excitement": 0.06869561225175858,
            "Fear": 0.007117758505046368,
            "Guilt": 0.014452745206654072,
            "Horror": 0.007357723079621792,
            "Interest": 0.04915066063404083,
            "Joy": 0.04890821501612663,
            "Love": 0.010454376228153706,
            "Nostalgia": 0.02536000683903694,
            "Pain": 0.01781352609395981,
            "Pride": 0.02376553975045681,
            "Realization": 0.029045652598142624,
            "Relief": 0.0275021493434906,
            "Romance": 0.015778223052620888,
            "Sadness": 0.05088796094059944,
            "Satisfaction": 0.04016730561852455,
            "Shame": 0.023057684302330017,
            "Surprise (negative)": 0.025004146620631218,
            "Surprise (positive)": 0.03322882205247879,
            "Sympathy": 0.015771398320794106,
            "Tiredness": 0.009014942683279514,
            "Triumph": 0.01971530169248581
        },
        "lang": {
            "Admiration": 0.01933952358861764,
            "Adoration": 0.0072796959429979324,
            "Aesthetic Appreciation": 0.006267840508371592,
            "Amusement": 0.017448049038648605,
            "Anger": 0.02913231309503317,
            "Annoyance": 0.20877509812513986,
            "Anxiety": 0.008750071516260505,
            "Awe": 0.01157116424292326,
            "Awkwardness": 0.041617623840769134,
            "Boredom": 0.18887810036540031,
            "Calmness": 0.12404246628284454,
            "Concentration": 0.015655800389746826,
            "Confusion": 0.05752532184123993,
            "Contemplation": 0.09038938706119855,
            "Contempt": 0.13621044903993607,
            "Contentment": 0.05172281960646311,
            "Craving": 0.0036066234072980783,
            "Desire": 0.0021300553441202887,
            "Determination": 0.023457304884990055,
            "Disappointment": 0.07516795893510182,
            "Disapproval": 0.09317605942487717,
            "Disgust": 0.014958153168360392,
            "Distress": 0.011665616960575184,
            "Doubt": 0.05775303393602371,
            "Ecstasy": 0.001357480970909819,
            "Embarrassment": 0.005236073241879542,
            "Empathic Pain": 0.023695535957813263,
            "Enthusiasm": 0.021242969979842503,
            "Entrancement": 0.006828749707589547,
            "Envy": 0.016203544568270445,
            "Excitement": 0.008068603773911795,
            "Fear": 0.0023243045046304664,
            "Gratitude": 0.028757424249003332,
            "Guilt": 0.003137463276895384,
            "Horror": 0.0007420117957129454,
            "Interest": 0.034234984467426934,
            "Joy": 0.01146206414947907,
            "Love": 0.006682964352269967,
            "Nostalgia": 0.002256397584763666,
            "Pain": 0.009429494617506862,
            "Pride": 0.01246664859354496,
            "Realization": 0.1293210138877233,
            "Relief": 0.0270895604044199,
            "Romance": 0.003730740718310699,
            "Sadness": 0.022018355627854664,
            "Sarcasm": 0.23840427895387015,
            "Satisfaction": 0.04024428377548853,
            "Shame": 0.009175682595620552,
            "Surprise (negative)": 0.042413673674066864,
            "Surprise (positive)": 0.032467824717362724,
            "Sympathy": 0.03751678904518485,
            "Tiredness": 0.04583673613766829,
            "Triumph": 0.016142974918087322
        }
    }
}