{
    "metadata": {
        "dialogue_id": "300",
        "time_start": "00-00-39.707",
        "time_end": "00-00-41.457",
        "speaker": "Joey",
        "emotion": "fear",
        "sentiment": "negative",
        "text_content": "Oh, oh, oh, sorry.",
        "file_name": "300_00-00-39.707_00-00-41.457_Joey_fear_negative"
    },
    "predicted": {
        "face": {
            "Admiration": 0.02950826659798622,
            "Adoration": 0.02688191831111908,
            "Aesthetic Appreciation": 0.023250091820955276,
            "Amusement": 0.07468453049659729,
            "Anger": 0.09097455441951752,
            "Anxiety": 0.21898196637630463,
            "Awe": 0.0738426148891449,
            "Awkwardness": 0.16555792093276978,
            "Boredom": 0.1692085713148117,
            "Calmness": 0.11289108544588089,
            "Concentration": 0.1516902893781662,
            "Confusion": 0.34636399149894714,
            "Contemplation": 0.08936569094657898,
            "Contempt": 0.10606198012828827,
            "Contentment": 0.04186635836958885,
            "Craving": 0.03756721317768097,
            "Desire": 0.051852528005838394,
            "Determination": 0.05007298290729523,
            "Disappointment": 0.3704797923564911,
            "Disgust": 0.19223664700984955,
            "Distress": 0.4494582414627075,
            "Doubt": 0.1993328481912613,
            "Ecstasy": 0.03590719774365425,
            "Embarrassment": 0.1537173092365265,
            "Empathic Pain": 0.19606736302375793,
            "Entrancement": 0.055335644632577896,
            "Envy": 0.022360190749168396,
            "Excitement": 0.05008711665868759,
            "Fear": 0.19085566699504852,
            "Guilt": 0.13504654169082642,
            "Horror": 0.12103719264268875,
            "Interest": 0.08877545595169067,
            "Joy": 0.042450498789548874,
            "Love": 0.03876238688826561,
            "Nostalgia": 0.04605420306324959,
            "Pain": 0.5575441718101501,
            "Pride": 0.024622924625873566,
            "Realization": 0.12982062995433807,
            "Relief": 0.05316519737243652,
            "Romance": 0.02193651907145977,
            "Sadness": 0.47665852308273315,
            "Satisfaction": 0.06140076741576195,
            "Shame": 0.1324082612991333,
            "Surprise (negative)": 0.09916578233242035,
            "Surprise (positive)": 0.03605429083108902,
            "Sympathy": 0.05135088786482811,
            "Tiredness": 0.3037135601043701,
            "Triumph": 0.020837699994444847
        },
        "prosody": {
            "Admiration": 0.004712391295470297,
            "Adoration": 0.004775894107297063,
            "Aesthetic Appreciation": 0.0072648185305297375,
            "Amusement": 0.04910890385508537,
            "Anger": 0.024573528207838535,
            "Anxiety": 0.03610305301845074,
            "Awe": 0.03954920079559088,
            "Awkwardness": 0.07872694730758667,
            "Boredom": 0.0070824469439685345,
            "Calmness": 0.010254989843815565,
            "Concentration": 0.010488544125109911,
            "Confusion": 0.17658162117004395,
            "Contemplation": 0.005979922483675182,
            "Contempt": 0.009887735592201352,
            "Contentment": 0.012143198400735855,
            "Craving": 0.0013291363720782101,
            "Desire": 0.009409361984580755,
            "Determination": 0.017781535163521767,
            "Disappointment": 0.017512353137135506,
            "Disgust": 0.014121000189334154,
            "Distress": 0.06219188682734966,
            "Doubt": 0.02571695437654853,
            "Ecstasy": 0.012109777890145779,
            "Embarrassment": 0.01728975400328636,
            "Empathic Pain": 0.0023929388262331486,
            "Entrancement": 0.009843550156801939,
            "Envy": 0.0027089155628345907,
            "Excitement": 0.06613245978951454,
            "Fear": 0.03228552220389247,
            "Guilt": 0.0035066636046394706,
            "Horror": 0.02888754103332758,
            "Interest": 0.04246376361697912,
            "Joy": 0.018245816230773926,
            "Love": 0.003167980699799955,
            "Nostalgia": 0.005925694713369012,
            "Pain": 0.009547552559524775,
            "Pride": 0.010204163612797856,
            "Realization": 0.18728017434477806,
            "Relief": 0.029776149429380894,
            "Romance": 0.00395405781455338,
            "Sadness": 0.003934840206056833,
            "Satisfaction": 0.022396188229322433,
            "Shame": 0.0046300741378217936,
            "Surprise (negative)": 0.28523342311382294,
            "Surprise (positive)": 0.19761469960212708,
            "Sympathy": 0.0025659954408183694,
            "Tiredness": 0.004831473226659,
            "Triumph": 0.020780124701559544
        },
        "lang": {}
    }
}