{
    "metadata": {
        "dialogue_id": "305",
        "time_start": "00-00-40.499",
        "time_end": "00-00-42.792",
        "speaker": "Chloe",
        "emotion": "neutral",
        "sentiment": "neutral",
        "file_name": "305_00-00-40.499_00-00-42.792_Chloe_neutral_neutral"
    },
    "predicted": {
        "face": {
            "Admiration": 0.2519971430301666,
            "Adoration": 0.19708319008350372,
            "Aesthetic Appreciation": 0.13466371595859528,
            "Amusement": 0.21472525596618652,
            "Anger": 0.05061982199549675,
            "Anxiety": 0.09797174483537674,
            "Awe": 0.15323884785175323,
            "Awkwardness": 0.1791009157896042,
            "Boredom": 0.2824872136116028,
            "Calmness": 0.5417997241020203,
            "Concentration": 0.5005576014518738,
            "Confusion": 0.2810366153717041,
            "Contemplation": 0.30720221996307373,
            "Contempt": 0.18027639389038086,
            "Contentment": 0.21767421066761017,
            "Craving": 0.09521706402301788,
            "Desire": 0.10453202575445175,
            "Determination": 0.15780405700206757,
            "Disappointment": 0.1851203292608261,
            "Disgust": 0.051465801894664764,
            "Distress": 0.09975741803646088,
            "Doubt": 0.2766997814178467,
            "Ecstasy": 0.04719734191894531,
            "Embarrassment": 0.06958629935979843,
            "Empathic Pain": 0.046958889812231064,
            "Entrancement": 0.19916889071464539,
            "Envy": 0.06320641189813614,
            "Excitement": 0.10622153431177139,
            "Fear": 0.07211180031299591,
            "Guilt": 0.05249888077378273,
            "Horror": 0.02824047952890396,
            "Interest": 0.48031333088874817,
            "Joy": 0.1611609160900116,
            "Love": 0.20724551379680634,
            "Nostalgia": 0.10721169412136078,
            "Pain": 0.04766663908958435,
            "Pride": 0.12183618545532227,
            "Realization": 0.19769863784313202,
            "Relief": 0.10098053514957428,
            "Romance": 0.09921731054782867,
            "Sadness": 0.1032758578658104,
            "Satisfaction": 0.22162814438343048,
            "Shame": 0.046346068382263184,
            "Surprise (negative)": 0.038343288004398346,
            "Surprise (positive)": 0.04620499908924103,
            "Sympathy": 0.06448652595281601,
            "Tiredness": 0.14219792187213898,
            "Triumph": 0.05593620985746384
        },
        "prosody": {
            "Admiration": 0.011016677832230926,
            "Adoration": 0.00898964749649167,
            "Aesthetic Appreciation": 0.012480496661737561,
            "Amusement": 0.08864550106227398,
            "Anger": 0.018440576270222664,
            "Anxiety": 0.12369577959179878,
            "Awe": 0.022053764201700687,
            "Awkwardness": 0.19332992658019066,
            "Boredom": 0.019765742123126984,
            "Calmness": 0.053619129583239555,
            "Concentration": 0.03737908974289894,
            "Confusion": 0.28904519230127335,
            "Contemplation": 0.08923153765499592,
            "Contempt": 0.038868498057127,
            "Contentment": 0.023539279587566853,
            "Craving": 0.005674995016306639,
            "Desire": 0.008813452441245317,
            "Determination": 0.036308848299086094,
            "Disappointment": 0.049546667374670506,
            "Disgust": 0.03256038390100002,
            "Distress": 0.08029758930206299,
            "Doubt": 0.36881744861602783,
            "Ecstasy": 0.01123542943969369,
            "Embarrassment": 0.057794129475951195,
            "Empathic Pain": 0.021923533640801907,
            "Entrancement": 0.008039344567805529,
            "Envy": 0.015599939972162247,
            "Excitement": 0.03595937881618738,
            "Fear": 0.1375633254647255,
            "Guilt": 0.034755001310259104,
            "Horror": 0.05036761565133929,
            "Interest": 0.1303638070821762,
            "Joy": 0.01560977939516306,
            "Love": 0.0057647868525236845,
            "Nostalgia": 0.019446683581918478,
            "Pain": 0.008092256728559732,
            "Pride": 0.030118419788777828,
            "Realization": 0.16184809058904648,
            "Relief": 0.026692098937928677,
            "Romance": 0.011270589660853148,
            "Sadness": 0.019682259298861027,
            "Satisfaction": 0.022004117257893085,
            "Shame": 0.03544888040050864,
            "Surprise (negative)": 0.1469590775668621,
            "Surprise (positive)": 0.06075655482709408,
            "Sympathy": 0.12222206965088844,
            "Tiredness": 0.010517277289181948,
            "Triumph": 0.015269963070750237
        },
        "lang": {
            "Admiration": 0.0098564762622118,
            "Adoration": 0.0019125049700960516,
            "Aesthetic Appreciation": 0.005073119141161442,
            "Amusement": 0.045054849982261655,
            "Anger": 0.0018350106664001941,
            "Annoyance": 0.0345877543091774,
            "Anxiety": 0.0686471588909626,
            "Awe": 0.009592565335333347,
            "Awkwardness": 0.032729676365852355,
            "Boredom": 0.07816554554738105,
            "Calmness": 0.10643148198723792,
            "Concentration": 0.04196717068552971,
            "Confusion": 0.07205164730548859,
            "Contemplation": 0.3663271278142929,
            "Contempt": 0.04054545294493437,
            "Contentment": 0.04274980295449495,
            "Craving": 0.002788797183893621,
            "Desire": 0.0025849736761301757,
            "Determination": 0.037055178359150884,
            "Disappointment": 0.01760535966604948,
            "Disapproval": 0.01970908511430025,
            "Disgust": 0.0028705874225124716,
            "Distress": 0.01949399821460247,
            "Doubt": 0.2095191150903702,
            "Ecstasy": 0.001258709724061191,
            "Embarrassment": 0.0033787050750106575,
            "Empathic Pain": 0.023500246554613115,
            "Enthusiasm": 0.03399473764002323,
            "Entrancement": 0.008742734137922526,
            "Envy": 0.006694546900689602,
            "Excitement": 0.018654884584248067,
            "Fear": 0.10721569773741066,
            "Gratitude": 0.006531958864070475,
            "Guilt": 0.00133768564555794,
            "Horror": 0.011771825027244632,
            "Interest": 0.21080556958913804,
            "Joy": 0.006194469612091779,
            "Love": 0.0016395647893659771,
            "Nostalgia": 0.0018921679467894137,
            "Pain": 0.00404789661988616,
            "Pride": 0.008938956260681152,
            "Realization": 0.11841598898172379,
            "Relief": 0.022743832506239414,
            "Romance": 0.001671074249316007,
            "Sadness": 0.008343858737498521,
            "Sarcasm": 0.19459104686975479,
            "Satisfaction": 0.03638677559792995,
            "Shame": 0.003538667317479849,
            "Surprise (negative)": 0.04242107621394098,
            "Surprise (positive)": 0.0530870795249939,
            "Sympathy": 0.03525702655315399,
            "Tiredness": 0.03844020366668701,
            "Triumph": 0.01002627843990922
        }
    }
}