{
    "metadata": {
        "dialogue_id": "305",
        "time_start": "00-00-47.673",
        "time_end": "00-00-52.760",
        "speaker": "Chloe",
        "emotion": "neutral",
        "sentiment": "neutral",
        "file_name": "305_00-00-47.673_00-00-52.760_Chloe_neutral_neutral"
    },
    "predicted": {
        "face": {
            "Admiration": 0.08717247098684311,
            "Adoration": 0.06285720318555832,
            "Aesthetic Appreciation": 0.05807194858789444,
            "Amusement": 0.10906798392534256,
            "Anger": 0.14486375451087952,
            "Anxiety": 0.1781090795993805,
            "Awe": 0.12211935967206955,
            "Awkwardness": 0.18648332357406616,
            "Boredom": 0.2492281198501587,
            "Calmness": 0.2921043336391449,
            "Concentration": 0.4242618680000305,
            "Confusion": 0.4524836838245392,
            "Contemplation": 0.21941623091697693,
            "Contempt": 0.19403871893882751,
            "Contentment": 0.08820872008800507,
            "Craving": 0.05611829832196236,
            "Desire": 0.05619586631655693,
            "Determination": 0.14659912884235382,
            "Disappointment": 0.3241739273071289,
            "Disgust": 0.1522635668516159,
            "Distress": 0.24296903610229492,
            "Doubt": 0.3534759283065796,
            "Ecstasy": 0.032713912427425385,
            "Embarrassment": 0.10804304480552673,
            "Empathic Pain": 0.11099496483802795,
            "Entrancement": 0.1201050654053688,
            "Envy": 0.05422426015138626,
            "Excitement": 0.0679633766412735,
            "Fear": 0.14643071591854095,
            "Guilt": 0.09817950427532196,
            "Horror": 0.07633966207504272,
            "Interest": 0.26068252325057983,
            "Joy": 0.06957263499498367,
            "Love": 0.07270173728466034,
            "Nostalgia": 0.06284050643444061,
            "Pain": 0.17214003205299377,
            "Pride": 0.05885295942425728,
            "Realization": 0.17693594098091125,
            "Relief": 0.05520310997962952,
            "Romance": 0.037607524544000626,
            "Sadness": 0.26112401485443115,
            "Satisfaction": 0.08903950452804565,
            "Shame": 0.08386970311403275,
            "Surprise (negative)": 0.0959053561091423,
            "Surprise (positive)": 0.06759607791900635,
            "Sympathy": 0.061052482575178146,
            "Tiredness": 0.19861525297164917,
            "Triumph": 0.03394504636526108
        },
        "prosody": {
            "Admiration": 0.12757141888141632,
            "Adoration": 0.0827263742685318,
            "Aesthetic Appreciation": 0.15966446697711945,
            "Amusement": 0.34036222100257874,
            "Anger": 0.0025284800212830305,
            "Anxiety": 0.006156811490654945,
            "Awe": 0.052108123898506165,
            "Awkwardness": 0.05720271170139313,
            "Boredom": 0.03819730132818222,
            "Calmness": 0.26914161443710327,
            "Concentration": 0.05600191280245781,
            "Confusion": 0.008507642894983292,
            "Contemplation": 0.09475283324718475,
            "Contempt": 0.044248998165130615,
            "Contentment": 0.2690010368824005,
            "Craving": 0.0532928965985775,
            "Desire": 0.11457725614309311,
            "Determination": 0.11111479997634888,
            "Disappointment": 0.024766817688941956,
            "Disgust": 0.017591744661331177,
            "Distress": 0.008222300559282303,
            "Doubt": 0.024749239906668663,
            "Ecstasy": 0.1331203281879425,
            "Embarrassment": 0.015292822383344173,
            "Empathic Pain": 0.0050320615991950035,
            "Entrancement": 0.05543440580368042,
            "Envy": 0.02508300170302391,
            "Excitement": 0.3049728572368622,
            "Fear": 0.003013070672750473,
            "Guilt": 0.002015335252508521,
            "Horror": 0.0031264289282262325,
            "Interest": 0.2578918933868408,
            "Joy": 0.2038741260766983,
            "Love": 0.025356857106089592,
            "Nostalgia": 0.009800071828067303,
            "Pain": 0.0015822669956833124,
            "Pride": 0.10731286555528641,
            "Realization": 0.06048642098903656,
            "Relief": 0.09959272295236588,
            "Romance": 0.030900925397872925,
            "Sadness": 0.002468500519171357,
            "Satisfaction": 0.43158653378486633,
            "Shame": 0.0019752224907279015,
            "Surprise (negative)": 0.004577594343572855,
            "Surprise (positive)": 0.16338270902633667,
            "Sympathy": 0.018471207469701767,
            "Tiredness": 0.029169227927923203,
            "Triumph": 0.12147926539182663
        },
        "lang": {
            "Admiration": 0.024933647195046597,
            "Adoration": 0.02128607155331834,
            "Aesthetic Appreciation": 0.019080861217596314,
            "Amusement": 0.12946071408011697,
            "Anger": 0.01230232688513669,
            "Annoyance": 0.18525268611582843,
            "Anxiety": 0.004690096618353643,
            "Awe": 0.007739337531595745,
            "Awkwardness": 0.024651435457847336,
            "Boredom": 0.029987773604013702,
            "Calmness": 0.3497456129301678,
            "Concentration": 0.025071257683025164,
            "Confusion": 0.011516810204325751,
            "Contemplation": 0.03869730081747879,
            "Contempt": 0.16164841435172342,
            "Contentment": 0.09859608808024363,
            "Craving": 0.001966307574713772,
            "Desire": 0.00594414918768135,
            "Determination": 0.02873346759853038,
            "Disappointment": 0.02735625630752607,
            "Disapproval": 0.1082211456854235,
            "Disgust": 0.01287558144593442,
            "Distress": 0.00769261921628971,
            "Doubt": 0.00943813193589449,
            "Ecstasy": 0.001984165224712342,
            "Embarrassment": 0.0050595012302933765,
            "Empathic Pain": 0.06300409451465715,
            "Enthusiasm": 0.05294646585190838,
            "Entrancement": 0.008436503968286243,
            "Envy": 0.007165998268068175,
            "Excitement": 0.012008421959101477,
            "Fear": 0.0008979555118871344,
            "Gratitude": 0.016548140948130327,
            "Guilt": 0.002572661964222789,
            "Horror": 0.0005252375862751664,
            "Interest": 0.05239011956886812,
            "Joy": 0.01813740816644647,
            "Love": 0.024727025026963514,
            "Nostalgia": 0.003786459274124354,
            "Pain": 0.005872068778527054,
            "Pride": 0.015242781913415953,
            "Realization": 0.051742497154257515,
            "Relief": 0.05066971506246112,
            "Romance": 0.00657426094932651,
            "Sadness": 0.008412509415806695,
            "Sarcasm": 0.24590512432835318,
            "Satisfaction": 0.07177873666990887,
            "Shame": 0.006544092955829745,
            "Surprise (negative)": 0.007364113370633938,
            "Surprise (positive)": 0.00559535792986439,
            "Sympathy": 0.1571651834317229,
            "Tiredness": 0.054788100575520235,
            "Triumph": 0.015367540065199137
        }
    }
}