{
    "metadata": {
        "dialogue_id": "30",
        "time_start": "00-00-33.200",
        "time_end": "00-00-33.502",
        "speaker": "Ross",
        "emotion": "neutral",
        "sentiment": "neutral",
        "text_content": "Okay.",
        "file_name": "30_00-00-33.200_00-00-33.502_Ross_neutral_neutral"
    },
    "predicted": {
        "face": {
            "Admiration": 0.1498086303472519,
            "Adoration": 0.08344198763370514,
            "Aesthetic Appreciation": 0.07605394721031189,
            "Amusement": 0.17963801324367523,
            "Anger": 0.08731713891029358,
            "Anxiety": 0.13962209224700928,
            "Awe": 0.3819080889225006,
            "Awkwardness": 0.19320020079612732,
            "Boredom": 0.21205846965312958,
            "Calmness": 0.23769859969615936,
            "Concentration": 0.35275590419769287,
            "Confusion": 0.4463120698928833,
            "Contemplation": 0.1863749474287033,
            "Contempt": 0.13179314136505127,
            "Contentment": 0.08709605038166046,
            "Craving": 0.06515675783157349,
            "Desire": 0.0547705814242363,
            "Determination": 0.1303730607032776,
            "Disappointment": 0.20537474751472473,
            "Disgust": 0.07222706079483032,
            "Distress": 0.15773281455039978,
            "Doubt": 0.3249329924583435,
            "Ecstasy": 0.05330299958586693,
            "Embarrassment": 0.0930294394493103,
            "Empathic Pain": 0.060833971947431564,
            "Entrancement": 0.16075539588928223,
            "Envy": 0.05098052695393562,
            "Excitement": 0.14821374416351318,
            "Fear": 0.180877685546875,
            "Guilt": 0.05771099030971527,
            "Horror": 0.13980336487293243,
            "Interest": 0.35246503353118896,
            "Joy": 0.09140490740537643,
            "Love": 0.07689158618450165,
            "Nostalgia": 0.055753178894519806,
            "Pain": 0.06740488111972809,
            "Pride": 0.06812048703432083,
            "Realization": 0.27464938163757324,
            "Relief": 0.07396180927753448,
            "Romance": 0.037511326372623444,
            "Sadness": 0.09361197054386139,
            "Satisfaction": 0.09988775849342346,
            "Shame": 0.04669160395860672,
            "Surprise (negative)": 0.2184409499168396,
            "Surprise (positive)": 0.28197479248046875,
            "Sympathy": 0.0509941540658474,
            "Tiredness": 0.14440423250198364,
            "Triumph": 0.05186322703957558
        },
        "prosody": {
            "Admiration": 0,
            "Adoration": 0,
            "Aesthetic Appreciation": 0,
            "Amusement": 0,
            "Anger": 0,
            "Annoyance": 0,
            "Anxiety": 0,
            "Awe": 0,
            "Awkwardness": 0,
            "Boredom": 0,
            "Calmness": 0,
            "Concentration": 0,
            "Confusion": 0,
            "Contemplation": 0,
            "Contempt": 0,
            "Contentment": 0,
            "Craving": 0,
            "Desire": 0,
            "Determination": 0,
            "Disappointment": 0,
            "Disapproval": 0,
            "Disgust": 0,
            "Distress": 0,
            "Doubt": 0,
            "Ecstasy": 0,
            "Embarrassment": 0,
            "Empathic Pain": 0,
            "Enthusiasm": 0,
            "Entrancement": 0,
            "Envy": 0,
            "Excitement": 0,
            "Fear": 0,
            "Gratitude": 0,
            "Guilt": 0,
            "Horror": 0,
            "Interest": 0,
            "Joy": 0,
            "Love": 0,
            "Nostalgia": 0,
            "Pain": 0,
            "Pride": 0,
            "Realization": 0,
            "Relief": 0,
            "Romance": 0,
            "Sadness": 0,
            "Sarcasm": 0,
            "Satisfaction": 0,
            "Shame": 0,
            "Surprise (negative)": 0,
            "Surprise (positive)": 0,
            "Sympathy": 0,
            "Tiredness": 0,
            "Triumph": 0
        },
        "lang": {}
    }
}