{
    "metadata": {
        "dialogue_id": "311",
        "time_start": "00-00-04.087",
        "time_end": "00-00-05.879",
        "speaker": "Phoebe",
        "emotion": "joy",
        "sentiment": "positive",
        "file_name": "311_00-00-04.087_00-00-05.879_Phoebe_joy_positive"
    },
    "predicted": {
        "face": {
            "Admiration": 0.0450839027762413,
            "Adoration": 0.04606146737933159,
            "Aesthetic Appreciation": 0.03201299160718918,
            "Amusement": 0.1057056188583374,
            "Anger": 0.09340493381023407,
            "Anxiety": 0.20460514724254608,
            "Awe": 0.058448560535907745,
            "Awkwardness": 0.14932090044021606,
            "Boredom": 0.16193059086799622,
            "Calmness": 0.16903471946716309,
            "Concentration": 0.2226828932762146,
            "Confusion": 0.27349790930747986,
            "Contemplation": 0.13796859979629517,
            "Contempt": 0.1081865206360817,
            "Contentment": 0.07033760845661163,
            "Craving": 0.037277400493621826,
            "Desire": 0.042613349854946136,
            "Determination": 0.06944488734006882,
            "Disappointment": 0.3567533493041992,
            "Disgust": 0.15049487352371216,
            "Distress": 0.39052361249923706,
            "Doubt": 0.20230887830257416,
            "Ecstasy": 0.03746337071061134,
            "Embarrassment": 0.14389130473136902,
            "Empathic Pain": 0.19170887768268585,
            "Entrancement": 0.06477256119251251,
            "Envy": 0.027207957580685616,
            "Excitement": 0.06206126511096954,
            "Fear": 0.15677325427532196,
            "Guilt": 0.14873480796813965,
            "Horror": 0.07927025109529495,
            "Interest": 0.12874601781368256,
            "Joy": 0.07723598182201385,
            "Love": 0.07141692191362381,
            "Nostalgia": 0.06175028532743454,
            "Pain": 0.49123042821884155,
            "Pride": 0.03846760094165802,
            "Realization": 0.1275986135005951,
            "Relief": 0.05452132970094681,
            "Romance": 0.030737068504095078,
            "Sadness": 0.544966459274292,
            "Satisfaction": 0.08668947219848633,
            "Shame": 0.13820719718933105,
            "Surprise (negative)": 0.0597560852766037,
            "Surprise (positive)": 0.029676878824830055,
            "Sympathy": 0.06646151840686798,
            "Tiredness": 0.23257188498973846,
            "Triumph": 0.026091642677783966
        },
        "prosody": {
            "Admiration": 0.060370732098817825,
            "Adoration": 0.022901102900505066,
            "Aesthetic Appreciation": 0.024967577308416367,
            "Amusement": 0.24985167384147644,
            "Anger": 0.006405647844076157,
            "Anxiety": 0.012429936788976192,
            "Awe": 0.04329507797956467,
            "Awkwardness": 0.06126010790467262,
            "Boredom": 0.034876156598329544,
            "Calmness": 0.021433301270008087,
            "Concentration": 0.039833586663007736,
            "Confusion": 0.013322543352842331,
            "Contemplation": 0.010453340597450733,
            "Contempt": 0.012446901760995388,
            "Contentment": 0.08326101303100586,
            "Craving": 0.014332562685012817,
            "Desire": 0.006114032119512558,
            "Determination": 0.14566205441951752,
            "Disappointment": 0.006524902768433094,
            "Disgust": 0.006460584234446287,
            "Distress": 0.006163490004837513,
            "Doubt": 0.0052624535746872425,
            "Ecstasy": 0.06543506681919098,
            "Embarrassment": 0.008421088568866253,
            "Empathic Pain": 0.0013356789713725448,
            "Entrancement": 0.012947849929332733,
            "Envy": 0.0029023028910160065,
            "Excitement": 0.45270320773124695,
            "Fear": 0.004103242419660091,
            "Guilt": 0.0014995475066825747,
            "Horror": 0.0032535064965486526,
            "Interest": 0.35201776027679443,
            "Joy": 0.18254230916500092,
            "Love": 0.010884307324886322,
            "Nostalgia": 0.003520876169204712,
            "Pain": 0.0017532753990963101,
            "Pride": 0.06019248813390732,
            "Realization": 0.019307533279061317,
            "Relief": 0.06703899800777435,
            "Romance": 0.0029093706980347633,
            "Sadness": 0.0008766817627474666,
            "Satisfaction": 0.2589106857776642,
            "Shame": 0.0021599081810563803,
            "Surprise (negative)": 0.007128461729735136,
            "Surprise (positive)": 0.12163608521223068,
            "Sympathy": 0.005365831311792135,
            "Tiredness": 0.016418591141700745,
            "Triumph": 0.16343720257282257
        },
        "lang": {
            "Admiration": 0.016192742623388767,
            "Adoration": 0.052133724093437195,
            "Aesthetic Appreciation": 0.02173162375887235,
            "Amusement": 0.04032773027817408,
            "Anger": 0.01645304763223976,
            "Annoyance": 0.03448895085602999,
            "Anxiety": 0.018541168111066025,
            "Awe": 0.006803899382551511,
            "Awkwardness": 0.08408642187714577,
            "Boredom": 0.013229734419534603,
            "Calmness": 0.04753285180777311,
            "Concentration": 0.00967927478874723,
            "Confusion": 0.00852767409135898,
            "Contemplation": 0.003851658354202906,
            "Contempt": 0.015070366207510233,
            "Contentment": 0.029205650091171265,
            "Craving": 0.015143840884168943,
            "Desire": 0.07626410201191902,
            "Determination": 0.048170158018668495,
            "Disappointment": 0.00427665445022285,
            "Disapproval": 0.01328182282547156,
            "Disgust": 0.0046256273829688626,
            "Distress": 0.012017874823262295,
            "Doubt": 0.004424107105781634,
            "Ecstasy": 0.029926547159751255,
            "Embarrassment": 0.004279921762645245,
            "Empathic Pain": 0.018205008159081142,
            "Enthusiasm": 0.466643621524175,
            "Entrancement": 0.011350506295760473,
            "Envy": 0.002278245985507965,
            "Excitement": 0.35651203989982605,
            "Fear": 0.004876475315541029,
            "Gratitude": 0.017444845288991928,
            "Guilt": 0.0025613389055555067,
            "Horror": 0.0015581949264742434,
            "Interest": 0.15477740516265234,
            "Joy": 0.12240797032912572,
            "Love": 0.14146922280391058,
            "Nostalgia": 0.0005611106656336536,
            "Pain": 0.0017379982164129615,
            "Pride": 0.00750568276271224,
            "Realization": 0.007742981892079115,
            "Relief": 0.008562156464904547,
            "Romance": 0.07130328969409068,
            "Sadness": 0.0020347879035398364,
            "Sarcasm": 0.017627366508046787,
            "Satisfaction": 0.03776632994413376,
            "Shame": 0.0024183517089113593,
            "Surprise (negative)": 0.018156536854803562,
            "Surprise (positive)": 0.04184326156973839,
            "Sympathy": 0.03656310712297758,
            "Tiredness": 0.00284121612397333,
            "Triumph": 0.009825458439687887
        }
    }
}