{
    "metadata": {
        "dialogue_id": "314",
        "time_start": "00-00-15.015",
        "time_end": "00-00-16.599",
        "speaker": "Rachel",
        "emotion": "joy",
        "sentiment": "positive",
        "text_content": "No! I\u0092m so happy for them!",
        "file_name": "314_00-00-15.015_00-00-16.599_Rachel_joy_positive"
    },
    "predicted": {
        "face": {
            "Admiration": 0.05104510113596916,
            "Adoration": 0.060183361172676086,
            "Aesthetic Appreciation": 0.04293491691350937,
            "Amusement": 0.1404910385608673,
            "Anger": 0.045649249106645584,
            "Anxiety": 0.1917410045862198,
            "Awe": 0.04147983342409134,
            "Awkwardness": 0.17278625071048737,
            "Boredom": 0.19610008597373962,
            "Calmness": 0.19857127964496613,
            "Concentration": 0.22025461494922638,
            "Confusion": 0.29342150688171387,
            "Contemplation": 0.1490890383720398,
            "Contempt": 0.098063163459301,
            "Contentment": 0.09352204203605652,
            "Craving": 0.10035853832960129,
            "Desire": 0.2518099844455719,
            "Determination": 0.063727468252182,
            "Disappointment": 0.25124943256378174,
            "Disgust": 0.11558610200881958,
            "Distress": 0.33006322383880615,
            "Doubt": 0.19401919841766357,
            "Ecstasy": 0.07072120159864426,
            "Embarrassment": 0.11606768518686295,
            "Empathic Pain": 0.14677663147449493,
            "Entrancement": 0.08496557176113129,
            "Envy": 0.024356577545404434,
            "Excitement": 0.07574678212404251,
            "Fear": 0.12673597037792206,
            "Guilt": 0.11308726668357849,
            "Horror": 0.05086715891957283,
            "Interest": 0.16524149477481842,
            "Joy": 0.09883608669042587,
            "Love": 0.11156746000051498,
            "Nostalgia": 0.06580981612205505,
            "Pain": 0.43553900718688965,
            "Pride": 0.03659408912062645,
            "Realization": 0.11348730325698853,
            "Relief": 0.08293453603982925,
            "Romance": 0.07609996199607849,
            "Sadness": 0.4051342308521271,
            "Satisfaction": 0.1730145812034607,
            "Shame": 0.10468488931655884,
            "Surprise (negative)": 0.033753566443920135,
            "Surprise (positive)": 0.015311332419514656,
            "Sympathy": 0.05250421166419983,
            "Tiredness": 0.25043579936027527,
            "Triumph": 0.02907601185142994
        },
        "prosody": {
            "Admiration": 0.15631145238876343,
            "Adoration": 0.12449026107788086,
            "Aesthetic Appreciation": 0.040633175522089005,
            "Amusement": 0.02852299064397812,
            "Anger": 0.05939390882849693,
            "Anxiety": 0.0201135091483593,
            "Awe": 0.08589760959148407,
            "Awkwardness": 0.016900304704904556,
            "Boredom": 0.005665536969900131,
            "Calmness": 0.010597296059131622,
            "Concentration": 0.0028024709317833185,
            "Confusion": 0.024609016254544258,
            "Contemplation": 0.006354433484375477,
            "Contempt": 0.02452150732278824,
            "Contentment": 0.1502392292022705,
            "Craving": 0.003240822348743677,
            "Desire": 0.0008395457407459617,
            "Determination": 0.008438413962721825,
            "Disappointment": 0.029163628816604614,
            "Disgust": 0.010547377169132233,
            "Distress": 0.024720190092921257,
            "Doubt": 0.004211592487990856,
            "Ecstasy": 0.08686729520559311,
            "Embarrassment": 0.00799569021910429,
            "Empathic Pain": 0.02771155722439289,
            "Entrancement": 0.007250390015542507,
            "Envy": 0.044765546917915344,
            "Excitement": 0.20468376576900482,
            "Fear": 0.010667831636965275,
            "Guilt": 0.006811199709773064,
            "Horror": 0.00708016287535429,
            "Interest": 0.03480849415063858,
            "Joy": 0.6132272481918335,
            "Love": 0.14214341342449188,
            "Nostalgia": 0.004895986057817936,
            "Pain": 0.007412307430058718,
            "Pride": 0.05367840826511383,
            "Realization": 0.03177455812692642,
            "Relief": 0.24288882315158844,
            "Romance": 0.010501112788915634,
            "Sadness": 0.015283779241144657,
            "Satisfaction": 0.10543830692768097,
            "Shame": 0.002545334864407778,
            "Surprise (negative)": 0.034526631236076355,
            "Surprise (positive)": 0.12902426719665527,
            "Sympathy": 0.04291507601737976,
            "Tiredness": 0.013099041767418385,
            "Triumph": 0.04608152061700821
        },
        "lang": {}
    }
}