{
    "metadata": {
        "dialogue_id": "315",
        "time_start": "00-00-00.000",
        "time_end": "00-00-03.252",
        "speaker": "Monica",
        "emotion": "neutral",
        "sentiment": "neutral",
        "file_name": "315_00-00-00.000_00-00-03.252_Monica_neutral_neutral"
    },
    "predicted": {
        "face": {
            "Admiration": 0.13952961564064026,
            "Adoration": 0.123761385679245,
            "Aesthetic Appreciation": 0.07979202270507812,
            "Amusement": 0.225433811545372,
            "Anger": 0.07730647176504135,
            "Anxiety": 0.16319948434829712,
            "Awe": 0.1251111775636673,
            "Awkwardness": 0.1697162389755249,
            "Boredom": 0.2078082114458084,
            "Calmness": 0.3058534562587738,
            "Concentration": 0.44267866015434265,
            "Confusion": 0.3560698628425598,
            "Contemplation": 0.28714171051979065,
            "Contempt": 0.1308441311120987,
            "Contentment": 0.14614081382751465,
            "Craving": 0.06747112423181534,
            "Desire": 0.08465435355901718,
            "Determination": 0.13078656792640686,
            "Disappointment": 0.24362273514270782,
            "Disgust": 0.09354889392852783,
            "Distress": 0.21734146773815155,
            "Doubt": 0.307731956243515,
            "Ecstasy": 0.059281494468450546,
            "Embarrassment": 0.10274267941713333,
            "Empathic Pain": 0.09962328523397446,
            "Entrancement": 0.13249912858009338,
            "Envy": 0.04682229459285736,
            "Excitement": 0.13622036576271057,
            "Fear": 0.12940651178359985,
            "Guilt": 0.09308014810085297,
            "Horror": 0.06459403783082962,
            "Interest": 0.3552011251449585,
            "Joy": 0.17916695773601532,
            "Love": 0.16640214622020721,
            "Nostalgia": 0.08166898787021637,
            "Pain": 0.16556663811206818,
            "Pride": 0.08043406903743744,
            "Realization": 0.1925782859325409,
            "Relief": 0.08172260224819183,
            "Romance": 0.06953654438257217,
            "Sadness": 0.23209567368030548,
            "Satisfaction": 0.17662420868873596,
            "Shame": 0.07773856073617935,
            "Surprise (negative)": 0.06956695765256882,
            "Surprise (positive)": 0.06774654984474182,
            "Sympathy": 0.07259151339530945,
            "Tiredness": 0.16022375226020813,
            "Triumph": 0.0508403480052948
        },
        "prosody": {
            "Admiration": 0.034576013684272766,
            "Adoration": 0.025327954441308975,
            "Aesthetic Appreciation": 0.010422595776617527,
            "Amusement": 0.12758852541446686,
            "Anger": 0.12624038755893707,
            "Anxiety": 0.027930354699492455,
            "Awe": 0.01681440696120262,
            "Awkwardness": 0.05318586528301239,
            "Boredom": 0.005973623134195805,
            "Calmness": 0.016103168949484825,
            "Concentration": 0.0642886683344841,
            "Confusion": 0.04582079499959946,
            "Contemplation": 0.06735430657863617,
            "Contempt": 0.07331375032663345,
            "Contentment": 0.015142918564379215,
            "Craving": 0.020870795473456383,
            "Desire": 0.00624518608674407,
            "Determination": 0.04008902236819267,
            "Disappointment": 0.12583424150943756,
            "Disgust": 0.0631510466337204,
            "Distress": 0.06687410920858383,
            "Doubt": 0.026789100840687752,
            "Ecstasy": 0.010439838282763958,
            "Embarrassment": 0.03141441196203232,
            "Empathic Pain": 0.004162822850048542,
            "Entrancement": 0.0045904736034572124,
            "Envy": 0.0322958342730999,
            "Excitement": 0.05359246954321861,
            "Fear": 0.015287177637219429,
            "Guilt": 0.01330344844609499,
            "Horror": 0.005690374411642551,
            "Interest": 0.17078563570976257,
            "Joy": 0.031111685559153557,
            "Love": 0.015715623274445534,
            "Nostalgia": 0.23630663752555847,
            "Pain": 0.006137941498309374,
            "Pride": 0.04410511255264282,
            "Realization": 0.05107096582651138,
            "Relief": 0.0053877634927630424,
            "Romance": 0.010271500796079636,
            "Sadness": 0.011644325219094753,
            "Satisfaction": 0.024884842336177826,
            "Shame": 0.010874827392399311,
            "Surprise (negative)": 0.03459346294403076,
            "Surprise (positive)": 0.01519104465842247,
            "Sympathy": 0.006929532624781132,
            "Tiredness": 0.005017607938498259,
            "Triumph": 0.011399444192647934
        },
        "lang": {
            "Admiration": 0.02643729650105039,
            "Adoration": 0.016155184867481392,
            "Aesthetic Appreciation": 0.02016411063571771,
            "Amusement": 0.09568793221066395,
            "Anger": 0.002462960942648351,
            "Annoyance": 0.019704988102118175,
            "Anxiety": 0.009147601015865803,
            "Awe": 0.01503819931919376,
            "Awkwardness": 0.04660506642734011,
            "Boredom": 0.015143118426203727,
            "Calmness": 0.04087563094993432,
            "Concentration": 0.07903834556539853,
            "Confusion": 0.03291076257204016,
            "Contemplation": 0.1672481526931127,
            "Contempt": 0.018677813497682414,
            "Contentment": 0.011290502734482288,
            "Craving": 0.019324313787122568,
            "Desire": 0.00823611209052615,
            "Determination": 0.030031646757076185,
            "Disappointment": 0.0067075605116163695,
            "Disapproval": 0.01927153767707447,
            "Disgust": 0.005789530960222085,
            "Distress": 0.008465081965550781,
            "Doubt": 0.016103718414281806,
            "Ecstasy": 0.0022292974831846853,
            "Embarrassment": 0.011011010082438589,
            "Empathic Pain": 0.010070525311554472,
            "Enthusiasm": 0.07140675274034342,
            "Entrancement": 0.02467985407759746,
            "Envy": 0.0034640956204384566,
            "Excitement": 0.031167420806984106,
            "Fear": 0.0059295518323779104,
            "Gratitude": 0.006048665094810227,
            "Guilt": 0.0025138114967073,
            "Horror": 0.0037290044284115234,
            "Interest": 0.17330809459090232,
            "Joy": 0.018285094201564787,
            "Love": 0.01142229065299034,
            "Nostalgia": 0.7505156199137369,
            "Pain": 0.006393132576098044,
            "Pride": 0.0076725817595918976,
            "Realization": 0.10325083235899607,
            "Relief": 0.0034321213296304148,
            "Romance": 0.011629241891205311,
            "Sadness": 0.005808551531905929,
            "Sarcasm": 0.02100876150652766,
            "Satisfaction": 0.016885188408195972,
            "Shame": 0.005079370488723119,
            "Surprise (negative)": 0.014931319033106167,
            "Surprise (positive)": 0.03039856506511569,
            "Sympathy": 0.007657296024262905,
            "Tiredness": 0.003590366403417041,
            "Triumph": 0.008901630264396469
        }
    }
}