{
    "metadata": {
        "dialogue_id": "317",
        "time_start": "00-00-21.981",
        "time_end": "00-00-25.503",
        "speaker": "Ross",
        "emotion": "joy",
        "sentiment": "positive",
        "text_content": "Hey, y\u0092know what nickname never caught on? The Ross-A-Tron!",
        "file_name": "317_00-00-21.981_00-00-25.503_Ross_joy_positive"
    },
    "predicted": {
        "face": {
            "Admiration": 0.11039695143699646,
            "Adoration": 0.07531314343214035,
            "Aesthetic Appreciation": 0.07387687265872955,
            "Amusement": 0.11470885574817657,
            "Anger": 0.09565627574920654,
            "Anxiety": 0.16617359220981598,
            "Awe": 0.13249221444129944,
            "Awkwardness": 0.19496169686317444,
            "Boredom": 0.3277575373649597,
            "Calmness": 0.4116626977920532,
            "Concentration": 0.5027927756309509,
            "Confusion": 0.47992029786109924,
            "Contemplation": 0.267493337392807,
            "Contempt": 0.19053204357624054,
            "Contentment": 0.11072635650634766,
            "Craving": 0.060247521847486496,
            "Desire": 0.05587754771113396,
            "Determination": 0.14890748262405396,
            "Disappointment": 0.2930994927883148,
            "Disgust": 0.10460007190704346,
            "Distress": 0.2015908807516098,
            "Doubt": 0.3935316801071167,
            "Ecstasy": 0.029737155884504318,
            "Embarrassment": 0.09318094700574875,
            "Empathic Pain": 0.09273231774568558,
            "Entrancement": 0.14949899911880493,
            "Envy": 0.05768643319606781,
            "Excitement": 0.06243296340107918,
            "Fear": 0.13244163990020752,
            "Guilt": 0.08505558967590332,
            "Horror": 0.06036778911948204,
            "Interest": 0.3283652365207672,
            "Joy": 0.07105397433042526,
            "Love": 0.07943595945835114,
            "Nostalgia": 0.07380633801221848,
            "Pain": 0.11640041321516037,
            "Pride": 0.06493286043405533,
            "Realization": 0.1931692510843277,
            "Relief": 0.0647064745426178,
            "Romance": 0.04198022559285164,
            "Sadness": 0.23240883648395538,
            "Satisfaction": 0.09704287350177765,
            "Shame": 0.06823869049549103,
            "Surprise (negative)": 0.08363567292690277,
            "Surprise (positive)": 0.06685768067836761,
            "Sympathy": 0.06952719390392303,
            "Tiredness": 0.2050975114107132,
            "Triumph": 0.0305788591504097
        },
        "prosody": {
            "Admiration": 0.014894428662955761,
            "Adoration": 0.006150894798338413,
            "Aesthetic Appreciation": 0.018509332090616226,
            "Amusement": 0.1459164172410965,
            "Anger": 0.07152935862541199,
            "Anxiety": 0.016079865396022797,
            "Awe": 0.0556066632270813,
            "Awkwardness": 0.014105988666415215,
            "Boredom": 0.0006561499321833253,
            "Calmness": 0.00617022393271327,
            "Concentration": 0.049543071538209915,
            "Confusion": 0.09931094944477081,
            "Contemplation": 0.047817833721637726,
            "Contempt": 0.016792668029665947,
            "Contentment": 0.005272678565233946,
            "Craving": 0.004668357782065868,
            "Desire": 0.001081771799363196,
            "Determination": 0.1443740427494049,
            "Disappointment": 0.04796368628740311,
            "Disgust": 0.013712870888411999,
            "Distress": 0.03348034247756004,
            "Doubt": 0.02273334562778473,
            "Ecstasy": 0.011289319023489952,
            "Embarrassment": 0.011432088911533356,
            "Empathic Pain": 0.0027829203754663467,
            "Entrancement": 0.006628005765378475,
            "Envy": 0.02748039737343788,
            "Excitement": 0.22876666486263275,
            "Fear": 0.00297027500346303,
            "Guilt": 0.004675803240388632,
            "Horror": 0.004702892154455185,
            "Interest": 0.1664247065782547,
            "Joy": 0.03714531287550926,
            "Love": 0.0027501904405653477,
            "Nostalgia": 0.016185909509658813,
            "Pain": 0.0034747764002531767,
            "Pride": 0.04547223076224327,
            "Realization": 0.056375302374362946,
            "Relief": 0.00232316879555583,
            "Romance": 0.007766522467136383,
            "Sadness": 0.012966309674084187,
            "Satisfaction": 0.02366228960454464,
            "Shame": 0.0064530507661402225,
            "Surprise (negative)": 0.0592632070183754,
            "Surprise (positive)": 0.12459691613912582,
            "Sympathy": 0.0029732428956776857,
            "Tiredness": 0.0009740370442159474,
            "Triumph": 0.04731974005699158
        },
        "lang": {}
    }
}