{
    "metadata": {
        "dialogue_id": "317",
        "time_start": "00-00-12.846",
        "time_end": "00-00-17.892",
        "speaker": "Rachel",
        "emotion": "anger",
        "sentiment": "negative",
        "text_content": "\"Pheebs, can\u0092t make it, got a date. Talk to you later. Big Daddy.\"  Big Daddy?",
        "file_name": "317_00-00-12.846_00-00-17.892_Rachel_anger_negative"
    },
    "predicted": {
        "face": {
            "Admiration": 0.07344356924295425,
            "Adoration": 0.0619276687502861,
            "Aesthetic Appreciation": 0.058049265295267105,
            "Amusement": 0.0805015116930008,
            "Anger": 0.07055405527353287,
            "Anxiety": 0.17145052552223206,
            "Awe": 0.05267636105418205,
            "Awkwardness": 0.18877653777599335,
            "Boredom": 0.5912273526191711,
            "Calmness": 0.45870333909988403,
            "Concentration": 0.3982000946998596,
            "Confusion": 0.4164554476737976,
            "Contemplation": 0.27234208583831787,
            "Contempt": 0.21990671753883362,
            "Contentment": 0.12023497372865677,
            "Craving": 0.04397902637720108,
            "Desire": 0.051083043217659,
            "Determination": 0.10074234008789062,
            "Disappointment": 0.47430890798568726,
            "Disgust": 0.10576749593019485,
            "Distress": 0.252881795167923,
            "Doubt": 0.3842255175113678,
            "Ecstasy": 0.02166389487683773,
            "Embarrassment": 0.11788225173950195,
            "Empathic Pain": 0.10497942566871643,
            "Entrancement": 0.10367149114608765,
            "Envy": 0.04467663913965225,
            "Excitement": 0.028966059908270836,
            "Fear": 0.06661707907915115,
            "Guilt": 0.11094935983419418,
            "Horror": 0.023282278329133987,
            "Interest": 0.20659902691841125,
            "Joy": 0.05139019712805748,
            "Love": 0.07626089453697205,
            "Nostalgia": 0.08291136473417282,
            "Pain": 0.15938948094844818,
            "Pride": 0.05986223369836807,
            "Realization": 0.15387538075447083,
            "Relief": 0.08925582468509674,
            "Romance": 0.043030738830566406,
            "Sadness": 0.3395152986049652,
            "Satisfaction": 0.10554172098636627,
            "Shame": 0.11690673232078552,
            "Surprise (negative)": 0.03069155290722847,
            "Surprise (positive)": 0.017138171941041946,
            "Sympathy": 0.07081501185894012,
            "Tiredness": 0.44289278984069824,
            "Triumph": 0.02171514555811882
        },
        "prosody": {
            "Admiration": 0.0714940195903182,
            "Adoration": 0.03990394063293934,
            "Aesthetic Appreciation": 0.046053437516093254,
            "Amusement": 0.1899513527750969,
            "Anger": 0.04030192410573363,
            "Anxiety": 0.09698220808058977,
            "Awe": 0.05071974475868046,
            "Awkwardness": 0.06575829535722733,
            "Boredom": 0.026441837660968304,
            "Calmness": 0.04096256010234356,
            "Concentration": 0.020587931852787733,
            "Confusion": 0.042789263650774956,
            "Contemplation": 0.02057764958590269,
            "Contempt": 0.03973050694912672,
            "Contentment": 0.04903185833245516,
            "Craving": 0.023290264420211315,
            "Desire": 0.015750482212752104,
            "Determination": 0.07390093058347702,
            "Disappointment": 0.048367027658969164,
            "Disgust": 0.018673855811357498,
            "Distress": 0.1118625015951693,
            "Doubt": 0.027227008249610662,
            "Ecstasy": 0.03582699038088322,
            "Embarrassment": 0.015021526720374823,
            "Empathic Pain": 0.021655157674103975,
            "Entrancement": 0.016008879523724318,
            "Envy": 0.03139530122280121,
            "Excitement": 0.2412668839097023,
            "Fear": 0.0605615412350744,
            "Guilt": 0.01434636814519763,
            "Horror": 0.012477501295506954,
            "Interest": 0.16602778434753418,
            "Joy": 0.07036348059773445,
            "Love": 0.021520114969462156,
            "Nostalgia": 0.007533015450462699,
            "Pain": 0.011236084043048322,
            "Pride": 0.07422726042568684,
            "Realization": 0.035512679256498814,
            "Relief": 0.033292715437710285,
            "Romance": 0.01270945742726326,
            "Sadness": 0.02411318337544799,
            "Satisfaction": 0.07297203503549099,
            "Shame": 0.01473234361037612,
            "Surprise (negative)": 0.05685452278703451,
            "Surprise (positive)": 0.11017453297972679,
            "Sympathy": 0.03938078787177801,
            "Tiredness": 0.024714507395401597,
            "Triumph": 0.06437425129115582
        },
        "lang": {}
    }
}