{
    "metadata": {
        "dialogue_id": "319",
        "time_start": "00-00-05.089",
        "time_end": "00-00-07.590",
        "speaker": "Monica",
        "emotion": "joy",
        "sentiment": "positive",
        "text_content": "Ooh, nice.",
        "file_name": "319_00-00-05.089_00-00-07.590_Monica_joy_positive"
    },
    "predicted": {
        "face": {
            "Admiration": 0.16919124126434326,
            "Adoration": 0.14316879212856293,
            "Aesthetic Appreciation": 0.10574542731046677,
            "Amusement": 0.3703390061855316,
            "Anger": 0.034985512495040894,
            "Anxiety": 0.09414486587047577,
            "Awe": 0.11964542418718338,
            "Awkwardness": 0.22149138152599335,
            "Boredom": 0.28960031270980835,
            "Calmness": 0.32886335253715515,
            "Concentration": 0.3731008768081665,
            "Confusion": 0.27447274327278137,
            "Contemplation": 0.20445403456687927,
            "Contempt": 0.1183529645204544,
            "Contentment": 0.16958856582641602,
            "Craving": 0.18859627842903137,
            "Desire": 0.32659393548965454,
            "Determination": 0.12047626078128815,
            "Disappointment": 0.12556365132331848,
            "Disgust": 0.04843961447477341,
            "Distress": 0.09265022724866867,
            "Doubt": 0.2127058207988739,
            "Ecstasy": 0.09486641734838486,
            "Embarrassment": 0.06609712541103363,
            "Empathic Pain": 0.03975220024585724,
            "Entrancement": 0.1600198596715927,
            "Envy": 0.0445464551448822,
            "Excitement": 0.20754972100257874,
            "Fear": 0.06658576428890228,
            "Guilt": 0.04041268676519394,
            "Horror": 0.03320440649986267,
            "Interest": 0.5068744421005249,
            "Joy": 0.2408999651670456,
            "Love": 0.1956786960363388,
            "Nostalgia": 0.06625097244977951,
            "Pain": 0.05161748826503754,
            "Pride": 0.08757806569337845,
            "Realization": 0.14580142498016357,
            "Relief": 0.08535514771938324,
            "Romance": 0.1179119199514389,
            "Sadness": 0.07521620392799377,
            "Satisfaction": 0.2792160212993622,
            "Shame": 0.037994109094142914,
            "Surprise (negative)": 0.041981831192970276,
            "Surprise (positive)": 0.05266009271144867,
            "Sympathy": 0.05122392997145653,
            "Tiredness": 0.13234949111938477,
            "Triumph": 0.06341520696878433
        },
        "prosody": {
            "Admiration": 0.1027403324842453,
            "Adoration": 0.04640072584152222,
            "Aesthetic Appreciation": 0.06746258586645126,
            "Amusement": 0.17036432027816772,
            "Anger": 0.006005679722875357,
            "Anxiety": 0.01625305600464344,
            "Awe": 0.07165198028087616,
            "Awkwardness": 0.06157222390174866,
            "Boredom": 0.06223266199231148,
            "Calmness": 0.07978537678718567,
            "Concentration": 0.007135957479476929,
            "Confusion": 0.012456566095352173,
            "Contemplation": 0.008189295418560505,
            "Contempt": 0.01694406382739544,
            "Contentment": 0.1195831447839737,
            "Craving": 0.015330376103520393,
            "Desire": 0.1056455597281456,
            "Determination": 0.012035146355628967,
            "Disappointment": 0.01637989841401577,
            "Disgust": 0.008515112102031708,
            "Distress": 0.012923289090394974,
            "Doubt": 0.011980107054114342,
            "Ecstasy": 0.056763455271720886,
            "Embarrassment": 0.013542456552386284,
            "Empathic Pain": 0.002550919074565172,
            "Entrancement": 0.044331759214401245,
            "Envy": 0.023487543687224388,
            "Excitement": 0.1436462551355362,
            "Fear": 0.006707231514155865,
            "Guilt": 0.006400060839951038,
            "Horror": 0.007900651544332504,
            "Interest": 0.14185597002506256,
            "Joy": 0.15148520469665527,
            "Love": 0.02486235648393631,
            "Nostalgia": 0.009636349976062775,
            "Pain": 0.005929901730269194,
            "Pride": 0.018001502379775047,
            "Realization": 0.015742547810077667,
            "Relief": 0.09750520437955856,
            "Romance": 0.032807257026433945,
            "Sadness": 0.0075254240073263645,
            "Satisfaction": 0.15298105776309967,
            "Shame": 0.007570337504148483,
            "Surprise (negative)": 0.014026997610926628,
            "Surprise (positive)": 0.11331100016832352,
            "Sympathy": 0.004050863906741142,
            "Tiredness": 0.020058955997228622,
            "Triumph": 0.028569553047418594
        },
        "lang": {}
    }
}