{
    "metadata": {
        "dialogue_id": "319",
        "time_start": "00-01-38.015",
        "time_end": "00-01-40.266",
        "speaker": "Monica",
        "emotion": "disgust",
        "sentiment": "negative",
        "file_name": "319_00-01-38.015_00-01-40.266_Monica_disgust_negative"
    },
    "predicted": {
        "face": {
            "Admiration": 0.11942949891090393,
            "Adoration": 0.154470756649971,
            "Aesthetic Appreciation": 0.0839785784482956,
            "Amusement": 0.1915951669216156,
            "Anger": 0.0314655601978302,
            "Anxiety": 0.09738273918628693,
            "Awe": 0.052800484001636505,
            "Awkwardness": 0.1612778753042221,
            "Boredom": 0.3466572165489197,
            "Calmness": 0.7111710906028748,
            "Concentration": 0.247702494263649,
            "Confusion": 0.14036990702152252,
            "Contemplation": 0.15905767679214478,
            "Contempt": 0.13493244349956512,
            "Contentment": 0.345644474029541,
            "Craving": 0.050828106701374054,
            "Desire": 0.11927623301744461,
            "Determination": 0.06959807127714157,
            "Disappointment": 0.2743681073188782,
            "Disgust": 0.04919940233230591,
            "Distress": 0.1492031365633011,
            "Doubt": 0.14802667498588562,
            "Ecstasy": 0.08222480118274689,
            "Embarrassment": 0.11362414807081223,
            "Empathic Pain": 0.0703381672501564,
            "Entrancement": 0.12628154456615448,
            "Envy": 0.02950233593583107,
            "Excitement": 0.07878027856349945,
            "Fear": 0.04359642416238785,
            "Guilt": 0.07631546258926392,
            "Horror": 0.015558050945401192,
            "Interest": 0.20046645402908325,
            "Joy": 0.20305579900741577,
            "Love": 0.28767067193984985,
            "Nostalgia": 0.1172075867652893,
            "Pain": 0.12884202599525452,
            "Pride": 0.10606306791305542,
            "Realization": 0.14361323416233063,
            "Relief": 0.2887350022792816,
            "Romance": 0.11581732332706451,
            "Sadness": 0.18802803754806519,
            "Satisfaction": 0.4364141821861267,
            "Shame": 0.09437191486358643,
            "Surprise (negative)": 0.01682107523083687,
            "Surprise (positive)": 0.015044311061501503,
            "Sympathy": 0.06239650398492813,
            "Tiredness": 0.44404569268226624,
            "Triumph": 0.05171026289463043
        },
        "prosody": {
            "Admiration": 0.06914907693862915,
            "Adoration": 0.10267610102891922,
            "Aesthetic Appreciation": 0.022096246480941772,
            "Amusement": 0.2516115605831146,
            "Anger": 0.0035940799862146378,
            "Anxiety": 0.06543836742639542,
            "Awe": 0.047317348420619965,
            "Awkwardness": 0.061653509736061096,
            "Boredom": 0.014265707693994045,
            "Calmness": 0.03797256946563721,
            "Concentration": 0.001496450393460691,
            "Confusion": 0.029053762555122375,
            "Contemplation": 0.022170865908265114,
            "Contempt": 0.006440415047109127,
            "Contentment": 0.09482044726610184,
            "Craving": 0.009533638134598732,
            "Desire": 0.009677045978605747,
            "Determination": 0.004303673282265663,
            "Disappointment": 0.018567701801657677,
            "Disgust": 0.004389011766761541,
            "Distress": 0.060029298067092896,
            "Doubt": 0.007789200637489557,
            "Ecstasy": 0.10597433149814606,
            "Embarrassment": 0.03336072713136673,
            "Empathic Pain": 0.03870762139558792,
            "Entrancement": 0.01956818252801895,
            "Envy": 0.022716227918863297,
            "Excitement": 0.14759598672389984,
            "Fear": 0.030370498076081276,
            "Guilt": 0.029260151088237762,
            "Horror": 0.02271626889705658,
            "Interest": 0.0408296175301075,
            "Joy": 0.47428762912750244,
            "Love": 0.11016228795051575,
            "Nostalgia": 0.09606823325157166,
            "Pain": 0.04564675688743591,
            "Pride": 0.020690107718110085,
            "Realization": 0.09550808370113373,
            "Relief": 0.07704046368598938,
            "Romance": 0.022178061306476593,
            "Sadness": 0.09967487305402756,
            "Satisfaction": 0.09845438599586487,
            "Shame": 0.01748143695294857,
            "Surprise (negative)": 0.019484011456370354,
            "Surprise (positive)": 0.04394298046827316,
            "Sympathy": 0.03908742964267731,
            "Tiredness": 0.014425987377762794,
            "Triumph": 0.012170604430139065
        },
        "lang": {
            "Admiration": 0.04772733182956775,
            "Adoration": 0.06544220447540283,
            "Aesthetic Appreciation": 0.01356193795800209,
            "Amusement": 0.010112146536509195,
            "Anger": 0.008715755034548541,
            "Annoyance": 0.05551037366967648,
            "Anxiety": 0.019187676021829247,
            "Awe": 0.030474059671784442,
            "Awkwardness": 0.022689311920354765,
            "Boredom": 0.0230752041679807,
            "Calmness": 0.23289592253665128,
            "Concentration": 0.015379094130670031,
            "Confusion": 0.06491576148740326,
            "Contemplation": 0.07826224031547706,
            "Contempt": 0.029040153914441664,
            "Contentment": 0.10849428456276655,
            "Craving": 0.0036712946797100208,
            "Desire": 0.0038411901041399688,
            "Determination": 0.029961440013721585,
            "Disappointment": 0.030062935237462323,
            "Disapproval": 0.017732459353283048,
            "Disgust": 0.0027346396915769824,
            "Distress": 0.014493264723569155,
            "Doubt": 0.01922083190099026,
            "Ecstasy": 0.016030502922755357,
            "Embarrassment": 0.004258313308431146,
            "Empathic Pain": 0.015753591200336814,
            "Enthusiasm": 0.06344176549464464,
            "Entrancement": 0.01343046633216242,
            "Envy": 0.004542157519608736,
            "Excitement": 0.08487899065949023,
            "Fear": 0.00445902223388354,
            "Gratitude": 0.07004709859999518,
            "Guilt": 0.005275306592617805,
            "Horror": 0.0008362027583643794,
            "Interest": 0.04649518523365259,
            "Joy": 0.13132001257811984,
            "Love": 0.10785563631604116,
            "Nostalgia": 0.06444405353007217,
            "Pain": 0.009528348552218327,
            "Pride": 0.049081696197390556,
            "Realization": 0.16844488432010016,
            "Relief": 0.05415725684724748,
            "Romance": 0.011979129320631424,
            "Sadness": 0.05441538488958031,
            "Sarcasm": 0.011544233653694391,
            "Satisfaction": 0.08575685818990071,
            "Shame": 0.008484564973817518,
            "Surprise (negative)": 0.03280963096767664,
            "Surprise (positive)": 0.05842032873382171,
            "Sympathy": 0.023095716334258515,
            "Tiredness": 0.014266864532449594,
            "Triumph": 0.03140656060228745
        }
    }
}