{
    "metadata": {
        "dialogue_id": "320",
        "time_start": "00-00-26.527",
        "time_end": "00-00-31.239",
        "speaker": "Chandler",
        "emotion": "sadness",
        "sentiment": "negative",
        "text_content": "When you were talking about Roger, that was killing me!",
        "file_name": "320_00-00-26.527_00-00-31.239_Chandler_sadness_negative"
    },
    "predicted": {
        "face": {
            "Admiration": 0.08268941938877106,
            "Adoration": 0.058998506516218185,
            "Aesthetic Appreciation": 0.06437516957521439,
            "Amusement": 0.09343580901622772,
            "Anger": 0.09427087008953094,
            "Anxiety": 0.1649722158908844,
            "Awe": 0.07440821081399918,
            "Awkwardness": 0.20473039150238037,
            "Boredom": 0.478499174118042,
            "Calmness": 0.4157331585884094,
            "Concentration": 0.5146820545196533,
            "Confusion": 0.5324763655662537,
            "Contemplation": 0.2944197356700897,
            "Contempt": 0.23473423719406128,
            "Contentment": 0.1037730947136879,
            "Craving": 0.05799946188926697,
            "Desire": 0.05505456030368805,
            "Determination": 0.13976575434207916,
            "Disappointment": 0.36125463247299194,
            "Disgust": 0.127344012260437,
            "Distress": 0.21199312806129456,
            "Doubt": 0.45955970883369446,
            "Ecstasy": 0.021404217928647995,
            "Embarrassment": 0.09467487037181854,
            "Empathic Pain": 0.09778439253568649,
            "Entrancement": 0.12186761945486069,
            "Envy": 0.05764463543891907,
            "Excitement": 0.03944886848330498,
            "Fear": 0.08782560378313065,
            "Guilt": 0.08923007547855377,
            "Horror": 0.035757921636104584,
            "Interest": 0.2929683327674866,
            "Joy": 0.05332815647125244,
            "Love": 0.06433942168951035,
            "Nostalgia": 0.07032482326030731,
            "Pain": 0.12852711975574493,
            "Pride": 0.05945652350783348,
            "Realization": 0.15668807923793793,
            "Relief": 0.05619834363460541,
            "Romance": 0.0376717709004879,
            "Sadness": 0.2796059250831604,
            "Satisfaction": 0.08725437521934509,
            "Shame": 0.08090004324913025,
            "Surprise (negative)": 0.049082376062870026,
            "Surprise (positive)": 0.031476039439439774,
            "Sympathy": 0.07219445705413818,
            "Tiredness": 0.262678325176239,
            "Triumph": 0.023538006469607353
        },
        "prosody": {
            "Admiration": 0.006493058521300554,
            "Adoration": 0.0063733558636158705,
            "Aesthetic Appreciation": 0.005959720117971301,
            "Amusement": 0.02951651904731989,
            "Anger": 0.2277786247432232,
            "Anxiety": 0.10727504268288612,
            "Awe": 0.018944861833006144,
            "Awkwardness": 0.0763571560382843,
            "Boredom": 0.007082105963490903,
            "Calmness": 0.007833045441657305,
            "Concentration": 0.010223927325569093,
            "Confusion": 0.19700286909937859,
            "Contemplation": 0.007326250895857811,
            "Contempt": 0.05542401224374771,
            "Contentment": 0.011101038835477084,
            "Craving": 0.0047531770542263985,
            "Desire": 0.01149812527000904,
            "Determination": 0.024509998154826462,
            "Disappointment": 0.20845194905996323,
            "Disgust": 0.06132448464632034,
            "Distress": 0.28163162246346474,
            "Doubt": 0.037065621465444565,
            "Ecstasy": 0.007432527840137482,
            "Embarrassment": 0.060756285674870014,
            "Empathic Pain": 0.06355493189767003,
            "Entrancement": 0.0050522994715720415,
            "Envy": 0.01816707942634821,
            "Excitement": 0.035739565500989556,
            "Fear": 0.05262591224163771,
            "Guilt": 0.032894798554480076,
            "Horror": 0.04250633716583252,
            "Interest": 0.026543323881924152,
            "Joy": 0.00841815205058083,
            "Love": 0.011140738148242235,
            "Nostalgia": 0.015323533676564693,
            "Pain": 0.0677787996828556,
            "Pride": 0.006111679511377588,
            "Realization": 0.04284112900495529,
            "Relief": 0.01123951526824385,
            "Romance": 0.016054931096732616,
            "Sadness": 0.08533930964767933,
            "Satisfaction": 0.008183530764654279,
            "Shame": 0.02637359406799078,
            "Surprise (negative)": 0.24163660407066345,
            "Surprise (positive)": 0.03584917075932026,
            "Sympathy": 0.01991205126978457,
            "Tiredness": 0.015806703362613916,
            "Triumph": 0.007927652477519587
        },
        "lang": {}
    }
}