{
    "metadata": {
        "dialogue_id": "326",
        "time_start": "00-00-19.436",
        "time_end": "00-00-22.855",
        "speaker": "Rachel",
        "emotion": "joy",
        "sentiment": "positive",
        "text_content": "Yeah. I\u0092m gonna have a baby. I\u0092m gonna have a baby. I\u0092m gonna have a baby!",
        "file_name": "326_00-00-19.436_00-00-22.855_Rachel_joy_positive"
    },
    "predicted": {
        "face": {
            "Admiration": 0.027592532336711884,
            "Adoration": 0.026456741616129875,
            "Aesthetic Appreciation": 0.02506326138973236,
            "Amusement": 0.048990730196237564,
            "Anger": 0.06634187698364258,
            "Anxiety": 0.25695013999938965,
            "Awe": 0.030237872153520584,
            "Awkwardness": 0.15884219110012054,
            "Boredom": 0.24991372227668762,
            "Calmness": 0.21557898819446564,
            "Concentration": 0.2865443527698517,
            "Confusion": 0.3599701523780823,
            "Contemplation": 0.18269868195056915,
            "Contempt": 0.11460854113101959,
            "Contentment": 0.05580151826143265,
            "Craving": 0.027330787852406502,
            "Desire": 0.026680607348680496,
            "Determination": 0.05984475463628769,
            "Disappointment": 0.4921383857727051,
            "Disgust": 0.1416901797056198,
            "Distress": 0.4751412570476532,
            "Doubt": 0.27360135316848755,
            "Ecstasy": 0.016014082357287407,
            "Embarrassment": 0.1705339401960373,
            "Empathic Pain": 0.20970278978347778,
            "Entrancement": 0.058386191725730896,
            "Envy": 0.02407028339803219,
            "Excitement": 0.020716514438390732,
            "Fear": 0.11425567418336868,
            "Guilt": 0.2100750207901001,
            "Horror": 0.04248737171292305,
            "Interest": 0.10151055455207825,
            "Joy": 0.030703309923410416,
            "Love": 0.0380261093378067,
            "Nostalgia": 0.060889702290296555,
            "Pain": 0.4821121394634247,
            "Pride": 0.02448299527168274,
            "Realization": 0.12029487639665604,
            "Relief": 0.04701857268810272,
            "Romance": 0.021050654351711273,
            "Sadness": 0.707134485244751,
            "Satisfaction": 0.050179366022348404,
            "Shame": 0.20208583772182465,
            "Surprise (negative)": 0.03500846400856972,
            "Surprise (positive)": 0.012359263375401497,
            "Sympathy": 0.07690159976482391,
            "Tiredness": 0.36327436566352844,
            "Triumph": 0.01068067830055952
        },
        "prosody": {
            "Admiration": 0.012565742246806622,
            "Adoration": 0.016059751622378826,
            "Aesthetic Appreciation": 0.008784068748354912,
            "Amusement": 0.13549042493104935,
            "Anger": 0.0675462493672967,
            "Anxiety": 0.1465696096420288,
            "Awe": 0.04818576015532017,
            "Awkwardness": 0.08083991706371307,
            "Boredom": 0.006163635523989797,
            "Calmness": 0.011948853731155396,
            "Concentration": 0.007847446016967297,
            "Confusion": 0.18472101539373398,
            "Contemplation": 0.01392819662578404,
            "Contempt": 0.02243179501965642,
            "Contentment": 0.01576862158253789,
            "Craving": 0.005380656570196152,
            "Desire": 0.011024354957044125,
            "Determination": 0.021100317128002644,
            "Disappointment": 0.038077409379184246,
            "Disgust": 0.021418912336230278,
            "Distress": 0.17367099598050117,
            "Doubt": 0.058610593900084496,
            "Ecstasy": 0.03281271457672119,
            "Embarrassment": 0.033521924167871475,
            "Empathic Pain": 0.022785290144383907,
            "Entrancement": 0.009603765793144703,
            "Envy": 0.01886938652023673,
            "Excitement": 0.14046479016542435,
            "Fear": 0.06325716339051723,
            "Guilt": 0.012437667464837432,
            "Horror": 0.053207557648420334,
            "Interest": 0.07210341282188892,
            "Joy": 0.05990050919353962,
            "Love": 0.009654722874984145,
            "Nostalgia": 0.017798743210732937,
            "Pain": 0.03613624442368746,
            "Pride": 0.016295702196657658,
            "Realization": 0.1069251149892807,
            "Relief": 0.023320578038692474,
            "Romance": 0.011131713166832924,
            "Sadness": 0.026250728406012058,
            "Satisfaction": 0.02381287608295679,
            "Shame": 0.018304026685655117,
            "Surprise (negative)": 0.21345824748277664,
            "Surprise (positive)": 0.1351180300116539,
            "Sympathy": 0.015947529580444098,
            "Tiredness": 0.008847534423694015,
            "Triumph": 0.019252643454819918
        },
        "lang": {}
    }
}