{
    "metadata": {
        "dialogue_id": "329",
        "time_start": "00-00-45.795",
        "time_end": "00-00-47.254",
        "speaker": "Rachel",
        "emotion": "anger",
        "sentiment": "negative",
        "file_name": "329_00-00-45.795_00-00-47.254_Rachel_anger_negative"
    },
    "predicted": {
        "face": {
            "Admiration": 0.06524768471717834,
            "Adoration": 0.05068808048963547,
            "Aesthetic Appreciation": 0.03744582086801529,
            "Amusement": 0.19380852580070496,
            "Anger": 0.22007077932357788,
            "Anxiety": 0.17651152610778809,
            "Awe": 0.18083712458610535,
            "Awkwardness": 0.16703826189041138,
            "Boredom": 0.1563422679901123,
            "Calmness": 0.09785693883895874,
            "Concentration": 0.1385307013988495,
            "Confusion": 0.308601438999176,
            "Contemplation": 0.06972096860408783,
            "Contempt": 0.1288672238588333,
            "Contentment": 0.0627882182598114,
            "Craving": 0.06199011579155922,
            "Desire": 0.07240258902311325,
            "Determination": 0.10238216817378998,
            "Disappointment": 0.24165628850460052,
            "Disgust": 0.1711423248052597,
            "Distress": 0.31044408679008484,
            "Doubt": 0.17477405071258545,
            "Ecstasy": 0.09509827941656113,
            "Embarrassment": 0.09141933917999268,
            "Empathic Pain": 0.13605733215808868,
            "Entrancement": 0.07545409351587296,
            "Envy": 0.03479941189289093,
            "Excitement": 0.19258466362953186,
            "Fear": 0.28462111949920654,
            "Guilt": 0.06418641656637192,
            "Horror": 0.23259954154491425,
            "Interest": 0.16676457226276398,
            "Joy": 0.13370281457901,
            "Love": 0.06853999942541122,
            "Nostalgia": 0.044475920498371124,
            "Pain": 0.37444522976875305,
            "Pride": 0.06574831157922745,
            "Realization": 0.13809916377067566,
            "Relief": 0.053322721272706985,
            "Romance": 0.027146749198436737,
            "Sadness": 0.2719059884548187,
            "Satisfaction": 0.11279770731925964,
            "Shame": 0.05486597120761871,
            "Surprise (negative)": 0.19116801023483276,
            "Surprise (positive)": 0.11862536519765854,
            "Sympathy": 0.04100426658987999,
            "Tiredness": 0.1666518896818161,
            "Triumph": 0.08834696561098099
        },
        "prosody": {
            "Admiration": 0.001753810909576714,
            "Adoration": 0.001127617433667183,
            "Aesthetic Appreciation": 0.0007453103316947818,
            "Amusement": 0.025061193853616714,
            "Anger": 0.8129526972770691,
            "Anxiety": 0.0860927551984787,
            "Awe": 0.005891894455999136,
            "Awkwardness": 0.03675980120897293,
            "Boredom": 0.0032932693138718605,
            "Calmness": 0.0033082326408475637,
            "Concentration": 0.01286387536674738,
            "Confusion": 0.037466682493686676,
            "Contemplation": 0.00606992281973362,
            "Contempt": 0.157098650932312,
            "Contentment": 0.00705511961132288,
            "Craving": 0.0016356806736439466,
            "Desire": 0.0011568316258490086,
            "Determination": 0.231913760304451,
            "Disappointment": 0.06863833963871002,
            "Disgust": 0.0955025926232338,
            "Distress": 0.20909130573272705,
            "Doubt": 0.011312275193631649,
            "Ecstasy": 0.009233521297574043,
            "Embarrassment": 0.042190372943878174,
            "Empathic Pain": 0.004768825136125088,
            "Entrancement": 0.0011704120552167296,
            "Envy": 0.004188585560768843,
            "Excitement": 0.03860895708203316,
            "Fear": 0.02606414631009102,
            "Guilt": 0.028254326432943344,
            "Horror": 0.020412124693393707,
            "Interest": 0.004379037767648697,
            "Joy": 0.0035211455542594194,
            "Love": 0.001210886868648231,
            "Nostalgia": 0.002490095794200897,
            "Pain": 0.010021195746958256,
            "Pride": 0.07321804016828537,
            "Realization": 0.08938902616500854,
            "Relief": 0.010128175839781761,
            "Romance": 0.0008192089153453708,
            "Sadness": 0.006681821774691343,
            "Satisfaction": 0.012959680519998074,
            "Shame": 0.044241033494472504,
            "Surprise (negative)": 0.07241222262382507,
            "Surprise (positive)": 0.007339853793382645,
            "Sympathy": 0.002203690819442272,
            "Tiredness": 0.007193431258201599,
            "Triumph": 0.054351650178432465
        },
        "lang": {
            "Admiration": 0.0020018099166918546,
            "Adoration": 0.0007671769999433309,
            "Aesthetic Appreciation": 0.002276236809848342,
            "Amusement": 0.014896518317982554,
            "Anger": 0.21852057764772326,
            "Annoyance": 0.25921729393303394,
            "Anxiety": 0.01273715664865449,
            "Awe": 0.0015502173773711547,
            "Awkwardness": 0.0329803554341197,
            "Boredom": 0.19088791601825505,
            "Calmness": 0.2014641324058175,
            "Concentration": 0.015794067396200262,
            "Confusion": 0.02458240103442222,
            "Contemplation": 0.060936398105695844,
            "Contempt": 0.1246748324483633,
            "Contentment": 0.13705616892548278,
            "Craving": 0.0016825886850710958,
            "Desire": 0.0002548034772189567,
            "Determination": 0.03309872467070818,
            "Disappointment": 0.047476219362579286,
            "Disapproval": 0.06928888405673206,
            "Disgust": 0.01947198185371235,
            "Distress": 0.033915287582203746,
            "Doubt": 0.031058330554515123,
            "Ecstasy": 0.0012711492454400286,
            "Embarrassment": 0.004657161654904485,
            "Empathic Pain": 0.004605141351930797,
            "Enthusiasm": 0.02116104308515787,
            "Entrancement": 0.0021092245588079095,
            "Envy": 0.002808512799674645,
            "Excitement": 0.006985043699387461,
            "Fear": 0.0020176100661046803,
            "Gratitude": 0.023337166669080034,
            "Guilt": 0.004768103564856574,
            "Horror": 0.0013086134022159968,
            "Interest": 0.014930678764358163,
            "Joy": 0.010722507140599191,
            "Love": 0.0010320316650904715,
            "Nostalgia": 0.0006339557949104346,
            "Pain": 0.008598690794315189,
            "Pride": 0.015299260965548456,
            "Realization": 0.07553981989622116,
            "Relief": 0.04325971589423716,
            "Romance": 0.00026537253506830893,
            "Sadness": 0.017037157085724175,
            "Sarcasm": 0.1665792092680931,
            "Satisfaction": 0.08455742511432618,
            "Shame": 0.0074827587231993675,
            "Surprise (negative)": 0.023517445952165872,
            "Surprise (positive)": 0.008703855448402464,
            "Sympathy": 0.005499113351106644,
            "Tiredness": 0.13736496469937265,
            "Triumph": 0.022520542377606034
        }
    }
}