{
    "metadata": {
        "dialogue_id": "32",
        "time_start": "00-00-24.233",
        "time_end": "00-00-26.695",
        "speaker": "Rachel",
        "emotion": "surprise",
        "sentiment": "positive",
        "file_name": "32_00-00-24.233_00-00-26.695_Rachel_surprise_positive"
    },
    "predicted": {
        "face": {
            "Admiration": 0.06486215442419052,
            "Adoration": 0.05967303737998009,
            "Aesthetic Appreciation": 0.04593531787395477,
            "Amusement": 0.10991384088993073,
            "Anger": 0.07875093817710876,
            "Anxiety": 0.2193083018064499,
            "Awe": 0.06428055465221405,
            "Awkwardness": 0.17187705636024475,
            "Boredom": 0.2341906577348709,
            "Calmness": 0.26458820700645447,
            "Concentration": 0.38199254870414734,
            "Confusion": 0.3387674391269684,
            "Contemplation": 0.2532457709312439,
            "Contempt": 0.12332203984260559,
            "Contentment": 0.09123896062374115,
            "Craving": 0.04294484108686447,
            "Desire": 0.04520588740706444,
            "Determination": 0.09753836691379547,
            "Disappointment": 0.4005545675754547,
            "Disgust": 0.1108754500746727,
            "Distress": 0.33675864338874817,
            "Doubt": 0.29568272829055786,
            "Ecstasy": 0.030144214630126953,
            "Embarrassment": 0.1591852903366089,
            "Empathic Pain": 0.14428597688674927,
            "Entrancement": 0.08954250812530518,
            "Envy": 0.03479348123073578,
            "Excitement": 0.05427224189043045,
            "Fear": 0.11725819855928421,
            "Guilt": 0.16232413053512573,
            "Horror": 0.04990313574671745,
            "Interest": 0.19040578603744507,
            "Joy": 0.07745715975761414,
            "Love": 0.08557121455669403,
            "Nostalgia": 0.0720706656575203,
            "Pain": 0.2713756561279297,
            "Pride": 0.047088075429201126,
            "Realization": 0.1676711142063141,
            "Relief": 0.06616498529911041,
            "Romance": 0.041935570538043976,
            "Sadness": 0.4105224907398224,
            "Satisfaction": 0.09468910098075867,
            "Shame": 0.15267406404018402,
            "Surprise (negative)": 0.0511183962225914,
            "Surprise (positive)": 0.03157982975244522,
            "Sympathy": 0.0737919881939888,
            "Tiredness": 0.26433253288269043,
            "Triumph": 0.024267271161079407
        },
        "prosody": {
            "Admiration": 0,
            "Adoration": 0,
            "Aesthetic Appreciation": 0,
            "Amusement": 0,
            "Anger": 0,
            "Annoyance": 0,
            "Anxiety": 0,
            "Awe": 0,
            "Awkwardness": 0,
            "Boredom": 0,
            "Calmness": 0,
            "Concentration": 0,
            "Confusion": 0,
            "Contemplation": 0,
            "Contempt": 0,
            "Contentment": 0,
            "Craving": 0,
            "Desire": 0,
            "Determination": 0,
            "Disappointment": 0,
            "Disapproval": 0,
            "Disgust": 0,
            "Distress": 0,
            "Doubt": 0,
            "Ecstasy": 0,
            "Embarrassment": 0,
            "Empathic Pain": 0,
            "Enthusiasm": 0,
            "Entrancement": 0,
            "Envy": 0,
            "Excitement": 0,
            "Fear": 0,
            "Gratitude": 0,
            "Guilt": 0,
            "Horror": 0,
            "Interest": 0,
            "Joy": 0,
            "Love": 0,
            "Nostalgia": 0,
            "Pain": 0,
            "Pride": 0,
            "Realization": 0,
            "Relief": 0,
            "Romance": 0,
            "Sadness": 0,
            "Sarcasm": 0,
            "Satisfaction": 0,
            "Shame": 0,
            "Surprise (negative)": 0,
            "Surprise (positive)": 0,
            "Sympathy": 0,
            "Tiredness": 0,
            "Triumph": 0
        },
        "lang": {
            "Admiration": 0.022301447112113237,
            "Adoration": 0.028941478580236435,
            "Aesthetic Appreciation": 0.015131055377423763,
            "Amusement": 0.12743934616446495,
            "Anger": 0.010554254287853837,
            "Annoyance": 0.05922568868845701,
            "Anxiety": 0.009043020196259022,
            "Awe": 0.04899798333644867,
            "Awkwardness": 0.05068963021039963,
            "Boredom": 0.010086444206535816,
            "Calmness": 0.010473017347976565,
            "Concentration": 0.00531056965701282,
            "Confusion": 0.2093382477760315,
            "Contemplation": 0.01423366623930633,
            "Contempt": 0.010784768499433994,
            "Contentment": 0.006249060272239149,
            "Craving": 0.004138218238949776,
            "Desire": 0.007900135242380202,
            "Determination": 0.003222190134692937,
            "Disappointment": 0.023907662369310856,
            "Disapproval": 0.025148856453597546,
            "Disgust": 0.007318110205233097,
            "Distress": 0.020929323509335518,
            "Doubt": 0.016154262237250805,
            "Ecstasy": 0.014476916287094355,
            "Embarrassment": 0.008860302739776671,
            "Empathic Pain": 0.006241421855520457,
            "Enthusiasm": 0.08521609380841255,
            "Entrancement": 0.022188707254827023,
            "Envy": 0.0026986526208929718,
            "Excitement": 0.11460375040769577,
            "Fear": 0.006902054417878389,
            "Gratitude": 0.002377621887717396,
            "Guilt": 0.0016295412788167596,
            "Horror": 0.0076518370769917965,
            "Interest": 0.13073278963565826,
            "Joy": 0.06406579725444317,
            "Love": 0.020376207306981087,
            "Nostalgia": 0.0023217357811518013,
            "Pain": 0.007300231140106916,
            "Pride": 0.0034516622545197606,
            "Realization": 0.05975697562098503,
            "Relief": 0.0020131331984885037,
            "Romance": 0.008232888882048428,
            "Sadness": 0.006197942129801959,
            "Sarcasm": 0.06329932995140553,
            "Satisfaction": 0.011394178261980414,
            "Shame": 0.0041149373282678425,
            "Surprise (negative)": 0.2831146791577339,
            "Surprise (positive)": 0.35717007517814636,
            "Sympathy": 0.006654333847109228,
            "Tiredness": 0.0020299980824347585,
            "Triumph": 0.004261040478013456
        }
    }
}