{
    "metadata": {
        "dialogue_id": "32",
        "time_start": "00-00-35.832",
        "time_end": "00-00-36.666",
        "speaker": "Ross",
        "emotion": "joy",
        "sentiment": "positive",
        "file_name": "32_00-00-35.832_00-00-36.666_Ross_joy_positive"
    },
    "predicted": {
        "face": {
            "Admiration": 0.06889817863702774,
            "Adoration": 0.043549858033657074,
            "Aesthetic Appreciation": 0.05321495980024338,
            "Amusement": 0.07386744022369385,
            "Anger": 0.11890949308872223,
            "Anxiety": 0.2173912525177002,
            "Awe": 0.0988556370139122,
            "Awkwardness": 0.19542577862739563,
            "Boredom": 0.2783287465572357,
            "Calmness": 0.2679365277290344,
            "Concentration": 0.5338334441184998,
            "Confusion": 0.6464130282402039,
            "Contemplation": 0.3016824722290039,
            "Contempt": 0.19969002902507782,
            "Contentment": 0.06330230087041855,
            "Craving": 0.05873769521713257,
            "Desire": 0.05479875206947327,
            "Determination": 0.14921414852142334,
            "Disappointment": 0.3164495825767517,
            "Disgust": 0.1512513905763626,
            "Distress": 0.2549441456794739,
            "Doubt": 0.49089527130126953,
            "Ecstasy": 0.0205686055123806,
            "Embarrassment": 0.10389570891857147,
            "Empathic Pain": 0.09827260673046112,
            "Entrancement": 0.12238623201847076,
            "Envy": 0.055007193237543106,
            "Excitement": 0.041724078357219696,
            "Fear": 0.1431860774755478,
            "Guilt": 0.09904637932777405,
            "Horror": 0.0660572424530983,
            "Interest": 0.2724609673023224,
            "Joy": 0.038099050521850586,
            "Love": 0.04642769321799278,
            "Nostalgia": 0.05508901923894882,
            "Pain": 0.12858036160469055,
            "Pride": 0.04103666543960571,
            "Realization": 0.17917634546756744,
            "Relief": 0.038452863693237305,
            "Romance": 0.03186963126063347,
            "Sadness": 0.21470434963703156,
            "Satisfaction": 0.057069238275289536,
            "Shame": 0.0815398097038269,
            "Surprise (negative)": 0.08974069356918335,
            "Surprise (positive)": 0.051463041454553604,
            "Sympathy": 0.05861815810203552,
            "Tiredness": 0.18595552444458008,
            "Triumph": 0.019729629158973694
        },
        "prosody": {
            "Admiration": 0.015858296304941177,
            "Adoration": 0.009621663950383663,
            "Aesthetic Appreciation": 0.007377680391073227,
            "Amusement": 0.11991628259420395,
            "Anger": 0.08924457430839539,
            "Anxiety": 0.07858225703239441,
            "Awe": 0.03333769366145134,
            "Awkwardness": 0.049103159457445145,
            "Boredom": 0.007277795113623142,
            "Calmness": 0.05740293860435486,
            "Concentration": 0.10490542650222778,
            "Confusion": 0.06065972149372101,
            "Contemplation": 0.042395129799842834,
            "Contempt": 0.032000623643398285,
            "Contentment": 0.021507393568754196,
            "Craving": 0.01771584525704384,
            "Desire": 0.013948781415820122,
            "Determination": 0.4045853912830353,
            "Disappointment": 0.025552308186888695,
            "Disgust": 0.01773129403591156,
            "Distress": 0.10381722450256348,
            "Doubt": 0.0861983671784401,
            "Ecstasy": 0.024571886286139488,
            "Embarrassment": 0.02087230235338211,
            "Empathic Pain": 0.0233601126819849,
            "Entrancement": 0.017816592007875443,
            "Envy": 0.031230803579092026,
            "Excitement": 0.13421474397182465,
            "Fear": 0.08717138320207596,
            "Guilt": 0.02201772667467594,
            "Horror": 0.03981407731771469,
            "Interest": 0.21259534358978271,
            "Joy": 0.01883743144571781,
            "Love": 0.011057676747441292,
            "Nostalgia": 0.00846019759774208,
            "Pain": 0.019425664097070694,
            "Pride": 0.01635746657848358,
            "Realization": 0.22569191455841064,
            "Relief": 0.02893642708659172,
            "Romance": 0.012066669762134552,
            "Sadness": 0.00860473420470953,
            "Satisfaction": 0.018999723717570305,
            "Shame": 0.01434791088104248,
            "Surprise (negative)": 0.0723603218793869,
            "Surprise (positive)": 0.1280078887939453,
            "Sympathy": 0.04973624646663666,
            "Tiredness": 0.008099667727947235,
            "Triumph": 0.022776758298277855
        },
        "lang": {
            "Admiration": 0.017163879796862604,
            "Adoration": 0.009610066330060363,
            "Aesthetic Appreciation": 0.008598280791193246,
            "Amusement": 0.04788397685624659,
            "Anger": 0.039520774967968464,
            "Annoyance": 0.10600309893488884,
            "Anxiety": 0.03505163723602891,
            "Awe": 0.014564945083111524,
            "Awkwardness": 0.03469339422881603,
            "Boredom": 0.01773374694166705,
            "Calmness": 0.048862837720662355,
            "Concentration": 0.04615906774997711,
            "Confusion": 0.1579437844455242,
            "Contemplation": 0.08268626257777215,
            "Contempt": 0.04548535384237766,
            "Contentment": 0.015469129849225282,
            "Craving": 0.005731965019367635,
            "Desire": 0.009245260618627071,
            "Determination": 0.14856290221214294,
            "Disappointment": 0.04330404009670019,
            "Disapproval": 0.07251432053744793,
            "Disgust": 0.010432923585176468,
            "Distress": 0.03512211600318551,
            "Doubt": 0.04953983938321471,
            "Ecstasy": 0.00801815238664858,
            "Embarrassment": 0.009935577120631933,
            "Empathic Pain": 0.015467579383403063,
            "Enthusiasm": 0.1316308431327343,
            "Entrancement": 0.013354004453867674,
            "Envy": 0.006716677849180996,
            "Excitement": 0.13209767742082476,
            "Fear": 0.027834231965243816,
            "Gratitude": 0.005787928169593215,
            "Guilt": 0.0062324170023202894,
            "Horror": 0.009562978486064822,
            "Interest": 0.1300225891172886,
            "Joy": 0.017050724616274236,
            "Love": 0.009493576129898429,
            "Nostalgia": 0.003966437024064362,
            "Pain": 0.006006285687908531,
            "Pride": 0.013703112304210664,
            "Realization": 0.12335069626569747,
            "Relief": 0.008654969185590744,
            "Romance": 0.0063637124840170145,
            "Sadness": 0.009266702318564057,
            "Sarcasm": 0.029134530574083328,
            "Satisfaction": 0.02419758476316929,
            "Shame": 0.011336361244320869,
            "Surprise (negative)": 0.07281398326158524,
            "Surprise (positive)": 0.05400783931836486,
            "Sympathy": 0.017146084737032653,
            "Tiredness": 0.009975747368298472,
            "Triumph": 0.02448950931429863
        }
    }
}