{
    "metadata": {
        "dialogue_id": "337",
        "time_start": "00-00-47.422",
        "time_end": "00-00-52.634",
        "speaker": "Chandler",
        "emotion": "surprise",
        "sentiment": "negative",
        "file_name": "337_00-00-47.422_00-00-52.634_Chandler_surprise_negative"
    },
    "predicted": {
        "face": {
            "Admiration": 0.11567576974630356,
            "Adoration": 0.06798677891492844,
            "Aesthetic Appreciation": 0.07077381759881973,
            "Amusement": 0.1337319314479828,
            "Anger": 0.06875921040773392,
            "Anxiety": 0.1706739068031311,
            "Awe": 0.25010254979133606,
            "Awkwardness": 0.2237440049648285,
            "Boredom": 0.27874311804771423,
            "Calmness": 0.3310120701789856,
            "Concentration": 0.44573044776916504,
            "Confusion": 0.5662019848823547,
            "Contemplation": 0.21517084538936615,
            "Contempt": 0.14561572670936584,
            "Contentment": 0.08812525123357773,
            "Craving": 0.06299446523189545,
            "Desire": 0.057084307074546814,
            "Determination": 0.11613032966852188,
            "Disappointment": 0.23695039749145508,
            "Disgust": 0.08941846340894699,
            "Distress": 0.19048066437244415,
            "Doubt": 0.3949776589870453,
            "Ecstasy": 0.03579992428421974,
            "Embarrassment": 0.10099227726459503,
            "Empathic Pain": 0.0782274603843689,
            "Entrancement": 0.16008330881595612,
            "Envy": 0.04991568624973297,
            "Excitement": 0.08878583461046219,
            "Fear": 0.19955989718437195,
            "Guilt": 0.07436668872833252,
            "Horror": 0.12091249972581863,
            "Interest": 0.349504292011261,
            "Joy": 0.07055488973855972,
            "Love": 0.06643648445606232,
            "Nostalgia": 0.05900829657912254,
            "Pain": 0.08463316410779953,
            "Pride": 0.04843001067638397,
            "Realization": 0.23728735744953156,
            "Relief": 0.06452231854200363,
            "Romance": 0.036624014377593994,
            "Sadness": 0.15077807009220123,
            "Satisfaction": 0.08394919335842133,
            "Shame": 0.05647103488445282,
            "Surprise (negative)": 0.18772611021995544,
            "Surprise (positive)": 0.171450674533844,
            "Sympathy": 0.06222359091043472,
            "Tiredness": 0.1759416162967682,
            "Triumph": 0.028440887108445168
        },
        "prosody": {
            "Admiration": 0.003251238027587533,
            "Adoration": 0.0018031146610155702,
            "Aesthetic Appreciation": 0.003889984218403697,
            "Amusement": 0.0635700672864914,
            "Anger": 0.09770891070365906,
            "Anxiety": 0.17413978278636932,
            "Awe": 0.0044799125753343105,
            "Awkwardness": 0.10476990789175034,
            "Boredom": 0.0014146334724500775,
            "Calmness": 0.002865138230845332,
            "Concentration": 0.007461977656930685,
            "Confusion": 0.22394753992557526,
            "Contemplation": 0.013484965078532696,
            "Contempt": 0.048677489161491394,
            "Contentment": 0.001548222848214209,
            "Craving": 0.0031756216194480658,
            "Desire": 0.002726356266066432,
            "Determination": 0.014383108355104923,
            "Disappointment": 0.49388816952705383,
            "Disgust": 0.11095479875802994,
            "Distress": 0.29462486505508423,
            "Doubt": 0.13889683783054352,
            "Ecstasy": 0.0008115174132399261,
            "Embarrassment": 0.12676580250263214,
            "Empathic Pain": 0.25208914279937744,
            "Entrancement": 0.0004253443912602961,
            "Envy": 0.040191009640693665,
            "Excitement": 0.013888471759855747,
            "Fear": 0.030619442462921143,
            "Guilt": 0.12036949396133423,
            "Horror": 0.04217759519815445,
            "Interest": 0.03435168415307999,
            "Joy": 0.0013165590353310108,
            "Love": 0.0020553439389914274,
            "Nostalgia": 0.0013448386453092098,
            "Pain": 0.012889610603451729,
            "Pride": 0.00410073297098279,
            "Realization": 0.209328755736351,
            "Relief": 0.003922814503312111,
            "Romance": 0.0026889177970588207,
            "Sadness": 0.05720045790076256,
            "Satisfaction": 0.0029210185166448355,
            "Shame": 0.09294192492961884,
            "Surprise (negative)": 0.3021181523799896,
            "Surprise (positive)": 0.015006650239229202,
            "Sympathy": 0.420072466135025,
            "Tiredness": 0.01123595517128706,
            "Triumph": 0.0023055521305650473
        },
        "lang": {
            "Admiration": 0.004239481611875817,
            "Adoration": 0.0032245138427242637,
            "Aesthetic Appreciation": 0.0026400974311400205,
            "Amusement": 0.01653074088972062,
            "Anger": 0.02187750523444265,
            "Annoyance": 0.08295075409114361,
            "Anxiety": 0.09462068823631853,
            "Awe": 0.01885352353565395,
            "Awkwardness": 0.02223306125961244,
            "Boredom": 0.005586805498751346,
            "Calmness": 0.011441287948400714,
            "Concentration": 0.012629523465875536,
            "Confusion": 0.4366734530776739,
            "Contemplation": 0.06642653606832027,
            "Contempt": 0.013011495146201923,
            "Contentment": 0.00291642764932476,
            "Craving": 0.004814553802134469,
            "Desire": 0.0010164180639549159,
            "Determination": 0.006280889734625816,
            "Disappointment": 0.07251056365203112,
            "Disapproval": 0.02267419104464352,
            "Disgust": 0.005289718770654872,
            "Distress": 0.1343299078871496,
            "Doubt": 0.08685422968119383,
            "Ecstasy": 0.003549531516910065,
            "Embarrassment": 0.006132271490059793,
            "Empathic Pain": 0.008282308277557604,
            "Enthusiasm": 0.030869158450514078,
            "Entrancement": 0.009022624173667282,
            "Envy": 0.0022121423680800945,
            "Excitement": 0.07056372845545411,
            "Fear": 0.05873852735385299,
            "Gratitude": 0.001840276330767665,
            "Guilt": 0.0054746591922594234,
            "Horror": 0.02834265210549347,
            "Interest": 0.154432930983603,
            "Joy": 0.0060111344791948795,
            "Love": 0.0017488941521150991,
            "Nostalgia": 0.009329288608569186,
            "Pain": 0.010339713058783673,
            "Pride": 0.002180498748202808,
            "Realization": 0.12059811921790242,
            "Relief": 0.005081246301415376,
            "Romance": 0.0010953998898912687,
            "Sadness": 0.05958474978979211,
            "Sarcasm": 0.03539246876607649,
            "Satisfaction": 0.004830574907828122,
            "Shame": 0.0062846592627465725,
            "Surprise (negative)": 0.4165197880938649,
            "Surprise (positive)": 0.15438350196927786,
            "Sympathy": 0.005796715966425836,
            "Tiredness": 0.0026241015366395004,
            "Triumph": 0.0035073364560958
        }
    }
}