{
    "metadata": {
        "dialogue_id": "342",
        "time_start": "00-00-14.848",
        "time_end": "00-00-16.308",
        "speaker": "Chandler",
        "emotion": "anger",
        "sentiment": "negative",
        "text_content": "This game makes no sense!",
        "file_name": "342_00-00-14.848_00-00-16.308_Chandler_anger_negative"
    },
    "predicted": {
        "face": {
            "Admiration": 0.09849436581134796,
            "Adoration": 0.09265854954719543,
            "Aesthetic Appreciation": 0.060356125235557556,
            "Amusement": 0.17251601815223694,
            "Anger": 0.08175139874219894,
            "Anxiety": 0.20719705522060394,
            "Awe": 0.11248225718736649,
            "Awkwardness": 0.20208141207695007,
            "Boredom": 0.2533489465713501,
            "Calmness": 0.26251429319381714,
            "Concentration": 0.33481958508491516,
            "Confusion": 0.3654560148715973,
            "Contemplation": 0.19617410004138947,
            "Contempt": 0.13209833204746246,
            "Contentment": 0.11112719029188156,
            "Craving": 0.06364540755748749,
            "Desire": 0.08128254860639572,
            "Determination": 0.10041389614343643,
            "Disappointment": 0.31224361062049866,
            "Disgust": 0.12744560837745667,
            "Distress": 0.30084478855133057,
            "Doubt": 0.2815038561820984,
            "Ecstasy": 0.049924854189157486,
            "Embarrassment": 0.14564377069473267,
            "Empathic Pain": 0.14159052073955536,
            "Entrancement": 0.11278987675905228,
            "Envy": 0.042454950511455536,
            "Excitement": 0.10140291601419449,
            "Fear": 0.18589410185813904,
            "Guilt": 0.1251453012228012,
            "Horror": 0.09111414849758148,
            "Interest": 0.26455721259117126,
            "Joy": 0.12735356390476227,
            "Love": 0.13113336265087128,
            "Nostalgia": 0.07661882042884827,
            "Pain": 0.2646842896938324,
            "Pride": 0.0540430024266243,
            "Realization": 0.16580969095230103,
            "Relief": 0.06467732787132263,
            "Romance": 0.061915572732686996,
            "Sadness": 0.388910710811615,
            "Satisfaction": 0.12804564833641052,
            "Shame": 0.11470089852809906,
            "Surprise (negative)": 0.0907633900642395,
            "Surprise (positive)": 0.06076417490839958,
            "Sympathy": 0.07484471797943115,
            "Tiredness": 0.21662825345993042,
            "Triumph": 0.03575332835316658
        },
        "prosody": {
            "Admiration": 0.002033727476373315,
            "Adoration": 0.0015951001551002264,
            "Aesthetic Appreciation": 0.0013525960966944695,
            "Amusement": 0.024838611483573914,
            "Anger": 0.27016961574554443,
            "Anxiety": 0.41510009765625,
            "Awe": 0.017779218032956123,
            "Awkwardness": 0.009477851912379265,
            "Boredom": 0.0013779469300061464,
            "Calmness": 0.0011798717314377427,
            "Concentration": 0.004974445328116417,
            "Confusion": 0.08766840398311615,
            "Contemplation": 0.0037291604094207287,
            "Contempt": 0.025098081678152084,
            "Contentment": 0.002420654986053705,
            "Craving": 0.002241620561107993,
            "Desire": 0.0004224266158416867,
            "Determination": 0.025307975709438324,
            "Disappointment": 0.07084145396947861,
            "Disgust": 0.014121618121862411,
            "Distress": 0.4591052532196045,
            "Doubt": 0.0554693304002285,
            "Ecstasy": 0.013705706223845482,
            "Embarrassment": 0.00910154264420271,
            "Empathic Pain": 0.019791370257735252,
            "Entrancement": 0.001039312221109867,
            "Envy": 0.0016415532445535064,
            "Excitement": 0.11583507806062698,
            "Fear": 0.26209837198257446,
            "Guilt": 0.00894022174179554,
            "Horror": 0.14206668734550476,
            "Interest": 0.026793260127305984,
            "Joy": 0.010263274423778057,
            "Love": 0.0009617471368983388,
            "Nostalgia": 0.0031171978916972876,
            "Pain": 0.028950655832886696,
            "Pride": 0.003373195882886648,
            "Realization": 0.1260782778263092,
            "Relief": 0.02148774079978466,
            "Romance": 0.0009988207602873445,
            "Sadness": 0.02076610177755356,
            "Satisfaction": 0.005640281829982996,
            "Shame": 0.011585217900574207,
            "Surprise (negative)": 0.21759147942066193,
            "Surprise (positive)": 0.05012835934758186,
            "Sympathy": 0.011322037316858768,
            "Tiredness": 0.0031325293239206076,
            "Triumph": 0.006357382982969284
        },
        "lang": {}
    }
}