{
    "metadata": {
        "dialogue_id": "342",
        "time_start": "00-00-33.492",
        "time_end": "00-00-35.160",
        "speaker": "Joey",
        "emotion": "neutral",
        "sentiment": "neutral",
        "file_name": "342_00-00-33.492_00-00-35.160_Joey_neutral_neutral"
    },
    "predicted": {
        "face": {
            "Admiration": 0.14428912103176117,
            "Adoration": 0.13523130118846893,
            "Aesthetic Appreciation": 0.07880540192127228,
            "Amusement": 0.2759826183319092,
            "Anger": 0.08660836517810822,
            "Anxiety": 0.14427801966667175,
            "Awe": 0.13418668508529663,
            "Awkwardness": 0.1871737241744995,
            "Boredom": 0.23731769621372223,
            "Calmness": 0.3283058702945709,
            "Concentration": 0.3612358570098877,
            "Confusion": 0.30317050218582153,
            "Contemplation": 0.20197409391403198,
            "Contempt": 0.13929453492164612,
            "Contentment": 0.17274735867977142,
            "Craving": 0.063165083527565,
            "Desire": 0.0840650424361229,
            "Determination": 0.11557026207447052,
            "Disappointment": 0.24664618074893951,
            "Disgust": 0.10705423355102539,
            "Distress": 0.20364998281002045,
            "Doubt": 0.2505642771720886,
            "Ecstasy": 0.07337978482246399,
            "Embarrassment": 0.10837244987487793,
            "Empathic Pain": 0.10303661227226257,
            "Entrancement": 0.12404625117778778,
            "Envy": 0.04588133096694946,
            "Excitement": 0.16971540451049805,
            "Fear": 0.13026922941207886,
            "Guilt": 0.08575379848480225,
            "Horror": 0.07379100471735,
            "Interest": 0.32935139536857605,
            "Joy": 0.23879410326480865,
            "Love": 0.1954917013645172,
            "Nostalgia": 0.08008003234863281,
            "Pain": 0.18189549446105957,
            "Pride": 0.09067851305007935,
            "Realization": 0.16945795714855194,
            "Relief": 0.09338170289993286,
            "Romance": 0.07086893171072006,
            "Sadness": 0.24064861238002777,
            "Satisfaction": 0.2127082198858261,
            "Shame": 0.07801511138677597,
            "Surprise (negative)": 0.0778227299451828,
            "Surprise (positive)": 0.07705029845237732,
            "Sympathy": 0.07154963165521622,
            "Tiredness": 0.17716902494430542,
            "Triumph": 0.06228327378630638
        },
        "prosody": {
            "Admiration": 0.04852578416466713,
            "Adoration": 0.01085167657583952,
            "Aesthetic Appreciation": 0.006806900724768639,
            "Amusement": 0.09931374341249466,
            "Anger": 0.07027309387922287,
            "Anxiety": 0.01689249835908413,
            "Awe": 0.007130511105060577,
            "Awkwardness": 0.14831151068210602,
            "Boredom": 0.003432908793911338,
            "Calmness": 0.012346007861196995,
            "Concentration": 0.02005097270011902,
            "Confusion": 0.05470067262649536,
            "Contemplation": 0.027871644124388695,
            "Contempt": 0.09236317873001099,
            "Contentment": 0.008945975452661514,
            "Craving": 0.002717831637710333,
            "Desire": 0.0034426655620336533,
            "Determination": 0.09105560183525085,
            "Disappointment": 0.053876083344221115,
            "Disgust": 0.016544729471206665,
            "Distress": 0.018784299492836,
            "Doubt": 0.08653032779693604,
            "Ecstasy": 0.0063035557977855206,
            "Embarrassment": 0.0254091564565897,
            "Empathic Pain": 0.006054469384253025,
            "Entrancement": 0.001963464543223381,
            "Envy": 0.013127228245139122,
            "Excitement": 0.04979051277041435,
            "Fear": 0.007802979554980993,
            "Guilt": 0.012461470440030098,
            "Horror": 0.004730581771582365,
            "Interest": 0.0873824879527092,
            "Joy": 0.007725109811872244,
            "Love": 0.005585189443081617,
            "Nostalgia": 0.01164308376610279,
            "Pain": 0.0018497527344152331,
            "Pride": 0.04293043911457062,
            "Realization": 0.12032052874565125,
            "Relief": 0.005784107372164726,
            "Romance": 0.005112906917929649,
            "Sadness": 0.004145610146224499,
            "Satisfaction": 0.015873011201620102,
            "Shame": 0.007901689037680626,
            "Surprise (negative)": 0.06531903147697449,
            "Surprise (positive)": 0.05848672240972519,
            "Sympathy": 0.03421337902545929,
            "Tiredness": 0.0013144328258931637,
            "Triumph": 0.010510406456887722
        },
        "lang": {
            "Admiration": 0.05369854066520929,
            "Adoration": 0.04769909083843231,
            "Aesthetic Appreciation": 0.01385205052793026,
            "Amusement": 0.023413630295544864,
            "Anger": 0.03497123345732689,
            "Annoyance": 0.10311393588781356,
            "Anxiety": 0.04714230932295323,
            "Awe": 0.019556112680584194,
            "Awkwardness": 0.06458612717688084,
            "Boredom": 0.006802992103621364,
            "Calmness": 0.04699683003127575,
            "Concentration": 0.08612977089360356,
            "Confusion": 0.11560995280742645,
            "Contemplation": 0.08441739082336426,
            "Contempt": 0.04875719323754311,
            "Contentment": 0.013957105856388808,
            "Craving": 0.011896971380338073,
            "Desire": 0.03429299336858094,
            "Determination": 0.23276052623987198,
            "Disappointment": 0.0347755029797554,
            "Disapproval": 0.058101434260606766,
            "Disgust": 0.006886101607233286,
            "Distress": 0.04346363805234432,
            "Doubt": 0.07423299103975296,
            "Ecstasy": 0.008110286900773644,
            "Embarrassment": 0.010305878194049,
            "Empathic Pain": 0.018232824839651586,
            "Enthusiasm": 0.05278725996613502,
            "Entrancement": 0.029681355319917203,
            "Envy": 0.010003307368606329,
            "Excitement": 0.02296030968427658,
            "Fear": 0.031026618368923665,
            "Gratitude": 0.014997340459376573,
            "Guilt": 0.005072735948488116,
            "Horror": 0.0035221864469349383,
            "Interest": 0.06219226121902466,
            "Joy": 0.02831033538095653,
            "Love": 0.04994195559993386,
            "Nostalgia": 0.00473306393250823,
            "Pain": 0.012804807908833028,
            "Pride": 0.01533692330121994,
            "Realization": 0.11861650124192238,
            "Relief": 0.006918860878795385,
            "Romance": 0.06230068793520331,
            "Sadness": 0.010228209476917983,
            "Sarcasm": 0.04391738399863243,
            "Satisfaction": 0.021467714197933675,
            "Shame": 0.01123995091766119,
            "Surprise (negative)": 0.02832619696855545,
            "Surprise (positive)": 0.023018296994268894,
            "Sympathy": 0.019832431990653276,
            "Tiredness": 0.009711788687855005,
            "Triumph": 0.02133076936006546
        }
    }
}