{
    "metadata": {
        "dialogue_id": "346",
        "time_start": "00-00-59.894",
        "time_end": "00-01-06.649",
        "speaker": "Chandler",
        "emotion": "neutral",
        "sentiment": "neutral",
        "text_content": "Oh right, your allergies.  All her, she hates you.",
        "file_name": "346_00-00-59.894_00-01-06.649_Chandler_neutral_neutral"
    },
    "predicted": {
        "face": {
            "Admiration": 0.07319416105747223,
            "Adoration": 0.042892005294561386,
            "Aesthetic Appreciation": 0.04943128675222397,
            "Amusement": 0.12377824634313583,
            "Anger": 0.1524682343006134,
            "Anxiety": 0.16893230378627777,
            "Awe": 0.17950089275836945,
            "Awkwardness": 0.23260164260864258,
            "Boredom": 0.24621382355690002,
            "Calmness": 0.2056119590997696,
            "Concentration": 0.35506555438041687,
            "Confusion": 0.735560417175293,
            "Contemplation": 0.1589631736278534,
            "Contempt": 0.20360486209392548,
            "Contentment": 0.06268671900033951,
            "Craving": 0.05180969834327698,
            "Desire": 0.05713565647602081,
            "Determination": 0.12648585438728333,
            "Disappointment": 0.2681884467601776,
            "Disgust": 0.18047091364860535,
            "Distress": 0.2110612392425537,
            "Doubt": 0.43466174602508545,
            "Ecstasy": 0.03270038217306137,
            "Embarrassment": 0.09507917612791061,
            "Empathic Pain": 0.07713887095451355,
            "Entrancement": 0.1080239862203598,
            "Envy": 0.049899451434612274,
            "Excitement": 0.08642856031656265,
            "Fear": 0.14069995284080505,
            "Guilt": 0.057852309197187424,
            "Horror": 0.10918013006448746,
            "Interest": 0.27529144287109375,
            "Joy": 0.0640280619263649,
            "Love": 0.04556570574641228,
            "Nostalgia": 0.03774097561836243,
            "Pain": 0.10206112265586853,
            "Pride": 0.046538520604372025,
            "Realization": 0.1885812133550644,
            "Relief": 0.04792081192135811,
            "Romance": 0.024994874373078346,
            "Sadness": 0.11232363432645798,
            "Satisfaction": 0.07003763318061829,
            "Shame": 0.05065992474555969,
            "Surprise (negative)": 0.18480831384658813,
            "Surprise (positive)": 0.13238467276096344,
            "Sympathy": 0.046436555683612823,
            "Tiredness": 0.16943477094173431,
            "Triumph": 0.0329974964261055
        },
        "prosody": {
            "Admiration": 0.03650713711977005,
            "Adoration": 0.022251300513744354,
            "Aesthetic Appreciation": 0.025352798402309418,
            "Amusement": 0.10831936386724313,
            "Anger": 0.10267317108809948,
            "Anxiety": 0.042255429861446224,
            "Awe": 0.055372925475239754,
            "Awkwardness": 0.03220884564022223,
            "Boredom": 0.023220163770020008,
            "Calmness": 0.037356132020552955,
            "Concentration": 0.04313053687413534,
            "Confusion": 0.02961728535592556,
            "Contemplation": 0.02969502191990614,
            "Contempt": 0.06737965221206348,
            "Contentment": 0.031468340971817575,
            "Craving": 0.006072519967953364,
            "Desire": 0.014524318277835846,
            "Determination": 0.08959773555397987,
            "Disappointment": 0.09358276768277089,
            "Disgust": 0.0838861974577109,
            "Distress": 0.06946506227056186,
            "Doubt": 0.018808731498817604,
            "Ecstasy": 0.03895830021550258,
            "Embarrassment": 0.012268881313502789,
            "Empathic Pain": 0.032994964780906834,
            "Entrancement": 0.013470060347268978,
            "Envy": 0.03422494667271773,
            "Excitement": 0.17362822654346624,
            "Fear": 0.02284961814681689,
            "Guilt": 0.012441749529292187,
            "Horror": 0.02688845122853915,
            "Interest": 0.10890308891733487,
            "Joy": 0.061266086219499506,
            "Love": 0.009914237540215254,
            "Nostalgia": 0.006060276956607898,
            "Pain": 0.021392207437505324,
            "Pride": 0.04147255063677827,
            "Realization": 0.11625733350714047,
            "Relief": 0.10934129885087411,
            "Romance": 0.010795234081645807,
            "Sadness": 0.05724729939053456,
            "Satisfaction": 0.07401438010856509,
            "Shame": 0.025431182080258925,
            "Surprise (negative)": 0.06520041450858116,
            "Surprise (positive)": 0.12756098993122578,
            "Sympathy": 0.07911925700803597,
            "Tiredness": 0.011247942068924507,
            "Triumph": 0.06537040998227894
        },
        "lang": {}
    }
}