{
    "metadata": {
        "dialogue_id": "355",
        "time_start": "00-00-05.005",
        "time_end": "00-00-07.256",
        "speaker": "Chandler",
        "emotion": "joy",
        "sentiment": "positive",
        "text_content": "I'm free! I'm free!",
        "file_name": "355_00-00-05.005_00-00-07.256_Chandler_joy_positive"
    },
    "predicted": {
        "face": {
            "Admiration": 0.12785038352012634,
            "Adoration": 0.1219058409333229,
            "Aesthetic Appreciation": 0.0681920275092125,
            "Amusement": 0.28945642709732056,
            "Anger": 0.08871550112962723,
            "Anxiety": 0.1576571762561798,
            "Awe": 0.13916710019111633,
            "Awkwardness": 0.19448234140872955,
            "Boredom": 0.2158782184123993,
            "Calmness": 0.2754950225353241,
            "Concentration": 0.2848012149333954,
            "Confusion": 0.29593566060066223,
            "Contemplation": 0.16739816963672638,
            "Contempt": 0.12654471397399902,
            "Contentment": 0.1604415774345398,
            "Craving": 0.05532434210181236,
            "Desire": 0.0732562467455864,
            "Determination": 0.09900528937578201,
            "Disappointment": 0.2837631404399872,
            "Disgust": 0.10399758070707321,
            "Distress": 0.24213600158691406,
            "Doubt": 0.23021361231803894,
            "Ecstasy": 0.08594313263893127,
            "Embarrassment": 0.13414266705513,
            "Empathic Pain": 0.11307317018508911,
            "Entrancement": 0.109954334795475,
            "Envy": 0.04019133001565933,
            "Excitement": 0.17984168231487274,
            "Fear": 0.13741138577461243,
            "Guilt": 0.09535317122936249,
            "Horror": 0.08268361538648605,
            "Interest": 0.26935362815856934,
            "Joy": 0.24742545187473297,
            "Love": 0.18223580718040466,
            "Nostalgia": 0.07691217213869095,
            "Pain": 0.22302879393100739,
            "Pride": 0.09257528185844421,
            "Realization": 0.18467259407043457,
            "Relief": 0.12207291275262833,
            "Romance": 0.06469718366861343,
            "Sadness": 0.25723692774772644,
            "Satisfaction": 0.2132864147424698,
            "Shame": 0.09082355350255966,
            "Surprise (negative)": 0.0861055999994278,
            "Surprise (positive)": 0.08488207310438156,
            "Sympathy": 0.06911910325288773,
            "Tiredness": 0.20986439287662506,
            "Triumph": 0.0686275064945221
        },
        "prosody": {
            "Admiration": 0,
            "Adoration": 0,
            "Aesthetic Appreciation": 0,
            "Amusement": 0,
            "Anger": 0,
            "Annoyance": 0,
            "Anxiety": 0,
            "Awe": 0,
            "Awkwardness": 0,
            "Boredom": 0,
            "Calmness": 0,
            "Concentration": 0,
            "Confusion": 0,
            "Contemplation": 0,
            "Contempt": 0,
            "Contentment": 0,
            "Craving": 0,
            "Desire": 0,
            "Determination": 0,
            "Disappointment": 0,
            "Disapproval": 0,
            "Disgust": 0,
            "Distress": 0,
            "Doubt": 0,
            "Ecstasy": 0,
            "Embarrassment": 0,
            "Empathic Pain": 0,
            "Enthusiasm": 0,
            "Entrancement": 0,
            "Envy": 0,
            "Excitement": 0,
            "Fear": 0,
            "Gratitude": 0,
            "Guilt": 0,
            "Horror": 0,
            "Interest": 0,
            "Joy": 0,
            "Love": 0,
            "Nostalgia": 0,
            "Pain": 0,
            "Pride": 0,
            "Realization": 0,
            "Relief": 0,
            "Romance": 0,
            "Sadness": 0,
            "Sarcasm": 0,
            "Satisfaction": 0,
            "Shame": 0,
            "Surprise (negative)": 0,
            "Surprise (positive)": 0,
            "Sympathy": 0,
            "Tiredness": 0,
            "Triumph": 0
        },
        "lang": {}
    }
}