{
    "metadata": {
        "dialogue_id": "358",
        "time_start": "00-00-21.646",
        "time_end": "00-00-24.481",
        "speaker": "Chandler",
        "emotion": "neutral",
        "sentiment": "neutral",
        "file_name": "358_00-00-21.646_00-00-24.481_Chandler_neutral_neutral"
    },
    "predicted": {
        "face": {
            "Admiration": 0.08388040959835052,
            "Adoration": 0.050319477915763855,
            "Aesthetic Appreciation": 0.05713433772325516,
            "Amusement": 0.09232156723737717,
            "Anger": 0.11219744384288788,
            "Anxiety": 0.18301653861999512,
            "Awe": 0.15239527821540833,
            "Awkwardness": 0.2044602483510971,
            "Boredom": 0.25474733114242554,
            "Calmness": 0.26771506667137146,
            "Concentration": 0.43386340141296387,
            "Confusion": 0.65761399269104,
            "Contemplation": 0.22852346301078796,
            "Contempt": 0.1902889907360077,
            "Contentment": 0.06775294244289398,
            "Craving": 0.054030127823352814,
            "Desire": 0.04309097304940224,
            "Determination": 0.132057324051857,
            "Disappointment": 0.29949381947517395,
            "Disgust": 0.13730746507644653,
            "Distress": 0.23455440998077393,
            "Doubt": 0.46444767713546753,
            "Ecstasy": 0.024094020947813988,
            "Embarrassment": 0.10104094445705414,
            "Empathic Pain": 0.103327676653862,
            "Entrancement": 0.12518560886383057,
            "Envy": 0.05534127727150917,
            "Excitement": 0.05452815070748329,
            "Fear": 0.1608126312494278,
            "Guilt": 0.08444799482822418,
            "Horror": 0.08642368018627167,
            "Interest": 0.28097105026245117,
            "Joy": 0.04538065195083618,
            "Love": 0.04824097454547882,
            "Nostalgia": 0.05797344818711281,
            "Pain": 0.13376709818840027,
            "Pride": 0.04815541207790375,
            "Realization": 0.2022443562746048,
            "Relief": 0.04954788088798523,
            "Romance": 0.027725396677851677,
            "Sadness": 0.227654829621315,
            "Satisfaction": 0.061008986085653305,
            "Shame": 0.0662558376789093,
            "Surprise (negative)": 0.1231764703989029,
            "Surprise (positive)": 0.08660033345222473,
            "Sympathy": 0.06424243748188019,
            "Tiredness": 0.17618945240974426,
            "Triumph": 0.025127604603767395
        },
        "prosody": {
            "Admiration": 0.019400956109166145,
            "Adoration": 0.006570411846041679,
            "Aesthetic Appreciation": 0.015031754970550537,
            "Amusement": 0.04062839597463608,
            "Anger": 0.07541266828775406,
            "Anxiety": 0.03909565135836601,
            "Awe": 0.024638626724481583,
            "Awkwardness": 0.02883986383676529,
            "Boredom": 0.0069089001044631,
            "Calmness": 0.07786474376916885,
            "Concentration": 0.1339358240365982,
            "Confusion": 0.04344185069203377,
            "Contemplation": 0.08921746164560318,
            "Contempt": 0.1453309804201126,
            "Contentment": 0.015647921711206436,
            "Craving": 0.0011534730438143015,
            "Desire": 0.0037107840180397034,
            "Determination": 0.11855825781822205,
            "Disappointment": 0.057744137942790985,
            "Disgust": 0.03473891317844391,
            "Distress": 0.04515248164534569,
            "Doubt": 0.06747342646121979,
            "Ecstasy": 0.0028783397283405066,
            "Embarrassment": 0.016256896778941154,
            "Empathic Pain": 0.046552713960409164,
            "Entrancement": 0.006465950049459934,
            "Envy": 0.018014006316661835,
            "Excitement": 0.020484458655118942,
            "Fear": 0.010886565782129765,
            "Guilt": 0.0072754668071866035,
            "Horror": 0.0073350160382688046,
            "Interest": 0.1219467893242836,
            "Joy": 0.0037571231368929148,
            "Love": 0.0031010096427053213,
            "Nostalgia": 0.0067417193204164505,
            "Pain": 0.0033616111613810062,
            "Pride": 0.020887551829218864,
            "Realization": 0.16109535098075867,
            "Relief": 0.0040262783877551556,
            "Romance": 0.003334770677611232,
            "Sadness": 0.006398409605026245,
            "Satisfaction": 0.018694506958127022,
            "Shame": 0.008564782328903675,
            "Surprise (negative)": 0.040168099105358124,
            "Surprise (positive)": 0.008584937080740929,
            "Sympathy": 0.11181476712226868,
            "Tiredness": 0.0026930386666208506,
            "Triumph": 0.00830125156790018
        },
        "lang": {
            "Admiration": 0.007395936292596161,
            "Adoration": 0.0015301100720535032,
            "Aesthetic Appreciation": 0.014247884013457224,
            "Amusement": 0.02171505452133715,
            "Anger": 0.018981577857630327,
            "Annoyance": 0.16522254003211856,
            "Anxiety": 0.009272493873140775,
            "Awe": 0.005608839826891199,
            "Awkwardness": 0.025591062381863594,
            "Boredom": 0.06680573127232492,
            "Calmness": 0.09512932132929564,
            "Concentration": 0.1002179910428822,
            "Confusion": 0.11355314357206225,
            "Contemplation": 0.1503204475156963,
            "Contempt": 0.0882860952988267,
            "Contentment": 0.021418473101221025,
            "Craving": 0.0011714073043549433,
            "Desire": 0.001064242678694427,
            "Determination": 0.03962096280883998,
            "Disappointment": 0.06849244330078363,
            "Disapproval": 0.11124090536031872,
            "Disgust": 0.014310809725429863,
            "Distress": 0.015685049118474126,
            "Doubt": 0.043089828453958035,
            "Ecstasy": 0.0008122120416373946,
            "Embarrassment": 0.008529791230103001,
            "Empathic Pain": 0.011554546988918446,
            "Enthusiasm": 0.011984458426013589,
            "Entrancement": 0.007372341904556379,
            "Envy": 0.002836237064911984,
            "Excitement": 0.004160654134466313,
            "Fear": 0.004042108739668038,
            "Gratitude": 0.005508850765181705,
            "Guilt": 0.007358195412962232,
            "Horror": 0.0019265782757429406,
            "Interest": 0.06255762744694948,
            "Joy": 0.0029594847292173654,
            "Love": 0.0006751433866156731,
            "Nostalgia": 0.0031049242097651586,
            "Pain": 0.004063579097419279,
            "Pride": 0.00703250290825963,
            "Realization": 0.31202761363238096,
            "Relief": 0.017049762362148613,
            "Romance": 0.0005583026140811853,
            "Sadness": 0.007828647081623785,
            "Sarcasm": 0.09259858296718448,
            "Satisfaction": 0.03353228000923991,
            "Shame": 0.013803883281070739,
            "Surprise (negative)": 0.03906827629543841,
            "Surprise (positive)": 0.022614324931055307,
            "Sympathy": 0.013627941312734038,
            "Tiredness": 0.017260194290429354,
            "Triumph": 0.01866606588009745
        }
    }
}