{
    "metadata": {
        "dialogue_id": "358",
        "time_start": "00-00-40.206",
        "time_end": "00-00-42.583",
        "speaker": "Rachel",
        "emotion": "surprise",
        "sentiment": "negative",
        "file_name": "358_00-00-40.206_00-00-42.583_Rachel_surprise_negative"
    },
    "predicted": {
        "face": {
            "Admiration": 0.1171129122376442,
            "Adoration": 0.10041970759630203,
            "Aesthetic Appreciation": 0.07776688039302826,
            "Amusement": 0.18599627912044525,
            "Anger": 0.023350270465016365,
            "Anxiety": 0.23553462326526642,
            "Awe": 0.06879199296236038,
            "Awkwardness": 0.1590327024459839,
            "Boredom": 0.18058151006698608,
            "Calmness": 0.20550647377967834,
            "Concentration": 0.5710206627845764,
            "Confusion": 0.348699688911438,
            "Contemplation": 0.47085481882095337,
            "Contempt": 0.06645770370960236,
            "Contentment": 0.08701916038990021,
            "Craving": 0.18988296389579773,
            "Desire": 0.3595685362815857,
            "Determination": 0.1254809945821762,
            "Disappointment": 0.11471660435199738,
            "Disgust": 0.0372871495783329,
            "Distress": 0.18154186010360718,
            "Doubt": 0.30746227502822876,
            "Ecstasy": 0.05305573344230652,
            "Embarrassment": 0.07573071122169495,
            "Empathic Pain": 0.05239356309175491,
            "Entrancement": 0.15712560713291168,
            "Envy": 0.033725421875715256,
            "Excitement": 0.11099445819854736,
            "Fear": 0.14101198315620422,
            "Guilt": 0.08083335310220718,
            "Horror": 0.042759113013744354,
            "Interest": 0.485821932554245,
            "Joy": 0.10996121168136597,
            "Love": 0.14093685150146484,
            "Nostalgia": 0.0625273585319519,
            "Pain": 0.07073982059955597,
            "Pride": 0.03644775226712227,
            "Realization": 0.1581948697566986,
            "Relief": 0.036171406507492065,
            "Romance": 0.13375388085842133,
            "Sadness": 0.11015670746564865,
            "Satisfaction": 0.13592135906219482,
            "Shame": 0.05361725389957428,
            "Surprise (negative)": 0.03643008694052696,
            "Surprise (positive)": 0.028730280697345734,
            "Sympathy": 0.047902144491672516,
            "Tiredness": 0.0839969664812088,
            "Triumph": 0.02449161559343338
        },
        "prosody": {
            "Admiration": 0.0040612597949802876,
            "Adoration": 0.0034668860025703907,
            "Aesthetic Appreciation": 0.003273843554779887,
            "Amusement": 0.0471731536090374,
            "Anger": 0.026605820283293724,
            "Anxiety": 0.1912752389907837,
            "Awe": 0.02950325608253479,
            "Awkwardness": 0.15141630172729492,
            "Boredom": 0.0030283464584499598,
            "Calmness": 0.0028541318606585264,
            "Concentration": 0.004437475465238094,
            "Confusion": 0.6619744896888733,
            "Contemplation": 0.008603973314166069,
            "Contempt": 0.010237708687782288,
            "Contentment": 0.0033155723940581083,
            "Craving": 0.002352400217205286,
            "Desire": 0.0029365436639636755,
            "Determination": 0.004783415235579014,
            "Disappointment": 0.04917413741350174,
            "Disgust": 0.027126934379339218,
            "Distress": 0.16743555665016174,
            "Doubt": 0.1779610961675644,
            "Ecstasy": 0.004402549471706152,
            "Embarrassment": 0.048697277903556824,
            "Empathic Pain": 0.021679896861314774,
            "Entrancement": 0.0023629278875887394,
            "Envy": 0.003560347016900778,
            "Excitement": 0.024021007120609283,
            "Fear": 0.13767991960048676,
            "Guilt": 0.029848815873265266,
            "Horror": 0.12490131705999374,
            "Interest": 0.04708065465092659,
            "Joy": 0.007509311195462942,
            "Love": 0.0017330696573480964,
            "Nostalgia": 0.0048850239254534245,
            "Pain": 0.03036103956401348,
            "Pride": 0.0022626006975769997,
            "Realization": 0.11243412643671036,
            "Relief": 0.005275317933410406,
            "Romance": 0.0022419097367674112,
            "Sadness": 0.03994419053196907,
            "Satisfaction": 0.002327214227989316,
            "Shame": 0.026171699166297913,
            "Surprise (negative)": 0.3997693955898285,
            "Surprise (positive)": 0.06517545133829117,
            "Sympathy": 0.01785333640873432,
            "Tiredness": 0.005498926155269146,
            "Triumph": 0.0025832722894847393
        },
        "lang": {
            "Admiration": 0.018779335388292868,
            "Adoration": 0.02436749093855421,
            "Aesthetic Appreciation": 0.01289221877232194,
            "Amusement": 0.02762913703918457,
            "Anger": 0.027356437271616112,
            "Annoyance": 0.10464159337182839,
            "Anxiety": 0.013037316287712505,
            "Awe": 0.02306332966933648,
            "Awkwardness": 0.060068242251873016,
            "Boredom": 0.016343452424431842,
            "Calmness": 0.08835626176247995,
            "Concentration": 0.00962032936513424,
            "Confusion": 0.4435182635982831,
            "Contemplation": 0.02901994374891122,
            "Contempt": 0.02251704813291629,
            "Contentment": 0.03681300665872792,
            "Craving": 0.0015671800744409363,
            "Desire": 0.008417970656106869,
            "Determination": 0.0027676731503258147,
            "Disappointment": 0.02034590921054284,
            "Disapproval": 0.05159816308878362,
            "Disgust": 0.016980233039551724,
            "Distress": 0.020075866001813363,
            "Doubt": 0.048157493894298874,
            "Ecstasy": 0.0035845314851030707,
            "Embarrassment": 0.01378396882986029,
            "Empathic Pain": 0.002753118130688866,
            "Enthusiasm": 0.01674628257751465,
            "Entrancement": 0.01747236307710409,
            "Envy": 0.0025413235804686942,
            "Excitement": 0.016063416687150795,
            "Fear": 0.007893925653964592,
            "Gratitude": 0.007922772550955415,
            "Guilt": 0.0016744365566410124,
            "Horror": 0.01115029538050294,
            "Interest": 0.12706462293863297,
            "Joy": 0.032655493511507906,
            "Love": 0.036703580214331545,
            "Nostalgia": 0.007101376191712916,
            "Pain": 0.0015133316822660465,
            "Pride": 0.0045115880978604155,
            "Realization": 0.04698798432946205,
            "Relief": 0.003890845323136697,
            "Romance": 0.017244545044377446,
            "Sadness": 0.0022878173428277173,
            "Sarcasm": 0.023095133093496163,
            "Satisfaction": 0.021999859639133017,
            "Shame": 0.005712563404813409,
            "Surprise (negative)": 0.32196626098205644,
            "Surprise (positive)": 0.13505796839793524,
            "Sympathy": 0.004405857413075864,
            "Tiredness": 0.002977769123390317,
            "Triumph": 0.0032811403119315705
        }
    }
}