{
    "metadata": {
        "dialogue_id": "371",
        "time_start": "00-00-01.543",
        "time_end": "00-00-04.921",
        "speaker": "Monica",
        "emotion": "neutral",
        "sentiment": "neutral",
        "text_content": "Oh yeah, picked a guy, 37135.",
        "file_name": "371_00-00-01.543_00-00-04.921_Monica_neutral_neutral"
    },
    "predicted": {
        "face": {
            "Admiration": 0.20302774012088776,
            "Adoration": 0.23074087500572205,
            "Aesthetic Appreciation": 0.09302613139152527,
            "Amusement": 0.4314109683036804,
            "Anger": 0.06072612106800079,
            "Anxiety": 0.1057475358247757,
            "Awe": 0.10804536938667297,
            "Awkwardness": 0.1993471086025238,
            "Boredom": 0.18616771697998047,
            "Calmness": 0.3490608036518097,
            "Concentration": 0.27308768033981323,
            "Confusion": 0.23759129643440247,
            "Contemplation": 0.1445721685886383,
            "Contempt": 0.12959526479244232,
            "Contentment": 0.2500027120113373,
            "Craving": 0.056122638285160065,
            "Desire": 0.083740234375,
            "Determination": 0.09141016751527786,
            "Disappointment": 0.19408604502677917,
            "Disgust": 0.08314479887485504,
            "Distress": 0.15012626349925995,
            "Doubt": 0.18989741802215576,
            "Ecstasy": 0.09058631956577301,
            "Embarrassment": 0.12013214826583862,
            "Empathic Pain": 0.07763904333114624,
            "Entrancement": 0.11914205551147461,
            "Envy": 0.04375210404396057,
            "Excitement": 0.23701496422290802,
            "Fear": 0.08172676712274551,
            "Guilt": 0.0678657591342926,
            "Horror": 0.0428231842815876,
            "Interest": 0.3892897963523865,
            "Joy": 0.42057058215141296,
            "Love": 0.3803602159023285,
            "Nostalgia": 0.08820079267024994,
            "Pain": 0.1337570697069168,
            "Pride": 0.11882519721984863,
            "Realization": 0.14480173587799072,
            "Relief": 0.11740613728761673,
            "Romance": 0.11082834750413895,
            "Sadness": 0.17154397070407867,
            "Satisfaction": 0.3063473105430603,
            "Shame": 0.07327684015035629,
            "Surprise (negative)": 0.04549920931458473,
            "Surprise (positive)": 0.055940452963113785,
            "Sympathy": 0.0755065530538559,
            "Tiredness": 0.14117534458637238,
            "Triumph": 0.07588417828083038
        },
        "prosody": {
            "Admiration": 0.1326356679201126,
            "Adoration": 0.02596920356154442,
            "Aesthetic Appreciation": 0.0772668793797493,
            "Amusement": 0.6299459934234619,
            "Anger": 0.004600062035024166,
            "Anxiety": 0.007914368994534016,
            "Awe": 0.05910750851035118,
            "Awkwardness": 0.01702248863875866,
            "Boredom": 0.0008401781087741256,
            "Calmness": 0.0013311044313013554,
            "Concentration": 0.016689738258719444,
            "Confusion": 0.007885290309786797,
            "Contemplation": 0.004723221529275179,
            "Contempt": 0.0068799168802797794,
            "Contentment": 0.027973439544439316,
            "Craving": 0.010644525289535522,
            "Desire": 0.0035598124377429485,
            "Determination": 0.11555468291044235,
            "Disappointment": 0.0029690226074308157,
            "Disgust": 0.0013245393056422472,
            "Distress": 0.006141049787402153,
            "Doubt": 0.004166638012975454,
            "Ecstasy": 0.21974490582942963,
            "Embarrassment": 0.006775041110813618,
            "Empathic Pain": 0.000636798853520304,
            "Entrancement": 0.007649691309779882,
            "Envy": 0.002450186526402831,
            "Excitement": 0.9365816116333008,
            "Fear": 0.0017706308281049132,
            "Guilt": 0.0026734457351267338,
            "Horror": 0.0016532777808606625,
            "Interest": 0.5079394578933716,
            "Joy": 0.43283721804618835,
            "Love": 0.005557982251048088,
            "Nostalgia": 0.008817292749881744,
            "Pain": 0.0009120877948589623,
            "Pride": 0.06817939132452011,
            "Realization": 0.017210109159350395,
            "Relief": 0.01630351133644581,
            "Romance": 0.0024159871973097324,
            "Sadness": 0.0008323456859216094,
            "Satisfaction": 0.3284997344017029,
            "Shame": 0.0011673967819660902,
            "Surprise (negative)": 0.00767162861302495,
            "Surprise (positive)": 0.36594220995903015,
            "Sympathy": 0.0020502437837421894,
            "Tiredness": 0.000845010974444449,
            "Triumph": 0.2884862422943115
        },
        "lang": {}
    }
}