{
    "metadata": {
        "dialogue_id": "379",
        "time_start": "00-00-18.477",
        "time_end": "00-00-19.312",
        "speaker": "Mark",
        "emotion": "surprise",
        "sentiment": "negative",
        "text_content": "Ahh!",
        "file_name": "379_00-00-18.477_00-00-19.312_Mark_surprise_negative"
    },
    "predicted": {
        "face": {
            "Admiration": 0.0746365338563919,
            "Adoration": 0.06052761524915695,
            "Aesthetic Appreciation": 0.05146647244691849,
            "Amusement": 0.11792263388633728,
            "Anger": 0.13875438272953033,
            "Anxiety": 0.15190498530864716,
            "Awe": 0.07780472934246063,
            "Awkwardness": 0.2130444198846817,
            "Boredom": 0.31836262345314026,
            "Calmness": 0.2627899944782257,
            "Concentration": 0.29960691928863525,
            "Confusion": 0.37536391615867615,
            "Contemplation": 0.1863674819469452,
            "Contempt": 0.2604529857635498,
            "Contentment": 0.0988185852766037,
            "Craving": 0.04612471163272858,
            "Desire": 0.04060073569417,
            "Determination": 0.10683409124612808,
            "Disappointment": 0.3821508288383484,
            "Disgust": 0.239201158285141,
            "Distress": 0.24046683311462402,
            "Doubt": 0.3365322947502136,
            "Ecstasy": 0.02923002280294895,
            "Embarrassment": 0.11753100901842117,
            "Empathic Pain": 0.12353252619504929,
            "Entrancement": 0.08619263768196106,
            "Envy": 0.05660860240459442,
            "Excitement": 0.055528488010168076,
            "Fear": 0.11232162266969681,
            "Guilt": 0.0940348282456398,
            "Horror": 0.057608336210250854,
            "Interest": 0.20579573512077332,
            "Joy": 0.07496102154254913,
            "Love": 0.07333508133888245,
            "Nostalgia": 0.06804423779249191,
            "Pain": 0.2057267725467682,
            "Pride": 0.06726358830928802,
            "Realization": 0.13404174149036407,
            "Relief": 0.049577854573726654,
            "Romance": 0.03201353922486305,
            "Sadness": 0.3368188440799713,
            "Satisfaction": 0.0941174104809761,
            "Shame": 0.10047847032546997,
            "Surprise (negative)": 0.05903049558401108,
            "Surprise (positive)": 0.033352505415678024,
            "Sympathy": 0.06790362298488617,
            "Tiredness": 0.1952631026506424,
            "Triumph": 0.03415375575423241
        },
        "prosody": {
            "Admiration": 0,
            "Adoration": 0,
            "Aesthetic Appreciation": 0,
            "Amusement": 0,
            "Anger": 0,
            "Annoyance": 0,
            "Anxiety": 0,
            "Awe": 0,
            "Awkwardness": 0,
            "Boredom": 0,
            "Calmness": 0,
            "Concentration": 0,
            "Confusion": 0,
            "Contemplation": 0,
            "Contempt": 0,
            "Contentment": 0,
            "Craving": 0,
            "Desire": 0,
            "Determination": 0,
            "Disappointment": 0,
            "Disapproval": 0,
            "Disgust": 0,
            "Distress": 0,
            "Doubt": 0,
            "Ecstasy": 0,
            "Embarrassment": 0,
            "Empathic Pain": 0,
            "Enthusiasm": 0,
            "Entrancement": 0,
            "Envy": 0,
            "Excitement": 0,
            "Fear": 0,
            "Gratitude": 0,
            "Guilt": 0,
            "Horror": 0,
            "Interest": 0,
            "Joy": 0,
            "Love": 0,
            "Nostalgia": 0,
            "Pain": 0,
            "Pride": 0,
            "Realization": 0,
            "Relief": 0,
            "Romance": 0,
            "Sadness": 0,
            "Sarcasm": 0,
            "Satisfaction": 0,
            "Shame": 0,
            "Surprise (negative)": 0,
            "Surprise (positive)": 0,
            "Sympathy": 0,
            "Tiredness": 0,
            "Triumph": 0
        },
        "lang": {}
    }
}