{
    "metadata": {
        "dialogue_id": "387",
        "time_start": "00-00-00.000",
        "time_end": "00-00-04.129",
        "speaker": "Phoebe",
        "emotion": "sadness",
        "sentiment": "negative",
        "file_name": "387_00-00-00.000_00-00-04.129_Phoebe_sadness_negative"
    },
    "predicted": {
        "face": {
            "Admiration": 0.08982954919338226,
            "Adoration": 0.074090376496315,
            "Aesthetic Appreciation": 0.06024618446826935,
            "Amusement": 0.16630367934703827,
            "Anger": 0.07607626169919968,
            "Anxiety": 0.13870452344417572,
            "Awe": 0.17177794873714447,
            "Awkwardness": 0.19863329827785492,
            "Boredom": 0.3165413439273834,
            "Calmness": 0.2989040017127991,
            "Concentration": 0.26815521717071533,
            "Confusion": 0.35787683725357056,
            "Contemplation": 0.13569800555706024,
            "Contempt": 0.14292012155056,
            "Contentment": 0.1140534058213234,
            "Craving": 0.06963542103767395,
            "Desire": 0.1323269158601761,
            "Determination": 0.08699686080217361,
            "Disappointment": 0.2789856791496277,
            "Disgust": 0.11683354526758194,
            "Distress": 0.21089079976081848,
            "Doubt": 0.2334524393081665,
            "Ecstasy": 0.0753408744931221,
            "Embarrassment": 0.10985538363456726,
            "Empathic Pain": 0.087443508207798,
            "Entrancement": 0.12731412053108215,
            "Envy": 0.03703133016824722,
            "Excitement": 0.11611659079790115,
            "Fear": 0.12863579392433167,
            "Guilt": 0.07138728350400925,
            "Horror": 0.08592639118432999,
            "Interest": 0.22630147635936737,
            "Joy": 0.11408505588769913,
            "Love": 0.10372426360845566,
            "Nostalgia": 0.059181272983551025,
            "Pain": 0.16716638207435608,
            "Pride": 0.05730893462896347,
            "Realization": 0.1890994757413864,
            "Relief": 0.12273769080638885,
            "Romance": 0.054873473942279816,
            "Sadness": 0.173055499792099,
            "Satisfaction": 0.175149068236351,
            "Shame": 0.07399117946624756,
            "Surprise (negative)": 0.11875911802053452,
            "Surprise (positive)": 0.09842220693826675,
            "Sympathy": 0.04734056442975998,
            "Tiredness": 0.3386157155036926,
            "Triumph": 0.04769362881779671
        },
        "prosody": {
            "Admiration": 0.046916428953409195,
            "Adoration": 0.017185097560286522,
            "Aesthetic Appreciation": 0.02128707244992256,
            "Amusement": 0.3607622981071472,
            "Anger": 0.029842587187886238,
            "Anxiety": 0.1580730825662613,
            "Awe": 0.07449120283126831,
            "Awkwardness": 0.12801718711853027,
            "Boredom": 0.0015339204110205173,
            "Calmness": 0.0010537138441577554,
            "Concentration": 0.0010083700763061643,
            "Confusion": 0.4442223906517029,
            "Contemplation": 0.043626513332128525,
            "Contempt": 0.012113060802221298,
            "Contentment": 0.009563477709889412,
            "Craving": 0.007745080627501011,
            "Desire": 0.006871163845062256,
            "Determination": 0.010144161060452461,
            "Disappointment": 0.1588294357061386,
            "Disgust": 0.024157967418432236,
            "Distress": 0.20490479469299316,
            "Doubt": 0.1634819060564041,
            "Ecstasy": 0.02988099679350853,
            "Embarrassment": 0.11418534070253372,
            "Empathic Pain": 0.0210953988134861,
            "Entrancement": 0.004659300670027733,
            "Envy": 0.03345922380685806,
            "Excitement": 0.14405557513237,
            "Fear": 0.030791427940130234,
            "Guilt": 0.041416727006435394,
            "Horror": 0.019745633006095886,
            "Interest": 0.040445975959300995,
            "Joy": 0.03624999150633812,
            "Love": 0.008305310271680355,
            "Nostalgia": 0.00430925702676177,
            "Pain": 0.017683252692222595,
            "Pride": 0.02420298382639885,
            "Realization": 0.4034241735935211,
            "Relief": 0.02501693181693554,
            "Romance": 0.012075088918209076,
            "Sadness": 0.03004371002316475,
            "Satisfaction": 0.02708972990512848,
            "Shame": 0.030428113415837288,
            "Surprise (negative)": 0.14451174437999725,
            "Surprise (positive)": 0.33058857917785645,
            "Sympathy": 0.032084204256534576,
            "Tiredness": 0.007080403622239828,
            "Triumph": 0.027990279719233513
        },
        "lang": {
            "Admiration": 0.06925800709674755,
            "Adoration": 0.03238590224646032,
            "Aesthetic Appreciation": 0.016910351812839508,
            "Amusement": 0.03167445678263903,
            "Anger": 0.004845284424178923,
            "Annoyance": 0.04875322487205267,
            "Anxiety": 0.010133449329684178,
            "Awe": 0.06871274914592504,
            "Awkwardness": 0.12017735925813516,
            "Boredom": 0.013003335272272428,
            "Calmness": 0.05287285894155502,
            "Concentration": 0.008020193222910166,
            "Confusion": 0.2840144313871861,
            "Contemplation": 0.16264873084922632,
            "Contempt": 0.01940790768712759,
            "Contentment": 0.029934648238122464,
            "Craving": 0.0012959173628284285,
            "Desire": 0.0036298162691916027,
            "Determination": 0.0025768627102176348,
            "Disappointment": 0.059735167088607946,
            "Disapproval": 0.03038742740948995,
            "Disgust": 0.004912253934890032,
            "Distress": 0.009576943206290404,
            "Doubt": 0.08502697261671226,
            "Ecstasy": 0.003858536621555686,
            "Embarrassment": 0.043272464411954085,
            "Empathic Pain": 0.014554882142692804,
            "Enthusiasm": 0.021693502211322387,
            "Entrancement": 0.03206666226809223,
            "Envy": 0.008719280129298568,
            "Excitement": 0.015880900093664725,
            "Fear": 0.002383199012062202,
            "Gratitude": 0.030694110256930193,
            "Guilt": 0.010171835760896404,
            "Horror": 0.0011479491852999975,
            "Interest": 0.05489373343686263,
            "Joy": 0.02937152438486616,
            "Love": 0.014726897701621056,
            "Nostalgia": 0.013237929018214346,
            "Pain": 0.003723704054330786,
            "Pride": 0.009995864029042423,
            "Realization": 0.48729370832443236,
            "Relief": 0.025362118830283484,
            "Romance": 0.011347775223354499,
            "Sadness": 0.017346409801393747,
            "Sarcasm": 0.047409870972236,
            "Satisfaction": 0.03848966204871734,
            "Shame": 0.023678267964472373,
            "Surprise (negative)": 0.15130189061164856,
            "Surprise (positive)": 0.29778797750671704,
            "Sympathy": 0.019076345954090357,
            "Tiredness": 0.007450484950095415,
            "Triumph": 0.008319440709116558
        }
    }
}