{
    "metadata": {
        "dialogue_id": "389",
        "time_start": "00-00-03.212",
        "time_end": "00-00-04.212",
        "speaker": "Phoebe",
        "emotion": "surprise",
        "sentiment": "positive",
        "text_content": "Yeah?",
        "file_name": "389_00-00-03.212_00-00-04.212_Phoebe_surprise_positive"
    },
    "predicted": {
        "face": {
            "Admiration": 0.2119298130273819,
            "Adoration": 0.3131459951400757,
            "Aesthetic Appreciation": 0.08876722306013107,
            "Amusement": 0.6179356575012207,
            "Anger": 0.02204080857336521,
            "Anxiety": 0.061600349843502045,
            "Awe": 0.0675884559750557,
            "Awkwardness": 0.18293917179107666,
            "Boredom": 0.11767923831939697,
            "Calmness": 0.32483622431755066,
            "Concentration": 0.12426365166902542,
            "Confusion": 0.10397453606128693,
            "Contemplation": 0.07187420129776001,
            "Contempt": 0.08016093075275421,
            "Contentment": 0.3514042794704437,
            "Craving": 0.037103645503520966,
            "Desire": 0.07364390790462494,
            "Determination": 0.04416009038686752,
            "Disappointment": 0.12047906219959259,
            "Disgust": 0.037746209651231766,
            "Distress": 0.0893351137638092,
            "Doubt": 0.08323327451944351,
            "Ecstasy": 0.13285362720489502,
            "Embarrassment": 0.1349543333053589,
            "Empathic Pain": 0.045284513384103775,
            "Entrancement": 0.09288347512483597,
            "Envy": 0.026295891031622887,
            "Excitement": 0.2923305034637451,
            "Fear": 0.03307560831308365,
            "Guilt": 0.04493599757552147,
            "Horror": 0.01670314185321331,
            "Interest": 0.3100993037223816,
            "Joy": 0.6723071932792664,
            "Love": 0.6383568644523621,
            "Nostalgia": 0.09704363346099854,
            "Pain": 0.08268659561872482,
            "Pride": 0.13412562012672424,
            "Realization": 0.112320676445961,
            "Relief": 0.19276776909828186,
            "Romance": 0.15363800525665283,
            "Sadness": 0.08135142177343369,
            "Satisfaction": 0.4708918035030365,
            "Shame": 0.06617850065231323,
            "Surprise (negative)": 0.017323100939393044,
            "Surprise (positive)": 0.02557372860610485,
            "Sympathy": 0.06747782975435257,
            "Tiredness": 0.1275569647550583,
            "Triumph": 0.08331620693206787
        },
        "prosody": {
            "Admiration": 0,
            "Adoration": 0,
            "Aesthetic Appreciation": 0,
            "Amusement": 0,
            "Anger": 0,
            "Annoyance": 0,
            "Anxiety": 0,
            "Awe": 0,
            "Awkwardness": 0,
            "Boredom": 0,
            "Calmness": 0,
            "Concentration": 0,
            "Confusion": 0,
            "Contemplation": 0,
            "Contempt": 0,
            "Contentment": 0,
            "Craving": 0,
            "Desire": 0,
            "Determination": 0,
            "Disappointment": 0,
            "Disapproval": 0,
            "Disgust": 0,
            "Distress": 0,
            "Doubt": 0,
            "Ecstasy": 0,
            "Embarrassment": 0,
            "Empathic Pain": 0,
            "Enthusiasm": 0,
            "Entrancement": 0,
            "Envy": 0,
            "Excitement": 0,
            "Fear": 0,
            "Gratitude": 0,
            "Guilt": 0,
            "Horror": 0,
            "Interest": 0,
            "Joy": 0,
            "Love": 0,
            "Nostalgia": 0,
            "Pain": 0,
            "Pride": 0,
            "Realization": 0,
            "Relief": 0,
            "Romance": 0,
            "Sadness": 0,
            "Sarcasm": 0,
            "Satisfaction": 0,
            "Shame": 0,
            "Surprise (negative)": 0,
            "Surprise (positive)": 0,
            "Sympathy": 0,
            "Tiredness": 0,
            "Triumph": 0
        },
        "lang": {}
    }
}