{
    "metadata": {
        "dialogue_id": "393",
        "time_start": "00-00-10.469",
        "time_end": "00-00-11.594",
        "speaker": "Liam",
        "emotion": "surprise",
        "sentiment": "negative",
        "text_content": "You don\u0092t say!",
        "file_name": "393_00-00-10.469_00-00-11.594_Liam_surprise_negative"
    },
    "predicted": {
        "face": {
            "Admiration": 0.10391753911972046,
            "Adoration": 0.1011689305305481,
            "Aesthetic Appreciation": 0.06491856276988983,
            "Amusement": 0.20811183750629425,
            "Anger": 0.06863514333963394,
            "Anxiety": 0.18320932984352112,
            "Awe": 0.08809314668178558,
            "Awkwardness": 0.23783454298973083,
            "Boredom": 0.2706272304058075,
            "Calmness": 0.2830487787723541,
            "Concentration": 0.3240414261817932,
            "Confusion": 0.4175214171409607,
            "Contemplation": 0.18432524800300598,
            "Contempt": 0.1460210531949997,
            "Contentment": 0.12765541672706604,
            "Craving": 0.07765237987041473,
            "Desire": 0.1265055239200592,
            "Determination": 0.0949355885386467,
            "Disappointment": 0.3034324049949646,
            "Disgust": 0.11963733285665512,
            "Distress": 0.2570011019706726,
            "Doubt": 0.30268943309783936,
            "Ecstasy": 0.05239235609769821,
            "Embarrassment": 0.1511305719614029,
            "Empathic Pain": 0.10783320665359497,
            "Entrancement": 0.10959358513355255,
            "Envy": 0.04150298982858658,
            "Excitement": 0.1058032289147377,
            "Fear": 0.11652577668428421,
            "Guilt": 0.10648701339960098,
            "Horror": 0.05439387261867523,
            "Interest": 0.2911647856235504,
            "Joy": 0.14875100553035736,
            "Love": 0.15573963522911072,
            "Nostalgia": 0.06875385344028473,
            "Pain": 0.1942993402481079,
            "Pride": 0.05966435372829437,
            "Realization": 0.1601964831352234,
            "Relief": 0.08512905985116959,
            "Romance": 0.0799807533621788,
            "Sadness": 0.25457972288131714,
            "Satisfaction": 0.1612779200077057,
            "Shame": 0.1085423082113266,
            "Surprise (negative)": 0.06258061528205872,
            "Surprise (positive)": 0.045661501586437225,
            "Sympathy": 0.06653226912021637,
            "Tiredness": 0.2325778603553772,
            "Triumph": 0.037353675812482834
        },
        "prosody": {
            "Admiration": 0.03732505440711975,
            "Adoration": 0.019414354115724564,
            "Aesthetic Appreciation": 0.01676422357559204,
            "Amusement": 0.3389013111591339,
            "Anger": 0.01825610175728798,
            "Anxiety": 0.07578736543655396,
            "Awe": 0.048384420573711395,
            "Awkwardness": 0.09973663836717606,
            "Boredom": 0.0063284579664468765,
            "Calmness": 0.02216060645878315,
            "Concentration": 0.011300799436867237,
            "Confusion": 0.09604483842849731,
            "Contemplation": 0.03317949175834656,
            "Contempt": 0.018655851483345032,
            "Contentment": 0.03736555203795433,
            "Craving": 0.008223386481404305,
            "Desire": 0.006991775240749121,
            "Determination": 0.04070908576250076,
            "Disappointment": 0.02058768831193447,
            "Disgust": 0.019126541912555695,
            "Distress": 0.09565713256597519,
            "Doubt": 0.03636910766363144,
            "Ecstasy": 0.042817987501621246,
            "Embarrassment": 0.028231879696249962,
            "Empathic Pain": 0.0267177764326334,
            "Entrancement": 0.015820814296603203,
            "Envy": 0.01616157405078411,
            "Excitement": 0.17766711115837097,
            "Fear": 0.0504954569041729,
            "Guilt": 0.023808635771274567,
            "Horror": 0.025802990421652794,
            "Interest": 0.09310297667980194,
            "Joy": 0.09784811735153198,
            "Love": 0.010705255903303623,
            "Nostalgia": 0.01758902706205845,
            "Pain": 0.023026395589113235,
            "Pride": 0.03278680890798569,
            "Realization": 0.08197402209043503,
            "Relief": 0.07850788533687592,
            "Romance": 0.0085945138707757,
            "Sadness": 0.04068060591816902,
            "Satisfaction": 0.05683981627225876,
            "Shame": 0.01846557855606079,
            "Surprise (negative)": 0.07322671264410019,
            "Surprise (positive)": 0.2365487962961197,
            "Sympathy": 0.02687886357307434,
            "Tiredness": 0.004310712683945894,
            "Triumph": 0.034790609031915665
        },
        "lang": {}
    }
}