{
    "metadata": {
        "dialogue_id": "408",
        "time_start": "00-00-05.255",
        "time_end": "00-00-07.757",
        "speaker": "Phoebe",
        "emotion": "neutral",
        "sentiment": "neutral",
        "file_name": "408_00-00-05.255_00-00-07.757_Phoebe_neutral_neutral"
    },
    "predicted": {
        "face": {
            "Admiration": 0.10205463320016861,
            "Adoration": 0.0837356448173523,
            "Aesthetic Appreciation": 0.06349317729473114,
            "Amusement": 0.2597476840019226,
            "Anger": 0.1056918129324913,
            "Anxiety": 0.14467883110046387,
            "Awe": 0.11996497213840485,
            "Awkwardness": 0.2982923984527588,
            "Boredom": 0.24879992008209229,
            "Calmness": 0.2348358929157257,
            "Concentration": 0.26368898153305054,
            "Confusion": 0.45987969636917114,
            "Contemplation": 0.12581439316272736,
            "Contempt": 0.21366173028945923,
            "Contentment": 0.1171901747584343,
            "Craving": 0.07862500846385956,
            "Desire": 0.11748436093330383,
            "Determination": 0.09784422814846039,
            "Disappointment": 0.2248992770910263,
            "Disgust": 0.22327759861946106,
            "Distress": 0.18953026831150055,
            "Doubt": 0.28817540407180786,
            "Ecstasy": 0.06085234135389328,
            "Embarrassment": 0.11044086515903473,
            "Empathic Pain": 0.0796850398182869,
            "Entrancement": 0.10228026658296585,
            "Envy": 0.05047668516635895,
            "Excitement": 0.14943501353263855,
            "Fear": 0.12824024260044098,
            "Guilt": 0.0578153170645237,
            "Horror": 0.08294082432985306,
            "Interest": 0.31496936082839966,
            "Joy": 0.18115577101707458,
            "Love": 0.11751965433359146,
            "Nostalgia": 0.04971235990524292,
            "Pain": 0.12675032019615173,
            "Pride": 0.06635067611932755,
            "Realization": 0.1378326267004013,
            "Relief": 0.06136921048164368,
            "Romance": 0.05377274379134178,
            "Sadness": 0.13001616299152374,
            "Satisfaction": 0.15260115265846252,
            "Shame": 0.06109980493783951,
            "Surprise (negative)": 0.09979248046875,
            "Surprise (positive)": 0.07077444344758987,
            "Sympathy": 0.05253010243177414,
            "Tiredness": 0.14178466796875,
            "Triumph": 0.05021185427904129
        },
        "prosody": {
            "Admiration": 0.049723535776138306,
            "Adoration": 0.014850790612399578,
            "Aesthetic Appreciation": 0.03346167877316475,
            "Amusement": 0.1803169995546341,
            "Anger": 0.01633104309439659,
            "Anxiety": 0.002604257082566619,
            "Awe": 0.01187951024621725,
            "Awkwardness": 0.06422316282987595,
            "Boredom": 0.03497685119509697,
            "Calmness": 0.0963197872042656,
            "Concentration": 0.07670823484659195,
            "Confusion": 0.003119360888376832,
            "Contemplation": 0.05371171608567238,
            "Contempt": 0.1179746612906456,
            "Contentment": 0.05365070328116417,
            "Craving": 0.01328294724225998,
            "Desire": 0.019736986607313156,
            "Determination": 0.2609200179576874,
            "Disappointment": 0.03981196507811546,
            "Disgust": 0.043439850211143494,
            "Distress": 0.005033647175878286,
            "Doubt": 0.031673260033130646,
            "Ecstasy": 0.012926848605275154,
            "Embarrassment": 0.013582483865320683,
            "Empathic Pain": 0.015796521678566933,
            "Entrancement": 0.004319324623793364,
            "Envy": 0.023665962740778923,
            "Excitement": 0.06442273408174515,
            "Fear": 0.001964373979717493,
            "Guilt": 0.008185800164937973,
            "Horror": 0.003754836041480303,
            "Interest": 0.10487775504589081,
            "Joy": 0.024776944890618324,
            "Love": 0.005644229706376791,
            "Nostalgia": 0.011808856390416622,
            "Pain": 0.0040455288253724575,
            "Pride": 0.09657354652881622,
            "Realization": 0.1484500765800476,
            "Relief": 0.04626556485891342,
            "Romance": 0.007747988682240248,
            "Sadness": 0.004702951293438673,
            "Satisfaction": 0.17793945968151093,
            "Shame": 0.013150264509022236,
            "Surprise (negative)": 0.004108051303774118,
            "Surprise (positive)": 0.012046530842781067,
            "Sympathy": 0.025377565994858742,
            "Tiredness": 0.015630127862095833,
            "Triumph": 0.09213325381278992
        },
        "lang": {
            "Admiration": 0.024870335900535185,
            "Adoration": 0.005357348282511036,
            "Aesthetic Appreciation": 0.007995564490556717,
            "Amusement": 0.020139870440794364,
            "Anger": 0.016626956406980753,
            "Annoyance": 0.20413464307785034,
            "Anxiety": 0.004445074747006099,
            "Awe": 0.005859607908253868,
            "Awkwardness": 0.02651517569190926,
            "Boredom": 0.1917206665707959,
            "Calmness": 0.15540252294805315,
            "Concentration": 0.023966165259480476,
            "Confusion": 0.028968588293840487,
            "Contemplation": 0.06369732899798287,
            "Contempt": 0.13493943669729763,
            "Contentment": 0.07876486993498272,
            "Craving": 0.002643990201047725,
            "Desire": 0.001402681066085481,
            "Determination": 0.022623400617804792,
            "Disappointment": 0.0734538614956869,
            "Disapproval": 0.1056957199341721,
            "Disgust": 0.016837266532497272,
            "Distress": 0.006951818915290965,
            "Doubt": 0.03181952662352058,
            "Ecstasy": 0.0009169995901174843,
            "Embarrassment": 0.003267697588954535,
            "Empathic Pain": 0.022006244553873937,
            "Enthusiasm": 0.029674432136946254,
            "Entrancement": 0.003612504858109686,
            "Envy": 0.007112243523200353,
            "Excitement": 0.008027668111026287,
            "Fear": 0.0010312030143621895,
            "Gratitude": 0.04282619122467521,
            "Guilt": 0.0012868777719429797,
            "Horror": 0.0004445134400157258,
            "Interest": 0.05577613123589092,
            "Joy": 0.00842639351160162,
            "Love": 0.0037057865928444597,
            "Nostalgia": 0.001160987659305748,
            "Pain": 0.003526459486844639,
            "Pride": 0.00996600749850687,
            "Realization": 0.1611362886097696,
            "Relief": 0.061451182493733034,
            "Romance": 0.0008903498221318134,
            "Sadness": 0.007481429337834318,
            "Sarcasm": 0.18352295603189203,
            "Satisfaction": 0.102664892665214,
            "Shame": 0.004758099520889421,
            "Surprise (negative)": 0.029311316708723705,
            "Surprise (positive)": 0.027292285062786605,
            "Sympathy": 0.055809988329807915,
            "Tiredness": 0.05425024632778433,
            "Triumph": 0.020101341160221234
        }
    }
}