{
    "metadata": {
        "dialogue_id": "412",
        "time_start": "00-00-16.642",
        "time_end": "00-00-20.395",
        "speaker": "Chandler",
        "emotion": "neutral",
        "sentiment": "neutral",
        "text_content": "Uh-huh, first you tell us where you got the prettiest lace in all the land.",
        "file_name": "412_00-00-16.642_00-00-20.395_Chandler_neutral_neutral"
    },
    "predicted": {
        "face": {
            "Admiration": 0.042873986065387726,
            "Adoration": 0.03757103532552719,
            "Aesthetic Appreciation": 0.03240972012281418,
            "Amusement": 0.0771700069308281,
            "Anger": 0.07770838588476181,
            "Anxiety": 0.28296762704849243,
            "Awe": 0.06310490518808365,
            "Awkwardness": 0.18393196165561676,
            "Boredom": 0.19340558350086212,
            "Calmness": 0.18700386583805084,
            "Concentration": 0.23849281668663025,
            "Confusion": 0.4499964118003845,
            "Contemplation": 0.1573801338672638,
            "Contempt": 0.12057805061340332,
            "Contentment": 0.06271465122699738,
            "Craving": 0.03551974147558212,
            "Desire": 0.04036276787519455,
            "Determination": 0.06544646620750427,
            "Disappointment": 0.4429560899734497,
            "Disgust": 0.14295649528503418,
            "Distress": 0.5009434223175049,
            "Doubt": 0.30453476309776306,
            "Ecstasy": 0.02842104248702526,
            "Embarrassment": 0.17521607875823975,
            "Empathic Pain": 0.19984474778175354,
            "Entrancement": 0.06759238243103027,
            "Envy": 0.026586737483739853,
            "Excitement": 0.04068395867943764,
            "Fear": 0.18899394571781158,
            "Guilt": 0.1712828278541565,
            "Horror": 0.08333665132522583,
            "Interest": 0.12355925142765045,
            "Joy": 0.04800047352910042,
            "Love": 0.05145466327667236,
            "Nostalgia": 0.06354625523090363,
            "Pain": 0.4605805575847626,
            "Pride": 0.034176263958215714,
            "Realization": 0.16397827863693237,
            "Relief": 0.0779055505990982,
            "Romance": 0.027918364852666855,
            "Sadness": 0.5424630641937256,
            "Satisfaction": 0.07091885060071945,
            "Shame": 0.14874482154846191,
            "Surprise (negative)": 0.07584516704082489,
            "Surprise (positive)": 0.03053334914147854,
            "Sympathy": 0.0707813948392868,
            "Tiredness": 0.3137482702732086,
            "Triumph": 0.019732853397727013
        },
        "prosody": {
            "Admiration": 0.08525371551513672,
            "Adoration": 0.03492909297347069,
            "Aesthetic Appreciation": 0.06450248509645462,
            "Amusement": 0.5096470713615417,
            "Anger": 0.027157127857208252,
            "Anxiety": 0.01030295342206955,
            "Awe": 0.02641955390572548,
            "Awkwardness": 0.08513801544904709,
            "Boredom": 0.008738558739423752,
            "Calmness": 0.03059675358235836,
            "Concentration": 0.02658381685614586,
            "Confusion": 0.0772751122713089,
            "Contemplation": 0.03310772031545639,
            "Contempt": 0.08822380751371384,
            "Contentment": 0.021562183275818825,
            "Craving": 0.01888766884803772,
            "Desire": 0.03148011118173599,
            "Determination": 0.05661579594016075,
            "Disappointment": 0.14186358451843262,
            "Disgust": 0.06748384982347488,
            "Distress": 0.0335775688290596,
            "Doubt": 0.028664346784353256,
            "Ecstasy": 0.018693847581744194,
            "Embarrassment": 0.039706580340862274,
            "Empathic Pain": 0.013553746044635773,
            "Entrancement": 0.010899094864726067,
            "Envy": 0.16434893012046814,
            "Excitement": 0.07292373478412628,
            "Fear": 0.0026638777926564217,
            "Guilt": 0.012516972608864307,
            "Horror": 0.0054712495766580105,
            "Interest": 0.30308711528778076,
            "Joy": 0.043352968990802765,
            "Love": 0.014769968576729298,
            "Nostalgia": 0.028886647894978523,
            "Pain": 0.003792296629399061,
            "Pride": 0.08229456096887589,
            "Realization": 0.13366687297821045,
            "Relief": 0.007203728426247835,
            "Romance": 0.03398091718554497,
            "Sadness": 0.008592762053012848,
            "Satisfaction": 0.07552903890609741,
            "Shame": 0.021225394681096077,
            "Surprise (negative)": 0.05908956378698349,
            "Surprise (positive)": 0.09729175269603729,
            "Sympathy": 0.04144788160920143,
            "Tiredness": 0.004268171265721321,
            "Triumph": 0.04628821462392807
        },
        "lang": {}
    }
}