{
    "metadata": {
        "dialogue_id": "414",
        "time_start": "00-00-27.861",
        "time_end": "00-00-29.570",
        "speaker": "Joey",
        "emotion": "neutral",
        "sentiment": "neutral",
        "text_content": "All right, I'll see you in the morning.",
        "file_name": "414_00-00-27.861_00-00-29.570_Joey_neutral_neutral"
    },
    "predicted": {
        "face": {
            "Admiration": 0.2180810123682022,
            "Adoration": 0.27701500058174133,
            "Aesthetic Appreciation": 0.08788716793060303,
            "Amusement": 0.8428529500961304,
            "Anger": 0.010791905224323273,
            "Anxiety": 0.03928215801715851,
            "Awe": 0.06842957437038422,
            "Awkwardness": 0.16787934303283691,
            "Boredom": 0.05475785583257675,
            "Calmness": 0.22947965562343597,
            "Concentration": 0.11161896586418152,
            "Confusion": 0.06915520876646042,
            "Contemplation": 0.05445542931556702,
            "Contempt": 0.048199594020843506,
            "Contentment": 0.3120962083339691,
            "Craving": 0.035473525524139404,
            "Desire": 0.05358827859163284,
            "Determination": 0.03798779845237732,
            "Disappointment": 0.04489221051335335,
            "Disgust": 0.01864701136946678,
            "Distress": 0.040339961647987366,
            "Doubt": 0.052028216421604156,
            "Ecstasy": 0.15811337530612946,
            "Embarrassment": 0.08160830289125443,
            "Empathic Pain": 0.021861454471945763,
            "Entrancement": 0.08629452437162399,
            "Envy": 0.021118000149726868,
            "Excitement": 0.46546950936317444,
            "Fear": 0.023795584216713905,
            "Guilt": 0.02126879245042801,
            "Horror": 0.013397813774645329,
            "Interest": 0.41240933537483215,
            "Joy": 0.8733528256416321,
            "Love": 0.5385100245475769,
            "Nostalgia": 0.07490278035402298,
            "Pain": 0.02844182401895523,
            "Pride": 0.13010980188846588,
            "Realization": 0.08873791992664337,
            "Relief": 0.12146079540252686,
            "Romance": 0.10955025255680084,
            "Sadness": 0.026628904044628143,
            "Satisfaction": 0.42162469029426575,
            "Shame": 0.02908087521791458,
            "Surprise (negative)": 0.01444282103329897,
            "Surprise (positive)": 0.030829211696982384,
            "Sympathy": 0.06661827117204666,
            "Tiredness": 0.04648987203836441,
            "Triumph": 0.08981919288635254
        },
        "prosody": {
            "Admiration": 0.022593973204493523,
            "Adoration": 0.010446577332913876,
            "Aesthetic Appreciation": 0.016647471114993095,
            "Amusement": 0.016816744580864906,
            "Anger": 0.01906571164727211,
            "Anxiety": 0.03744736313819885,
            "Awe": 0.013342964462935925,
            "Awkwardness": 0.07121391594409943,
            "Boredom": 0.20095962285995483,
            "Calmness": 0.356342077255249,
            "Concentration": 0.10747458785772324,
            "Confusion": 0.01197794172912836,
            "Contemplation": 0.02767680585384369,
            "Contempt": 0.03766965493559837,
            "Contentment": 0.05763005465269089,
            "Craving": 0.010766984894871712,
            "Desire": 0.014881541952490807,
            "Determination": 0.11598781496286392,
            "Disappointment": 0.054897014051675797,
            "Disgust": 0.015898210927844048,
            "Distress": 0.03133818507194519,
            "Doubt": 0.01718141883611679,
            "Ecstasy": 0.005503830965608358,
            "Embarrassment": 0.012056339532136917,
            "Empathic Pain": 0.0066025895066559315,
            "Entrancement": 0.017420057207345963,
            "Envy": 0.00957303773611784,
            "Excitement": 0.02461557276546955,
            "Fear": 0.037200793623924255,
            "Guilt": 0.017590472474694252,
            "Horror": 0.006730429828166962,
            "Interest": 0.15527567267417908,
            "Joy": 0.009384897537529469,
            "Love": 0.007853289134800434,
            "Nostalgia": 0.0070375194773077965,
            "Pain": 0.0218519140034914,
            "Pride": 0.011299699544906616,
            "Realization": 0.09349007159471512,
            "Relief": 0.10293157398700714,
            "Romance": 0.013643607497215271,
            "Sadness": 0.019904134795069695,
            "Satisfaction": 0.02996702678501606,
            "Shame": 0.012354031205177307,
            "Surprise (negative)": 0.010677404701709747,
            "Surprise (positive)": 0.015423847362399101,
            "Sympathy": 0.010066786780953407,
            "Tiredness": 0.1411893516778946,
            "Triumph": 0.013040583580732346
        },
        "lang": {}
    }
}