{
    "metadata": {
        "dialogue_id": "415",
        "time_start": "00-00-16.016",
        "time_end": "00-00-18.017",
        "speaker": "Ross",
        "emotion": "disgust",
        "sentiment": "negative",
        "file_name": "415_00-00-16.016_00-00-18.017_Ross_disgust_negative"
    },
    "predicted": {
        "face": {
            "Admiration": 0.08873671293258667,
            "Adoration": 0.06243244558572769,
            "Aesthetic Appreciation": 0.06464993953704834,
            "Amusement": 0.10435605049133301,
            "Anger": 0.10683754086494446,
            "Anxiety": 0.18470361828804016,
            "Awe": 0.092699334025383,
            "Awkwardness": 0.2187502682209015,
            "Boredom": 0.3989795446395874,
            "Calmness": 0.42682337760925293,
            "Concentration": 0.519981861114502,
            "Confusion": 0.4563552141189575,
            "Contemplation": 0.24407032132148743,
            "Contempt": 0.20039749145507812,
            "Contentment": 0.10547242313623428,
            "Craving": 0.05838247388601303,
            "Desire": 0.054365698248147964,
            "Determination": 0.15104275941848755,
            "Disappointment": 0.3391120135784149,
            "Disgust": 0.11318576335906982,
            "Distress": 0.21397076547145844,
            "Doubt": 0.38014766573905945,
            "Ecstasy": 0.024711713194847107,
            "Embarrassment": 0.11139612644910812,
            "Empathic Pain": 0.09422406554222107,
            "Entrancement": 0.13090185821056366,
            "Envy": 0.05599360540509224,
            "Excitement": 0.05146215483546257,
            "Fear": 0.11371642351150513,
            "Guilt": 0.10118100047111511,
            "Horror": 0.049006152898073196,
            "Interest": 0.30317750573158264,
            "Joy": 0.06400594860315323,
            "Love": 0.07347311079502106,
            "Nostalgia": 0.06573639810085297,
            "Pain": 0.11510802805423737,
            "Pride": 0.058602772653102875,
            "Realization": 0.16513124108314514,
            "Relief": 0.05628802254796028,
            "Romance": 0.041079871356487274,
            "Sadness": 0.24751333892345428,
            "Satisfaction": 0.08707308024168015,
            "Shame": 0.08738043904304504,
            "Surprise (negative)": 0.0697842612862587,
            "Surprise (positive)": 0.04806090518832207,
            "Sympathy": 0.0685758888721466,
            "Tiredness": 0.23790478706359863,
            "Triumph": 0.02526211366057396
        },
        "prosody": {
            "Admiration": 0.016396692022681236,
            "Adoration": 0.012674061581492424,
            "Aesthetic Appreciation": 0.006566725671291351,
            "Amusement": 0.026932021602988243,
            "Anger": 0.2199111431837082,
            "Anxiety": 0.06745655834674835,
            "Awe": 0.02245480567216873,
            "Awkwardness": 0.016950763761997223,
            "Boredom": 0.005498116835951805,
            "Calmness": 0.0035035423934459686,
            "Concentration": 0.0015271438751369715,
            "Confusion": 0.02176208421587944,
            "Contemplation": 0.02414694055914879,
            "Contempt": 0.09656398743391037,
            "Contentment": 0.002052713418379426,
            "Craving": 0.015454784035682678,
            "Desire": 0.0025304225273430347,
            "Determination": 0.005562333390116692,
            "Disappointment": 0.15342693030834198,
            "Disgust": 0.3354594111442566,
            "Distress": 0.29197314381599426,
            "Doubt": 0.012369387783110142,
            "Ecstasy": 0.005979557987302542,
            "Embarrassment": 0.03299173340201378,
            "Empathic Pain": 0.09590647369623184,
            "Entrancement": 0.004206603392958641,
            "Envy": 0.03320762887597084,
            "Excitement": 0.015121216885745525,
            "Fear": 0.023394055664539337,
            "Guilt": 0.023295171558856964,
            "Horror": 0.056479617953300476,
            "Interest": 0.022129634395241737,
            "Joy": 0.004041743464767933,
            "Love": 0.007118166424334049,
            "Nostalgia": 0.00919780321419239,
            "Pain": 0.04769990220665932,
            "Pride": 0.0010927125113084912,
            "Realization": 0.35235148668289185,
            "Relief": 0.00483991764485836,
            "Romance": 0.0031107240356504917,
            "Sadness": 0.034105099737644196,
            "Satisfaction": 0.0024254361633211374,
            "Shame": 0.02013656124472618,
            "Surprise (negative)": 0.22492459416389465,
            "Surprise (positive)": 0.015940720215439796,
            "Sympathy": 0.08579622954130173,
            "Tiredness": 0.007402336224913597,
            "Triumph": 0.0019188890000805259
        },
        "lang": {
            "Admiration": 0.05194033696898259,
            "Adoration": 0.02541791413386818,
            "Aesthetic Appreciation": 0.011852002324303612,
            "Amusement": 0.028601985657587647,
            "Anger": 0.031689539551734924,
            "Annoyance": 0.11996149271726608,
            "Anxiety": 0.009645176178310066,
            "Awe": 0.026246955327223986,
            "Awkwardness": 0.05001333774998784,
            "Boredom": 0.01701675192452967,
            "Calmness": 0.06476822029799223,
            "Concentration": 0.029744644882157445,
            "Confusion": 0.07547025452367961,
            "Contemplation": 0.02393141807988286,
            "Contempt": 0.06042715674266219,
            "Contentment": 0.02693823562003672,
            "Craving": 0.002134819886123296,
            "Desire": 0.007249887625221163,
            "Determination": 0.05095288809388876,
            "Disappointment": 0.06919305864721537,
            "Disapproval": 0.14375713095068932,
            "Disgust": 0.03470297629246488,
            "Distress": 0.02563500584801659,
            "Doubt": 0.019841968081891537,
            "Ecstasy": 0.006090246504754759,
            "Embarrassment": 0.006563442060723901,
            "Empathic Pain": 0.029694991128053516,
            "Enthusiasm": 0.1314001603750512,
            "Entrancement": 0.01393735277815722,
            "Envy": 0.005138087901286781,
            "Excitement": 0.06498925664345734,
            "Fear": 0.006572954589501023,
            "Gratitude": 0.011241870699450374,
            "Guilt": 0.004072175099281594,
            "Horror": 0.006794064349378459,
            "Interest": 0.09371147188358009,
            "Joy": 0.040482890501152724,
            "Love": 0.014149820955935866,
            "Nostalgia": 0.0022038950555725023,
            "Pain": 0.006289691082201898,
            "Pride": 0.02601517565199174,
            "Realization": 0.08778012543916702,
            "Relief": 0.008821458381135017,
            "Romance": 0.008799827155598905,
            "Sadness": 0.017657586169661954,
            "Sarcasm": 0.03795509785413742,
            "Satisfaction": 0.04157863574801013,
            "Shame": 0.010912640893366188,
            "Surprise (negative)": 0.08843153854832053,
            "Surprise (positive)": 0.09210741886636242,
            "Sympathy": 0.043033300433307886,
            "Tiredness": 0.006291258032433689,
            "Triumph": 0.03919824477634393
        }
    }
}