{
    "metadata": {
        "dialogue_id": "41",
        "time_start": "00-00-32.866",
        "time_end": "00-00-37.077",
        "speaker": "Joey",
        "emotion": "neutral",
        "sentiment": "neutral",
        "file_name": "41_00-00-32.866_00-00-37.077_Joey_neutral_neutral"
    },
    "predicted": {
        "face": {
            "Admiration": 0.06409282237291336,
            "Adoration": 0.03689679130911827,
            "Aesthetic Appreciation": 0.050285909324884415,
            "Amusement": 0.06809858232736588,
            "Anger": 0.19059084355831146,
            "Anxiety": 0.18070153892040253,
            "Awe": 0.10122236609458923,
            "Awkwardness": 0.20763851702213287,
            "Boredom": 0.2920879125595093,
            "Calmness": 0.24612966179847717,
            "Concentration": 0.4622540771961212,
            "Confusion": 0.7290375828742981,
            "Contemplation": 0.24363303184509277,
            "Contempt": 0.27870267629623413,
            "Contentment": 0.05647376924753189,
            "Craving": 0.05471354350447655,
            "Desire": 0.04662005603313446,
            "Determination": 0.1707424372434616,
            "Disappointment": 0.33854466676712036,
            "Disgust": 0.18727007508277893,
            "Distress": 0.21898096799850464,
            "Doubt": 0.5323860049247742,
            "Ecstasy": 0.018092861399054527,
            "Embarrassment": 0.09226679056882858,
            "Empathic Pain": 0.08373168110847473,
            "Entrancement": 0.11038511246442795,
            "Envy": 0.06392665207386017,
            "Excitement": 0.03865662217140198,
            "Fear": 0.10804186761379242,
            "Guilt": 0.07454774528741837,
            "Horror": 0.056685954332351685,
            "Interest": 0.25531354546546936,
            "Joy": 0.03157319501042366,
            "Love": 0.03597616031765938,
            "Nostalgia": 0.04626534506678581,
            "Pain": 0.104885533452034,
            "Pride": 0.04936773329973221,
            "Realization": 0.1711300164461136,
            "Relief": 0.03826087713241577,
            "Romance": 0.024308843538165092,
            "Sadness": 0.16364818811416626,
            "Satisfaction": 0.049989137798547745,
            "Shame": 0.06486685574054718,
            "Surprise (negative)": 0.08872577548027039,
            "Surprise (positive)": 0.05162118747830391,
            "Sympathy": 0.04820694774389267,
            "Tiredness": 0.18131768703460693,
            "Triumph": 0.023821301758289337
        },
        "prosody": {
            "Admiration": 0.005170725751668215,
            "Adoration": 0.004005268448963761,
            "Aesthetic Appreciation": 0.0036529000499285758,
            "Amusement": 0.040844972943887115,
            "Anger": 0.04253543820232153,
            "Anxiety": 0.11723373457789421,
            "Awe": 0.013461470603942871,
            "Awkwardness": 0.08236178755760193,
            "Boredom": 0.044305507093667984,
            "Calmness": 0.04500187374651432,
            "Concentration": 0.01567069347947836,
            "Confusion": 0.08397693559527397,
            "Contemplation": 0.01459234207868576,
            "Contempt": 0.03067528549581766,
            "Contentment": 0.010481215314939618,
            "Craving": 0.0038737033028155565,
            "Desire": 0.012333647813647985,
            "Determination": 0.028159378096461296,
            "Disappointment": 0.18962468206882477,
            "Disgust": 0.036013564094901085,
            "Distress": 0.1576213575899601,
            "Doubt": 0.06550626084208488,
            "Ecstasy": 0.01336946350056678,
            "Embarrassment": 0.05436910130083561,
            "Empathic Pain": 0.04200531914830208,
            "Entrancement": 0.005594274960458279,
            "Envy": 0.007713315077126026,
            "Excitement": 0.040098195197060704,
            "Fear": 0.05954919196665287,
            "Guilt": 0.06253266427665949,
            "Horror": 0.03245949000120163,
            "Interest": 0.020685973577201366,
            "Joy": 0.017304004752077162,
            "Love": 0.004318232065998018,
            "Nostalgia": 0.012354581151157618,
            "Pain": 0.07013614475727081,
            "Pride": 0.008757816278375685,
            "Realization": 0.07327821478247643,
            "Relief": 0.053636372089385986,
            "Romance": 0.00735253025777638,
            "Sadness": 0.14571589976549149,
            "Satisfaction": 0.021104860119521618,
            "Shame": 0.10156127903610468,
            "Surprise (negative)": 0.09896457195281982,
            "Surprise (positive)": 0.03325911331921816,
            "Sympathy": 0.0225214003585279,
            "Tiredness": 0.05838674772530794,
            "Triumph": 0.016513772774487734
        },
        "lang": {
            "Admiration": 0.007730788551270962,
            "Adoration": 0.0024542967439629138,
            "Aesthetic Appreciation": 0.006800577510148287,
            "Amusement": 0.03658423417558273,
            "Anger": 0.0034366228307286897,
            "Annoyance": 0.09044333485265572,
            "Anxiety": 0.003232740331441164,
            "Awe": 0.003124383782657484,
            "Awkwardness": 0.04824164789170027,
            "Boredom": 0.23449809600909552,
            "Calmness": 0.24917063489556313,
            "Concentration": 0.02062537583212058,
            "Confusion": 0.05311939834306637,
            "Contemplation": 0.09203434797624747,
            "Contempt": 0.0680593711634477,
            "Contentment": 0.08543718295792739,
            "Craving": 0.0024718374964625887,
            "Desire": 0.0009953320695785806,
            "Determination": 0.009827487093086043,
            "Disappointment": 0.022444017076243956,
            "Disapproval": 0.03336036236335834,
            "Disgust": 0.004552239940191309,
            "Distress": 0.001829406983839969,
            "Doubt": 0.05359405092895031,
            "Ecstasy": 0.0005521156393418399,
            "Embarrassment": 0.002661270322278142,
            "Empathic Pain": 0.004439136323829492,
            "Enthusiasm": 0.05399909522384405,
            "Entrancement": 0.0033839428797364235,
            "Envy": 0.00392594786050419,
            "Excitement": 0.018683066125959158,
            "Fear": 0.0006804958441838002,
            "Gratitude": 0.01989646682826181,
            "Guilt": 0.0007571742074408879,
            "Horror": 0.00017414347166777588,
            "Interest": 0.2828473597764969,
            "Joy": 0.015906279052918155,
            "Love": 0.00268137797441644,
            "Nostalgia": 0.004419128294102848,
            "Pain": 0.0007172123393199096,
            "Pride": 0.004656118845256667,
            "Realization": 0.031510984214643635,
            "Relief": 0.01691298788258185,
            "Romance": 0.0013248002190569725,
            "Sadness": 0.0025311645974094668,
            "Sarcasm": 0.22705613325039545,
            "Satisfaction": 0.05482280161231756,
            "Shame": 0.0018917912190469603,
            "Surprise (negative)": 0.023367153480648994,
            "Surprise (positive)": 0.03616150779028734,
            "Sympathy": 0.010129592614248395,
            "Tiredness": 0.020721437176689506,
            "Triumph": 0.005891449555444221
        }
    }
}