{
    "metadata": {
        "dialogue_id": "424",
        "time_start": "00-00-04.004",
        "time_end": "00-00-07.006",
        "speaker": "Ross",
        "emotion": "neutral",
        "sentiment": "neutral",
        "file_name": "424_00-00-04.004_00-00-07.006_Ross_neutral_neutral"
    },
    "predicted": {
        "face": {
            "Admiration": 0.08649355173110962,
            "Adoration": 0.04739217460155487,
            "Aesthetic Appreciation": 0.05227898806333542,
            "Amusement": 0.1507175862789154,
            "Anger": 0.08505829423666,
            "Anxiety": 0.13235647976398468,
            "Awe": 0.4063124358654022,
            "Awkwardness": 0.21123862266540527,
            "Boredom": 0.2734983563423157,
            "Calmness": 0.18597449362277985,
            "Concentration": 0.2641853392124176,
            "Confusion": 0.486785352230072,
            "Contemplation": 0.11621835082769394,
            "Contempt": 0.1233520358800888,
            "Contentment": 0.06013784185051918,
            "Craving": 0.06372639536857605,
            "Desire": 0.07735425978899002,
            "Determination": 0.0927356481552124,
            "Disappointment": 0.21667034924030304,
            "Disgust": 0.10590670257806778,
            "Distress": 0.17044325172901154,
            "Doubt": 0.2926139831542969,
            "Ecstasy": 0.056763485074043274,
            "Embarrassment": 0.10385971516370773,
            "Empathic Pain": 0.06303858011960983,
            "Entrancement": 0.13121409714221954,
            "Envy": 0.0391618013381958,
            "Excitement": 0.1383892297744751,
            "Fear": 0.18338951468467712,
            "Guilt": 0.0523671954870224,
            "Horror": 0.19629083573818207,
            "Interest": 0.2568817436695099,
            "Joy": 0.06430475413799286,
            "Love": 0.04939361661672592,
            "Nostalgia": 0.03700738027691841,
            "Pain": 0.08171866834163666,
            "Pride": 0.041481271386146545,
            "Realization": 0.24783731997013092,
            "Relief": 0.07006169855594635,
            "Romance": 0.029492899775505066,
            "Sadness": 0.08309904485940933,
            "Satisfaction": 0.0850432962179184,
            "Shame": 0.04951336234807968,
            "Surprise (negative)": 0.3588533103466034,
            "Surprise (positive)": 0.3795517683029175,
            "Sympathy": 0.04039284586906433,
            "Tiredness": 0.22737270593643188,
            "Triumph": 0.040720436722040176
        },
        "prosody": {
            "Admiration": 0.04097359627485275,
            "Adoration": 0.060319092124700546,
            "Aesthetic Appreciation": 0.013317668810486794,
            "Amusement": 0.09873851388692856,
            "Anger": 0.03007991425693035,
            "Anxiety": 0.011741173453629017,
            "Awe": 0.024196844547986984,
            "Awkwardness": 0.05776515230536461,
            "Boredom": 0.0034891683608293533,
            "Calmness": 0.042246267199516296,
            "Concentration": 0.04926375672221184,
            "Confusion": 0.08271408081054688,
            "Contemplation": 0.06485474109649658,
            "Contempt": 0.02246204763650894,
            "Contentment": 0.012951952405273914,
            "Craving": 0.015549595467746258,
            "Desire": 0.048018284142017365,
            "Determination": 0.029863707721233368,
            "Disappointment": 0.035275790840387344,
            "Disgust": 0.01464450266212225,
            "Distress": 0.036706674844026566,
            "Doubt": 0.04201022908091545,
            "Ecstasy": 0.010296438820660114,
            "Embarrassment": 0.026023482903838158,
            "Empathic Pain": 0.08522968739271164,
            "Entrancement": 0.008747176267206669,
            "Envy": 0.09244859218597412,
            "Excitement": 0.032604943960905075,
            "Fear": 0.01153687946498394,
            "Guilt": 0.025066494941711426,
            "Horror": 0.013712737709283829,
            "Interest": 0.20193921029567719,
            "Joy": 0.022138556465506554,
            "Love": 0.05157456174492836,
            "Nostalgia": 0.07403414696455002,
            "Pain": 0.01206706278026104,
            "Pride": 0.029851527884602547,
            "Realization": 0.11790386587381363,
            "Relief": 0.012258296832442284,
            "Romance": 0.07211361825466156,
            "Sadness": 0.031082304194569588,
            "Satisfaction": 0.01750027947127819,
            "Shame": 0.010173243470489979,
            "Surprise (negative)": 0.04519831761717796,
            "Surprise (positive)": 0.026620490476489067,
            "Sympathy": 0.18127180635929108,
            "Tiredness": 0.0014399751089513302,
            "Triumph": 0.012117801234126091
        },
        "lang": {
            "Admiration": 0.033547254673276954,
            "Adoration": 0.03536692062894312,
            "Aesthetic Appreciation": 0.02810096085214844,
            "Amusement": 0.045277551389657535,
            "Anger": 0.007928089793914786,
            "Annoyance": 0.043520505038591534,
            "Anxiety": 0.008027454399360487,
            "Awe": 0.01822214272732918,
            "Awkwardness": 0.04635345892837414,
            "Boredom": 0.02452278581376259,
            "Calmness": 0.14157608839181754,
            "Concentration": 0.05989029831611193,
            "Confusion": 0.14040129760710093,
            "Contemplation": 0.14004010879076445,
            "Contempt": 0.04825924494518684,
            "Contentment": 0.02877513990880778,
            "Craving": 0.006700926755841535,
            "Desire": 0.05641608854728894,
            "Determination": 0.023867825619303264,
            "Disappointment": 0.023003619423924156,
            "Disapproval": 0.041753339706561886,
            "Disgust": 0.015898086542550188,
            "Distress": 0.006370804845713652,
            "Doubt": 0.03555041153986867,
            "Ecstasy": 0.0043262215308809224,
            "Embarrassment": 0.005953381406680609,
            "Empathic Pain": 0.006018502763114297,
            "Enthusiasm": 0.03531456767366482,
            "Entrancement": 0.04024671247372261,
            "Envy": 0.006452394828486901,
            "Excitement": 0.024616238571560152,
            "Fear": 0.00875102245929436,
            "Gratitude": 0.004569344004266895,
            "Guilt": 0.0015212073183367746,
            "Horror": 0.009893908270616801,
            "Interest": 0.2508915072450271,
            "Joy": 0.023025456153286192,
            "Love": 0.043932505757906117,
            "Nostalgia": 0.05192484502465679,
            "Pain": 0.0026605870538892653,
            "Pride": 0.014788230057232656,
            "Realization": 0.0937412865459919,
            "Relief": 0.006379695078626705,
            "Romance": 0.09504118846738353,
            "Sadness": 0.006584211109349361,
            "Sarcasm": 0.042301428611748494,
            "Satisfaction": 0.029548285994678736,
            "Shame": 0.006049802016395216,
            "Surprise (negative)": 0.03235214044196674,
            "Surprise (positive)": 0.029051506605285864,
            "Sympathy": 0.007928644127857227,
            "Tiredness": 0.005036102679486458,
            "Triumph": 0.012473179027438164
        }
    }
}