{
    "metadata": {
        "dialogue_id": "425",
        "time_start": "00-00-00.000",
        "time_end": "00-00-01.500",
        "speaker": "Phoebe",
        "emotion": "neutral",
        "sentiment": "neutral",
        "text_content": "Oh here\u0092s a whole bunch.",
        "file_name": "425_00-00-00.000_00-00-01.500_Phoebe_neutral_neutral"
    },
    "predicted": {
        "face": {
            "Admiration": 0.04840577393770218,
            "Adoration": 0.04104014113545418,
            "Aesthetic Appreciation": 0.03971216827630997,
            "Amusement": 0.06571262329816818,
            "Anger": 0.06809242069721222,
            "Anxiety": 0.2534011900424957,
            "Awe": 0.054575931280851364,
            "Awkwardness": 0.18327100574970245,
            "Boredom": 0.3526747226715088,
            "Calmness": 0.31330016255378723,
            "Concentration": 0.4109603762626648,
            "Confusion": 0.37521693110466003,
            "Contemplation": 0.24453392624855042,
            "Contempt": 0.12377408146858215,
            "Contentment": 0.07325508445501328,
            "Craving": 0.04217555373907089,
            "Desire": 0.0426471009850502,
            "Determination": 0.09402216225862503,
            "Disappointment": 0.47042760252952576,
            "Disgust": 0.09468036890029907,
            "Distress": 0.3703983426094055,
            "Doubt": 0.31926795840263367,
            "Ecstasy": 0.020103823393583298,
            "Embarrassment": 0.1779322475194931,
            "Empathic Pain": 0.14989009499549866,
            "Entrancement": 0.09283807873725891,
            "Envy": 0.03332369029521942,
            "Excitement": 0.029907839372754097,
            "Fear": 0.11338731646537781,
            "Guilt": 0.19641585648059845,
            "Horror": 0.04266737774014473,
            "Interest": 0.16871996223926544,
            "Joy": 0.03725436329841614,
            "Love": 0.05460653454065323,
            "Nostalgia": 0.06748297065496445,
            "Pain": 0.25261199474334717,
            "Pride": 0.03382458537817001,
            "Realization": 0.16384857892990112,
            "Relief": 0.06166693568229675,
            "Romance": 0.03494219109416008,
            "Sadness": 0.4769994020462036,
            "Satisfaction": 0.06417790800333023,
            "Shame": 0.18710097670555115,
            "Surprise (negative)": 0.048872191458940506,
            "Surprise (positive)": 0.025708599016070366,
            "Sympathy": 0.07460040599107742,
            "Tiredness": 0.3957947790622711,
            "Triumph": 0.014509599655866623
        },
        "prosody": {
            "Admiration": 0.011819668114185333,
            "Adoration": 0.019861090928316116,
            "Aesthetic Appreciation": 0.013363270089030266,
            "Amusement": 0.14972582459449768,
            "Anger": 0.07986663281917572,
            "Anxiety": 0.0495406836271286,
            "Awe": 0.05700480937957764,
            "Awkwardness": 0.04434296116232872,
            "Boredom": 0.0022261282429099083,
            "Calmness": 0.004235378000885248,
            "Concentration": 0.00867258757352829,
            "Confusion": 0.02672567032277584,
            "Contemplation": 0.0030093882232904434,
            "Contempt": 0.01635841652750969,
            "Contentment": 0.03294328600168228,
            "Craving": 0.003578083124011755,
            "Desire": 0.006615168880671263,
            "Determination": 0.027209652587771416,
            "Disappointment": 0.015697991475462914,
            "Disgust": 0.02386089414358139,
            "Distress": 0.040898390114307404,
            "Doubt": 0.006176415365189314,
            "Ecstasy": 0.0386858731508255,
            "Embarrassment": 0.016639942303299904,
            "Empathic Pain": 0.00397077389061451,
            "Entrancement": 0.005994017235934734,
            "Envy": 0.005600951611995697,
            "Excitement": 0.21501319110393524,
            "Fear": 0.028222855180501938,
            "Guilt": 0.004170492757111788,
            "Horror": 0.01849314197897911,
            "Interest": 0.09420561045408249,
            "Joy": 0.043856825679540634,
            "Love": 0.007228267379105091,
            "Nostalgia": 0.008318074978888035,
            "Pain": 0.008864231407642365,
            "Pride": 0.02199700102210045,
            "Realization": 0.11838310211896896,
            "Relief": 0.08042672276496887,
            "Romance": 0.006261484697461128,
            "Sadness": 0.002074431860819459,
            "Satisfaction": 0.06474362313747406,
            "Shame": 0.0041934167966246605,
            "Surprise (negative)": 0.07077150791883469,
            "Surprise (positive)": 0.25859782099723816,
            "Sympathy": 0.005576190073043108,
            "Tiredness": 0.011208990588784218,
            "Triumph": 0.06149701401591301
        },
        "lang": {}
    }
}