{
    "metadata": {
        "dialogue_id": "431",
        "time_start": "00-01-15.284",
        "time_end": "00-01-17.076",
        "speaker": "Monica",
        "emotion": "disgust",
        "sentiment": "negative",
        "file_name": "431_00-01-15.284_00-01-17.076_Monica_disgust_negative"
    },
    "predicted": {
        "face": {
            "Admiration": 0.1454276591539383,
            "Adoration": 0.2121090590953827,
            "Aesthetic Appreciation": 0.06636890023946762,
            "Amusement": 0.36247822642326355,
            "Anger": 0.03664206713438034,
            "Anxiety": 0.1652022898197174,
            "Awe": 0.07595240324735641,
            "Awkwardness": 0.2230863869190216,
            "Boredom": 0.2417437583208084,
            "Calmness": 0.2638852298259735,
            "Concentration": 0.19662030041217804,
            "Confusion": 0.1813610941171646,
            "Contemplation": 0.14370474219322205,
            "Contempt": 0.08434516191482544,
            "Contentment": 0.19989995658397675,
            "Craving": 0.04444032907485962,
            "Desire": 0.06011413037776947,
            "Determination": 0.055867865681648254,
            "Disappointment": 0.3285696804523468,
            "Disgust": 0.06354518234729767,
            "Distress": 0.24734006822109222,
            "Doubt": 0.17076356709003448,
            "Ecstasy": 0.06622519344091415,
            "Embarrassment": 0.3160261809825897,
            "Empathic Pain": 0.11930613219738007,
            "Entrancement": 0.08970753848552704,
            "Envy": 0.032616496086120605,
            "Excitement": 0.15084706246852875,
            "Fear": 0.08317765593528748,
            "Guilt": 0.15724921226501465,
            "Horror": 0.03836183249950409,
            "Interest": 0.252178430557251,
            "Joy": 0.3146950602531433,
            "Love": 0.38569751381874084,
            "Nostalgia": 0.103604756295681,
            "Pain": 0.22844968736171722,
            "Pride": 0.07456235587596893,
            "Realization": 0.15536856651306152,
            "Relief": 0.10888203978538513,
            "Romance": 0.1311686784029007,
            "Sadness": 0.35198870301246643,
            "Satisfaction": 0.2254304587841034,
            "Shame": 0.22260841727256775,
            "Surprise (negative)": 0.03636466711759567,
            "Surprise (positive)": 0.0373859703540802,
            "Sympathy": 0.09656214714050293,
            "Tiredness": 0.24880440533161163,
            "Triumph": 0.04126667603850365
        },
        "prosody": {
            "Admiration": 0.0006882291054353118,
            "Adoration": 0.0008637103601358831,
            "Aesthetic Appreciation": 0.0010917957406491041,
            "Amusement": 0.06143112853169441,
            "Anger": 0.9083106517791748,
            "Anxiety": 0.036813247948884964,
            "Awe": 0.002151719992980361,
            "Awkwardness": 0.03631545603275299,
            "Boredom": 0.001096725114621222,
            "Calmness": 0.0014045530697330832,
            "Concentration": 0.002996888244524598,
            "Confusion": 0.0686638206243515,
            "Contemplation": 0.0020066453143954277,
            "Contempt": 0.5056906342506409,
            "Contentment": 0.00037196988705545664,
            "Craving": 0.01611166261136532,
            "Desire": 0.008371802978217602,
            "Determination": 0.014916788786649704,
            "Disappointment": 0.14401915669441223,
            "Disgust": 0.88814377784729,
            "Distress": 0.18123584985733032,
            "Doubt": 0.005759718827903271,
            "Ecstasy": 0.001194997108541429,
            "Embarrassment": 0.04473944753408432,
            "Empathic Pain": 0.012548447586596012,
            "Entrancement": 0.000635132659226656,
            "Envy": 0.012410847470164299,
            "Excitement": 0.006707331165671349,
            "Fear": 0.021936628967523575,
            "Guilt": 0.006512710824608803,
            "Horror": 0.09336820244789124,
            "Interest": 0.004800958558917046,
            "Joy": 0.0005829421570524573,
            "Love": 0.0011950060725212097,
            "Nostalgia": 0.00045360391959547997,
            "Pain": 0.03645030036568642,
            "Pride": 0.0011530634947121143,
            "Realization": 0.03577440232038498,
            "Relief": 0.001003956189379096,
            "Romance": 0.0021150512620806694,
            "Sadness": 0.00860272254794836,
            "Satisfaction": 0.0011097711976617575,
            "Shame": 0.02200484648346901,
            "Surprise (negative)": 0.22722119092941284,
            "Surprise (positive)": 0.0009837389225140214,
            "Sympathy": 0.0030406767036765814,
            "Tiredness": 0.0027298135682940483,
            "Triumph": 0.000763045740313828
        },
        "lang": {
            "Admiration": 0.029692282318137586,
            "Adoration": 0.022788638132624328,
            "Aesthetic Appreciation": 0.035146256210282445,
            "Amusement": 0.04323754832148552,
            "Anger": 0.06790841289330274,
            "Annoyance": 0.12056889664381742,
            "Anxiety": 0.01931203284766525,
            "Awe": 0.01672476390376687,
            "Awkwardness": 0.039607015904039145,
            "Boredom": 0.04903559107333422,
            "Calmness": 0.04652133141644299,
            "Concentration": 0.020551121182506904,
            "Confusion": 0.07821197924204171,
            "Contemplation": 0.06251780840102583,
            "Contempt": 0.08376122545450926,
            "Contentment": 0.04399957263376564,
            "Craving": 0.094000254990533,
            "Desire": 0.11075425858143717,
            "Determination": 0.030877902172505856,
            "Disappointment": 0.03300468693487346,
            "Disapproval": 0.09024856658652425,
            "Disgust": 0.23202596651390195,
            "Distress": 0.06106875534169376,
            "Doubt": 0.017912626615725458,
            "Ecstasy": 0.019507865654304624,
            "Embarrassment": 0.010615682083880529,
            "Empathic Pain": 0.006802718504332006,
            "Enthusiasm": 0.07080135820433497,
            "Entrancement": 0.042157205170951784,
            "Envy": 0.010223864228464663,
            "Excitement": 0.05137196276336908,
            "Fear": 0.011146767472382635,
            "Gratitude": 0.0077863819897174835,
            "Guilt": 0.0026118852547369897,
            "Horror": 0.046701574872713536,
            "Interest": 0.1461416759993881,
            "Joy": 0.031785629922524095,
            "Love": 0.012964124733116478,
            "Nostalgia": 0.0053547974093817174,
            "Pain": 0.0221105053788051,
            "Pride": 0.017986351856961846,
            "Realization": 0.03350677900016308,
            "Relief": 0.006872843543533236,
            "Romance": 0.025671594805317,
            "Sadness": 0.010858793742954731,
            "Sarcasm": 0.04796261852607131,
            "Satisfaction": 0.05740677495487034,
            "Shame": 0.012426186935044825,
            "Surprise (negative)": 0.045168942771852016,
            "Surprise (positive)": 0.026520739309489727,
            "Sympathy": 0.0038049418362788856,
            "Tiredness": 0.012381720589473844,
            "Triumph": 0.019617822428699583
        }
    }
}