{
    "metadata": {
        "dialogue_id": "446",
        "time_start": "00-00-00.000",
        "time_end": "00-00-01.667",
        "speaker": "Ross-and-Joey",
        "emotion": "neutral",
        "sentiment": "neutral",
        "file_name": "446_00-00-00.000_00-00-01.667_Ross-and-Joey_neutral_neutral"
    },
    "predicted": {
        "face": {
            "Admiration": 0.03728129714727402,
            "Adoration": 0.024957025423645973,
            "Aesthetic Appreciation": 0.027485419064760208,
            "Amusement": 0.10627869516611099,
            "Anger": 0.4115090072154999,
            "Anxiety": 0.15604154765605927,
            "Awe": 0.09622684866189957,
            "Awkwardness": 0.2296825647354126,
            "Boredom": 0.12529629468917847,
            "Calmness": 0.0773305743932724,
            "Concentration": 0.15440130233764648,
            "Confusion": 0.4007335603237152,
            "Contemplation": 0.07219159603118896,
            "Contempt": 0.3110084533691406,
            "Contentment": 0.037950124591588974,
            "Craving": 0.04871593415737152,
            "Desire": 0.03981676325201988,
            "Determination": 0.12116729468107224,
            "Disappointment": 0.2820972502231598,
            "Disgust": 0.5211371779441833,
            "Distress": 0.255932092666626,
            "Doubt": 0.24681207537651062,
            "Ecstasy": 0.03619012236595154,
            "Embarrassment": 0.10811499506235123,
            "Empathic Pain": 0.10846301913261414,
            "Entrancement": 0.0515238493680954,
            "Envy": 0.051430486142635345,
            "Excitement": 0.08747871220111847,
            "Fear": 0.15619511902332306,
            "Guilt": 0.05966199189424515,
            "Horror": 0.14503301680088043,
            "Interest": 0.13004598021507263,
            "Joy": 0.05298762023448944,
            "Love": 0.030886923894286156,
            "Nostalgia": 0.029329638928174973,
            "Pain": 0.21929113566875458,
            "Pride": 0.052536990493535995,
            "Realization": 0.10643593221902847,
            "Relief": 0.023183830082416534,
            "Romance": 0.014867618680000305,
            "Sadness": 0.14040246605873108,
            "Satisfaction": 0.05412442237138748,
            "Shame": 0.06689144670963287,
            "Surprise (negative)": 0.14243410527706146,
            "Surprise (positive)": 0.058984220027923584,
            "Sympathy": 0.03432833403348923,
            "Tiredness": 0.09853413701057434,
            "Triumph": 0.05185147747397423
        },
        "prosody": {
            "Admiration": 0.005697028711438179,
            "Adoration": 0.0020093147177249193,
            "Aesthetic Appreciation": 0.002077805809676647,
            "Amusement": 0.027193371206521988,
            "Anger": 0.7480108141899109,
            "Anxiety": 0.12887263298034668,
            "Awe": 0.008073600940406322,
            "Awkwardness": 0.02107369899749756,
            "Boredom": 0.0009468675125390291,
            "Calmness": 0.00039007465238682926,
            "Concentration": 0.00788692943751812,
            "Confusion": 0.070374496281147,
            "Contemplation": 0.0019286900060251355,
            "Contempt": 0.0927814394235611,
            "Contentment": 0.001015240210108459,
            "Craving": 0.0014029622543603182,
            "Desire": 0.0008590556099079549,
            "Determination": 0.03522038459777832,
            "Disappointment": 0.14098034799098969,
            "Disgust": 0.17924125492572784,
            "Distress": 0.3479425311088562,
            "Doubt": 0.009899036027491093,
            "Ecstasy": 0.011062158271670341,
            "Embarrassment": 0.02007490210235119,
            "Empathic Pain": 0.01552925631403923,
            "Entrancement": 0.001172148040495813,
            "Envy": 0.00524404039606452,
            "Excitement": 0.05047782510519028,
            "Fear": 0.04967344179749489,
            "Guilt": 0.010145941749215126,
            "Horror": 0.08854731917381287,
            "Interest": 0.007849476300179958,
            "Joy": 0.0076573858968913555,
            "Love": 0.001187382498756051,
            "Nostalgia": 0.006617251317948103,
            "Pain": 0.03464119881391525,
            "Pride": 0.0072720893658697605,
            "Realization": 0.055859483778476715,
            "Relief": 0.0028105995152145624,
            "Romance": 0.0014138355618342757,
            "Sadness": 0.01401327084749937,
            "Satisfaction": 0.0034330713097006083,
            "Shame": 0.017090551555156708,
            "Surprise (negative)": 0.31292885541915894,
            "Surprise (positive)": 0.018212832510471344,
            "Sympathy": 0.0044301897287368774,
            "Tiredness": 0.003139171749353409,
            "Triumph": 0.005721319001168013
        },
        "lang": {
            "Admiration": 0.0019795920234173536,
            "Adoration": 0.0011714983265846968,
            "Aesthetic Appreciation": 0.002135118469595909,
            "Amusement": 0.002526547759771347,
            "Anger": 0.08455449342727661,
            "Annoyance": 0.38155484199523926,
            "Anxiety": 0.010826551355421543,
            "Awe": 0.0012471646768972278,
            "Awkwardness": 0.03572199493646622,
            "Boredom": 0.062152016907930374,
            "Calmness": 0.09360717982053757,
            "Concentration": 0.0476040318608284,
            "Confusion": 0.03585682064294815,
            "Contemplation": 0.010170230641961098,
            "Contempt": 0.07906552404165268,
            "Contentment": 0.00852066371589899,
            "Craving": 0.0006225553224794567,
            "Desire": 0.0024452642537653446,
            "Determination": 0.11054252088069916,
            "Disappointment": 0.05433603376150131,
            "Disapproval": 0.25829869508743286,
            "Disgust": 0.02492038905620575,
            "Distress": 0.025039222091436386,
            "Doubt": 0.042198773473501205,
            "Ecstasy": 0.00027991991373710334,
            "Embarrassment": 0.0035293372347950935,
            "Empathic Pain": 0.003659989684820175,
            "Enthusiasm": 0.010465429164469242,
            "Entrancement": 0.002115808892995119,
            "Envy": 0.0010817527072504163,
            "Excitement": 0.0022410915698856115,
            "Fear": 0.00664907693862915,
            "Gratitude": 0.0007155163330025971,
            "Guilt": 0.0020230687223374844,
            "Horror": 0.0015495233237743378,
            "Interest": 0.02409656159579754,
            "Joy": 0.0008603226742707193,
            "Love": 0.0018463906599208713,
            "Nostalgia": 0.0002793920284602791,
            "Pain": 0.0035218612756580114,
            "Pride": 0.003253105329349637,
            "Realization": 0.021884344518184662,
            "Relief": 0.0017621907172724605,
            "Romance": 0.001084563322365284,
            "Sadness": 0.004179064184427261,
            "Sarcasm": 0.010286317206919193,
            "Satisfaction": 0.005446683615446091,
            "Shame": 0.0060931057669222355,
            "Surprise (negative)": 0.05747023597359657,
            "Surprise (positive)": 0.004185060504823923,
            "Sympathy": 0.006418886594474316,
            "Tiredness": 0.036607056856155396,
            "Triumph": 0.0045106480829417706
        }
    }
}