{
    "metadata": {
        "dialogue_id": "446",
        "time_start": "00-01-12.155",
        "time_end": "00-01-15.491",
        "speaker": "Pete",
        "emotion": "neutral",
        "sentiment": "neutral",
        "file_name": "446_00-01-12.155_00-01-15.491_Pete_neutral_neutral"
    },
    "predicted": {
        "face": {
            "Admiration": 0.12968067824840546,
            "Adoration": 0.09496767073869705,
            "Aesthetic Appreciation": 0.05445379763841629,
            "Amusement": 0.5367355942726135,
            "Anger": 0.1282682865858078,
            "Anxiety": 0.07802517712116241,
            "Awe": 0.347300261259079,
            "Awkwardness": 0.12404344975948334,
            "Boredom": 0.11005797982215881,
            "Calmness": 0.0944376140832901,
            "Concentration": 0.09625694155693054,
            "Confusion": 0.12357538938522339,
            "Contemplation": 0.044923555105924606,
            "Contempt": 0.07022850960493088,
            "Contentment": 0.1104564517736435,
            "Craving": 0.05974803864955902,
            "Desire": 0.0695713683962822,
            "Determination": 0.09997090697288513,
            "Disappointment": 0.09067723155021667,
            "Disgust": 0.0453513003885746,
            "Distress": 0.10416731238365173,
            "Doubt": 0.07661989331245422,
            "Ecstasy": 0.30676332116127014,
            "Embarrassment": 0.051842816174030304,
            "Empathic Pain": 0.04026151821017265,
            "Entrancement": 0.0951995998620987,
            "Envy": 0.028871264308691025,
            "Excitement": 0.6784164309501648,
            "Fear": 0.1426859050989151,
            "Guilt": 0.022195160388946533,
            "Horror": 0.1686428338289261,
            "Interest": 0.2532563805580139,
            "Joy": 0.44861581921577454,
            "Love": 0.1383393555879593,
            "Nostalgia": 0.04092460498213768,
            "Pain": 0.08515235036611557,
            "Pride": 0.13639023900032043,
            "Realization": 0.14943814277648926,
            "Relief": 0.09197945892810822,
            "Romance": 0.033909402787685394,
            "Sadness": 0.043524809181690216,
            "Satisfaction": 0.2520250976085663,
            "Shame": 0.02079407125711441,
            "Surprise (negative)": 0.16767822206020355,
            "Surprise (positive)": 0.3252139389514923,
            "Sympathy": 0.02902432531118393,
            "Tiredness": 0.10164095461368561,
            "Triumph": 0.26810020208358765
        },
        "prosody": {
            "Admiration": 0.05674318876117468,
            "Adoration": 0.018978535663336515,
            "Aesthetic Appreciation": 0.020439903251826763,
            "Amusement": 0.042018258944153786,
            "Anger": 0.01584133692085743,
            "Anxiety": 0.034865230321884155,
            "Awe": 0.010933709796518087,
            "Awkwardness": 0.08868598565459251,
            "Boredom": 0.06734715402126312,
            "Calmness": 0.134446918964386,
            "Concentration": 0.1009874939918518,
            "Confusion": 0.039185581263154745,
            "Contemplation": 0.08517381642013788,
            "Contempt": 0.029247832484543324,
            "Contentment": 0.045785095542669296,
            "Craving": 0.009816922713071108,
            "Desire": 0.02045133989304304,
            "Determination": 0.17819217778742313,
            "Disappointment": 0.0358840050175786,
            "Disgust": 0.010493024019524455,
            "Distress": 0.021496787667274475,
            "Doubt": 0.027656134217977524,
            "Ecstasy": 0.011803649133071303,
            "Embarrassment": 0.024198267608880997,
            "Empathic Pain": 0.008752973284572363,
            "Entrancement": 0.012036021333187819,
            "Envy": 0.01756972912698984,
            "Excitement": 0.06838442757725716,
            "Fear": 0.012628177646547556,
            "Guilt": 0.024101620074361563,
            "Horror": 0.006042115623131394,
            "Interest": 0.18549327552318573,
            "Joy": 0.0311081875115633,
            "Love": 0.021525563905015588,
            "Nostalgia": 0.022054065950214863,
            "Pain": 0.01539679802954197,
            "Pride": 0.026532553136348724,
            "Realization": 0.05698508210480213,
            "Relief": 0.025242408737540245,
            "Romance": 0.013511741068214178,
            "Sadness": 0.01886245235800743,
            "Satisfaction": 0.03552836552262306,
            "Shame": 0.017462510615587234,
            "Surprise (negative)": 0.010193662717938423,
            "Surprise (positive)": 0.012991433031857014,
            "Sympathy": 0.0188160827383399,
            "Tiredness": 0.014401715248823166,
            "Triumph": 0.018131724558770657
        },
        "lang": {
            "Admiration": 0.0018759430148003792,
            "Adoration": 0.003898627067842013,
            "Aesthetic Appreciation": 0.0037620661632073197,
            "Amusement": 0.006725432774560018,
            "Anger": 0.00535705276045271,
            "Annoyance": 0.13086257299238985,
            "Anxiety": 0.03004344358024272,
            "Awe": 0.0028852320128035817,
            "Awkwardness": 0.05664510356092995,
            "Boredom": 0.16109765083952385,
            "Calmness": 0.2040176804770123,
            "Concentration": 0.056890348311175,
            "Confusion": 0.08324128829620102,
            "Contemplation": 0.09716782955960794,
            "Contempt": 0.027298550206151875,
            "Contentment": 0.040588481944393025,
            "Craving": 0.004486383288167417,
            "Desire": 0.002093097726835615,
            "Determination": 0.06420515054328875,
            "Disappointment": 0.12169598042964935,
            "Disapproval": 0.0270243527113714,
            "Disgust": 0.003632856575264172,
            "Distress": 0.024064900776879353,
            "Doubt": 0.042978579686446625,
            "Ecstasy": 0.0015514884739373388,
            "Embarrassment": 0.009458069880069657,
            "Empathic Pain": 0.005925942307592116,
            "Enthusiasm": 0.02514006857844916,
            "Entrancement": 0.005520217565142296,
            "Envy": 0.002189667302776467,
            "Excitement": 0.024187283399938184,
            "Fear": 0.005451615698720244,
            "Gratitude": 0.008189419464377517,
            "Guilt": 0.013430619019676338,
            "Horror": 0.0006052771350368857,
            "Interest": 0.028639142274517904,
            "Joy": 0.013492021238727664,
            "Love": 0.010545257910218259,
            "Nostalgia": 0.01236067562025379,
            "Pain": 0.00771405611356551,
            "Pride": 0.0043244207256727596,
            "Realization": 0.18226523866707628,
            "Relief": 0.03058701321821321,
            "Romance": 0.008958343518315814,
            "Sadness": 0.04447606760500507,
            "Sarcasm": 0.013253695162182505,
            "Satisfaction": 0.024958076675168493,
            "Shame": 0.016430311582305214,
            "Surprise (negative)": 0.02774628505788066,
            "Surprise (positive)": 0.013158942657438192,
            "Sympathy": 0.005828842520713806,
            "Tiredness": 0.13201948763294655,
            "Triumph": 0.011074728544124147
        }
    }
}