{
    "metadata": {
        "dialogue_id": "449",
        "time_start": "00-00-21.736",
        "time_end": "00-00-23.031",
        "speaker": "Ross",
        "emotion": "joy",
        "sentiment": "positive",
        "file_name": "449_00-00-21.736_00-00-23.031_Ross_joy_positive"
    },
    "predicted": {
        "face": {
            "Admiration": 0.09581597149372101,
            "Adoration": 0.05798347294330597,
            "Aesthetic Appreciation": 0.07031674683094025,
            "Amusement": 0.08228083699941635,
            "Anger": 0.12222281098365784,
            "Anxiety": 0.17528192698955536,
            "Awe": 0.10145307332277298,
            "Awkwardness": 0.2044067680835724,
            "Boredom": 0.4492614269256592,
            "Calmness": 0.5077075362205505,
            "Concentration": 0.5933820605278015,
            "Confusion": 0.40047749876976013,
            "Contemplation": 0.28374800086021423,
            "Contempt": 0.22216515243053436,
            "Contentment": 0.10379236936569214,
            "Craving": 0.0612090565264225,
            "Desire": 0.0435255765914917,
            "Determination": 0.19123263657093048,
            "Disappointment": 0.3260995149612427,
            "Disgust": 0.08983822166919708,
            "Distress": 0.17846480011940002,
            "Doubt": 0.39134711027145386,
            "Ecstasy": 0.019519442692399025,
            "Embarrassment": 0.09120388329029083,
            "Empathic Pain": 0.0801011174917221,
            "Entrancement": 0.14926771819591522,
            "Envy": 0.06545691192150116,
            "Excitement": 0.040837205946445465,
            "Fear": 0.1198129653930664,
            "Guilt": 0.09149642288684845,
            "Horror": 0.04689521715044975,
            "Interest": 0.31671541929244995,
            "Joy": 0.04402891919016838,
            "Love": 0.05669911205768585,
            "Nostalgia": 0.0704425796866417,
            "Pain": 0.08128742128610611,
            "Pride": 0.06569598615169525,
            "Realization": 0.16930446028709412,
            "Relief": 0.047257859259843826,
            "Romance": 0.0343812070786953,
            "Sadness": 0.22533638775348663,
            "Satisfaction": 0.07483857870101929,
            "Shame": 0.07089988142251968,
            "Surprise (negative)": 0.06559702754020691,
            "Surprise (positive)": 0.04819851741194725,
            "Sympathy": 0.06459172070026398,
            "Tiredness": 0.21520209312438965,
            "Triumph": 0.02477101981639862
        },
        "prosody": {
            "Admiration": 0.006291411351412535,
            "Adoration": 0.007476442027837038,
            "Aesthetic Appreciation": 0.008353964425623417,
            "Amusement": 0.04216707870364189,
            "Anger": 0.03071538545191288,
            "Anxiety": 0.045915424823760986,
            "Awe": 0.00416529318317771,
            "Awkwardness": 0.14110666513442993,
            "Boredom": 0.011386973783373833,
            "Calmness": 0.0087153110653162,
            "Concentration": 0.00453592836856842,
            "Confusion": 0.017352724447846413,
            "Contemplation": 0.011854754760861397,
            "Contempt": 0.05360385403037071,
            "Contentment": 0.005737185478210449,
            "Craving": 0.0024126546923071146,
            "Desire": 0.0021164272911846638,
            "Determination": 0.0030206553637981415,
            "Disappointment": 0.3580603301525116,
            "Disgust": 0.09567715227603912,
            "Distress": 0.1310247778892517,
            "Doubt": 0.019470687955617905,
            "Ecstasy": 0.003407952841371298,
            "Embarrassment": 0.17512914538383484,
            "Empathic Pain": 0.6047358512878418,
            "Entrancement": 0.0014576802495867014,
            "Envy": 0.012738614343106747,
            "Excitement": 0.016307035461068153,
            "Fear": 0.01045345887541771,
            "Guilt": 0.22222717106342316,
            "Horror": 0.015336866490542889,
            "Interest": 0.006109130568802357,
            "Joy": 0.00638275733217597,
            "Love": 0.003504208754748106,
            "Nostalgia": 0.007785341236740351,
            "Pain": 0.06475850939750671,
            "Pride": 0.0030452876817435026,
            "Realization": 0.06524002552032471,
            "Relief": 0.012708975002169609,
            "Romance": 0.0028813255485147238,
            "Sadness": 0.4390605688095093,
            "Satisfaction": 0.0031094178557395935,
            "Shame": 0.24214650690555573,
            "Surprise (negative)": 0.06841756403446198,
            "Surprise (positive)": 0.008771290071308613,
            "Sympathy": 0.47851940989494324,
            "Tiredness": 0.021495305001735687,
            "Triumph": 0.001153158606030047
        },
        "lang": {
            "Admiration": 0.008256712928414345,
            "Adoration": 0.0024213207507273182,
            "Aesthetic Appreciation": 0.008756012888625264,
            "Amusement": 0.008729665772989392,
            "Anger": 0.008720405283384025,
            "Annoyance": 0.12746675964444876,
            "Anxiety": 0.03035380132496357,
            "Awe": 0.009141202899627388,
            "Awkwardness": 0.036407406674697995,
            "Boredom": 0.05507928878068924,
            "Calmness": 0.15756196901202202,
            "Concentration": 0.03266262263059616,
            "Confusion": 0.10131148993968964,
            "Contemplation": 0.2784981429576874,
            "Contempt": 0.04962610639631748,
            "Contentment": 0.04559823404997587,
            "Craving": 0.0031745106680318713,
            "Desire": 0.0009530833922326565,
            "Determination": 0.016470115398988128,
            "Disappointment": 0.15462673641741276,
            "Disapproval": 0.07363326312042773,
            "Disgust": 0.005974825588054955,
            "Distress": 0.03256981587037444,
            "Doubt": 0.10461512487381697,
            "Ecstasy": 0.0013127629354130477,
            "Embarrassment": 0.00860822678077966,
            "Empathic Pain": 0.02510351757518947,
            "Enthusiasm": 0.009515407960861921,
            "Entrancement": 0.010381083120591938,
            "Envy": 0.0027912369987461716,
            "Excitement": 0.0048388822469860315,
            "Fear": 0.006115382013376802,
            "Gratitude": 0.013636138988658786,
            "Guilt": 0.013168864970793948,
            "Horror": 0.0007432403072016314,
            "Interest": 0.042580183362588286,
            "Joy": 0.004406318592373282,
            "Love": 0.0024050732608884573,
            "Nostalgia": 0.007592050707899034,
            "Pain": 0.020516255754046142,
            "Pride": 0.005007020430639386,
            "Realization": 0.2819797545671463,
            "Relief": 0.03616685327142477,
            "Romance": 0.0016472189599880949,
            "Sadness": 0.09125344490166754,
            "Sarcasm": 0.03959647240117192,
            "Satisfaction": 0.030951094813644886,
            "Shame": 0.02203637210186571,
            "Surprise (negative)": 0.025611172430217266,
            "Surprise (positive)": 0.01827933033928275,
            "Sympathy": 0.030684164026752114,
            "Tiredness": 0.09130439721047878,
            "Triumph": 0.01023222494404763
        }
    }
}