{
    "metadata": {
        "dialogue_id": "44",
        "time_start": "00-00-07.228",
        "time_end": "00-00-07.863",
        "speaker": "Charlie",
        "emotion": "neutral",
        "sentiment": "neutral",
        "file_name": "44_00-00-07.228_00-00-07.863_Charlie_neutral_neutral"
    },
    "predicted": {
        "face": {
            "Admiration": 0.0997043028473854,
            "Adoration": 0.07327291369438171,
            "Aesthetic Appreciation": 0.06759381294250488,
            "Amusement": 0.12141703814268112,
            "Anger": 0.10135768353939056,
            "Anxiety": 0.1887301504611969,
            "Awe": 0.11897748708724976,
            "Awkwardness": 0.20624837279319763,
            "Boredom": 0.325712114572525,
            "Calmness": 0.3862021565437317,
            "Concentration": 0.5083138346672058,
            "Confusion": 0.45666664838790894,
            "Contemplation": 0.2490629404783249,
            "Contempt": 0.17516441643238068,
            "Contentment": 0.1081380695104599,
            "Craving": 0.0649847462773323,
            "Desire": 0.0707809180021286,
            "Determination": 0.1458362638950348,
            "Disappointment": 0.31398656964302063,
            "Disgust": 0.11429908871650696,
            "Distress": 0.22730959951877594,
            "Doubt": 0.36325234174728394,
            "Ecstasy": 0.032247144728899,
            "Embarrassment": 0.1160789281129837,
            "Empathic Pain": 0.09777268767356873,
            "Entrancement": 0.14082731306552887,
            "Envy": 0.05360283702611923,
            "Excitement": 0.0686064139008522,
            "Fear": 0.1391393095254898,
            "Guilt": 0.10404960066080093,
            "Horror": 0.06556808203458786,
            "Interest": 0.31633490324020386,
            "Joy": 0.07728634029626846,
            "Love": 0.08903316408395767,
            "Nostalgia": 0.06673598289489746,
            "Pain": 0.12969698011875153,
            "Pride": 0.056092873215675354,
            "Realization": 0.18206489086151123,
            "Relief": 0.06235731765627861,
            "Romance": 0.04973310977220535,
            "Sadness": 0.23443296551704407,
            "Satisfaction": 0.10058014839887619,
            "Shame": 0.08930979669094086,
            "Surprise (negative)": 0.09021713584661484,
            "Surprise (positive)": 0.06814360618591309,
            "Sympathy": 0.06602072715759277,
            "Tiredness": 0.22534626722335815,
            "Triumph": 0.028713718056678772
        },
        "prosody": {
            "Admiration": 0,
            "Adoration": 0,
            "Aesthetic Appreciation": 0,
            "Amusement": 0,
            "Anger": 0,
            "Annoyance": 0,
            "Anxiety": 0,
            "Awe": 0,
            "Awkwardness": 0,
            "Boredom": 0,
            "Calmness": 0,
            "Concentration": 0,
            "Confusion": 0,
            "Contemplation": 0,
            "Contempt": 0,
            "Contentment": 0,
            "Craving": 0,
            "Desire": 0,
            "Determination": 0,
            "Disappointment": 0,
            "Disapproval": 0,
            "Disgust": 0,
            "Distress": 0,
            "Doubt": 0,
            "Ecstasy": 0,
            "Embarrassment": 0,
            "Empathic Pain": 0,
            "Enthusiasm": 0,
            "Entrancement": 0,
            "Envy": 0,
            "Excitement": 0,
            "Fear": 0,
            "Gratitude": 0,
            "Guilt": 0,
            "Horror": 0,
            "Interest": 0,
            "Joy": 0,
            "Love": 0,
            "Nostalgia": 0,
            "Pain": 0,
            "Pride": 0,
            "Realization": 0,
            "Relief": 0,
            "Romance": 0,
            "Sadness": 0,
            "Sarcasm": 0,
            "Satisfaction": 0,
            "Shame": 0,
            "Surprise (negative)": 0,
            "Surprise (positive)": 0,
            "Sympathy": 0,
            "Tiredness": 0,
            "Triumph": 0
        },
        "lang": {
            "Admiration": 0.0032013319432735443,
            "Adoration": 0.0010940029751509428,
            "Aesthetic Appreciation": 0.005852618254721165,
            "Amusement": 0.01025825459510088,
            "Anger": 0.007131226826459169,
            "Annoyance": 0.1821296513080597,
            "Anxiety": 0.0029520264361053705,
            "Awe": 0.0015526550123468041,
            "Awkwardness": 0.023997509852051735,
            "Boredom": 0.6394100785255432,
            "Calmness": 0.13649815320968628,
            "Concentration": 0.013956889510154724,
            "Confusion": 0.023740554228425026,
            "Contemplation": 0.016202811151742935,
            "Contempt": 0.052489206194877625,
            "Contentment": 0.033377740532159805,
            "Craving": 0.001185261644423008,
            "Desire": 0.0008709988323971629,
            "Determination": 0.005928681697696447,
            "Disappointment": 0.10001881420612335,
            "Disapproval": 0.06709646433591843,
            "Disgust": 0.01107815932482481,
            "Distress": 0.007247471250593662,
            "Doubt": 0.015178168192505836,
            "Ecstasy": 0.00048388022696599364,
            "Embarrassment": 0.0026069681625813246,
            "Empathic Pain": 0.004563139285892248,
            "Enthusiasm": 0.00992897804826498,
            "Entrancement": 0.0022242970298975706,
            "Envy": 0.0017604506574571133,
            "Excitement": 0.0037791316863149405,
            "Fear": 0.0006159932818263769,
            "Gratitude": 0.0018220087513327599,
            "Guilt": 0.0008960002451203763,
            "Horror": 0.000320842198561877,
            "Interest": 0.022607523947954178,
            "Joy": 0.0034879206214100122,
            "Love": 0.000972991983871907,
            "Nostalgia": 0.0012539750896394253,
            "Pain": 0.003955059219151735,
            "Pride": 0.0014953195350244641,
            "Realization": 0.03184031322598457,
            "Relief": 0.007963462732732296,
            "Romance": 0.0004205350123811513,
            "Sadness": 0.011782040819525719,
            "Sarcasm": 0.029961204156279564,
            "Satisfaction": 0.017857832834124565,
            "Shame": 0.004023926332592964,
            "Surprise (negative)": 0.030612869188189507,
            "Surprise (positive)": 0.0070162261836230755,
            "Sympathy": 0.008028043434023857,
            "Tiredness": 0.11191126704216003,
            "Triumph": 0.003571277018636465
        }
    }
}