{
    "metadata": {
        "dialogue_id": "450",
        "time_start": "00-02-03.332",
        "time_end": "00-02-08.961",
        "speaker": "Phoebe",
        "emotion": "neutral",
        "sentiment": "neutral",
        "text_content": "So\u0085 It\u0092s really just about the math.",
        "file_name": "450_00-02-03.332_00-02-08.961_Phoebe_neutral_neutral"
    },
    "predicted": {
        "face": {
            "Admiration": 0.18979817628860474,
            "Adoration": 0.18921078741550446,
            "Aesthetic Appreciation": 0.09728775918483734,
            "Amusement": 0.39729228615760803,
            "Anger": 0.047358471900224686,
            "Anxiety": 0.11256053298711777,
            "Awe": 0.10898380726575851,
            "Awkwardness": 0.24967706203460693,
            "Boredom": 0.2105729728937149,
            "Calmness": 0.38038280606269836,
            "Concentration": 0.3010235130786896,
            "Confusion": 0.32040396332740784,
            "Contemplation": 0.15163648128509521,
            "Contempt": 0.14854696393013,
            "Contentment": 0.2300587296485901,
            "Craving": 0.07212355732917786,
            "Desire": 0.11529786139726639,
            "Determination": 0.08991985768079758,
            "Disappointment": 0.18015490472316742,
            "Disgust": 0.08979745209217072,
            "Distress": 0.1402614861726761,
            "Doubt": 0.23375369608402252,
            "Ecstasy": 0.07901227474212646,
            "Embarrassment": 0.11076779663562775,
            "Empathic Pain": 0.06827358156442642,
            "Entrancement": 0.13118410110473633,
            "Envy": 0.04639658331871033,
            "Excitement": 0.20284487307071686,
            "Fear": 0.08365444093942642,
            "Guilt": 0.05923491716384888,
            "Horror": 0.04138222709298134,
            "Interest": 0.44815537333488464,
            "Joy": 0.34611088037490845,
            "Love": 0.28802287578582764,
            "Nostalgia": 0.08117695152759552,
            "Pain": 0.09750548750162125,
            "Pride": 0.09955979138612747,
            "Realization": 0.152206152677536,
            "Relief": 0.1126493439078331,
            "Romance": 0.10365359485149384,
            "Sadness": 0.13126744329929352,
            "Satisfaction": 0.2793116867542267,
            "Shame": 0.06138617545366287,
            "Surprise (negative)": 0.051086436957120895,
            "Surprise (positive)": 0.05804513022303581,
            "Sympathy": 0.07582797110080719,
            "Tiredness": 0.1422502100467682,
            "Triumph": 0.05970228463411331
        },
        "prosody": {
            "Admiration": 0.011363974772393703,
            "Adoration": 0.006139412289485335,
            "Aesthetic Appreciation": 0.01638605655170977,
            "Amusement": 0.089787682518363,
            "Anger": 0.017610545037314296,
            "Anxiety": 0.08901171758770943,
            "Awe": 0.044655836652964354,
            "Awkwardness": 0.08920281939208508,
            "Boredom": 0.06958709587343037,
            "Calmness": 0.06059028021991253,
            "Concentration": 0.04660307988524437,
            "Confusion": 0.07837206497788429,
            "Contemplation": 0.033235035836696625,
            "Contempt": 0.02309489343315363,
            "Contentment": 0.02773139253258705,
            "Craving": 0.009942133910953999,
            "Desire": 0.017715332098305225,
            "Determination": 0.05629961099475622,
            "Disappointment": 0.052116905339062214,
            "Disgust": 0.02301200572401285,
            "Distress": 0.06737556122243404,
            "Doubt": 0.04412076622247696,
            "Ecstasy": 0.01697986014187336,
            "Embarrassment": 0.04431132599711418,
            "Empathic Pain": 0.01971025438979268,
            "Entrancement": 0.010263413656502962,
            "Envy": 0.008488927036523819,
            "Excitement": 0.12077165488153696,
            "Fear": 0.038446782156825066,
            "Guilt": 0.03910339064896107,
            "Horror": 0.012458926532417536,
            "Interest": 0.06509008072316647,
            "Joy": 0.017840810120105743,
            "Love": 0.004852572223171592,
            "Nostalgia": 0.008798445574939251,
            "Pain": 0.06633033067919314,
            "Pride": 0.022595841204747558,
            "Realization": 0.11751329433172941,
            "Relief": 0.032363769598305225,
            "Romance": 0.013573726639151573,
            "Sadness": 0.07717248611152172,
            "Satisfaction": 0.02869111206382513,
            "Shame": 0.043095947708934546,
            "Surprise (negative)": 0.07239673938602209,
            "Surprise (positive)": 0.07332832599058747,
            "Sympathy": 0.01727122301235795,
            "Tiredness": 0.038003091933205724,
            "Triumph": 0.019942967453971505
        },
        "lang": {}
    }
}