{
    "metadata": {
        "dialogue_id": "455",
        "time_start": "00-00-02.586",
        "time_end": "00-00-05.380",
        "speaker": "Rachel",
        "emotion": "neutral",
        "sentiment": "neutral",
        "file_name": "455_00-00-02.586_00-00-05.380_Rachel_neutral_neutral"
    },
    "predicted": {
        "face": {
            "Admiration": 0.16965076327323914,
            "Adoration": 0.14136536419391632,
            "Aesthetic Appreciation": 0.1033351942896843,
            "Amusement": 0.4497091770172119,
            "Anger": 0.0308315921574831,
            "Anxiety": 0.08414528518915176,
            "Awe": 0.10985565930604935,
            "Awkwardness": 0.2646512985229492,
            "Boredom": 0.21296043694019318,
            "Calmness": 0.21774476766586304,
            "Concentration": 0.34786128997802734,
            "Confusion": 0.18835897743701935,
            "Contemplation": 0.17883756756782532,
            "Contempt": 0.10238879173994064,
            "Contentment": 0.12155881524085999,
            "Craving": 0.3787836730480194,
            "Desire": 0.5430903434753418,
            "Determination": 0.13031117618083954,
            "Disappointment": 0.08574861288070679,
            "Disgust": 0.04832690581679344,
            "Distress": 0.06342553347349167,
            "Doubt": 0.16838602721691132,
            "Ecstasy": 0.09312659502029419,
            "Embarrassment": 0.07748047262430191,
            "Empathic Pain": 0.027477053925395012,
            "Entrancement": 0.15313945710659027,
            "Envy": 0.0507020503282547,
            "Excitement": 0.26100122928619385,
            "Fear": 0.06799309700727463,
            "Guilt": 0.03834836557507515,
            "Horror": 0.034418150782585144,
            "Interest": 0.597163200378418,
            "Joy": 0.21286256611347198,
            "Love": 0.2035958170890808,
            "Nostalgia": 0.05124760791659355,
            "Pain": 0.027766678482294083,
            "Pride": 0.06768770515918732,
            "Realization": 0.11406278610229492,
            "Relief": 0.03515780344605446,
            "Romance": 0.16058652102947235,
            "Sadness": 0.04366295039653778,
            "Satisfaction": 0.22464150190353394,
            "Shame": 0.040107958018779755,
            "Surprise (negative)": 0.03758302330970764,
            "Surprise (positive)": 0.05202587693929672,
            "Sympathy": 0.040483564138412476,
            "Tiredness": 0.060488589107990265,
            "Triumph": 0.05576380342245102
        },
        "prosody": {
            "Admiration": 0.017381150275468826,
            "Adoration": 0.011419187299907207,
            "Aesthetic Appreciation": 0.008530259132385254,
            "Amusement": 0.04145136848092079,
            "Anger": 0.12446906417608261,
            "Anxiety": 0.08331865072250366,
            "Awe": 0.020200615748763084,
            "Awkwardness": 0.09087736904621124,
            "Boredom": 0.05114597827196121,
            "Calmness": 0.005646057892590761,
            "Concentration": 0.0041632321663200855,
            "Confusion": 0.03281677886843681,
            "Contemplation": 0.023633290082216263,
            "Contempt": 0.1271369457244873,
            "Contentment": 0.03201183304190636,
            "Craving": 0.0064382972195744514,
            "Desire": 0.0031554715242236853,
            "Determination": 0.006985423155128956,
            "Disappointment": 0.4882093667984009,
            "Disgust": 0.06886863708496094,
            "Distress": 0.16304321587085724,
            "Doubt": 0.024479134008288383,
            "Ecstasy": 0.007790377363562584,
            "Embarrassment": 0.07756834477186203,
            "Empathic Pain": 0.08167394250631332,
            "Entrancement": 0.002969010267406702,
            "Envy": 0.02489115670323372,
            "Excitement": 0.005746271461248398,
            "Fear": 0.01956295408308506,
            "Guilt": 0.10673028230667114,
            "Horror": 0.009784111753106117,
            "Interest": 0.005414979066699743,
            "Joy": 0.011110554449260235,
            "Love": 0.020352523773908615,
            "Nostalgia": 0.034325432032346725,
            "Pain": 0.13452593982219696,
            "Pride": 0.01786656677722931,
            "Realization": 0.1624128520488739,
            "Relief": 0.01344381831586361,
            "Romance": 0.01779186725616455,
            "Sadness": 0.4961355924606323,
            "Satisfaction": 0.022336138412356377,
            "Shame": 0.16923944652080536,
            "Surprise (negative)": 0.05332300812005997,
            "Surprise (positive)": 0.032106347382068634,
            "Sympathy": 0.061251621693372726,
            "Tiredness": 0.05409855768084526,
            "Triumph": 0.00863849837332964
        },
        "lang": {
            "Admiration": 0.0021672908769687638,
            "Adoration": 0.0009752573387231678,
            "Aesthetic Appreciation": 0.003215234144590795,
            "Amusement": 0.01223844222840853,
            "Anger": 0.01125708277686499,
            "Annoyance": 0.14257104904390872,
            "Anxiety": 0.05291249509900808,
            "Awe": 0.0030054092057980597,
            "Awkwardness": 0.26019232254475355,
            "Boredom": 0.0640951128443703,
            "Calmness": 0.05951864528469741,
            "Concentration": 0.014539533440256491,
            "Confusion": 0.26524178870022297,
            "Contemplation": 0.15920843835920095,
            "Contempt": 0.0471561347367242,
            "Contentment": 0.010405855369754136,
            "Craving": 0.0011749434561352246,
            "Desire": 0.0016881197407201398,
            "Determination": 0.005043022450990975,
            "Disappointment": 0.13700517010875046,
            "Disapproval": 0.08109320513904095,
            "Disgust": 0.009779037907719612,
            "Distress": 0.033764036605134606,
            "Doubt": 0.2514095176011324,
            "Ecstasy": 0.0005541558412005543,
            "Embarrassment": 0.058608587249182165,
            "Empathic Pain": 0.008914950129110366,
            "Enthusiasm": 0.0036301216459833086,
            "Entrancement": 0.005284505692543462,
            "Envy": 0.0031625771589460783,
            "Excitement": 0.0017533265418023802,
            "Fear": 0.012618295411812142,
            "Gratitude": 0.002065667293209117,
            "Guilt": 0.013320793572347611,
            "Horror": 0.0013875447766622528,
            "Interest": 0.020361133269034326,
            "Joy": 0.0019633014235296287,
            "Love": 0.0013014358337386511,
            "Nostalgia": 0.005068139675131533,
            "Pain": 0.013141921197529882,
            "Pride": 0.002916108336648904,
            "Realization": 0.14776825485751033,
            "Relief": 0.004769356281030923,
            "Romance": 0.0027554536536626983,
            "Sadness": 0.06169840064831078,
            "Sarcasm": 0.07350964157376438,
            "Satisfaction": 0.005591825116425753,
            "Shame": 0.046092153526842594,
            "Surprise (negative)": 0.0714965604711324,
            "Surprise (positive)": 0.010235129768261686,
            "Sympathy": 0.007757990009849891,
            "Tiredness": 0.034642818849533796,
            "Triumph": 0.002253814040159341
        }
    }
}