{
    "metadata": {
        "dialogue_id": "456",
        "time_start": "00-00-17.142",
        "time_end": "00-00-21.020",
        "speaker": "Phoebe",
        "emotion": "anger",
        "sentiment": "negative",
        "file_name": "456_00-00-17.142_00-00-21.020_Phoebe_anger_negative"
    },
    "predicted": {
        "face": {
            "Admiration": 0.06970089673995972,
            "Adoration": 0.04630603268742561,
            "Aesthetic Appreciation": 0.05265241116285324,
            "Amusement": 0.09822492301464081,
            "Anger": 0.12180620431900024,
            "Anxiety": 0.1975902020931244,
            "Awe": 0.0837475135922432,
            "Awkwardness": 0.24227650463581085,
            "Boredom": 0.2414204478263855,
            "Calmness": 0.23361961543560028,
            "Concentration": 0.4372604191303253,
            "Confusion": 0.7666614055633545,
            "Contemplation": 0.2514438331127167,
            "Contempt": 0.2422495186328888,
            "Contentment": 0.06629400700330734,
            "Craving": 0.07027319073677063,
            "Desire": 0.07190357893705368,
            "Determination": 0.13764658570289612,
            "Disappointment": 0.3065655827522278,
            "Disgust": 0.19982391595840454,
            "Distress": 0.24102725088596344,
            "Doubt": 0.5334658026695251,
            "Ecstasy": 0.022475771605968475,
            "Embarrassment": 0.10341484099626541,
            "Empathic Pain": 0.09501711279153824,
            "Entrancement": 0.10521431267261505,
            "Envy": 0.058576129376888275,
            "Excitement": 0.04909442365169525,
            "Fear": 0.12052983045578003,
            "Guilt": 0.08074542880058289,
            "Horror": 0.05636301636695862,
            "Interest": 0.2865980267524719,
            "Joy": 0.049701884388923645,
            "Love": 0.050680011510849,
            "Nostalgia": 0.05080057680606842,
            "Pain": 0.12890487909317017,
            "Pride": 0.04552777111530304,
            "Realization": 0.16062983870506287,
            "Relief": 0.037339285016059875,
            "Romance": 0.033670585602521896,
            "Sadness": 0.19090023636817932,
            "Satisfaction": 0.06644809246063232,
            "Shame": 0.0710933730006218,
            "Surprise (negative)": 0.07623831182718277,
            "Surprise (positive)": 0.04088215157389641,
            "Sympathy": 0.05754690244793892,
            "Tiredness": 0.14633016288280487,
            "Triumph": 0.02275322563946247
        },
        "prosody": {
            "Admiration": 0.038229797035455704,
            "Adoration": 0.040162600576877594,
            "Aesthetic Appreciation": 0.029766583815217018,
            "Amusement": 0.20738644897937775,
            "Anger": 0.20653201639652252,
            "Anxiety": 0.1196100264787674,
            "Awe": 0.041076838970184326,
            "Awkwardness": 0.025077005848288536,
            "Boredom": 0.005306746810674667,
            "Calmness": 0.0011889954330399632,
            "Concentration": 0.004964551888406277,
            "Confusion": 0.05064530670642853,
            "Contemplation": 0.007695592474192381,
            "Contempt": 0.07200638949871063,
            "Contentment": 0.0037733304779976606,
            "Craving": 0.0060372306033968925,
            "Desire": 0.004352704156190157,
            "Determination": 0.029380060732364655,
            "Disappointment": 0.04051509499549866,
            "Disgust": 0.059302277863025665,
            "Distress": 0.08034833520650864,
            "Doubt": 0.007393254898488522,
            "Ecstasy": 0.07681576907634735,
            "Embarrassment": 0.017415374517440796,
            "Empathic Pain": 0.01610354706645012,
            "Entrancement": 0.012783604674041271,
            "Envy": 0.028114303946495056,
            "Excitement": 0.3537050187587738,
            "Fear": 0.03785393759608269,
            "Guilt": 0.005811487324535847,
            "Horror": 0.04648137092590332,
            "Interest": 0.0839093029499054,
            "Joy": 0.04853300750255585,
            "Love": 0.01576664112508297,
            "Nostalgia": 0.00362966931425035,
            "Pain": 0.005990650504827499,
            "Pride": 0.06120717525482178,
            "Realization": 0.03140316903591156,
            "Relief": 0.0034383891616016626,
            "Romance": 0.008051070384681225,
            "Sadness": 0.004653363488614559,
            "Satisfaction": 0.018195422366261482,
            "Shame": 0.005405580624938011,
            "Surprise (negative)": 0.09564866125583649,
            "Surprise (positive)": 0.13138681650161743,
            "Sympathy": 0.025511469691991806,
            "Tiredness": 0.002995336428284645,
            "Triumph": 0.03263687714934349
        },
        "lang": {
            "Admiration": 0.02084790146909654,
            "Adoration": 0.02041103979960705,
            "Aesthetic Appreciation": 0.0323271369561553,
            "Amusement": 0.10367974669982989,
            "Anger": 0.0020084545734183243,
            "Annoyance": 0.013028941272447506,
            "Anxiety": 0.008035276900045574,
            "Awe": 0.015032509729887048,
            "Awkwardness": 0.0332207513662676,
            "Boredom": 0.03767693989599744,
            "Calmness": 0.22186472980926433,
            "Concentration": 0.09498706366866827,
            "Confusion": 0.14034221911182007,
            "Contemplation": 0.11673813592642546,
            "Contempt": 0.02263444910446803,
            "Contentment": 0.03701343263188998,
            "Craving": 0.0024572590676446757,
            "Desire": 0.003916008698676403,
            "Determination": 0.008565903486063084,
            "Disappointment": 0.005498218194892009,
            "Disapproval": 0.012610932618069151,
            "Disgust": 0.0038730005617253482,
            "Distress": 0.005290128484678765,
            "Doubt": 0.018249322116995852,
            "Ecstasy": 0.0032681922893971205,
            "Embarrassment": 0.005331772495992482,
            "Empathic Pain": 0.0037831571341181793,
            "Enthusiasm": 0.039042172487825155,
            "Entrancement": 0.02355099997172753,
            "Envy": 0.001265109613693009,
            "Excitement": 0.04196974355727434,
            "Fear": 0.009034609034036597,
            "Gratitude": 0.009898975258693099,
            "Guilt": 0.0011635221987186621,
            "Horror": 0.007817264908226207,
            "Interest": 0.16690806671977043,
            "Joy": 0.023144372544872265,
            "Love": 0.027599333009372156,
            "Nostalgia": 0.04090728765974442,
            "Pain": 0.001577032924008866,
            "Pride": 0.007375978321457903,
            "Realization": 0.06540766917169094,
            "Relief": 0.009422141127288342,
            "Romance": 0.0067421418546776595,
            "Sadness": 0.002575385345456501,
            "Sarcasm": 0.06518954923376441,
            "Satisfaction": 0.030926323495805264,
            "Shame": 0.0034774545347318053,
            "Surprise (negative)": 0.025242027128115296,
            "Surprise (positive)": 0.03964064115037521,
            "Sympathy": 0.005389185661139588,
            "Tiredness": 0.004094343331720059,
            "Triumph": 0.010924812173470855
        }
    }
}