{
    "metadata": {
        "dialogue_id": "463",
        "time_start": "00-00-00.000",
        "time_end": "00-00-01.000",
        "speaker": "Rachel",
        "emotion": "joy",
        "sentiment": "positive",
        "text_content": "Hi!",
        "file_name": "463_00-00-00.000_00-00-01.000_Rachel_joy_positive"
    },
    "predicted": {
        "face": {
            "Admiration": 0.11321045458316803,
            "Adoration": 0.05371909961104393,
            "Aesthetic Appreciation": 0.05792505666613579,
            "Amusement": 0.1278606802225113,
            "Anger": 0.07507884502410889,
            "Anxiety": 0.16664555668830872,
            "Awe": 0.47409653663635254,
            "Awkwardness": 0.2040635049343109,
            "Boredom": 0.18539683520793915,
            "Calmness": 0.18169236183166504,
            "Concentration": 0.3271960914134979,
            "Confusion": 0.5400670766830444,
            "Contemplation": 0.17107810080051422,
            "Contempt": 0.11208008229732513,
            "Contentment": 0.054910335689783096,
            "Craving": 0.06092166155576706,
            "Desire": 0.04491981491446495,
            "Determination": 0.10512098670005798,
            "Disappointment": 0.18749037384986877,
            "Disgust": 0.07411465793848038,
            "Distress": 0.17434945702552795,
            "Doubt": 0.3475440740585327,
            "Ecstasy": 0.03853123262524605,
            "Embarrassment": 0.09597079455852509,
            "Empathic Pain": 0.05900634825229645,
            "Entrancement": 0.1499791294336319,
            "Envy": 0.044933319091796875,
            "Excitement": 0.11377572268247604,
            "Fear": 0.31149518489837646,
            "Guilt": 0.057100795209407806,
            "Horror": 0.2624763548374176,
            "Interest": 0.2943851351737976,
            "Joy": 0.053918253630399704,
            "Love": 0.042981989681720734,
            "Nostalgia": 0.04425329715013504,
            "Pain": 0.060000937432050705,
            "Pride": 0.0397237204015255,
            "Realization": 0.27569568157196045,
            "Relief": 0.04442080110311508,
            "Romance": 0.025194967165589333,
            "Sadness": 0.08256051689386368,
            "Satisfaction": 0.059441883116960526,
            "Shame": 0.04205415025353432,
            "Surprise (negative)": 0.3837128281593323,
            "Surprise (positive)": 0.35633569955825806,
            "Sympathy": 0.04353921860456467,
            "Tiredness": 0.1164562925696373,
            "Triumph": 0.031905438750982285
        },
        "prosody": {
            "Admiration": 0.007021897938102484,
            "Adoration": 0.007603485137224197,
            "Aesthetic Appreciation": 0.007266400847584009,
            "Amusement": 0.031155437231063843,
            "Anger": 0.05795974284410477,
            "Anxiety": 0.10078392922878265,
            "Awe": 0.025172453373670578,
            "Awkwardness": 0.13813689351081848,
            "Boredom": 0.006403814535588026,
            "Calmness": 0.016318107023835182,
            "Concentration": 0.017498910427093506,
            "Confusion": 0.114471435546875,
            "Contemplation": 0.011153919622302055,
            "Contempt": 0.01064353808760643,
            "Contentment": 0.020198309794068336,
            "Craving": 0.003612656146287918,
            "Desire": 0.010587522760033607,
            "Determination": 0.08923124521970749,
            "Disappointment": 0.027314351871609688,
            "Disgust": 0.015583207830786705,
            "Distress": 0.14985403418540955,
            "Doubt": 0.034486521035432816,
            "Ecstasy": 0.02278846502304077,
            "Embarrassment": 0.024594737216830254,
            "Empathic Pain": 0.007229704409837723,
            "Entrancement": 0.010234935209155083,
            "Envy": 0.005978320725262165,
            "Excitement": 0.06873223930597305,
            "Fear": 0.08511555194854736,
            "Guilt": 0.015134081244468689,
            "Horror": 0.04001033306121826,
            "Interest": 0.02640237845480442,
            "Joy": 0.027222253382205963,
            "Love": 0.008246203884482384,
            "Nostalgia": 0.008307630196213722,
            "Pain": 0.03957680985331535,
            "Pride": 0.035339608788490295,
            "Realization": 0.08720964938402176,
            "Relief": 0.03142782673239708,
            "Romance": 0.007464870344847441,
            "Sadness": 0.03488001599907875,
            "Satisfaction": 0.019487803801894188,
            "Shame": 0.02679598331451416,
            "Surprise (negative)": 0.06939710676670074,
            "Surprise (positive)": 0.061997413635253906,
            "Sympathy": 0.003994417376816273,
            "Tiredness": 0.01052514836192131,
            "Triumph": 0.03580620139837265
        },
        "lang": {}
    }
}