{
    "metadata": {
        "dialogue_id": "466",
        "time_start": "00-01-08.777",
        "time_end": "00-01-11.945",
        "speaker": "Ross",
        "emotion": "anger",
        "sentiment": "negative",
        "file_name": "466_00-01-08.777_00-01-11.945_Ross_anger_negative"
    },
    "predicted": {
        "face": {
            "Admiration": 0.1740778088569641,
            "Adoration": 0.27551910281181335,
            "Aesthetic Appreciation": 0.07057981193065643,
            "Amusement": 0.5391014218330383,
            "Anger": 0.02503640204668045,
            "Anxiety": 0.13659337162971497,
            "Awe": 0.08761198073625565,
            "Awkwardness": 0.21457241475582123,
            "Boredom": 0.1619873344898224,
            "Calmness": 0.22857816517353058,
            "Concentration": 0.13403868675231934,
            "Confusion": 0.13119950890541077,
            "Contemplation": 0.0916820541024208,
            "Contempt": 0.06064185872673988,
            "Contentment": 0.22782714664936066,
            "Craving": 0.045569926500320435,
            "Desire": 0.08749449998140335,
            "Determination": 0.041278522461652756,
            "Disappointment": 0.21863438189029694,
            "Disgust": 0.043708425015211105,
            "Distress": 0.1970844864845276,
            "Doubt": 0.10629801452159882,
            "Ecstasy": 0.12209557741880417,
            "Embarrassment": 0.33530694246292114,
            "Empathic Pain": 0.07902291417121887,
            "Entrancement": 0.09193651378154755,
            "Envy": 0.024889668449759483,
            "Excitement": 0.2582174241542816,
            "Fear": 0.07000787556171417,
            "Guilt": 0.11618459224700928,
            "Horror": 0.035592254251241684,
            "Interest": 0.2491065263748169,
            "Joy": 0.48930567502975464,
            "Love": 0.5762443542480469,
            "Nostalgia": 0.09632829576730728,
            "Pain": 0.16446347534656525,
            "Pride": 0.08064748346805573,
            "Realization": 0.1564071774482727,
            "Relief": 0.1754802167415619,
            "Romance": 0.1990436315536499,
            "Sadness": 0.18111611902713776,
            "Satisfaction": 0.3167659342288971,
            "Shame": 0.18043802678585052,
            "Surprise (negative)": 0.03394816443324089,
            "Surprise (positive)": 0.04490911215543747,
            "Sympathy": 0.06955689191818237,
            "Tiredness": 0.21769733726978302,
            "Triumph": 0.057481974363327026
        },
        "prosody": {
            "Admiration": 0.002549933735281229,
            "Adoration": 0.003252776339650154,
            "Aesthetic Appreciation": 0.0020651547238230705,
            "Amusement": 0.03871694952249527,
            "Anger": 0.033141352236270905,
            "Anxiety": 0.30226650834083557,
            "Awe": 0.003533734008669853,
            "Awkwardness": 0.402142733335495,
            "Boredom": 0.0027624855283647776,
            "Calmness": 0.012465796433389187,
            "Concentration": 0.04914971441030502,
            "Confusion": 0.1754213273525238,
            "Contemplation": 0.00539002101868391,
            "Contempt": 0.009386753663420677,
            "Contentment": 0.004751985426992178,
            "Craving": 0.010364295914769173,
            "Desire": 0.025807656347751617,
            "Determination": 0.1825888305902481,
            "Disappointment": 0.04278244450688362,
            "Disgust": 0.01649707369506359,
            "Distress": 0.3024659752845764,
            "Doubt": 0.14009292423725128,
            "Ecstasy": 0.008517810143530369,
            "Embarrassment": 0.1802239567041397,
            "Empathic Pain": 0.021685564890503883,
            "Entrancement": 0.00701105734333396,
            "Envy": 0.010552271269261837,
            "Excitement": 0.04623974487185478,
            "Fear": 0.10667815059423447,
            "Guilt": 0.03355775773525238,
            "Horror": 0.04180173575878143,
            "Interest": 0.08237272500991821,
            "Joy": 0.005300203803926706,
            "Love": 0.003996378742158413,
            "Nostalgia": 0.00556771969422698,
            "Pain": 0.030120017006993294,
            "Pride": 0.010584883391857147,
            "Realization": 0.008346055634319782,
            "Relief": 0.006768959574401379,
            "Romance": 0.024548757821321487,
            "Sadness": 0.019113967195153236,
            "Satisfaction": 0.0025526140816509724,
            "Shame": 0.030132316052913666,
            "Surprise (negative)": 0.1391264945268631,
            "Surprise (positive)": 0.016681557521224022,
            "Sympathy": 0.026509784162044525,
            "Tiredness": 0.01671663485467434,
            "Triumph": 0.009374803863465786
        },
        "lang": {
            "Admiration": 0.014113191049546003,
            "Adoration": 0.004590680450201034,
            "Aesthetic Appreciation": 0.00932180741801858,
            "Amusement": 0.038377164676785466,
            "Anger": 0.03386766440235078,
            "Annoyance": 0.13402597680687905,
            "Anxiety": 0.004427824076265097,
            "Awe": 0.005517122242599726,
            "Awkwardness": 0.025181078165769578,
            "Boredom": 0.05637067146599293,
            "Calmness": 0.16546051762998104,
            "Concentration": 0.05034888274967671,
            "Confusion": 0.04471639487892389,
            "Contemplation": 0.042537059634923935,
            "Contempt": 0.08815652802586556,
            "Contentment": 0.07266221847385168,
            "Craving": 0.01363628227263689,
            "Desire": 0.02341988672269508,
            "Determination": 0.06957370862364769,
            "Disappointment": 0.011867216508835553,
            "Disapproval": 0.053774970769882205,
            "Disgust": 0.01834792671725154,
            "Distress": 0.005930798663757742,
            "Doubt": 0.025185068510472773,
            "Ecstasy": 0.007286245818249881,
            "Embarrassment": 0.0020348724559880794,
            "Empathic Pain": 0.0021489568054676054,
            "Enthusiasm": 0.18735399097204208,
            "Entrancement": 0.005926908319815993,
            "Envy": 0.004634969425387681,
            "Excitement": 0.08132447432726622,
            "Fear": 0.0015032039489597082,
            "Gratitude": 0.01962365731596947,
            "Guilt": 0.0006496273155789823,
            "Horror": 0.0009861881117103621,
            "Interest": 0.22596077620983124,
            "Joy": 0.025069476664066316,
            "Love": 0.0023932486772537233,
            "Nostalgia": 0.0007270395173691214,
            "Pain": 0.0009595648443792015,
            "Pride": 0.01556004285812378,
            "Realization": 0.03460220787674188,
            "Relief": 0.012165054306387901,
            "Romance": 0.0017082891194149853,
            "Sadness": 0.0008707795874215663,
            "Sarcasm": 0.10774222686886788,
            "Satisfaction": 0.10159896314144135,
            "Shame": 0.0018261427525430919,
            "Surprise (negative)": 0.019063263572752474,
            "Surprise (positive)": 0.05645700916647911,
            "Sympathy": 0.004050120990723371,
            "Tiredness": 0.010444258991628885,
            "Triumph": 0.030901002697646618
        }
    }
}