{
    "metadata": {
        "dialogue_id": "468",
        "time_start": "00-00-29.572",
        "time_end": "00-00-32.616",
        "speaker": "Phoebe",
        "emotion": "joy",
        "sentiment": "positive",
        "file_name": "468_00-00-29.572_00-00-32.616_Phoebe_joy_positive"
    },
    "predicted": {
        "face": {
            "Admiration": 0.15732267498970032,
            "Adoration": 0.14153826236724854,
            "Aesthetic Appreciation": 0.07334379851818085,
            "Amusement": 0.619418740272522,
            "Anger": 0.09015699476003647,
            "Anxiety": 0.08836318552494049,
            "Awe": 0.16964326798915863,
            "Awkwardness": 0.19852587580680847,
            "Boredom": 0.13327710330486298,
            "Calmness": 0.15460239350795746,
            "Concentration": 0.15081669390201569,
            "Confusion": 0.16412413120269775,
            "Contemplation": 0.06935407221317291,
            "Contempt": 0.1044764444231987,
            "Contentment": 0.1568954885005951,
            "Craving": 0.09275509417057037,
            "Desire": 0.1363106220960617,
            "Determination": 0.0999627634882927,
            "Disappointment": 0.10430150479078293,
            "Disgust": 0.07720145583152771,
            "Distress": 0.10482583940029144,
            "Doubt": 0.1105673536658287,
            "Ecstasy": 0.20695844292640686,
            "Embarrassment": 0.07593277096748352,
            "Empathic Pain": 0.04465106129646301,
            "Entrancement": 0.1034870594739914,
            "Envy": 0.03798080235719681,
            "Excitement": 0.5234611630439758,
            "Fear": 0.10162439942359924,
            "Guilt": 0.031898383051157,
            "Horror": 0.0816989317536354,
            "Interest": 0.3672792315483093,
            "Joy": 0.5053892731666565,
            "Love": 0.23733921349048615,
            "Nostalgia": 0.049591101706027985,
            "Pain": 0.08148027211427689,
            "Pride": 0.12224096804857254,
            "Realization": 0.123536616563797,
            "Relief": 0.07928549498319626,
            "Romance": 0.07261204719543457,
            "Sadness": 0.05827648565173149,
            "Satisfaction": 0.29927700757980347,
            "Shame": 0.03391555696725845,
            "Surprise (negative)": 0.08201612532138824,
            "Surprise (positive)": 0.1279950737953186,
            "Sympathy": 0.03971682861447334,
            "Tiredness": 0.08402466028928757,
            "Triumph": 0.1584271341562271
        },
        "prosody": {
            "Admiration": 0.08931616693735123,
            "Adoration": 0.03255469352006912,
            "Aesthetic Appreciation": 0.026982450857758522,
            "Amusement": 0.1308196634054184,
            "Anger": 0.020901119336485863,
            "Anxiety": 0.013511125929653645,
            "Awe": 0.006748424377292395,
            "Awkwardness": 0.07457125186920166,
            "Boredom": 0.004573765676468611,
            "Calmness": 0.020214688032865524,
            "Concentration": 0.02431408502161503,
            "Confusion": 0.014346922747790813,
            "Contemplation": 0.09785807132720947,
            "Contempt": 0.062389690428972244,
            "Contentment": 0.14289768040180206,
            "Craving": 0.013724619522690773,
            "Desire": 0.004490395542234182,
            "Determination": 0.10546302795410156,
            "Disappointment": 0.02350958250463009,
            "Disgust": 0.01809140108525753,
            "Distress": 0.00856054201722145,
            "Doubt": 0.06858950853347778,
            "Ecstasy": 0.016468340530991554,
            "Embarrassment": 0.02097439207136631,
            "Empathic Pain": 0.003616516711190343,
            "Entrancement": 0.001891822088509798,
            "Envy": 0.0803036242723465,
            "Excitement": 0.18043772876262665,
            "Fear": 0.0019376357086002827,
            "Guilt": 0.006510771811008453,
            "Horror": 0.00037456941208802164,
            "Interest": 0.21355783939361572,
            "Joy": 0.08449340611696243,
            "Love": 0.02400626428425312,
            "Nostalgia": 0.009292439557611942,
            "Pain": 0.00224136421456933,
            "Pride": 0.1719503104686737,
            "Realization": 0.04561343044042587,
            "Relief": 0.03822300210595131,
            "Romance": 0.0064739203080534935,
            "Sadness": 0.006358371116220951,
            "Satisfaction": 0.23003199696540833,
            "Shame": 0.008668632246553898,
            "Surprise (negative)": 0.0043532270938158035,
            "Surprise (positive)": 0.0320105254650116,
            "Sympathy": 0.02331741340458393,
            "Tiredness": 0.0033560481388121843,
            "Triumph": 0.02140464261174202
        },
        "lang": {
            "Admiration": 0.042042968609166564,
            "Adoration": 0.010460083931320696,
            "Aesthetic Appreciation": 0.014394994301255792,
            "Amusement": 0.04635782848345116,
            "Anger": 0.02200957658351399,
            "Annoyance": 0.2546201152727008,
            "Anxiety": 0.013031875336309895,
            "Awe": 0.010818893046234734,
            "Awkwardness": 0.04246880556456745,
            "Boredom": 0.11761334410402924,
            "Calmness": 0.06977135431952775,
            "Concentration": 0.00974842363211792,
            "Confusion": 0.03607978008221835,
            "Contemplation": 0.07777454610913992,
            "Contempt": 0.1324625820852816,
            "Contentment": 0.08606141328345984,
            "Craving": 0.003024028705112869,
            "Desire": 0.0010725587835622719,
            "Determination": 0.016300588016747497,
            "Disappointment": 0.11030291940551251,
            "Disapproval": 0.09703708940651268,
            "Disgust": 0.01969324106175918,
            "Distress": 0.016835984133649617,
            "Doubt": 0.03398962764185853,
            "Ecstasy": 0.002020927786361426,
            "Embarrassment": 0.012641864312172402,
            "Empathic Pain": 0.038986346626188606,
            "Enthusiasm": 0.0548584442876745,
            "Entrancement": 0.005174278645426966,
            "Envy": 0.011942741788516287,
            "Excitement": 0.01772059233917389,
            "Fear": 0.001780614466042607,
            "Gratitude": 0.09290348445938434,
            "Guilt": 0.006901819331687875,
            "Horror": 0.0006548792744069942,
            "Interest": 0.046963535831309855,
            "Joy": 0.03339705139660509,
            "Love": 0.007090741964930203,
            "Nostalgia": 0.00546146293709171,
            "Pain": 0.014999459104728885,
            "Pride": 0.023764660669257864,
            "Realization": 0.11084900610148907,
            "Relief": 0.07009399769594893,
            "Romance": 0.0014506248544421396,
            "Sadness": 0.0432415098475758,
            "Sarcasm": 0.3269752955529839,
            "Satisfaction": 0.11220708664041013,
            "Shame": 0.015653500304324552,
            "Surprise (negative)": 0.03305242658825591,
            "Surprise (positive)": 0.03686871081299614,
            "Sympathy": 0.04902674996992573,
            "Tiredness": 0.0741529940860346,
            "Triumph": 0.02077231020666659
        }
    }
}