{
    "metadata": {
        "dialogue_id": "468",
        "time_start": "00-00-00.000",
        "time_end": "00-00-03.546",
        "speaker": "Phoebe",
        "emotion": "neutral",
        "sentiment": "neutral",
        "file_name": "468_00-00-00.000_00-00-03.546_Phoebe_neutral_neutral"
    },
    "predicted": {
        "face": {
            "Admiration": 0.19149796664714813,
            "Adoration": 0.20990517735481262,
            "Aesthetic Appreciation": 0.0821666270494461,
            "Amusement": 0.663550615310669,
            "Anger": 0.045438025146722794,
            "Anxiety": 0.07851327955722809,
            "Awe": 0.1252930462360382,
            "Awkwardness": 0.18519502878189087,
            "Boredom": 0.10632187128067017,
            "Calmness": 0.2562033534049988,
            "Concentration": 0.17008133232593536,
            "Confusion": 0.17226366698741913,
            "Contemplation": 0.07800798863172531,
            "Contempt": 0.08761540055274963,
            "Contentment": 0.25781571865081787,
            "Craving": 0.044897641986608505,
            "Desire": 0.06595975905656815,
            "Determination": 0.0657588317990303,
            "Disappointment": 0.11158370971679688,
            "Disgust": 0.06259450316429138,
            "Distress": 0.11007580906152725,
            "Doubt": 0.11579059064388275,
            "Ecstasy": 0.17090961337089539,
            "Embarrassment": 0.09083873778581619,
            "Empathic Pain": 0.05820487067103386,
            "Entrancement": 0.10583290457725525,
            "Envy": 0.0334491990506649,
            "Excitement": 0.4326740503311157,
            "Fear": 0.08160117268562317,
            "Guilt": 0.040820278227329254,
            "Horror": 0.05185870826244354,
            "Interest": 0.3827897310256958,
            "Joy": 0.6685301661491394,
            "Love": 0.3751995861530304,
            "Nostalgia": 0.07480675727128983,
            "Pain": 0.10783655196428299,
            "Pride": 0.127162903547287,
            "Realization": 0.12776651978492737,
            "Relief": 0.13034699857234955,
            "Romance": 0.08068415522575378,
            "Sadness": 0.1018335223197937,
            "Satisfaction": 0.3566311001777649,
            "Shame": 0.043302588164806366,
            "Surprise (negative)": 0.05225466564297676,
            "Surprise (positive)": 0.08697281777858734,
            "Sympathy": 0.06804715096950531,
            "Tiredness": 0.09101663529872894,
            "Triumph": 0.11036959290504456
        },
        "prosody": {
            "Admiration": 0.04489879682660103,
            "Adoration": 0.024870526045560837,
            "Aesthetic Appreciation": 0.05699632316827774,
            "Amusement": 0.20795588195323944,
            "Anger": 0.18662042915821075,
            "Anxiety": 0.030133696272969246,
            "Awe": 0.03167720139026642,
            "Awkwardness": 0.1416112333536148,
            "Boredom": 0.01239740289747715,
            "Calmness": 0.013608971610665321,
            "Concentration": 0.024301953613758087,
            "Confusion": 0.019627144560217857,
            "Contemplation": 0.024744166061282158,
            "Contempt": 0.31966638565063477,
            "Contentment": 0.05277717858552933,
            "Craving": 0.05394476652145386,
            "Desire": 0.015495147556066513,
            "Determination": 0.20346787571907043,
            "Disappointment": 0.13711188733577728,
            "Disgust": 0.07652219384908676,
            "Distress": 0.05052585154771805,
            "Doubt": 0.03560178726911545,
            "Ecstasy": 0.035468243062496185,
            "Embarrassment": 0.1157061830163002,
            "Empathic Pain": 0.030085498467087746,
            "Entrancement": 0.011243651621043682,
            "Envy": 0.11800980567932129,
            "Excitement": 0.19680528342723846,
            "Fear": 0.00356811354868114,
            "Guilt": 0.047895386815071106,
            "Horror": 0.0030702983494848013,
            "Interest": 0.2432188242673874,
            "Joy": 0.03334418684244156,
            "Love": 0.007311423774808645,
            "Nostalgia": 0.007842755876481533,
            "Pain": 0.003096974454820156,
            "Pride": 0.12169677019119263,
            "Realization": 0.17922502756118774,
            "Relief": 0.022060690447688103,
            "Romance": 0.011303514242172241,
            "Sadness": 0.0044792587868869305,
            "Satisfaction": 0.14588581025600433,
            "Shame": 0.03671395778656006,
            "Surprise (negative)": 0.0405331552028656,
            "Surprise (positive)": 0.10980302095413208,
            "Sympathy": 0.09780432283878326,
            "Tiredness": 0.012958566658198833,
            "Triumph": 0.14901775121688843
        },
        "lang": {
            "Admiration": 0.0033164561945551005,
            "Adoration": 0.0024548364319623662,
            "Aesthetic Appreciation": 0.0053705989759272104,
            "Amusement": 0.12562263241181007,
            "Anger": 0.02079774919324196,
            "Annoyance": 0.14879674722368902,
            "Anxiety": 0.02972568729175971,
            "Awe": 0.004940667010557193,
            "Awkwardness": 0.20378330980355924,
            "Boredom": 0.020496508572250605,
            "Calmness": 0.057419975503132895,
            "Concentration": 0.022821230025818713,
            "Confusion": 0.04997036290856508,
            "Contemplation": 0.01894396199629857,
            "Contempt": 0.060677753474849924,
            "Contentment": 0.02769910524455974,
            "Craving": 0.00300191504356917,
            "Desire": 0.08788510175677053,
            "Determination": 0.02094022571467436,
            "Disappointment": 0.034325557617613904,
            "Disapproval": 0.0679345726250456,
            "Disgust": 0.07136303772075245,
            "Distress": 0.029176114019579612,
            "Doubt": 0.018426989420102194,
            "Ecstasy": 0.008191321224260788,
            "Embarrassment": 0.09076044880426846,
            "Empathic Pain": 0.007927324766149888,
            "Enthusiasm": 0.020269862519433864,
            "Entrancement": 0.006646150078337926,
            "Envy": 0.0014969277768754042,
            "Excitement": 0.017999576046489753,
            "Fear": 0.009818620299204038,
            "Gratitude": 0.013366522070450278,
            "Guilt": 0.020759868256461162,
            "Horror": 0.014558549097273499,
            "Interest": 0.0335887663352948,
            "Joy": 0.01033930757190459,
            "Love": 0.002855317823839589,
            "Nostalgia": 0.0011469384615058796,
            "Pain": 0.0048872741978042405,
            "Pride": 0.01119452364778576,
            "Realization": 0.11678742273495747,
            "Relief": 0.06224010986849093,
            "Romance": 0.006305737719790509,
            "Sadness": 0.00664024802748687,
            "Sarcasm": 0.22014306743557638,
            "Satisfaction": 0.08954316673155588,
            "Shame": 0.03743514726654841,
            "Surprise (negative)": 0.15883945028942364,
            "Surprise (positive)": 0.06673007257855855,
            "Sympathy": 0.007573382570766485,
            "Tiredness": 0.0081514990172134,
            "Triumph": 0.02269343031086744
        }
    }
}