{
    "metadata": {
        "dialogue_id": "468",
        "time_start": "00-00-22.022",
        "time_end": "00-00-26.569",
        "speaker": "Mrs.-Green",
        "emotion": "joy",
        "sentiment": "positive",
        "text_content": "Try. There\u0092s my little girl.",
        "file_name": "468_00-00-22.022_00-00-26.569_Mrs.-Green_joy_positive"
    },
    "predicted": {
        "face": {
            "Admiration": 0.17737595736980438,
            "Adoration": 0.17290370166301727,
            "Aesthetic Appreciation": 0.07839194685220718,
            "Amusement": 0.4939382076263428,
            "Anger": 0.11612708121538162,
            "Anxiety": 0.1062205508351326,
            "Awe": 0.10918848216533661,
            "Awkwardness": 0.19618181884288788,
            "Boredom": 0.0946001186966896,
            "Calmness": 0.17828164994716644,
            "Concentration": 0.17785821855068207,
            "Confusion": 0.230861097574234,
            "Contemplation": 0.09472830593585968,
            "Contempt": 0.1489400714635849,
            "Contentment": 0.18980653584003448,
            "Craving": 0.0565451979637146,
            "Desire": 0.07895845174789429,
            "Determination": 0.11022980511188507,
            "Disappointment": 0.12576836347579956,
            "Disgust": 0.10913300514221191,
            "Distress": 0.1339653730392456,
            "Doubt": 0.15432202816009521,
            "Ecstasy": 0.1319425404071808,
            "Embarrassment": 0.08100250363349915,
            "Empathic Pain": 0.0558539554476738,
            "Entrancement": 0.09754987061023712,
            "Envy": 0.04360908269882202,
            "Excitement": 0.3648968040943146,
            "Fear": 0.0903458446264267,
            "Guilt": 0.037772975862026215,
            "Horror": 0.056222546845674515,
            "Interest": 0.3616768419742584,
            "Joy": 0.4932073652744293,
            "Love": 0.27837616205215454,
            "Nostalgia": 0.062030818313360214,
            "Pain": 0.10600914806127548,
            "Pride": 0.15013828873634338,
            "Realization": 0.12404970824718475,
            "Relief": 0.08630730211734772,
            "Romance": 0.07231976091861725,
            "Sadness": 0.07203841954469681,
            "Satisfaction": 0.2904258668422699,
            "Shame": 0.03818377107381821,
            "Surprise (negative)": 0.05113497003912926,
            "Surprise (positive)": 0.05738856643438339,
            "Sympathy": 0.04771336168050766,
            "Tiredness": 0.06603750586509705,
            "Triumph": 0.14131160080432892
        },
        "prosody": {
            "Admiration": 0.055185864213854074,
            "Adoration": 0.04000408202409744,
            "Aesthetic Appreciation": 0.026886434759944677,
            "Amusement": 0.18918456323444843,
            "Anger": 0.05438416823744774,
            "Anxiety": 0.02697055460885167,
            "Awe": 0.035468877060338855,
            "Awkwardness": 0.08031108416616917,
            "Boredom": 0.03836610447615385,
            "Calmness": 0.09965511038899422,
            "Concentration": 0.12621760461479425,
            "Confusion": 0.059541656635701656,
            "Contemplation": 0.03510155621916056,
            "Contempt": 0.0780766773968935,
            "Contentment": 0.054971386678516865,
            "Craving": 0.011135777924209833,
            "Desire": 0.029410486109554768,
            "Determination": 0.2898981459438801,
            "Disappointment": 0.0673251785337925,
            "Disgust": 0.027826222125440836,
            "Distress": 0.032893900759518147,
            "Doubt": 0.05981526058167219,
            "Ecstasy": 0.02535335859283805,
            "Embarrassment": 0.037894725101068616,
            "Empathic Pain": 0.014307436533272266,
            "Entrancement": 0.009153233375400305,
            "Envy": 0.04383827047422528,
            "Excitement": 0.08312961459159851,
            "Fear": 0.013637556694447994,
            "Guilt": 0.012471130350604653,
            "Horror": 0.008103984408080578,
            "Interest": 0.19949298352003098,
            "Joy": 0.06310138292610645,
            "Love": 0.032131483079865575,
            "Nostalgia": 0.03336963220499456,
            "Pain": 0.007449362194165587,
            "Pride": 0.09477310627698898,
            "Realization": 0.05771236401051283,
            "Relief": 0.047505514696240425,
            "Romance": 0.019136774819344282,
            "Sadness": 0.015737861627712846,
            "Satisfaction": 0.08420807495713234,
            "Shame": 0.015430403873324394,
            "Surprise (negative)": 0.040941125713288784,
            "Surprise (positive)": 0.05136386398226023,
            "Sympathy": 0.05087875667959452,
            "Tiredness": 0.0325047099031508,
            "Triumph": 0.05600322876125574
        },
        "lang": {}
    }
}