{
    "metadata": {
        "dialogue_id": "471",
        "time_start": "00-00-09.302",
        "time_end": "00-00-09.439",
        "speaker": "Ross",
        "emotion": "neutral",
        "sentiment": "neutral",
        "file_name": "471_00-00-09.302_00-00-09.439_Ross_neutral_neutral"
    },
    "predicted": {
        "face": {
            "Admiration": 0.09514007717370987,
            "Adoration": 0.09823988378047943,
            "Aesthetic Appreciation": 0.06881751865148544,
            "Amusement": 0.19169922173023224,
            "Anger": 0.0662529468536377,
            "Anxiety": 0.15258710086345673,
            "Awe": 0.10555049777030945,
            "Awkwardness": 0.17329230904579163,
            "Boredom": 0.2855777442455292,
            "Calmness": 0.4247055649757385,
            "Concentration": 0.2908962368965149,
            "Confusion": 0.2520751357078552,
            "Contemplation": 0.16596762835979462,
            "Contempt": 0.12857745587825775,
            "Contentment": 0.19301460683345795,
            "Craving": 0.0608467273414135,
            "Desire": 0.12934495508670807,
            "Determination": 0.08697420358657837,
            "Disappointment": 0.2817245125770569,
            "Disgust": 0.09656034409999847,
            "Distress": 0.24236495792865753,
            "Doubt": 0.1961904913187027,
            "Ecstasy": 0.10451006889343262,
            "Embarrassment": 0.11311982572078705,
            "Empathic Pain": 0.10937082767486572,
            "Entrancement": 0.13351254165172577,
            "Envy": 0.03345034271478653,
            "Excitement": 0.1189500242471695,
            "Fear": 0.11970993131399155,
            "Guilt": 0.09261779487133026,
            "Horror": 0.06126943975687027,
            "Interest": 0.20527420938014984,
            "Joy": 0.17550066113471985,
            "Love": 0.16619610786437988,
            "Nostalgia": 0.08448778837919235,
            "Pain": 0.244147390127182,
            "Pride": 0.07657857239246368,
            "Realization": 0.175199493765831,
            "Relief": 0.20620985329151154,
            "Romance": 0.07335172593593597,
            "Sadness": 0.25944527983665466,
            "Satisfaction": 0.2828957438468933,
            "Shame": 0.09154953062534332,
            "Surprise (negative)": 0.06303828954696655,
            "Surprise (positive)": 0.05298261344432831,
            "Sympathy": 0.05749931558966637,
            "Tiredness": 0.3697616457939148,
            "Triumph": 0.056281790137290955
        },
        "prosody": {
            "Admiration": 0,
            "Adoration": 0,
            "Aesthetic Appreciation": 0,
            "Amusement": 0,
            "Anger": 0,
            "Annoyance": 0,
            "Anxiety": 0,
            "Awe": 0,
            "Awkwardness": 0,
            "Boredom": 0,
            "Calmness": 0,
            "Concentration": 0,
            "Confusion": 0,
            "Contemplation": 0,
            "Contempt": 0,
            "Contentment": 0,
            "Craving": 0,
            "Desire": 0,
            "Determination": 0,
            "Disappointment": 0,
            "Disapproval": 0,
            "Disgust": 0,
            "Distress": 0,
            "Doubt": 0,
            "Ecstasy": 0,
            "Embarrassment": 0,
            "Empathic Pain": 0,
            "Enthusiasm": 0,
            "Entrancement": 0,
            "Envy": 0,
            "Excitement": 0,
            "Fear": 0,
            "Gratitude": 0,
            "Guilt": 0,
            "Horror": 0,
            "Interest": 0,
            "Joy": 0,
            "Love": 0,
            "Nostalgia": 0,
            "Pain": 0,
            "Pride": 0,
            "Realization": 0,
            "Relief": 0,
            "Romance": 0,
            "Sadness": 0,
            "Sarcasm": 0,
            "Satisfaction": 0,
            "Shame": 0,
            "Surprise (negative)": 0,
            "Surprise (positive)": 0,
            "Sympathy": 0,
            "Tiredness": 0,
            "Triumph": 0
        },
        "lang": {
            "Admiration": 0.0023828616831451654,
            "Adoration": 0.0009191558929160237,
            "Aesthetic Appreciation": 0.0028053049463778734,
            "Amusement": 0.008342570625245571,
            "Anger": 0.0058526876382529736,
            "Annoyance": 0.08665744215250015,
            "Anxiety": 0.011753270402550697,
            "Awe": 0.0008495829533785582,
            "Awkwardness": 0.04704015702009201,
            "Boredom": 0.08609134703874588,
            "Calmness": 0.19732771813869476,
            "Concentration": 0.10602640360593796,
            "Confusion": 0.05570310726761818,
            "Contemplation": 0.07598358392715454,
            "Contempt": 0.03366291522979736,
            "Contentment": 0.06950399279594421,
            "Craving": 0.003795293625444174,
            "Desire": 0.0012842300347983837,
            "Determination": 0.18780161440372467,
            "Disappointment": 0.04036359116435051,
            "Disapproval": 0.01700487546622753,
            "Disgust": 0.0026830406859517097,
            "Distress": 0.010428262874484062,
            "Doubt": 0.04623527452349663,
            "Ecstasy": 0.0007457229658029974,
            "Embarrassment": 0.009515280835330486,
            "Empathic Pain": 0.009155849926173687,
            "Enthusiasm": 0.017636049538850784,
            "Entrancement": 0.0026600374840199947,
            "Envy": 0.0014366756659001112,
            "Excitement": 0.004015377722680569,
            "Fear": 0.0020468856673687696,
            "Gratitude": 0.011672161519527435,
            "Guilt": 0.018838882446289062,
            "Horror": 0.00025510339764878154,
            "Interest": 0.039105579257011414,
            "Joy": 0.003498990321531892,
            "Love": 0.0022648535668849945,
            "Nostalgia": 0.002074973890557885,
            "Pain": 0.005927052814513445,
            "Pride": 0.015819001942873,
            "Realization": 0.10010300576686859,
            "Relief": 0.043784983456134796,
            "Romance": 0.000866754911839962,
            "Sadness": 0.010128777474164963,
            "Sarcasm": 0.024486104026436806,
            "Satisfaction": 0.06866256892681122,
            "Shame": 0.016332074999809265,
            "Surprise (negative)": 0.013956805691123009,
            "Surprise (positive)": 0.008000168018043041,
            "Sympathy": 0.017110424116253853,
            "Tiredness": 0.06235223263502121,
            "Triumph": 0.03357827663421631
        }
    }
}