{
    "metadata": {
        "dialogue_id": "475",
        "time_start": "00-00-19.978",
        "time_end": "00-00-22.771",
        "speaker": "Monica",
        "emotion": "neutral",
        "sentiment": "neutral",
        "text_content": "So, what are we gonna do today?",
        "file_name": "475_00-00-19.978_00-00-22.771_Monica_neutral_neutral"
    },
    "predicted": {
        "face": {
            "Admiration": 0.0795316994190216,
            "Adoration": 0.0636700689792633,
            "Aesthetic Appreciation": 0.04817745089530945,
            "Amusement": 0.11352333426475525,
            "Anger": 0.10561361908912659,
            "Anxiety": 0.2727032005786896,
            "Awe": 0.08228826522827148,
            "Awkwardness": 0.17517071962356567,
            "Boredom": 0.22158551216125488,
            "Calmness": 0.2560183107852936,
            "Concentration": 0.31918343901634216,
            "Confusion": 0.42195528745651245,
            "Contemplation": 0.2087916135787964,
            "Contempt": 0.1251683086156845,
            "Contentment": 0.09842704236507416,
            "Craving": 0.03703713417053223,
            "Desire": 0.0426115058362484,
            "Determination": 0.1117958128452301,
            "Disappointment": 0.42801859974861145,
            "Disgust": 0.07437243312597275,
            "Distress": 0.38006874918937683,
            "Doubt": 0.30660057067871094,
            "Ecstasy": 0.03829572722315788,
            "Embarrassment": 0.16405640542507172,
            "Empathic Pain": 0.10154503583908081,
            "Entrancement": 0.08970435708761215,
            "Envy": 0.03126702830195427,
            "Excitement": 0.06379882246255875,
            "Fear": 0.11704004555940628,
            "Guilt": 0.13213559985160828,
            "Horror": 0.04960241541266441,
            "Interest": 0.1818065047264099,
            "Joy": 0.08510038256645203,
            "Love": 0.08633918315172195,
            "Nostalgia": 0.06371955573558807,
            "Pain": 0.19699223339557648,
            "Pride": 0.06928529590368271,
            "Realization": 0.2208784818649292,
            "Relief": 0.14935004711151123,
            "Romance": 0.04355212301015854,
            "Sadness": 0.2342344969511032,
            "Satisfaction": 0.1131475493311882,
            "Shame": 0.11511644721031189,
            "Surprise (negative)": 0.06155258044600487,
            "Surprise (positive)": 0.04176880419254303,
            "Sympathy": 0.050865888595581055,
            "Tiredness": 0.3254042863845825,
            "Triumph": 0.03761090338230133
        },
        "prosody": {
            "Admiration": 0.015162619762122631,
            "Adoration": 0.004961092956364155,
            "Aesthetic Appreciation": 0.01767951436340809,
            "Amusement": 0.14523369073867798,
            "Anger": 0.008161759935319424,
            "Anxiety": 0.06617163866758347,
            "Awe": 0.015123020857572556,
            "Awkwardness": 0.01873483881354332,
            "Boredom": 0.025159476324915886,
            "Calmness": 0.02084633894264698,
            "Concentration": 0.04999096319079399,
            "Confusion": 0.08723394572734833,
            "Contemplation": 0.07329845428466797,
            "Contempt": 0.027528565376996994,
            "Contentment": 0.022138385102152824,
            "Craving": 0.002642537234351039,
            "Desire": 0.0017004430992528796,
            "Determination": 0.06549258530139923,
            "Disappointment": 0.05990735441446304,
            "Disgust": 0.011303624138236046,
            "Distress": 0.02516244910657406,
            "Doubt": 0.03075518272817135,
            "Ecstasy": 0.007088936399668455,
            "Embarrassment": 0.008655576035380363,
            "Empathic Pain": 0.0030690247658640146,
            "Entrancement": 0.0024153110571205616,
            "Envy": 0.009949473664164543,
            "Excitement": 0.07701421529054642,
            "Fear": 0.014693028293550014,
            "Guilt": 0.007470329757779837,
            "Horror": 0.004467574879527092,
            "Interest": 0.5952250957489014,
            "Joy": 0.02239280566573143,
            "Love": 0.002853636397048831,
            "Nostalgia": 0.010951841250061989,
            "Pain": 0.0016455320874229074,
            "Pride": 0.04534376040101051,
            "Realization": 0.0557735338807106,
            "Relief": 0.0018461310537531972,
            "Romance": 0.0031889535021036863,
            "Sadness": 0.005796846002340317,
            "Satisfaction": 0.030536416918039322,
            "Shame": 0.005608041305094957,
            "Surprise (negative)": 0.024995606392621994,
            "Surprise (positive)": 0.09816020727157593,
            "Sympathy": 0.012241904623806477,
            "Tiredness": 0.018030935898423195,
            "Triumph": 0.013849714770913124
        },
        "lang": {}
    }
}