{
    "metadata": {
        "dialogue_id": "482",
        "time_start": "00-00-21.355",
        "time_end": "00-00-22.237",
        "speaker": "Phoebe",
        "emotion": "neutral",
        "sentiment": "neutral",
        "text_content": "That\u0092s not mine.",
        "file_name": "482_00-00-21.355_00-00-22.237_Phoebe_neutral_neutral"
    },
    "predicted": {
        "face": {
            "Admiration": 0.12483327090740204,
            "Adoration": 0.11436141282320023,
            "Aesthetic Appreciation": 0.07814587652683258,
            "Amusement": 0.18066340684890747,
            "Anger": 0.07603707164525986,
            "Anxiety": 0.14061634242534637,
            "Awe": 0.07566072791814804,
            "Awkwardness": 0.2344900667667389,
            "Boredom": 0.43459564447402954,
            "Calmness": 0.4269659221172333,
            "Concentration": 0.36306557059288025,
            "Confusion": 0.3618659973144531,
            "Contemplation": 0.22691290080547333,
            "Contempt": 0.22845378518104553,
            "Contentment": 0.1686636507511139,
            "Craving": 0.06270446628332138,
            "Desire": 0.07729265093803406,
            "Determination": 0.11116229742765427,
            "Disappointment": 0.36387842893600464,
            "Disgust": 0.12091561406850815,
            "Distress": 0.19378730654716492,
            "Doubt": 0.34400469064712524,
            "Ecstasy": 0.036003269255161285,
            "Embarrassment": 0.1275850385427475,
            "Empathic Pain": 0.09001143276691437,
            "Entrancement": 0.11375702172517776,
            "Envy": 0.056014761328697205,
            "Excitement": 0.07139324396848679,
            "Fear": 0.07531268894672394,
            "Guilt": 0.09126190096139908,
            "Horror": 0.031203385442495346,
            "Interest": 0.30671271681785583,
            "Joy": 0.12797300517559052,
            "Love": 0.15414947271347046,
            "Nostalgia": 0.08478987962007523,
            "Pain": 0.1258053332567215,
            "Pride": 0.08504454046487808,
            "Realization": 0.15249641239643097,
            "Relief": 0.08591107279062271,
            "Romance": 0.07034465670585632,
            "Sadness": 0.24449793994426727,
            "Satisfaction": 0.16516336798667908,
            "Shame": 0.10033081471920013,
            "Surprise (negative)": 0.03954620659351349,
            "Surprise (positive)": 0.030373571440577507,
            "Sympathy": 0.07460982352495193,
            "Tiredness": 0.25802457332611084,
            "Triumph": 0.03717830777168274
        },
        "prosody": {
            "Admiration": 0,
            "Adoration": 0,
            "Aesthetic Appreciation": 0,
            "Amusement": 0,
            "Anger": 0,
            "Annoyance": 0,
            "Anxiety": 0,
            "Awe": 0,
            "Awkwardness": 0,
            "Boredom": 0,
            "Calmness": 0,
            "Concentration": 0,
            "Confusion": 0,
            "Contemplation": 0,
            "Contempt": 0,
            "Contentment": 0,
            "Craving": 0,
            "Desire": 0,
            "Determination": 0,
            "Disappointment": 0,
            "Disapproval": 0,
            "Disgust": 0,
            "Distress": 0,
            "Doubt": 0,
            "Ecstasy": 0,
            "Embarrassment": 0,
            "Empathic Pain": 0,
            "Enthusiasm": 0,
            "Entrancement": 0,
            "Envy": 0,
            "Excitement": 0,
            "Fear": 0,
            "Gratitude": 0,
            "Guilt": 0,
            "Horror": 0,
            "Interest": 0,
            "Joy": 0,
            "Love": 0,
            "Nostalgia": 0,
            "Pain": 0,
            "Pride": 0,
            "Realization": 0,
            "Relief": 0,
            "Romance": 0,
            "Sadness": 0,
            "Sarcasm": 0,
            "Satisfaction": 0,
            "Shame": 0,
            "Surprise (negative)": 0,
            "Surprise (positive)": 0,
            "Sympathy": 0,
            "Tiredness": 0,
            "Triumph": 0
        },
        "lang": {}
    }
}