{
    "metadata": {
        "dialogue_id": "493",
        "time_start": "00-00-03.462",
        "time_end": "00-00-04.422",
        "speaker": "Monica",
        "emotion": "surprise",
        "sentiment": "positive",
        "file_name": "493_00-00-03.462_00-00-04.422_Monica_surprise_positive"
    },
    "predicted": {
        "face": {
            "Admiration": 0.21166345477104187,
            "Adoration": 0.24427877366542816,
            "Aesthetic Appreciation": 0.09798617660999298,
            "Amusement": 0.49855688214302063,
            "Anger": 0.036680690944194794,
            "Anxiety": 0.0932743102312088,
            "Awe": 0.10501556843519211,
            "Awkwardness": 0.20999759435653687,
            "Boredom": 0.14898748695850372,
            "Calmness": 0.2975485324859619,
            "Concentration": 0.18564465641975403,
            "Confusion": 0.2348441332578659,
            "Contemplation": 0.11597581207752228,
            "Contempt": 0.11395937204360962,
            "Contentment": 0.2659956216812134,
            "Craving": 0.05769576504826546,
            "Desire": 0.11152873933315277,
            "Determination": 0.06709132343530655,
            "Disappointment": 0.13473361730575562,
            "Disgust": 0.061642806977033615,
            "Distress": 0.12300466746091843,
            "Doubt": 0.161272794008255,
            "Ecstasy": 0.1227608397603035,
            "Embarrassment": 0.10056976228952408,
            "Empathic Pain": 0.05601467564702034,
            "Entrancement": 0.11539250612258911,
            "Envy": 0.03541651740670204,
            "Excitement": 0.2759132981300354,
            "Fear": 0.06629489362239838,
            "Guilt": 0.044120244681835175,
            "Horror": 0.033985286951065063,
            "Interest": 0.38542893528938293,
            "Joy": 0.5125827193260193,
            "Love": 0.4059789776802063,
            "Nostalgia": 0.08747030049562454,
            "Pain": 0.10048674792051315,
            "Pride": 0.12163522839546204,
            "Realization": 0.14110249280929565,
            "Relief": 0.15766006708145142,
            "Romance": 0.11985984444618225,
            "Sadness": 0.09581165015697479,
            "Satisfaction": 0.37898632884025574,
            "Shame": 0.050309956073760986,
            "Surprise (negative)": 0.03559478744864464,
            "Surprise (positive)": 0.04312175512313843,
            "Sympathy": 0.06459132581949234,
            "Tiredness": 0.12416981160640717,
            "Triumph": 0.0853973999619484
        },
        "prosody": {
            "Admiration": 0.0006971321417950094,
            "Adoration": 0.0007844209321774542,
            "Aesthetic Appreciation": 0.0009210823918692768,
            "Amusement": 0.024540666490793228,
            "Anger": 0.06546986848115921,
            "Anxiety": 0.1166868731379509,
            "Awe": 0.0035796191077679396,
            "Awkwardness": 0.02127951569855213,
            "Boredom": 0.012252597138285637,
            "Calmness": 0.0017537788953632116,
            "Concentration": 0.0013172843027859926,
            "Confusion": 0.07238418608903885,
            "Contemplation": 0.022544216364622116,
            "Contempt": 0.01395050436258316,
            "Contentment": 0.002785402350127697,
            "Craving": 0.0020065573044121265,
            "Desire": 0.00019148510182276368,
            "Determination": 0.003069874830543995,
            "Disappointment": 0.06913577765226364,
            "Disgust": 0.026494180783629417,
            "Distress": 0.2563885450363159,
            "Doubt": 0.029406551271677017,
            "Ecstasy": 0.0025759886484593153,
            "Embarrassment": 0.013133944943547249,
            "Empathic Pain": 0.16742795705795288,
            "Entrancement": 0.0011189141077920794,
            "Envy": 0.001959808636456728,
            "Excitement": 0.005067387595772743,
            "Fear": 0.1308705061674118,
            "Guilt": 0.02896367385983467,
            "Horror": 0.07502983510494232,
            "Interest": 0.004164611455053091,
            "Joy": 0.00391276553273201,
            "Love": 0.0009781485423445702,
            "Nostalgia": 0.01813013106584549,
            "Pain": 0.07338088750839233,
            "Pride": 0.0018883459270000458,
            "Realization": 0.12327934056520462,
            "Relief": 0.001859013456851244,
            "Romance": 0.0008893783669918776,
            "Sadness": 0.26750448346138,
            "Satisfaction": 0.0015084260376170278,
            "Shame": 0.01984289288520813,
            "Surprise (negative)": 0.052146099507808685,
            "Surprise (positive)": 0.002852816367521882,
            "Sympathy": 0.07774367928504944,
            "Tiredness": 0.013321226462721825,
            "Triumph": 0.0019458348397165537
        },
        "lang": {
            "Admiration": 0.037541767582297325,
            "Adoration": 0.01085570955183357,
            "Aesthetic Appreciation": 0.012450008536688983,
            "Amusement": 0.030215738341212273,
            "Anger": 0.009145512711256742,
            "Annoyance": 0.09177444688975811,
            "Anxiety": 0.014857907430268824,
            "Awe": 0.018376235384494066,
            "Awkwardness": 0.03913884423673153,
            "Boredom": 0.04443727759644389,
            "Calmness": 0.1268623061478138,
            "Concentration": 0.04630517354235053,
            "Confusion": 0.09628868848085403,
            "Contemplation": 0.05276939272880554,
            "Contempt": 0.040863698814064264,
            "Contentment": 0.029376523452810943,
            "Craving": 0.0016422065673395991,
            "Desire": 0.006278025219216943,
            "Determination": 0.04332075035199523,
            "Disappointment": 0.027854835614562035,
            "Disapproval": 0.043846783228218555,
            "Disgust": 0.0076320667285472155,
            "Distress": 0.02672859188169241,
            "Doubt": 0.03576420992612839,
            "Ecstasy": 0.000778961562900804,
            "Embarrassment": 0.008553634164854884,
            "Empathic Pain": 0.14929775474593043,
            "Enthusiasm": 0.016276134178042412,
            "Entrancement": 0.010792644461616874,
            "Envy": 0.00554688717238605,
            "Excitement": 0.004909077193588018,
            "Fear": 0.005663657269906253,
            "Gratitude": 0.010678364138584584,
            "Guilt": 0.004171886772383004,
            "Horror": 0.0027359183877706528,
            "Interest": 0.14154509454965591,
            "Joy": 0.004703742451965809,
            "Love": 0.008531560190021992,
            "Nostalgia": 0.007204116263892502,
            "Pain": 0.009025200386531651,
            "Pride": 0.016507625812664628,
            "Realization": 0.07152999006211758,
            "Relief": 0.012318817200139165,
            "Romance": 0.003662927425466478,
            "Sadness": 0.07253722916357219,
            "Sarcasm": 0.1162274219095707,
            "Satisfaction": 0.03639407572336495,
            "Shame": 0.007921661715954542,
            "Surprise (negative)": 0.1865130476653576,
            "Surprise (positive)": 0.04879504628479481,
            "Sympathy": 0.21672365441918373,
            "Tiredness": 0.015930852387100458,
            "Triumph": 0.018836893781553954
        }
    }
}