{
    "metadata": {
        "dialogue_id": "496",
        "time_start": "00-00-35.077",
        "time_end": "00-00-38.162",
        "speaker": "Monica",
        "emotion": "neutral",
        "sentiment": "neutral",
        "text_content": "I think we should call Ross, maybe he can get a car and come pick us up.",
        "file_name": "496_00-00-35.077_00-00-38.162_Monica_neutral_neutral"
    },
    "predicted": {
        "face": {
            "Admiration": 0.0688030794262886,
            "Adoration": 0.05043679475784302,
            "Aesthetic Appreciation": 0.05446607246994972,
            "Amusement": 0.08593728393316269,
            "Anger": 0.12345589697360992,
            "Anxiety": 0.17029419541358948,
            "Awe": 0.07427231967449188,
            "Awkwardness": 0.1999080926179886,
            "Boredom": 0.3745969831943512,
            "Calmness": 0.29834017157554626,
            "Concentration": 0.3880643844604492,
            "Confusion": 0.6359885334968567,
            "Contemplation": 0.2550722360610962,
            "Contempt": 0.27539947628974915,
            "Contentment": 0.08901569247245789,
            "Craving": 0.046843528747558594,
            "Desire": 0.04980328306555748,
            "Determination": 0.11509603261947632,
            "Disappointment": 0.3798291087150574,
            "Disgust": 0.1987333744764328,
            "Distress": 0.25373023748397827,
            "Doubt": 0.4819090962409973,
            "Ecstasy": 0.025238225236535072,
            "Embarrassment": 0.10025426000356674,
            "Empathic Pain": 0.10558319091796875,
            "Entrancement": 0.09991917014122009,
            "Envy": 0.054952800273895264,
            "Excitement": 0.04010888561606407,
            "Fear": 0.09141934663057327,
            "Guilt": 0.08151345700025558,
            "Horror": 0.043817806988954544,
            "Interest": 0.22014208137989044,
            "Joy": 0.05147925391793251,
            "Love": 0.05725541710853577,
            "Nostalgia": 0.06303036212921143,
            "Pain": 0.17215870320796967,
            "Pride": 0.05954025685787201,
            "Realization": 0.16089054942131042,
            "Relief": 0.06683328002691269,
            "Romance": 0.03174435719847679,
            "Sadness": 0.23966147005558014,
            "Satisfaction": 0.0861082449555397,
            "Shame": 0.08304015547037125,
            "Surprise (negative)": 0.05569979175925255,
            "Surprise (positive)": 0.03111969493329525,
            "Sympathy": 0.06048540025949478,
            "Tiredness": 0.2665591835975647,
            "Triumph": 0.027295351028442383
        },
        "prosody": {
            "Admiration": 0.0030862167477607727,
            "Adoration": 0.004002467263489962,
            "Aesthetic Appreciation": 0.0027516044210642576,
            "Amusement": 0.03927110880613327,
            "Anger": 0.12067826837301254,
            "Anxiety": 0.18724744021892548,
            "Awe": 0.002811489161103964,
            "Awkwardness": 0.041355859488248825,
            "Boredom": 0.003300482640042901,
            "Calmness": 0.0039364732801914215,
            "Concentration": 0.007339657284319401,
            "Confusion": 0.1050192266702652,
            "Contemplation": 0.0561206229031086,
            "Contempt": 0.034847062081098557,
            "Contentment": 0.0017011143499985337,
            "Craving": 0.025629281997680664,
            "Desire": 0.003918249160051346,
            "Determination": 0.15717557072639465,
            "Disappointment": 0.3205590546131134,
            "Disgust": 0.035135798156261444,
            "Distress": 0.285896360874176,
            "Doubt": 0.137955904006958,
            "Ecstasy": 0.003982885740697384,
            "Embarrassment": 0.11718331277370453,
            "Empathic Pain": 0.04985694959759712,
            "Entrancement": 0.0008539350237697363,
            "Envy": 0.04399532079696655,
            "Excitement": 0.07655807584524155,
            "Fear": 0.019355451688170433,
            "Guilt": 0.05679676681756973,
            "Horror": 0.01669934019446373,
            "Interest": 0.06706956773996353,
            "Joy": 0.0047852820716798306,
            "Love": 0.0086280582472682,
            "Nostalgia": 0.009104439988732338,
            "Pain": 0.021060047671198845,
            "Pride": 0.008790179155766964,
            "Realization": 0.2841449975967407,
            "Relief": 0.00459763640537858,
            "Romance": 0.005067943129688501,
            "Sadness": 0.02653682976961136,
            "Satisfaction": 0.004715179093182087,
            "Shame": 0.033191315829753876,
            "Surprise (negative)": 0.09811290353536606,
            "Surprise (positive)": 0.014289776794612408,
            "Sympathy": 0.09230203926563263,
            "Tiredness": 0.0059594642370939255,
            "Triumph": 0.004946054890751839
        },
        "lang": {}
    }
}