{
    "metadata": {
        "dialogue_id": "498",
        "time_start": "00-00-05.673",
        "time_end": "00-00-11.094",
        "speaker": "Monica",
        "emotion": "joy",
        "sentiment": "positive",
        "text_content": "Okay, we\u0092ll-we\u0092ll gaze into our future and we\u0092ll think about our marriage and the days to come.",
        "file_name": "498_00-00-05.673_00-00-11.094_Monica_joy_positive"
    },
    "predicted": {
        "face": {
            "Admiration": 0.07968616485595703,
            "Adoration": 0.06980066746473312,
            "Aesthetic Appreciation": 0.05728951841592789,
            "Amusement": 0.11058231443166733,
            "Anger": 0.10667090862989426,
            "Anxiety": 0.18372012674808502,
            "Awe": 0.07016381621360779,
            "Awkwardness": 0.18303003907203674,
            "Boredom": 0.33824360370635986,
            "Calmness": 0.37500882148742676,
            "Concentration": 0.4371963143348694,
            "Confusion": 0.3885611891746521,
            "Contemplation": 0.23206685483455658,
            "Contempt": 0.18183785676956177,
            "Contentment": 0.1166578084230423,
            "Craving": 0.04746078699827194,
            "Desire": 0.049831751734018326,
            "Determination": 0.12307948619127274,
            "Disappointment": 0.3854760229587555,
            "Disgust": 0.13357549905776978,
            "Distress": 0.26991942524909973,
            "Doubt": 0.3245954215526581,
            "Ecstasy": 0.030713332816958427,
            "Embarrassment": 0.1298554539680481,
            "Empathic Pain": 0.12781888246536255,
            "Entrancement": 0.11233019828796387,
            "Envy": 0.048111818730831146,
            "Excitement": 0.05403778702020645,
            "Fear": 0.1037813350558281,
            "Guilt": 0.12598814070224762,
            "Horror": 0.04345505312085152,
            "Interest": 0.24486473202705383,
            "Joy": 0.08225147426128387,
            "Love": 0.09674791246652603,
            "Nostalgia": 0.07641258835792542,
            "Pain": 0.2175655961036682,
            "Pride": 0.060498304665088654,
            "Realization": 0.15196360647678375,
            "Relief": 0.06815881282091141,
            "Romance": 0.046341683715581894,
            "Sadness": 0.369260311126709,
            "Satisfaction": 0.10612717270851135,
            "Shame": 0.12077467143535614,
            "Surprise (negative)": 0.050778619945049286,
            "Surprise (positive)": 0.0329362154006958,
            "Sympathy": 0.07544965296983719,
            "Tiredness": 0.2807084918022156,
            "Triumph": 0.028413228690624237
        },
        "prosody": {
            "Admiration": 0.18895703554153442,
            "Adoration": 0.1764509528875351,
            "Aesthetic Appreciation": 0.07310816645622253,
            "Amusement": 0.14180149137973785,
            "Anger": 0.00558037543669343,
            "Anxiety": 0.012375997379422188,
            "Awe": 0.048590175807476044,
            "Awkwardness": 0.04642345383763313,
            "Boredom": 0.00285269389860332,
            "Calmness": 0.1950731873512268,
            "Concentration": 0.2728162407875061,
            "Confusion": 0.019595379009842873,
            "Contemplation": 0.2684619426727295,
            "Contempt": 0.019007483497262,
            "Contentment": 0.33130285143852234,
            "Craving": 0.05106610059738159,
            "Desire": 0.030380642041563988,
            "Determination": 0.6924801468849182,
            "Disappointment": 0.010533466003835201,
            "Disgust": 0.013078754767775536,
            "Distress": 0.02088681422173977,
            "Doubt": 0.014548219740390778,
            "Ecstasy": 0.04607388377189636,
            "Embarrassment": 0.011832390911877155,
            "Empathic Pain": 0.003670323407277465,
            "Entrancement": 0.13750410079956055,
            "Envy": 0.004538992419838905,
            "Excitement": 0.2035490721464157,
            "Fear": 0.0026213114615529776,
            "Guilt": 0.004228802863508463,
            "Horror": 0.0011428282596170902,
            "Interest": 0.2657586634159088,
            "Joy": 0.14841780066490173,
            "Love": 0.09308551251888275,
            "Nostalgia": 0.272702693939209,
            "Pain": 0.0012588517274707556,
            "Pride": 0.4859381318092346,
            "Realization": 0.14688348770141602,
            "Relief": 0.04174807295203209,
            "Romance": 0.15219809114933014,
            "Sadness": 0.00417277030646801,
            "Satisfaction": 0.4816228151321411,
            "Shame": 0.004669482819736004,
            "Surprise (negative)": 0.0028476917650550604,
            "Surprise (positive)": 0.03866364061832428,
            "Sympathy": 0.014799336902797222,
            "Tiredness": 0.002977080410346389,
            "Triumph": 0.22957688570022583
        },
        "lang": {}
    }
}