{
    "metadata": {
        "dialogue_id": "49",
        "time_start": "00-00-43.710",
        "time_end": "00-00-44.772",
        "speaker": "Chandler",
        "emotion": "sadness",
        "sentiment": "negative",
        "text_content": "I couldn\u0092t do it.",
        "file_name": "49_00-00-43.710_00-00-44.772_Chandler_sadness_negative"
    },
    "predicted": {
        "face": {
            "Admiration": 0.069503553211689,
            "Adoration": 0.06731680035591125,
            "Aesthetic Appreciation": 0.04364275187253952,
            "Amusement": 0.16212783753871918,
            "Anger": 0.07707516849040985,
            "Anxiety": 0.23626139760017395,
            "Awe": 0.08147985488176346,
            "Awkwardness": 0.18596580624580383,
            "Boredom": 0.19525624811649323,
            "Calmness": 0.20651137828826904,
            "Concentration": 0.2853793799877167,
            "Confusion": 0.3208174407482147,
            "Contemplation": 0.19262385368347168,
            "Contempt": 0.10408079624176025,
            "Contentment": 0.09378164261579514,
            "Craving": 0.04159552976489067,
            "Desire": 0.04518349468708038,
            "Determination": 0.07955935597419739,
            "Disappointment": 0.38541358709335327,
            "Disgust": 0.11490783840417862,
            "Distress": 0.3811228275299072,
            "Doubt": 0.2568223774433136,
            "Ecstasy": 0.04375406354665756,
            "Embarrassment": 0.18209639191627502,
            "Empathic Pain": 0.16963443160057068,
            "Entrancement": 0.08007346093654633,
            "Envy": 0.031221117824316025,
            "Excitement": 0.08504939824342728,
            "Fear": 0.16043317317962646,
            "Guilt": 0.16172948479652405,
            "Horror": 0.08011291176080704,
            "Interest": 0.17986910045146942,
            "Joy": 0.11777393519878387,
            "Love": 0.09962186962366104,
            "Nostalgia": 0.07022137194871902,
            "Pain": 0.3588082194328308,
            "Pride": 0.05039414390921593,
            "Realization": 0.1736399531364441,
            "Relief": 0.07643544673919678,
            "Romance": 0.04283168166875839,
            "Sadness": 0.47293612360954285,
            "Satisfaction": 0.10870619863271713,
            "Shame": 0.1490456908941269,
            "Surprise (negative)": 0.07302805781364441,
            "Surprise (positive)": 0.046989258378744125,
            "Sympathy": 0.07809538394212723,
            "Tiredness": 0.23821064829826355,
            "Triumph": 0.031898289918899536
        },
        "prosody": {
            "Admiration": 0.0037922009360045195,
            "Adoration": 0.0024417464155703783,
            "Aesthetic Appreciation": 0.0031307823956012726,
            "Amusement": 0.02050173468887806,
            "Anger": 0.30423811078071594,
            "Anxiety": 0.17893922328948975,
            "Awe": 0.005361894611269236,
            "Awkwardness": 0.11947717517614365,
            "Boredom": 0.021736809983849525,
            "Calmness": 0.022279394790530205,
            "Concentration": 0.025926828384399414,
            "Confusion": 0.06248679757118225,
            "Contemplation": 0.019959120079874992,
            "Contempt": 0.09193011373281479,
            "Contentment": 0.020265992730855942,
            "Craving": 0.003362840972840786,
            "Desire": 0.002069421112537384,
            "Determination": 0.14710178971290588,
            "Disappointment": 0.28302934765815735,
            "Disgust": 0.06092022359371185,
            "Distress": 0.24418263137340546,
            "Doubt": 0.10706843435764313,
            "Ecstasy": 0.0056258998811244965,
            "Embarrassment": 0.11100311577320099,
            "Empathic Pain": 0.019518069922924042,
            "Entrancement": 0.0022041185293346643,
            "Envy": 0.007288677152246237,
            "Excitement": 0.016833055764436722,
            "Fear": 0.08346864581108093,
            "Guilt": 0.0582912303507328,
            "Horror": 0.0353892557322979,
            "Interest": 0.009616270661354065,
            "Joy": 0.0065762996673583984,
            "Love": 0.002244674600660801,
            "Nostalgia": 0.004692994523793459,
            "Pain": 0.0653228610754013,
            "Pride": 0.02980896644294262,
            "Realization": 0.04937981814146042,
            "Relief": 0.015467191115021706,
            "Romance": 0.0034344724845141172,
            "Sadness": 0.06686685234308243,
            "Satisfaction": 0.012275289744138718,
            "Shame": 0.07384507358074188,
            "Surprise (negative)": 0.16305385529994965,
            "Surprise (positive)": 0.01811574399471283,
            "Sympathy": 0.013877419754862785,
            "Tiredness": 0.03069804422557354,
            "Triumph": 0.01429738663136959
        },
        "lang": {}
    }
}