{
    "metadata": {
        "dialogue_id": "504",
        "time_start": "00-00-20.145",
        "time_end": "00-00-21.480",
        "speaker": "Phoebe",
        "emotion": "neutral",
        "sentiment": "neutral",
        "file_name": "504_00-00-20.145_00-00-21.480_Phoebe_neutral_neutral"
    },
    "predicted": {
        "face": {
            "Admiration": 0.1256885528564453,
            "Adoration": 0.11305373162031174,
            "Aesthetic Appreciation": 0.07052372395992279,
            "Amusement": 0.25064581632614136,
            "Anger": 0.09958691895008087,
            "Anxiety": 0.1706574559211731,
            "Awe": 0.1256558895111084,
            "Awkwardness": 0.2016882747411728,
            "Boredom": 0.22525988519191742,
            "Calmness": 0.29347163438796997,
            "Concentration": 0.35291242599487305,
            "Confusion": 0.3551248013973236,
            "Contemplation": 0.20772439241409302,
            "Contempt": 0.14654354751110077,
            "Contentment": 0.15289342403411865,
            "Craving": 0.05874364823102951,
            "Desire": 0.07226348668336868,
            "Determination": 0.11900681257247925,
            "Disappointment": 0.28709524869918823,
            "Disgust": 0.11870512366294861,
            "Distress": 0.24240869283676147,
            "Doubt": 0.287556529045105,
            "Ecstasy": 0.06527775526046753,
            "Embarrassment": 0.12321873009204865,
            "Empathic Pain": 0.1156742125749588,
            "Entrancement": 0.11167766153812408,
            "Envy": 0.04592073708772659,
            "Excitement": 0.15013162791728973,
            "Fear": 0.14099325239658356,
            "Guilt": 0.09629346430301666,
            "Horror": 0.07970640063285828,
            "Interest": 0.29872193932533264,
            "Joy": 0.2057308405637741,
            "Love": 0.15891559422016144,
            "Nostalgia": 0.07632097601890564,
            "Pain": 0.2097371220588684,
            "Pride": 0.08873779326677322,
            "Realization": 0.1797446310520172,
            "Relief": 0.09465675801038742,
            "Romance": 0.05989808961749077,
            "Sadness": 0.2647768259048462,
            "Satisfaction": 0.18742746114730835,
            "Shame": 0.08633251488208771,
            "Surprise (negative)": 0.08432210981845856,
            "Surprise (positive)": 0.07582465559244156,
            "Sympathy": 0.07383076101541519,
            "Tiredness": 0.18367931246757507,
            "Triumph": 0.058657485991716385
        },
        "prosody": {
            "Admiration": 0.0273034255951643,
            "Adoration": 0.025061361491680145,
            "Aesthetic Appreciation": 0.007709757890552282,
            "Amusement": 0.0637340098619461,
            "Anger": 0.005796897225081921,
            "Anxiety": 0.048153266310691833,
            "Awe": 0.026587441563606262,
            "Awkwardness": 0.029996519908308983,
            "Boredom": 0.05103681981563568,
            "Calmness": 0.10319936275482178,
            "Concentration": 0.0730026513338089,
            "Confusion": 0.026751531288027763,
            "Contemplation": 0.12093088030815125,
            "Contempt": 0.01605137251317501,
            "Contentment": 0.054897163063287735,
            "Craving": 0.020446887239813805,
            "Desire": 0.00948225986212492,
            "Determination": 0.2598961889743805,
            "Disappointment": 0.012800524942576885,
            "Disgust": 0.0058316634967923164,
            "Distress": 0.04072123020887375,
            "Doubt": 0.1263582855463028,
            "Ecstasy": 0.0268213152885437,
            "Embarrassment": 0.01540969405323267,
            "Empathic Pain": 0.04754703864455223,
            "Entrancement": 0.014355059713125229,
            "Envy": 0.008724350482225418,
            "Excitement": 0.06604322791099548,
            "Fear": 0.024507785215973854,
            "Guilt": 0.036538898944854736,
            "Horror": 0.007892431691288948,
            "Interest": 0.27234354615211487,
            "Joy": 0.0335647352039814,
            "Love": 0.03877732530236244,
            "Nostalgia": 0.01359185203909874,
            "Pain": 0.03015296719968319,
            "Pride": 0.06135178357362747,
            "Realization": 0.20765826106071472,
            "Relief": 0.014255018904805183,
            "Romance": 0.030118344351649284,
            "Sadness": 0.030496472492814064,
            "Satisfaction": 0.053290147334337234,
            "Shame": 0.014473806135356426,
            "Surprise (negative)": 0.012599918991327286,
            "Surprise (positive)": 0.0300979632884264,
            "Sympathy": 0.10341425240039825,
            "Tiredness": 0.02329186722636223,
            "Triumph": 0.02735341712832451
        },
        "lang": {
            "Admiration": 0.012704728345852345,
            "Adoration": 0.008396460019866936,
            "Aesthetic Appreciation": 0.010622219822835177,
            "Amusement": 0.010494345682673156,
            "Anger": 0.00142579654493602,
            "Annoyance": 0.02680708433035761,
            "Anxiety": 0.04004825238371268,
            "Awe": 0.005200103914830834,
            "Awkwardness": 0.03974660951644182,
            "Boredom": 0.05563731899019331,
            "Calmness": 0.12909708824008703,
            "Concentration": 0.10615616058930755,
            "Confusion": 0.11424503661692142,
            "Contemplation": 0.2958172522485256,
            "Contempt": 0.01179327565478161,
            "Contentment": 0.02002465457189828,
            "Craving": 0.026151125348405913,
            "Desire": 0.009288311121053994,
            "Determination": 0.09473279875237495,
            "Disappointment": 0.011838441307190806,
            "Disapproval": 0.007365656201727688,
            "Disgust": 0.001114856859203428,
            "Distress": 0.014051636448130012,
            "Doubt": 0.08959839725866914,
            "Ecstasy": 0.0012155265831097495,
            "Embarrassment": 0.0029374287914833985,
            "Empathic Pain": 0.0558114948507864,
            "Enthusiasm": 0.0651272889226675,
            "Entrancement": 0.012659691274166107,
            "Envy": 0.005126301315613091,
            "Excitement": 0.015690501604694873,
            "Fear": 0.00678340598824434,
            "Gratitude": 0.007506085064960644,
            "Guilt": 0.00416041754942853,
            "Horror": 0.00036771361737919506,
            "Interest": 0.5478780712001026,
            "Joy": 0.00609707206604071,
            "Love": 0.019531624886440113,
            "Nostalgia": 0.005539119156310335,
            "Pain": 0.007981343776918948,
            "Pride": 0.00417401286540553,
            "Realization": 0.049246287206187844,
            "Relief": 0.005420253408374265,
            "Romance": 0.012354376303846948,
            "Sadness": 0.01086130936164409,
            "Sarcasm": 0.01909110412816517,
            "Satisfaction": 0.016139248618856072,
            "Shame": 0.0036305670073488727,
            "Surprise (negative)": 0.012698439066298306,
            "Surprise (positive)": 0.016643484821543097,
            "Sympathy": 0.07200666383141652,
            "Tiredness": 0.023393626237520948,
            "Triumph": 0.0038298269209917635
        }
    }
}