{
    "metadata": {
        "dialogue_id": "507",
        "time_start": "00-00-15.974",
        "time_end": "00-00-19.894",
        "speaker": "Rachel",
        "emotion": "surprise",
        "sentiment": "negative",
        "file_name": "507_00-00-15.974_00-00-19.894_Rachel_surprise_negative"
    },
    "predicted": {
        "face": {
            "Admiration": 0.12651553750038147,
            "Adoration": 0.15954799950122833,
            "Aesthetic Appreciation": 0.09274337440729141,
            "Amusement": 0.17240460216999054,
            "Anger": 0.025651291012763977,
            "Anxiety": 0.08128448575735092,
            "Awe": 0.07385779172182083,
            "Awkwardness": 0.11702729761600494,
            "Boredom": 0.2960039973258972,
            "Calmness": 0.7118101119995117,
            "Concentration": 0.21832700073719025,
            "Confusion": 0.1855395883321762,
            "Contemplation": 0.1458205133676529,
            "Contempt": 0.12016424536705017,
            "Contentment": 0.3511506915092468,
            "Craving": 0.045288022607564926,
            "Desire": 0.1718975454568863,
            "Determination": 0.05658087879419327,
            "Disappointment": 0.18286699056625366,
            "Disgust": 0.04199483245611191,
            "Distress": 0.13150672614574432,
            "Doubt": 0.1351829171180725,
            "Ecstasy": 0.1252102255821228,
            "Embarrassment": 0.06598280370235443,
            "Empathic Pain": 0.05158904939889908,
            "Entrancement": 0.1629112809896469,
            "Envy": 0.024567795917391777,
            "Excitement": 0.0898219421505928,
            "Fear": 0.03901749476790428,
            "Guilt": 0.044108279049396515,
            "Horror": 0.01552986167371273,
            "Interest": 0.1956934928894043,
            "Joy": 0.23060552775859833,
            "Love": 0.30632057785987854,
            "Nostalgia": 0.1090661883354187,
            "Pain": 0.11079204827547073,
            "Pride": 0.09422200918197632,
            "Realization": 0.1638185977935791,
            "Relief": 0.47529304027557373,
            "Romance": 0.1228174939751625,
            "Sadness": 0.09929358214139938,
            "Satisfaction": 0.5144708752632141,
            "Shame": 0.05042386054992676,
            "Surprise (negative)": 0.01851126365363598,
            "Surprise (positive)": 0.01814228482544422,
            "Sympathy": 0.04296328127384186,
            "Tiredness": 0.5194007754325867,
            "Triumph": 0.05764256790280342
        },
        "prosody": {
            "Admiration": 0.05695441737771034,
            "Adoration": 0.0319896899163723,
            "Aesthetic Appreciation": 0.018674212507903576,
            "Amusement": 0.11663874983787537,
            "Anger": 0.036413490772247314,
            "Anxiety": 0.06543033849447966,
            "Awe": 0.06283635646104813,
            "Awkwardness": 0.053904879838228226,
            "Boredom": 0.01260246429592371,
            "Calmness": 0.044015272287651896,
            "Concentration": 0.07940441928803921,
            "Confusion": 0.08919235691428185,
            "Contemplation": 0.09257230535149574,
            "Contempt": 0.045234146527945995,
            "Contentment": 0.01707716705277562,
            "Craving": 0.010724680498242378,
            "Desire": 0.05692514777183533,
            "Determination": 0.05720672197639942,
            "Disappointment": 0.044391119852662086,
            "Disgust": 0.03732536919414997,
            "Distress": 0.054151687771081924,
            "Doubt": 0.045622906647622585,
            "Ecstasy": 0.03055621962994337,
            "Embarrassment": 0.022491851588711143,
            "Empathic Pain": 0.013943860307335854,
            "Entrancement": 0.030400507152080536,
            "Envy": 0.014389650663360953,
            "Excitement": 0.09973104670643806,
            "Fear": 0.04062243830412626,
            "Guilt": 0.011913257651031017,
            "Horror": 0.038226816803216934,
            "Interest": 0.13330864533782005,
            "Joy": 0.02352967904880643,
            "Love": 0.015932468231767416,
            "Nostalgia": 0.03947355970740318,
            "Pain": 0.01405169302597642,
            "Pride": 0.03134627174586058,
            "Realization": 0.1452522799372673,
            "Relief": 0.009958668379113078,
            "Romance": 0.04428498074412346,
            "Sadness": 0.01714165508747101,
            "Satisfaction": 0.019004258327186108,
            "Shame": 0.01360870199277997,
            "Surprise (negative)": 0.07785440608859062,
            "Surprise (positive)": 0.05950075387954712,
            "Sympathy": 0.015037498902529478,
            "Tiredness": 0.00941574526950717,
            "Triumph": 0.01267057005316019
        },
        "lang": {
            "Admiration": 0.022875814252377797,
            "Adoration": 0.013203944792621769,
            "Aesthetic Appreciation": 0.01054316182853654,
            "Amusement": 0.04625166479187707,
            "Anger": 0.022309002000838518,
            "Annoyance": 0.1763668404892087,
            "Anxiety": 0.014584667359789213,
            "Awe": 0.017654499252482008,
            "Awkwardness": 0.14829688472673297,
            "Boredom": 0.03668610685660193,
            "Calmness": 0.06138919208509227,
            "Concentration": 0.012034897110424936,
            "Confusion": 0.1584383500739932,
            "Contemplation": 0.09840986505150795,
            "Contempt": 0.10604386730119586,
            "Contentment": 0.011804444598965347,
            "Craving": 0.001930129238947605,
            "Desire": 0.030454107189143542,
            "Determination": 0.006429891237833847,
            "Disappointment": 0.08702610277881224,
            "Disapproval": 0.20325226352239648,
            "Disgust": 0.038786610045159854,
            "Distress": 0.015847096879345674,
            "Doubt": 0.08288927655667067,
            "Ecstasy": 0.0011543770281908412,
            "Embarrassment": 0.030348124952676397,
            "Empathic Pain": 0.019709953747224063,
            "Enthusiasm": 0.013009528260833273,
            "Entrancement": 0.013766035088337958,
            "Envy": 0.01772381383731651,
            "Excitement": 0.007712323446564066,
            "Fear": 0.006379471179873993,
            "Gratitude": 0.003710677061462775,
            "Guilt": 0.005842076216746743,
            "Horror": 0.0050742123275995255,
            "Interest": 0.09002631638819973,
            "Joy": 0.006931569703738205,
            "Love": 0.014714596174599137,
            "Nostalgia": 0.015282839003096646,
            "Pain": 0.008568582765292376,
            "Pride": 0.006124314561020583,
            "Realization": 0.16979333634177843,
            "Relief": 0.00454365568778788,
            "Romance": 0.035371201350547686,
            "Sadness": 0.02524611571182807,
            "Sarcasm": 0.14324776145319143,
            "Satisfaction": 0.01078457870365431,
            "Shame": 0.025489899640281994,
            "Surprise (negative)": 0.1688421523819367,
            "Surprise (positive)": 0.07248355316308637,
            "Sympathy": 0.02462311552759881,
            "Tiredness": 0.01646651861180241,
            "Triumph": 0.003885327489115298
        }
    }
}