{
    "metadata": {
        "dialogue_id": "508",
        "time_start": "00-00-00.000",
        "time_end": "00-00-01.418",
        "speaker": "Joey",
        "emotion": "anger",
        "sentiment": "negative",
        "text_content": "Ross!",
        "file_name": "508_00-00-00.000_00-00-01.418_Joey_anger_negative"
    },
    "predicted": {
        "face": {
            "Admiration": 0.06480829417705536,
            "Adoration": 0.04204494506120682,
            "Aesthetic Appreciation": 0.05151599645614624,
            "Amusement": 0.06834372133016586,
            "Anger": 0.14608833193778992,
            "Anxiety": 0.18804730474948883,
            "Awe": 0.070783831179142,
            "Awkwardness": 0.21574828028678894,
            "Boredom": 0.4649283289909363,
            "Calmness": 0.35650578141212463,
            "Concentration": 0.4264022707939148,
            "Confusion": 0.4481140673160553,
            "Contemplation": 0.23827728629112244,
            "Contempt": 0.26174724102020264,
            "Contentment": 0.08143499493598938,
            "Craving": 0.04797038063406944,
            "Desire": 0.03145945817232132,
            "Determination": 0.14173001050949097,
            "Disappointment": 0.44734132289886475,
            "Disgust": 0.1638563722372055,
            "Distress": 0.24802711606025696,
            "Doubt": 0.41452550888061523,
            "Ecstasy": 0.017657611519098282,
            "Embarrassment": 0.11089986562728882,
            "Empathic Pain": 0.12444976717233658,
            "Entrancement": 0.10186208784580231,
            "Envy": 0.06266337633132935,
            "Excitement": 0.029757561162114143,
            "Fear": 0.1139264702796936,
            "Guilt": 0.11092358827590942,
            "Horror": 0.04567328095436096,
            "Interest": 0.21490782499313354,
            "Joy": 0.03584561496973038,
            "Love": 0.04296569526195526,
            "Nostalgia": 0.07020648568868637,
            "Pain": 0.1708027571439743,
            "Pride": 0.060253795236349106,
            "Realization": 0.1468862146139145,
            "Relief": 0.04458889365196228,
            "Romance": 0.02434716746211052,
            "Sadness": 0.406030535697937,
            "Satisfaction": 0.060100119560956955,
            "Shame": 0.10083626210689545,
            "Surprise (negative)": 0.05380961671471596,
            "Surprise (positive)": 0.028754811733961105,
            "Sympathy": 0.07278893887996674,
            "Tiredness": 0.258108526468277,
            "Triumph": 0.02284906432032585
        },
        "prosody": {
            "Admiration": 0.011209291405975819,
            "Adoration": 0.006002331152558327,
            "Aesthetic Appreciation": 0.008368127979338169,
            "Amusement": 0.017916081473231316,
            "Anger": 0.05267868936061859,
            "Anxiety": 0.07114841043949127,
            "Awe": 0.018885785713791847,
            "Awkwardness": 0.03945371136069298,
            "Boredom": 0.13611197471618652,
            "Calmness": 0.08364743739366531,
            "Concentration": 0.028696993365883827,
            "Confusion": 0.05298010632395744,
            "Contemplation": 0.02127792127430439,
            "Contempt": 0.02916313335299492,
            "Contentment": 0.010641911998391151,
            "Craving": 0.022798366844654083,
            "Desire": 0.03237276151776314,
            "Determination": 0.06292122602462769,
            "Disappointment": 0.1679750233888626,
            "Disgust": 0.04177582263946533,
            "Distress": 0.09749605506658554,
            "Doubt": 0.03840756043791771,
            "Ecstasy": 0.00956469215452671,
            "Embarrassment": 0.018570587038993835,
            "Empathic Pain": 0.020851485431194305,
            "Entrancement": 0.012007646262645721,
            "Envy": 0.011119491420686245,
            "Excitement": 0.024213725700974464,
            "Fear": 0.04650203511118889,
            "Guilt": 0.010781713761389256,
            "Horror": 0.020908858627080917,
            "Interest": 0.022896096110343933,
            "Joy": 0.014799438416957855,
            "Love": 0.0075455959886312485,
            "Nostalgia": 0.016745349392294884,
            "Pain": 0.04825560376048088,
            "Pride": 0.00649956613779068,
            "Realization": 0.032457318156957626,
            "Relief": 0.027927232906222343,
            "Romance": 0.018635466694831848,
            "Sadness": 0.11643195897340775,
            "Satisfaction": 0.011111075058579445,
            "Shame": 0.02738247625529766,
            "Surprise (negative)": 0.034912195056676865,
            "Surprise (positive)": 0.011150243692100048,
            "Sympathy": 0.016905665397644043,
            "Tiredness": 0.07975537329912186,
            "Triumph": 0.006929696071892977
        },
        "lang": {}
    }
}