{
    "metadata": {
        "dialogue_id": "508",
        "time_start": "00-01-20.789",
        "time_end": "00-01-25.835",
        "speaker": "Joey",
        "emotion": "anger",
        "sentiment": "negative",
        "text_content": "No! No! I-I can do it one more time! See? Look!  Hmm, noodle soup. Damnit!",
        "file_name": "508_00-01-20.789_00-01-25.835_Joey_anger_negative"
    },
    "predicted": {
        "face": {
            "Admiration": 0.026937665417790413,
            "Adoration": 0.025850340723991394,
            "Aesthetic Appreciation": 0.023844847455620766,
            "Amusement": 0.04097127169370651,
            "Anger": 0.05365357547998428,
            "Anxiety": 0.3160143494606018,
            "Awe": 0.026980407536029816,
            "Awkwardness": 0.12991206347942352,
            "Boredom": 0.2730077803134918,
            "Calmness": 0.2417646050453186,
            "Concentration": 0.3525172472000122,
            "Confusion": 0.31385520100593567,
            "Contemplation": 0.24453617632389069,
            "Contempt": 0.07673849165439606,
            "Contentment": 0.05383673310279846,
            "Craving": 0.022276196628808975,
            "Desire": 0.02321941964328289,
            "Determination": 0.0657690167427063,
            "Disappointment": 0.5314910411834717,
            "Disgust": 0.0667744129896164,
            "Distress": 0.5142953395843506,
            "Doubt": 0.2545650601387024,
            "Ecstasy": 0.014300487004220486,
            "Embarrassment": 0.18798640370368958,
            "Empathic Pain": 0.1639593541622162,
            "Entrancement": 0.06298473477363586,
            "Envy": 0.018446099013090134,
            "Excitement": 0.018057772889733315,
            "Fear": 0.09177732467651367,
            "Guilt": 0.25690799951553345,
            "Horror": 0.029055114835500717,
            "Interest": 0.09887039661407471,
            "Joy": 0.027954835444688797,
            "Love": 0.0395810529589653,
            "Nostalgia": 0.05939198657870293,
            "Pain": 0.35786962509155273,
            "Pride": 0.022087614983320236,
            "Realization": 0.1437150537967682,
            "Relief": 0.057205915451049805,
            "Romance": 0.023462999612092972,
            "Sadness": 0.5769460797309875,
            "Satisfaction": 0.04691608250141144,
            "Shame": 0.2367846965789795,
            "Surprise (negative)": 0.027760693803429604,
            "Surprise (positive)": 0.011766892857849598,
            "Sympathy": 0.06457895785570145,
            "Tiredness": 0.48962119221687317,
            "Triumph": 0.008999394252896309
        },
        "prosody": {
            "Admiration": 0.02088131755590439,
            "Adoration": 0.008229031227529049,
            "Aesthetic Appreciation": 0.012441725470125675,
            "Amusement": 0.12299390882253647,
            "Anger": 0.05672939494252205,
            "Anxiety": 0.04242977872490883,
            "Awe": 0.034686747938394547,
            "Awkwardness": 0.023758385330438614,
            "Boredom": 0.005198093596845865,
            "Calmness": 0.007814501412212849,
            "Concentration": 0.01557427179068327,
            "Confusion": 0.03815070167183876,
            "Contemplation": 0.00968710333108902,
            "Contempt": 0.01272403635084629,
            "Contentment": 0.007957857102155685,
            "Craving": 0.011778789572417736,
            "Desire": 0.006517070811241865,
            "Determination": 0.1049775630235672,
            "Disappointment": 0.014714914374053478,
            "Disgust": 0.01903223805129528,
            "Distress": 0.0618918240070343,
            "Doubt": 0.016644427552819252,
            "Ecstasy": 0.046232517808675766,
            "Embarrassment": 0.009396609850227833,
            "Empathic Pain": 0.0035805334337055683,
            "Entrancement": 0.009490694850683212,
            "Envy": 0.008120051585137844,
            "Excitement": 0.3882738947868347,
            "Fear": 0.034331128001213074,
            "Guilt": 0.005577615927904844,
            "Horror": 0.024968218058347702,
            "Interest": 0.08089091628789902,
            "Joy": 0.07340340316295624,
            "Love": 0.00522221764549613,
            "Nostalgia": 0.005940104369074106,
            "Pain": 0.00915730744600296,
            "Pride": 0.036308735609054565,
            "Realization": 0.03954184427857399,
            "Relief": 0.008648709394037724,
            "Romance": 0.0027895537205040455,
            "Sadness": 0.007591255474835634,
            "Satisfaction": 0.02602226473391056,
            "Shame": 0.006042299326509237,
            "Surprise (negative)": 0.05394669249653816,
            "Surprise (positive)": 0.10669912397861481,
            "Sympathy": 0.005642278585582972,
            "Tiredness": 0.004465128295123577,
            "Triumph": 0.06479967385530472
        },
        "lang": {}
    }
}