{
    "metadata": {
        "dialogue_id": "508",
        "time_start": "00-00-55.055",
        "time_end": "00-00-58.224",
        "speaker": "Joey",
        "emotion": "neutral",
        "sentiment": "neutral",
        "file_name": "508_00-00-55.055_00-00-58.224_Joey_neutral_neutral"
    },
    "predicted": {
        "face": {
            "Admiration": 0.03534442186355591,
            "Adoration": 0.027874169871211052,
            "Aesthetic Appreciation": 0.031359925866127014,
            "Amusement": 0.04263371601700783,
            "Anger": 0.09231282770633698,
            "Anxiety": 0.2695382237434387,
            "Awe": 0.033554065972566605,
            "Awkwardness": 0.16417768597602844,
            "Boredom": 0.31297677755355835,
            "Calmness": 0.286123126745224,
            "Concentration": 0.44158580899238586,
            "Confusion": 0.4275527596473694,
            "Contemplation": 0.26948967576026917,
            "Contempt": 0.14264315366744995,
            "Contentment": 0.05916772037744522,
            "Craving": 0.028984807431697845,
            "Desire": 0.023199163377285004,
            "Determination": 0.10103798657655716,
            "Disappointment": 0.5184495449066162,
            "Disgust": 0.1132071390748024,
            "Distress": 0.39748209714889526,
            "Doubt": 0.3675876259803772,
            "Ecstasy": 0.012421664781868458,
            "Embarrassment": 0.1602538675069809,
            "Empathic Pain": 0.15053816139698029,
            "Entrancement": 0.07600229233503342,
            "Envy": 0.033564142882823944,
            "Excitement": 0.017858410254120827,
            "Fear": 0.0935157835483551,
            "Guilt": 0.20051243901252747,
            "Horror": 0.029821306467056274,
            "Interest": 0.14173197746276855,
            "Joy": 0.025350958108901978,
            "Love": 0.03537673130631447,
            "Nostalgia": 0.06073567643761635,
            "Pain": 0.2612828314304352,
            "Pride": 0.031148340553045273,
            "Realization": 0.14141042530536652,
            "Relief": 0.04406608268618584,
            "Romance": 0.02189711108803749,
            "Sadness": 0.5065616369247437,
            "Satisfaction": 0.04458644241094589,
            "Shame": 0.18393272161483765,
            "Surprise (negative)": 0.032570160925388336,
            "Surprise (positive)": 0.013944596983492374,
            "Sympathy": 0.07036277651786804,
            "Tiredness": 0.3485129475593567,
            "Triumph": 0.010921456851065159
        },
        "prosody": {
            "Admiration": 0,
            "Adoration": 0,
            "Aesthetic Appreciation": 0,
            "Amusement": 0,
            "Anger": 0,
            "Annoyance": 0,
            "Anxiety": 0,
            "Awe": 0,
            "Awkwardness": 0,
            "Boredom": 0,
            "Calmness": 0,
            "Concentration": 0,
            "Confusion": 0,
            "Contemplation": 0,
            "Contempt": 0,
            "Contentment": 0,
            "Craving": 0,
            "Desire": 0,
            "Determination": 0,
            "Disappointment": 0,
            "Disapproval": 0,
            "Disgust": 0,
            "Distress": 0,
            "Doubt": 0,
            "Ecstasy": 0,
            "Embarrassment": 0,
            "Empathic Pain": 0,
            "Enthusiasm": 0,
            "Entrancement": 0,
            "Envy": 0,
            "Excitement": 0,
            "Fear": 0,
            "Gratitude": 0,
            "Guilt": 0,
            "Horror": 0,
            "Interest": 0,
            "Joy": 0,
            "Love": 0,
            "Nostalgia": 0,
            "Pain": 0,
            "Pride": 0,
            "Realization": 0,
            "Relief": 0,
            "Romance": 0,
            "Sadness": 0,
            "Sarcasm": 0,
            "Satisfaction": 0,
            "Shame": 0,
            "Surprise (negative)": 0,
            "Surprise (positive)": 0,
            "Sympathy": 0,
            "Tiredness": 0,
            "Triumph": 0
        },
        "lang": {
            "Admiration": 0.002194719466691216,
            "Adoration": 0.001150109669348846,
            "Aesthetic Appreciation": 0.01110242602104942,
            "Amusement": 0.10912785989542802,
            "Anger": 0.0013077909825369716,
            "Annoyance": 0.05173584073781967,
            "Anxiety": 0.007047831003243725,
            "Awe": 0.003176217588285605,
            "Awkwardness": 0.033327799290418625,
            "Boredom": 0.12272102137406667,
            "Calmness": 0.05360881114999453,
            "Concentration": 0.0245206318795681,
            "Confusion": 0.23939543465773264,
            "Contemplation": 0.3455341060956319,
            "Contempt": 0.03523785496751467,
            "Contentment": 0.016187211498618126,
            "Craving": 0.028144341195002198,
            "Desire": 0.002650455067244669,
            "Determination": 0.003893268061801791,
            "Disappointment": 0.02887971264620622,
            "Disapproval": 0.03419669965902964,
            "Disgust": 0.0056304049988587694,
            "Distress": 0.005802034788454573,
            "Doubt": 0.13233356301983198,
            "Ecstasy": 0.0018662076521043975,
            "Embarrassment": 0.002737362403422594,
            "Empathic Pain": 0.003642061958089471,
            "Enthusiasm": 0.01286825304850936,
            "Entrancement": 0.01159679206709067,
            "Envy": 0.0023737973145519695,
            "Excitement": 0.0050087682126710815,
            "Fear": 0.0019051415535310905,
            "Gratitude": 0.00256564033528169,
            "Guilt": 0.0007009079175380369,
            "Horror": 0.0006754276206872115,
            "Interest": 0.09830957651138306,
            "Joy": 0.00905237952247262,
            "Love": 0.0015253122934761147,
            "Nostalgia": 0.010363477747887373,
            "Pain": 0.003526562941260636,
            "Pride": 0.0008676752137641112,
            "Realization": 0.06889650970697403,
            "Relief": 0.004437485709786415,
            "Romance": 0.001654376198227207,
            "Sadness": 0.007908530455703536,
            "Sarcasm": 0.3192281673351924,
            "Satisfaction": 0.014109489740803838,
            "Shame": 0.0023474386737992368,
            "Surprise (negative)": 0.021906822298963863,
            "Surprise (positive)": 0.017939313625295956,
            "Sympathy": 0.003497546538710594,
            "Tiredness": 0.020135497053464253,
            "Triumph": 0.0019368741583699982
        }
    }
}