{
    "metadata": {
        "dialogue_id": "508",
        "time_start": "00-01-16.160",
        "time_end": "00-01-18.453",
        "speaker": "The-Casting-Director",
        "emotion": "anger",
        "sentiment": "negative",
        "text_content": "Y'know what? We need to move on.",
        "file_name": "508_00-01-16.160_00-01-18.453_The-Casting-Director_anger_negative"
    },
    "predicted": {
        "face": {
            "Admiration": 0.07156221568584442,
            "Adoration": 0.05934521555900574,
            "Aesthetic Appreciation": 0.05501974746584892,
            "Amusement": 0.09949398785829544,
            "Anger": 0.10991077125072479,
            "Anxiety": 0.1763228327035904,
            "Awe": 0.08842568099498749,
            "Awkwardness": 0.19444672763347626,
            "Boredom": 0.30648982524871826,
            "Calmness": 0.34657031297683716,
            "Concentration": 0.3803604543209076,
            "Confusion": 0.3775741159915924,
            "Contemplation": 0.19515863060951233,
            "Contempt": 0.19305026531219482,
            "Contentment": 0.1005026325583458,
            "Craving": 0.06113794445991516,
            "Desire": 0.07818636298179626,
            "Determination": 0.11786019802093506,
            "Disappointment": 0.3579450249671936,
            "Disgust": 0.154476135969162,
            "Distress": 0.2552896738052368,
            "Doubt": 0.3011651933193207,
            "Ecstasy": 0.035565540194511414,
            "Embarrassment": 0.12329179793596268,
            "Empathic Pain": 0.11856630444526672,
            "Entrancement": 0.11541873961687088,
            "Envy": 0.04601059854030609,
            "Excitement": 0.05492011457681656,
            "Fear": 0.1258244663476944,
            "Guilt": 0.11139605939388275,
            "Horror": 0.0586252436041832,
            "Interest": 0.21393024921417236,
            "Joy": 0.06393463909626007,
            "Love": 0.07991858571767807,
            "Nostalgia": 0.06626980006694794,
            "Pain": 0.2025204300880432,
            "Pride": 0.051913000643253326,
            "Realization": 0.1560223400592804,
            "Relief": 0.0715450644493103,
            "Romance": 0.045619066804647446,
            "Sadness": 0.3059650659561157,
            "Satisfaction": 0.10667707771062851,
            "Shame": 0.10849879682064056,
            "Surprise (negative)": 0.069788858294487,
            "Surprise (positive)": 0.042572490870952606,
            "Sympathy": 0.05995573848485947,
            "Tiredness": 0.2862255573272705,
            "Triumph": 0.029221391305327415
        },
        "prosody": {
            "Admiration": 0.0034785401076078415,
            "Adoration": 0.001905165147036314,
            "Aesthetic Appreciation": 0.0030824532732367516,
            "Amusement": 0.01559079997241497,
            "Anger": 0.053790293633937836,
            "Anxiety": 0.17503070831298828,
            "Awe": 0.0013999597867950797,
            "Awkwardness": 0.1485619992017746,
            "Boredom": 0.10726843029260635,
            "Calmness": 0.050968997180461884,
            "Concentration": 0.1267642229795456,
            "Confusion": 0.04137597978115082,
            "Contemplation": 0.08411598950624466,
            "Contempt": 0.09328988939523697,
            "Contentment": 0.012967418879270554,
            "Craving": 0.009368935599923134,
            "Desire": 0.00672561302781105,
            "Determination": 0.5349849462509155,
            "Disappointment": 0.11516232043504715,
            "Disgust": 0.051151249557733536,
            "Distress": 0.1173785924911499,
            "Doubt": 0.08388747274875641,
            "Ecstasy": 0.002663369756191969,
            "Embarrassment": 0.06621017307043076,
            "Empathic Pain": 0.046863459050655365,
            "Entrancement": 0.003684778232127428,
            "Envy": 0.0033432659693062305,
            "Excitement": 0.008547504432499409,
            "Fear": 0.04892614111304283,
            "Guilt": 0.040740180760622025,
            "Horror": 0.011069557629525661,
            "Interest": 0.02499527297914028,
            "Joy": 0.005483399145305157,
            "Love": 0.004242535214871168,
            "Nostalgia": 0.01197759248316288,
            "Pain": 0.062124211341142654,
            "Pride": 0.006601567845791578,
            "Realization": 0.09210191667079926,
            "Relief": 0.008004016242921352,
            "Romance": 0.005531822796911001,
            "Sadness": 0.1025892123579979,
            "Satisfaction": 0.014141451567411423,
            "Shame": 0.037825267761945724,
            "Surprise (negative)": 0.0077109020203351974,
            "Surprise (positive)": 0.002345143584534526,
            "Sympathy": 0.03134019672870636,
            "Tiredness": 0.1259550154209137,
            "Triumph": 0.004133920650929213
        },
        "lang": {}
    }
}