{
    "metadata": {
        "dialogue_id": "508",
        "time_start": "00-00-14.557",
        "time_end": "00-00-16.391",
        "speaker": "Joey",
        "emotion": "joy",
        "sentiment": "positive",
        "text_content": "Hi!",
        "file_name": "508_00-00-14.557_00-00-16.391_Joey_joy_positive"
    },
    "predicted": {
        "face": {
            "Admiration": 0.27640724182128906,
            "Adoration": 0.3097197413444519,
            "Aesthetic Appreciation": 0.11528321355581284,
            "Amusement": 0.6154612898826599,
            "Anger": 0.02298828773200512,
            "Anxiety": 0.08205487579107285,
            "Awe": 0.11125784367322922,
            "Awkwardness": 0.18461552262306213,
            "Boredom": 0.14630825817584991,
            "Calmness": 0.28480905294418335,
            "Concentration": 0.242256760597229,
            "Confusion": 0.16858182847499847,
            "Contemplation": 0.17043840885162354,
            "Contempt": 0.08245812356472015,
            "Contentment": 0.2708229124546051,
            "Craving": 0.07491163909435272,
            "Desire": 0.11062806099653244,
            "Determination": 0.079012930393219,
            "Disappointment": 0.09846386313438416,
            "Disgust": 0.03202241659164429,
            "Distress": 0.08671746402978897,
            "Doubt": 0.1526748538017273,
            "Ecstasy": 0.11280551552772522,
            "Embarrassment": 0.09246174991130829,
            "Empathic Pain": 0.03993522748351097,
            "Entrancement": 0.12955276668071747,
            "Envy": 0.03776755928993225,
            "Excitement": 0.32839033007621765,
            "Fear": 0.05768083408474922,
            "Guilt": 0.041004981845617294,
            "Horror": 0.027427421882748604,
            "Interest": 0.5134283900260925,
            "Joy": 0.5441265106201172,
            "Love": 0.4686065912246704,
            "Nostalgia": 0.09400942176580429,
            "Pain": 0.05380437895655632,
            "Pride": 0.1327018141746521,
            "Realization": 0.14287346601486206,
            "Relief": 0.10861844569444656,
            "Romance": 0.14967498183250427,
            "Sadness": 0.07162699103355408,
            "Satisfaction": 0.3734772205352783,
            "Shame": 0.04507220908999443,
            "Surprise (negative)": 0.027886930853128433,
            "Surprise (positive)": 0.047465257346630096,
            "Sympathy": 0.07130592316389084,
            "Tiredness": 0.08103784918785095,
            "Triumph": 0.08483901619911194
        },
        "prosody": {
            "Admiration": 0.01697019673883915,
            "Adoration": 0.010824629105627537,
            "Aesthetic Appreciation": 0.028347760438919067,
            "Amusement": 0.08907629549503326,
            "Anger": 0.034320130944252014,
            "Anxiety": 0.030343256890773773,
            "Awe": 0.022571366280317307,
            "Awkwardness": 0.181736558675766,
            "Boredom": 0.023149223998188972,
            "Calmness": 0.024066617712378502,
            "Concentration": 0.027618499472737312,
            "Confusion": 0.038016051054000854,
            "Contemplation": 0.003228809218853712,
            "Contempt": 0.02703368291258812,
            "Contentment": 0.04903766140341759,
            "Craving": 0.017255082726478577,
            "Desire": 0.016070479527115822,
            "Determination": 0.12024497240781784,
            "Disappointment": 0.021293742582201958,
            "Disgust": 0.01675126701593399,
            "Distress": 0.06763070076704025,
            "Doubt": 0.012516655027866364,
            "Ecstasy": 0.05488678812980652,
            "Embarrassment": 0.02598693035542965,
            "Empathic Pain": 0.011921999044716358,
            "Entrancement": 0.009025108069181442,
            "Envy": 0.013507751747965813,
            "Excitement": 0.34597358107566833,
            "Fear": 0.010575331747531891,
            "Guilt": 0.011645261198282242,
            "Horror": 0.008960381150245667,
            "Interest": 0.14628414809703827,
            "Joy": 0.09079249948263168,
            "Love": 0.011492391116917133,
            "Nostalgia": 0.003837150288745761,
            "Pain": 0.014052665792405605,
            "Pride": 0.011206532828509808,
            "Realization": 0.027272380888462067,
            "Relief": 0.1305084377527237,
            "Romance": 0.013513228856027126,
            "Sadness": 0.006888553965836763,
            "Satisfaction": 0.08663056045770645,
            "Shame": 0.011358456686139107,
            "Surprise (negative)": 0.030291827395558357,
            "Surprise (positive)": 0.11190538108348846,
            "Sympathy": 0.013075622729957104,
            "Tiredness": 0.026860583573579788,
            "Triumph": 0.04526244476437569
        },
        "lang": {}
    }
}