{
    "metadata": {
        "dialogue_id": "518",
        "time_start": "00-00-45.462",
        "time_end": "00-00-47.797",
        "speaker": "Kate",
        "emotion": "neutral",
        "sentiment": "neutral",
        "file_name": "518_00-00-45.462_00-00-47.797_Kate_neutral_neutral"
    },
    "predicted": {
        "face": {
            "Admiration": 0.09452089667320251,
            "Adoration": 0.07116793841123581,
            "Aesthetic Appreciation": 0.06347575783729553,
            "Amusement": 0.12216828763484955,
            "Anger": 0.11967168748378754,
            "Anxiety": 0.1795777529478073,
            "Awe": 0.10870093107223511,
            "Awkwardness": 0.20515979826450348,
            "Boredom": 0.29523205757141113,
            "Calmness": 0.36585864424705505,
            "Concentration": 0.46855735778808594,
            "Confusion": 0.45517051219940186,
            "Contemplation": 0.22532331943511963,
            "Contempt": 0.1858171671628952,
            "Contentment": 0.10850997269153595,
            "Craving": 0.05326825752854347,
            "Desire": 0.05500271916389465,
            "Determination": 0.1406608670949936,
            "Disappointment": 0.32298359274864197,
            "Disgust": 0.1331324279308319,
            "Distress": 0.2290033996105194,
            "Doubt": 0.35249146819114685,
            "Ecstasy": 0.03170325979590416,
            "Embarrassment": 0.11372087895870209,
            "Empathic Pain": 0.10237358510494232,
            "Entrancement": 0.12834428250789642,
            "Envy": 0.053874604403972626,
            "Excitement": 0.0690082386136055,
            "Fear": 0.12729120254516602,
            "Guilt": 0.09982194006443024,
            "Horror": 0.06156650185585022,
            "Interest": 0.2960664629936218,
            "Joy": 0.0863955020904541,
            "Love": 0.08788396418094635,
            "Nostalgia": 0.06466667354106903,
            "Pain": 0.1438499093055725,
            "Pride": 0.05940236896276474,
            "Realization": 0.17072060704231262,
            "Relief": 0.06001681461930275,
            "Romance": 0.042840760201215744,
            "Sadness": 0.24544920027256012,
            "Satisfaction": 0.09890960156917572,
            "Shame": 0.08761359751224518,
            "Surprise (negative)": 0.08306052535772324,
            "Surprise (positive)": 0.0619167760014534,
            "Sympathy": 0.06587108969688416,
            "Tiredness": 0.2127571702003479,
            "Triumph": 0.030335579067468643
        },
        "prosody": {
            "Admiration": 0.02686815056949854,
            "Adoration": 0.012374732410535216,
            "Aesthetic Appreciation": 0.018350579775869846,
            "Amusement": 0.09667540714144707,
            "Anger": 0.0071092036087065935,
            "Anxiety": 0.01301844883710146,
            "Awe": 0.08107624016702175,
            "Awkwardness": 0.0988100990653038,
            "Boredom": 0.04385919310152531,
            "Calmness": 0.07726229354739189,
            "Concentration": 0.028940349817276,
            "Confusion": 0.2293204516172409,
            "Contemplation": 0.06872100383043289,
            "Contempt": 0.015047912951558828,
            "Contentment": 0.05175476893782616,
            "Craving": 0.0062942951917648315,
            "Desire": 0.031066792318597436,
            "Determination": 0.018670070450752974,
            "Disappointment": 0.034869696013629436,
            "Disgust": 0.010650153271853924,
            "Distress": 0.017303648870438337,
            "Doubt": 0.1363104972988367,
            "Ecstasy": 0.014470471069216728,
            "Embarrassment": 0.023650511633604765,
            "Empathic Pain": 0.008384553715586662,
            "Entrancement": 0.016543999314308167,
            "Envy": 0.018210426904261112,
            "Excitement": 0.049501048400998116,
            "Fear": 0.009272164665162563,
            "Guilt": 0.009753086604177952,
            "Horror": 0.009015946183353662,
            "Interest": 0.17535581439733505,
            "Joy": 0.015451574232429266,
            "Love": 0.007577886572107673,
            "Nostalgia": 0.02377268485724926,
            "Pain": 0.007463858928531408,
            "Pride": 0.01430455269291997,
            "Realization": 0.13695311546325684,
            "Relief": 0.07680591009557247,
            "Romance": 0.01827101199887693,
            "Sadness": 0.011560716666281223,
            "Satisfaction": 0.04586373269557953,
            "Shame": 0.010561547242105007,
            "Surprise (negative)": 0.12361626327037811,
            "Surprise (positive)": 0.19501453638076782,
            "Sympathy": 0.0196113265119493,
            "Tiredness": 0.023171931505203247,
            "Triumph": 0.018525588791817427
        },
        "lang": {
            "Admiration": 0.0024026535684242845,
            "Adoration": 0.0005594763060798869,
            "Aesthetic Appreciation": 0.004452277498785406,
            "Amusement": 0.03270824998617172,
            "Anger": 0.01098362379707396,
            "Annoyance": 0.23986069113016129,
            "Anxiety": 0.021431583911180496,
            "Awe": 0.002598327526357025,
            "Awkwardness": 0.12160966824740171,
            "Boredom": 0.1600105334073305,
            "Calmness": 0.0695216590538621,
            "Concentration": 0.030251568648964167,
            "Confusion": 0.15887718088924885,
            "Contemplation": 0.10764025896787643,
            "Contempt": 0.08212463837116957,
            "Contentment": 0.018615937791764736,
            "Craving": 0.0006505658820969984,
            "Desire": 0.0007230353221530095,
            "Determination": 0.011059814598411322,
            "Disappointment": 0.11571593768894672,
            "Disapproval": 0.10019544139504433,
            "Disgust": 0.01211342855822295,
            "Distress": 0.018196272430941463,
            "Doubt": 0.13507722318172455,
            "Ecstasy": 0.00042074212979059666,
            "Embarrassment": 0.04135265131480992,
            "Empathic Pain": 0.003704938688315451,
            "Enthusiasm": 0.008002134971320629,
            "Entrancement": 0.004126280779018998,
            "Envy": 0.0023521961411461234,
            "Excitement": 0.0034314205986447632,
            "Fear": 0.005113157909363508,
            "Gratitude": 0.00392047650530003,
            "Guilt": 0.005237788282101974,
            "Horror": 0.0011301988415652886,
            "Interest": 0.025825937278568745,
            "Joy": 0.0028005605563521385,
            "Love": 0.0003332454616611358,
            "Nostalgia": 0.0029714911652263254,
            "Pain": 0.003846508276183158,
            "Pride": 0.003920265939086676,
            "Realization": 0.21203535795211792,
            "Relief": 0.017018686048686504,
            "Romance": 0.0005836579948663712,
            "Sadness": 0.01327572821173817,
            "Sarcasm": 0.2004134152084589,
            "Satisfaction": 0.017922854865901172,
            "Shame": 0.02216185606084764,
            "Surprise (negative)": 0.06687138136476278,
            "Surprise (positive)": 0.019022266613319516,
            "Sympathy": 0.004170336993411183,
            "Tiredness": 0.05833122506737709,
            "Triumph": 0.00789438234642148
        }
    }
}