{
    "metadata": {
        "dialogue_id": "519",
        "time_start": "00-00-12.345",
        "time_end": "00-00-15.806",
        "speaker": "Chandler",
        "emotion": "neutral",
        "sentiment": "neutral",
        "file_name": "519_00-00-12.345_00-00-15.806_Chandler_neutral_neutral"
    },
    "predicted": {
        "face": {
            "Admiration": 0.06805281341075897,
            "Adoration": 0.09623255580663681,
            "Aesthetic Appreciation": 0.07063540816307068,
            "Amusement": 0.12801089882850647,
            "Anger": 0.014705999754369259,
            "Anxiety": 0.05546087771654129,
            "Awe": 0.03468627482652664,
            "Awkwardness": 0.08620686084032059,
            "Boredom": 0.30301395058631897,
            "Calmness": 1.0276991128921509,
            "Concentration": 0.16450205445289612,
            "Confusion": 0.06705884635448456,
            "Contemplation": 0.09339767694473267,
            "Contempt": 0.08896717429161072,
            "Contentment": 0.4839876890182495,
            "Craving": 0.031962424516677856,
            "Desire": 0.14938120543956757,
            "Determination": 0.0399126298725605,
            "Disappointment": 0.14584709703922272,
            "Disgust": 0.025070035830140114,
            "Distress": 0.09382050484418869,
            "Doubt": 0.060276590287685394,
            "Ecstasy": 0.16760988533496857,
            "Embarrassment": 0.04887193441390991,
            "Empathic Pain": 0.04093099385499954,
            "Entrancement": 0.13797356188297272,
            "Envy": 0.014301955699920654,
            "Excitement": 0.0626893863081932,
            "Fear": 0.022090042009949684,
            "Guilt": 0.03409956768155098,
            "Horror": 0.008165826089680195,
            "Interest": 0.10542816668748856,
            "Joy": 0.2022392600774765,
            "Love": 0.2402985841035843,
            "Nostalgia": 0.1093253567814827,
            "Pain": 0.09407386183738708,
            "Pride": 0.09281217306852341,
            "Realization": 0.11277137696743011,
            "Relief": 0.7362165451049805,
            "Romance": 0.09004189074039459,
            "Sadness": 0.07785480469465256,
            "Satisfaction": 0.7459975481033325,
            "Shame": 0.04196915030479431,
            "Surprise (negative)": 0.008202268742024899,
            "Surprise (positive)": 0.007358728442341089,
            "Sympathy": 0.03636012598872185,
            "Tiredness": 0.7538324594497681,
            "Triumph": 0.0559777095913887
        },
        "prosody": {
            "Admiration": 0.03707575425505638,
            "Adoration": 0.10114745795726776,
            "Aesthetic Appreciation": 0.1560303419828415,
            "Amusement": 0.3066435158252716,
            "Anger": 0.0023189764469861984,
            "Anxiety": 0.01200003270059824,
            "Awe": 0.12979158759117126,
            "Awkwardness": 0.17017808556556702,
            "Boredom": 0.013290290720760822,
            "Calmness": 0.09127355366945267,
            "Concentration": 0.016763823106884956,
            "Confusion": 0.164406418800354,
            "Contemplation": 0.39406195282936096,
            "Contempt": 0.007717581000179052,
            "Contentment": 0.049646466970443726,
            "Craving": 0.08533163368701935,
            "Desire": 0.6453467011451721,
            "Determination": 0.006810896098613739,
            "Disappointment": 0.014103084802627563,
            "Disgust": 0.025348590686917305,
            "Distress": 0.031085314229130745,
            "Doubt": 0.026249533519148827,
            "Ecstasy": 0.10230019688606262,
            "Embarrassment": 0.045830853283405304,
            "Empathic Pain": 0.01095348596572876,
            "Entrancement": 0.0749989002943039,
            "Envy": 0.02751605212688446,
            "Excitement": 0.10603643208742142,
            "Fear": 0.005685254465788603,
            "Guilt": 0.008436813950538635,
            "Horror": 0.009687738493084908,
            "Interest": 0.1460026651620865,
            "Joy": 0.10159040242433548,
            "Love": 0.13009996712207794,
            "Nostalgia": 0.13467206060886383,
            "Pain": 0.010755051858723164,
            "Pride": 0.037641119211912155,
            "Realization": 0.13620467483997345,
            "Relief": 0.020268168300390244,
            "Romance": 0.4475298821926117,
            "Sadness": 0.013342599384486675,
            "Satisfaction": 0.11667222529649734,
            "Shame": 0.011752291582524776,
            "Surprise (negative)": 0.05504597723484039,
            "Surprise (positive)": 0.17589184641838074,
            "Sympathy": 0.022702665999531746,
            "Tiredness": 0.006230202969163656,
            "Triumph": 0.01656901091337204
        },
        "lang": {
            "Admiration": 0.0015451616167815195,
            "Adoration": 0.0014718309070708023,
            "Aesthetic Appreciation": 0.0018442537144033445,
            "Amusement": 0.011448761474134194,
            "Anger": 0.03897425646169318,
            "Annoyance": 0.1434887196454737,
            "Anxiety": 0.02116154920723703,
            "Awe": 0.0020107869317548144,
            "Awkwardness": 0.08205306757655409,
            "Boredom": 0.03233339047680298,
            "Calmness": 0.2626959876053863,
            "Concentration": 0.050136120782958135,
            "Confusion": 0.04766183491382334,
            "Contemplation": 0.06771382689476013,
            "Contempt": 0.05238332599401474,
            "Contentment": 0.07124061985976166,
            "Craving": 0.004050694616226893,
            "Desire": 0.09096433225850989,
            "Determination": 0.10695258838435014,
            "Disappointment": 0.04055250756856468,
            "Disapproval": 0.06452502051575316,
            "Disgust": 0.015171363716945052,
            "Distress": 0.03261324235548576,
            "Doubt": 0.02976176453133424,
            "Ecstasy": 0.003504025319772255,
            "Embarrassment": 0.043820398316408195,
            "Empathic Pain": 0.006037851911969483,
            "Enthusiasm": 0.013046246125466295,
            "Entrancement": 0.006254040144590868,
            "Envy": 0.0012145114693945895,
            "Excitement": 0.005903362193041378,
            "Fear": 0.00837493682694104,
            "Gratitude": 0.007587717904243618,
            "Guilt": 0.042479578560839094,
            "Horror": 0.004048129443415544,
            "Interest": 0.01739834424936109,
            "Joy": 0.004356150405429717,
            "Love": 0.004990085940031956,
            "Nostalgia": 0.002143048775097769,
            "Pain": 0.011010279956584176,
            "Pride": 0.025693246965400048,
            "Realization": 0.13294406235218048,
            "Relief": 0.03301747201476246,
            "Romance": 0.019967120147258457,
            "Sadness": 0.01572431784330143,
            "Sarcasm": 0.03150029687417878,
            "Satisfaction": 0.05329980721904172,
            "Shame": 0.05965875673832165,
            "Surprise (negative)": 0.04112406830406851,
            "Surprise (positive)": 0.008921584476613335,
            "Sympathy": 0.0048557339468970895,
            "Tiredness": 0.045276336992780365,
            "Triumph": 0.0448682374941806
        }
    }
}