{
    "metadata": {
        "dialogue_id": "523",
        "time_start": "00-00-33.171",
        "time_end": "00-00-34.370",
        "speaker": "Rachel",
        "emotion": "joy",
        "sentiment": "positive",
        "text_content": "Pheebs!",
        "file_name": "523_00-00-33.171_00-00-34.370_Rachel_joy_positive"
    },
    "predicted": {
        "face": {
            "Admiration": 0.050897516310214996,
            "Adoration": 0.04655490070581436,
            "Aesthetic Appreciation": 0.036590345203876495,
            "Amusement": 0.0817057192325592,
            "Anger": 0.06932856142520905,
            "Anxiety": 0.31064626574516296,
            "Awe": 0.055596619844436646,
            "Awkwardness": 0.1554991602897644,
            "Boredom": 0.2910020649433136,
            "Calmness": 0.2583039402961731,
            "Concentration": 0.3125154674053192,
            "Confusion": 0.3717797100543976,
            "Contemplation": 0.22309760749340057,
            "Contempt": 0.09708498418331146,
            "Contentment": 0.08402879536151886,
            "Craving": 0.029918888583779335,
            "Desire": 0.03947772458195686,
            "Determination": 0.07792891561985016,
            "Disappointment": 0.4856067895889282,
            "Disgust": 0.07149237394332886,
            "Distress": 0.4849711060523987,
            "Doubt": 0.28110265731811523,
            "Ecstasy": 0.030541827902197838,
            "Embarrassment": 0.18030725419521332,
            "Empathic Pain": 0.1356530487537384,
            "Entrancement": 0.0791660025715828,
            "Envy": 0.0231250561773777,
            "Excitement": 0.041534751653671265,
            "Fear": 0.12082874774932861,
            "Guilt": 0.18172688782215118,
            "Horror": 0.04690781980752945,
            "Interest": 0.1341206431388855,
            "Joy": 0.06044992804527283,
            "Love": 0.06979935616254807,
            "Nostalgia": 0.06444714218378067,
            "Pain": 0.2966778576374054,
            "Pride": 0.04160003364086151,
            "Realization": 0.18937644362449646,
            "Relief": 0.12119006365537643,
            "Romance": 0.037707626819610596,
            "Sadness": 0.37693119049072266,
            "Satisfaction": 0.09217261523008347,
            "Shame": 0.16304495930671692,
            "Surprise (negative)": 0.050193559378385544,
            "Surprise (positive)": 0.027573155239224434,
            "Sympathy": 0.057274043560028076,
            "Tiredness": 0.46914681792259216,
            "Triumph": 0.021771077066659927
        },
        "prosody": {
            "Admiration": 0,
            "Adoration": 0,
            "Aesthetic Appreciation": 0,
            "Amusement": 0,
            "Anger": 0,
            "Annoyance": 0,
            "Anxiety": 0,
            "Awe": 0,
            "Awkwardness": 0,
            "Boredom": 0,
            "Calmness": 0,
            "Concentration": 0,
            "Confusion": 0,
            "Contemplation": 0,
            "Contempt": 0,
            "Contentment": 0,
            "Craving": 0,
            "Desire": 0,
            "Determination": 0,
            "Disappointment": 0,
            "Disapproval": 0,
            "Disgust": 0,
            "Distress": 0,
            "Doubt": 0,
            "Ecstasy": 0,
            "Embarrassment": 0,
            "Empathic Pain": 0,
            "Enthusiasm": 0,
            "Entrancement": 0,
            "Envy": 0,
            "Excitement": 0,
            "Fear": 0,
            "Gratitude": 0,
            "Guilt": 0,
            "Horror": 0,
            "Interest": 0,
            "Joy": 0,
            "Love": 0,
            "Nostalgia": 0,
            "Pain": 0,
            "Pride": 0,
            "Realization": 0,
            "Relief": 0,
            "Romance": 0,
            "Sadness": 0,
            "Sarcasm": 0,
            "Satisfaction": 0,
            "Shame": 0,
            "Surprise (negative)": 0,
            "Surprise (positive)": 0,
            "Sympathy": 0,
            "Tiredness": 0,
            "Triumph": 0
        },
        "lang": {}
    }
}