{
    "metadata": {
        "dialogue_id": "523",
        "time_start": "00-00-34.451",
        "time_end": "00-00-35.951",
        "speaker": "Phoebe",
        "emotion": "anger",
        "sentiment": "negative",
        "file_name": "523_00-00-34.451_00-00-35.951_Phoebe_anger_negative"
    },
    "predicted": {
        "face": {
            "Admiration": 0.2277003526687622,
            "Adoration": 0.33999812602996826,
            "Aesthetic Appreciation": 0.08338358998298645,
            "Amusement": 0.7650555372238159,
            "Anger": 0.020810123533010483,
            "Anxiety": 0.0771016851067543,
            "Awe": 0.08914922177791595,
            "Awkwardness": 0.19675567746162415,
            "Boredom": 0.0805744007229805,
            "Calmness": 0.20541012287139893,
            "Concentration": 0.12574978172779083,
            "Confusion": 0.10292953997850418,
            "Contemplation": 0.07346083223819733,
            "Contempt": 0.057260654866695404,
            "Contentment": 0.261972576379776,
            "Craving": 0.040935833007097244,
            "Desire": 0.06427557021379471,
            "Determination": 0.04342453181743622,
            "Disappointment": 0.1085013747215271,
            "Disgust": 0.03319704905152321,
            "Distress": 0.09743865579366684,
            "Doubt": 0.07989192008972168,
            "Ecstasy": 0.14432503283023834,
            "Embarrassment": 0.19741839170455933,
            "Empathic Pain": 0.04868727922439575,
            "Entrancement": 0.09037796407938004,
            "Envy": 0.026650821790099144,
            "Excitement": 0.40404045581817627,
            "Fear": 0.04786863178014755,
            "Guilt": 0.05747596174478531,
            "Horror": 0.02616898901760578,
            "Interest": 0.35038459300994873,
            "Joy": 0.7393530607223511,
            "Love": 0.676228404045105,
            "Nostalgia": 0.09005384147167206,
            "Pain": 0.0849621370434761,
            "Pride": 0.1116180494427681,
            "Realization": 0.1219492107629776,
            "Relief": 0.13088984787464142,
            "Romance": 0.17294751107692719,
            "Sadness": 0.08878257125616074,
            "Satisfaction": 0.3574587404727936,
            "Shame": 0.08566194027662277,
            "Surprise (negative)": 0.025555791333317757,
            "Surprise (positive)": 0.043146245181560516,
            "Sympathy": 0.07414744049310684,
            "Tiredness": 0.08628829568624496,
            "Triumph": 0.07931274175643921
        },
        "prosody": {
            "Admiration": 0.001713803969323635,
            "Adoration": 0.0009465015027672052,
            "Aesthetic Appreciation": 0.0021337601356208324,
            "Amusement": 0.017020726576447487,
            "Anger": 0.7465273141860962,
            "Anxiety": 0.14154614508152008,
            "Awe": 0.0047836932353675365,
            "Awkwardness": 0.06910968571901321,
            "Boredom": 0.017090260982513428,
            "Calmness": 0.005973823368549347,
            "Concentration": 0.001195765333250165,
            "Confusion": 0.07745953649282455,
            "Contemplation": 0.0018459472339600325,
            "Contempt": 0.13900674879550934,
            "Contentment": 0.010166282765567303,
            "Craving": 0.002372399205341935,
            "Desire": 0.00274523813277483,
            "Determination": 0.015054349787533283,
            "Disappointment": 0.2351253777742386,
            "Disgust": 0.10770861059427261,
            "Distress": 0.430182546377182,
            "Doubt": 0.024984732270240784,
            "Ecstasy": 0.0059049553237855434,
            "Embarrassment": 0.03155070170760155,
            "Empathic Pain": 0.027722759172320366,
            "Entrancement": 0.0015973205445334315,
            "Envy": 0.007595222443342209,
            "Excitement": 0.023959260433912277,
            "Fear": 0.0371318943798542,
            "Guilt": 0.024037856608629227,
            "Horror": 0.027057116851210594,
            "Interest": 0.006686220411211252,
            "Joy": 0.0049916282296180725,
            "Love": 0.001300235977396369,
            "Nostalgia": 0.0005254242569208145,
            "Pain": 0.05126595124602318,
            "Pride": 0.00327488430775702,
            "Realization": 0.05311398580670357,
            "Relief": 0.04202209413051605,
            "Romance": 0.0005129593191668391,
            "Sadness": 0.04195304587483406,
            "Satisfaction": 0.009211077354848385,
            "Shame": 0.049414560198783875,
            "Surprise (negative)": 0.14991138875484467,
            "Surprise (positive)": 0.011140508577227592,
            "Sympathy": 0.007735810242593288,
            "Tiredness": 0.043962206691503525,
            "Triumph": 0.01152876764535904
        },
        "lang": {
            "Admiration": 0.005448270123451948,
            "Adoration": 0.0016088334377855062,
            "Aesthetic Appreciation": 0.0035865912213921547,
            "Amusement": 0.0389573909342289,
            "Anger": 0.04278144612908363,
            "Annoyance": 0.2417910248041153,
            "Anxiety": 0.002745850943028927,
            "Awe": 0.0026546698063611984,
            "Awkwardness": 0.007309948094189167,
            "Boredom": 0.029694031924009323,
            "Calmness": 0.08394190669059753,
            "Concentration": 0.009316005744040012,
            "Confusion": 0.0052918195724487305,
            "Contemplation": 0.006309227552264929,
            "Contempt": 0.09558895975351334,
            "Contentment": 0.21493612229824066,
            "Craving": 0.0010086714755743742,
            "Desire": 0.0002543266164138913,
            "Determination": 0.03710256516933441,
            "Disappointment": 0.029113376513123512,
            "Disapproval": 0.04191151261329651,
            "Disgust": 0.009992738254368305,
            "Distress": 0.006103644613176584,
            "Doubt": 0.0026054135523736477,
            "Ecstasy": 0.009608102962374687,
            "Embarrassment": 0.0015902837039902806,
            "Empathic Pain": 0.002424465026706457,
            "Enthusiasm": 0.18368980288505554,
            "Entrancement": 0.0012202973011881113,
            "Envy": 0.0011963266879320145,
            "Excitement": 0.09120754152536392,
            "Fear": 0.0003911763778887689,
            "Gratitude": 0.058994513005018234,
            "Guilt": 0.0010603861883282661,
            "Horror": 0.00030175314168445766,
            "Interest": 0.015452079474925995,
            "Joy": 0.10525213181972504,
            "Love": 0.0017867693677544594,
            "Nostalgia": 0.00032968985033221543,
            "Pain": 0.0014961370034143329,
            "Pride": 0.026012049987912178,
            "Realization": 0.04717250540852547,
            "Relief": 0.28361764550209045,
            "Romance": 0.00017067445151042193,
            "Sadness": 0.002300191903486848,
            "Sarcasm": 0.1498745083808899,
            "Satisfaction": 0.3393990099430084,
            "Shame": 0.0017973115900531411,
            "Surprise (negative)": 0.03212681785225868,
            "Surprise (positive)": 0.08224108815193176,
            "Sympathy": 0.004854488652199507,
            "Tiredness": 0.027167217805981636,
            "Triumph": 0.16680318117141724
        }
    }
}