{
    "metadata": {
        "dialogue_id": "524",
        "time_start": "00-00-57.641",
        "time_end": "00-00-59.433",
        "speaker": "Joey",
        "emotion": "surprise",
        "sentiment": "negative",
        "text_content": "Hey! Hey!!",
        "file_name": "524_00-00-57.641_00-00-59.433_Joey_surprise_negative"
    },
    "predicted": {
        "face": {
            "Admiration": 0.03353225812315941,
            "Adoration": 0.02425617352128029,
            "Aesthetic Appreciation": 0.019407019019126892,
            "Amusement": 0.15297232568264008,
            "Anger": 0.5823161602020264,
            "Anxiety": 0.2035917043685913,
            "Awe": 0.11061208695173264,
            "Awkwardness": 0.11399506032466888,
            "Boredom": 0.08592377603054047,
            "Calmness": 0.041436221450567245,
            "Concentration": 0.06663775444030762,
            "Confusion": 0.14712253212928772,
            "Contemplation": 0.029921600595116615,
            "Contempt": 0.11608979851007462,
            "Contentment": 0.0387343168258667,
            "Craving": 0.03994887322187424,
            "Desire": 0.033899858593940735,
            "Determination": 0.14271140098571777,
            "Disappointment": 0.21376466751098633,
            "Disgust": 0.13754115998744965,
            "Distress": 0.3562543988227844,
            "Doubt": 0.08344613015651703,
            "Ecstasy": 0.11270025372505188,
            "Embarrassment": 0.06839956343173981,
            "Empathic Pain": 0.12520305812358856,
            "Entrancement": 0.03856200352311134,
            "Envy": 0.02386670932173729,
            "Excitement": 0.251656174659729,
            "Fear": 0.27003833651542664,
            "Guilt": 0.04979550838470459,
            "Horror": 0.2855024039745331,
            "Interest": 0.08329425752162933,
            "Joy": 0.11360446363687515,
            "Love": 0.03670021519064903,
            "Nostalgia": 0.02788698300719261,
            "Pain": 0.45472246408462524,
            "Pride": 0.09533035755157471,
            "Realization": 0.0962882861495018,
            "Relief": 0.04098443314433098,
            "Romance": 0.012000705115497112,
            "Sadness": 0.16432175040245056,
            "Satisfaction": 0.09156062453985214,
            "Shame": 0.038511015474796295,
            "Surprise (negative)": 0.1700676828622818,
            "Surprise (positive)": 0.08156263828277588,
            "Sympathy": 0.023823289200663567,
            "Tiredness": 0.12765076756477356,
            "Triumph": 0.18701553344726562
        },
        "prosody": {
            "Admiration": 0,
            "Adoration": 0,
            "Aesthetic Appreciation": 0,
            "Amusement": 0,
            "Anger": 0,
            "Annoyance": 0,
            "Anxiety": 0,
            "Awe": 0,
            "Awkwardness": 0,
            "Boredom": 0,
            "Calmness": 0,
            "Concentration": 0,
            "Confusion": 0,
            "Contemplation": 0,
            "Contempt": 0,
            "Contentment": 0,
            "Craving": 0,
            "Desire": 0,
            "Determination": 0,
            "Disappointment": 0,
            "Disapproval": 0,
            "Disgust": 0,
            "Distress": 0,
            "Doubt": 0,
            "Ecstasy": 0,
            "Embarrassment": 0,
            "Empathic Pain": 0,
            "Enthusiasm": 0,
            "Entrancement": 0,
            "Envy": 0,
            "Excitement": 0,
            "Fear": 0,
            "Gratitude": 0,
            "Guilt": 0,
            "Horror": 0,
            "Interest": 0,
            "Joy": 0,
            "Love": 0,
            "Nostalgia": 0,
            "Pain": 0,
            "Pride": 0,
            "Realization": 0,
            "Relief": 0,
            "Romance": 0,
            "Sadness": 0,
            "Sarcasm": 0,
            "Satisfaction": 0,
            "Shame": 0,
            "Surprise (negative)": 0,
            "Surprise (positive)": 0,
            "Sympathy": 0,
            "Tiredness": 0,
            "Triumph": 0
        },
        "lang": {}
    }
}