{
    "metadata": {
        "dialogue_id": "524",
        "time_start": "00-00-29.571",
        "time_end": "00-00-34.408",
        "speaker": "Phoebe",
        "emotion": "anger",
        "sentiment": "negative",
        "text_content": "You keep the old ones in the back, that is so ageist.",
        "file_name": "524_00-00-29.571_00-00-34.408_Phoebe_anger_negative"
    },
    "predicted": {
        "face": {
            "Admiration": 0.04569901525974274,
            "Adoration": 0.04969138279557228,
            "Aesthetic Appreciation": 0.036356180906295776,
            "Amusement": 0.0605512373149395,
            "Anger": 0.04609765112400055,
            "Anxiety": 0.2906951606273651,
            "Awe": 0.03059236891567707,
            "Awkwardness": 0.14172649383544922,
            "Boredom": 0.3756785988807678,
            "Calmness": 0.3631058633327484,
            "Concentration": 0.4008706510066986,
            "Confusion": 0.2691161632537842,
            "Contemplation": 0.28462547063827515,
            "Contempt": 0.08828230202198029,
            "Contentment": 0.09372785687446594,
            "Craving": 0.027407312765717506,
            "Desire": 0.032611120492219925,
            "Determination": 0.07461753487586975,
            "Disappointment": 0.5643182396888733,
            "Disgust": 0.057300470769405365,
            "Distress": 0.45099231600761414,
            "Doubt": 0.2498995065689087,
            "Ecstasy": 0.01909175142645836,
            "Embarrassment": 0.21700085699558258,
            "Empathic Pain": 0.1462060809135437,
            "Entrancement": 0.08396409451961517,
            "Envy": 0.023174908012151718,
            "Excitement": 0.02360052429139614,
            "Fear": 0.07840654253959656,
            "Guilt": 0.2672828435897827,
            "Horror": 0.022052917629480362,
            "Interest": 0.1344614028930664,
            "Joy": 0.04797198995947838,
            "Love": 0.0834314227104187,
            "Nostalgia": 0.08166520297527313,
            "Pain": 0.29006391763687134,
            "Pride": 0.03223516792058945,
            "Realization": 0.15791895985603333,
            "Relief": 0.08738002926111221,
            "Romance": 0.046594105660915375,
            "Sadness": 0.5417883396148682,
            "Satisfaction": 0.08006855100393295,
            "Shame": 0.27259165048599243,
            "Surprise (negative)": 0.02245219424366951,
            "Surprise (positive)": 0.011467181146144867,
            "Sympathy": 0.07276886701583862,
            "Tiredness": 0.5675877928733826,
            "Triumph": 0.01206626370549202
        },
        "prosody": {
            "Admiration": 0.009680905845016241,
            "Adoration": 0.005949491751380265,
            "Aesthetic Appreciation": 0.006063553271815181,
            "Amusement": 0.08869890496134758,
            "Anger": 0.28994185477495193,
            "Anxiety": 0.14100467041134834,
            "Awe": 0.05939115211367607,
            "Awkwardness": 0.03686125949025154,
            "Boredom": 0.009091539424844086,
            "Calmness": 0.003489174647256732,
            "Concentration": 0.006435539806261659,
            "Confusion": 0.4107188209891319,
            "Contemplation": 0.015002741478383541,
            "Contempt": 0.14808981493115425,
            "Contentment": 0.003278986318036914,
            "Craving": 0.0012668974231928587,
            "Desire": 0.0019720473210327327,
            "Determination": 0.010834846645593643,
            "Disappointment": 0.1813739538192749,
            "Disgust": 0.1783839948475361,
            "Distress": 0.23726259917020798,
            "Doubt": 0.13414440117776394,
            "Ecstasy": 0.006005309987813234,
            "Embarrassment": 0.03618377074599266,
            "Empathic Pain": 0.014832483604550362,
            "Entrancement": 0.0030243777437135577,
            "Envy": 0.029272960498929024,
            "Excitement": 0.03809215221554041,
            "Fear": 0.05249645747244358,
            "Guilt": 0.008422997314482927,
            "Horror": 0.06835723482072353,
            "Interest": 0.038593544624745846,
            "Joy": 0.004690864239819348,
            "Love": 0.002489740028977394,
            "Nostalgia": 0.00986034655943513,
            "Pain": 0.019296952290460467,
            "Pride": 0.005547260399907827,
            "Realization": 0.15915934182703495,
            "Relief": 0.007798939943313599,
            "Romance": 0.0031375735998153687,
            "Sadness": 0.011453654384240508,
            "Satisfaction": 0.0035188369220122695,
            "Shame": 0.009540772531181574,
            "Surprise (negative)": 0.4531085789203644,
            "Surprise (positive)": 0.0677336547523737,
            "Sympathy": 0.01280940044671297,
            "Tiredness": 0.007118679815903306,
            "Triumph": 0.00449191895313561
        },
        "lang": {}
    }
}