{
    "metadata": {
        "dialogue_id": "525",
        "time_start": "00-00-11.845",
        "time_end": "00-00-15.181",
        "speaker": "Rachel",
        "emotion": "neutral",
        "sentiment": "neutral",
        "text_content": "So, whaddya think George is like?",
        "file_name": "525_00-00-11.845_00-00-15.181_Rachel_neutral_neutral"
    },
    "predicted": {
        "face": {
            "Admiration": 0.22292697429656982,
            "Adoration": 0.23037675023078918,
            "Aesthetic Appreciation": 0.1023133248090744,
            "Amusement": 0.6691854000091553,
            "Anger": 0.022652585059404373,
            "Anxiety": 0.05684693157672882,
            "Awe": 0.10636423528194427,
            "Awkwardness": 0.18600943684577942,
            "Boredom": 0.10112577676773071,
            "Calmness": 0.27396243810653687,
            "Concentration": 0.20064286887645721,
            "Confusion": 0.1586531549692154,
            "Contemplation": 0.09605396538972855,
            "Contempt": 0.07954080402851105,
            "Contentment": 0.2589573860168457,
            "Craving": 0.06496722251176834,
            "Desire": 0.10457073152065277,
            "Determination": 0.06636537611484528,
            "Disappointment": 0.06692500412464142,
            "Disgust": 0.037012673914432526,
            "Distress": 0.06058032438158989,
            "Doubt": 0.10719496011734009,
            "Ecstasy": 0.13748539984226227,
            "Embarrassment": 0.0628810003399849,
            "Empathic Pain": 0.03033878467977047,
            "Entrancement": 0.11983996629714966,
            "Envy": 0.0326099768280983,
            "Excitement": 0.39650437235832214,
            "Fear": 0.043877456337213516,
            "Guilt": 0.02484368160367012,
            "Horror": 0.024898111820220947,
            "Interest": 0.513531506061554,
            "Joy": 0.6543555855751038,
            "Love": 0.3785453736782074,
            "Nostalgia": 0.07065407186746597,
            "Pain": 0.0406762920320034,
            "Pride": 0.1204397901892662,
            "Realization": 0.11435147374868393,
            "Relief": 0.10628107190132141,
            "Romance": 0.10154761373996735,
            "Sadness": 0.04299527034163475,
            "Satisfaction": 0.36618316173553467,
            "Shame": 0.0274274293333292,
            "Surprise (negative)": 0.02919234335422516,
            "Surprise (positive)": 0.05213470757007599,
            "Sympathy": 0.062030963599681854,
            "Tiredness": 0.06436032056808472,
            "Triumph": 0.0903204157948494
        },
        "prosody": {
            "Admiration": 0.054963311180472374,
            "Adoration": 0.03347052726894617,
            "Aesthetic Appreciation": 0.022164814174175262,
            "Amusement": 0.09088411554694176,
            "Anger": 0.019806459546089172,
            "Anxiety": 0.013636843767017126,
            "Awe": 0.031479040160775185,
            "Awkwardness": 0.03662957437336445,
            "Boredom": 0.08016427606344223,
            "Calmness": 0.07331740949302912,
            "Concentration": 0.03019546903669834,
            "Confusion": 0.11433943919837475,
            "Contemplation": 0.03221700340509415,
            "Contempt": 0.0396963469684124,
            "Contentment": 0.031132197938859463,
            "Craving": 0.009636555798351765,
            "Desire": 0.041963810101151466,
            "Determination": 0.022716390900313854,
            "Disappointment": 0.06550507340580225,
            "Disgust": 0.0330432103946805,
            "Distress": 0.015711864456534386,
            "Doubt": 0.017434528097510338,
            "Ecstasy": 0.017260355642065406,
            "Embarrassment": 0.00813489849679172,
            "Empathic Pain": 0.013846314512193203,
            "Entrancement": 0.02002397459000349,
            "Envy": 0.058980004861950874,
            "Excitement": 0.05099528655409813,
            "Fear": 0.006288964534178376,
            "Guilt": 0.004300096537917852,
            "Horror": 0.006794475484639406,
            "Interest": 0.2996498793363571,
            "Joy": 0.04565875418484211,
            "Love": 0.016918709501624107,
            "Nostalgia": 0.009654268738813698,
            "Pain": 0.006396623328328133,
            "Pride": 0.008293962338939309,
            "Realization": 0.037647013552486897,
            "Relief": 0.024848275585100055,
            "Romance": 0.024456700310111046,
            "Sadness": 0.01591671071946621,
            "Satisfaction": 0.032402013428509235,
            "Shame": 0.0068972377339378,
            "Surprise (negative)": 0.0316579369828105,
            "Surprise (positive)": 0.09642119891941547,
            "Sympathy": 0.03732438012957573,
            "Tiredness": 0.01667914493009448,
            "Triumph": 0.005216040648519993
        },
        "lang": {}
    }
}