{
    "metadata": {
        "dialogue_id": "528",
        "time_start": "00-00-24.274",
        "time_end": "00-00-35.159",
        "speaker": "Rachel",
        "emotion": "anger",
        "sentiment": "negative",
        "file_name": "528_00-00-24.274_00-00-35.159_Rachel_anger_negative"
    },
    "predicted": {
        "face": {
            "Admiration": 0.12081173062324524,
            "Adoration": 0.11329492926597595,
            "Aesthetic Appreciation": 0.07310262322425842,
            "Amusement": 0.4740063548088074,
            "Anger": 0.06289703398942947,
            "Anxiety": 0.1266297847032547,
            "Awe": 0.09127067029476166,
            "Awkwardness": 0.3098244071006775,
            "Boredom": 0.176667720079422,
            "Calmness": 0.21684522926807404,
            "Concentration": 0.23380900919437408,
            "Confusion": 0.2785947620868683,
            "Contemplation": 0.10308793187141418,
            "Contempt": 0.13742098212242126,
            "Contentment": 0.15006466209888458,
            "Craving": 0.12847845256328583,
            "Desire": 0.21873140335083008,
            "Determination": 0.09323978424072266,
            "Disappointment": 0.1349179744720459,
            "Disgust": 0.13138751685619354,
            "Distress": 0.13881751894950867,
            "Doubt": 0.18259583413600922,
            "Ecstasy": 0.10864877700805664,
            "Embarrassment": 0.1046404242515564,
            "Empathic Pain": 0.06124403700232506,
            "Entrancement": 0.10325644165277481,
            "Envy": 0.0423031710088253,
            "Excitement": 0.281202495098114,
            "Fear": 0.11290013045072556,
            "Guilt": 0.04946116730570793,
            "Horror": 0.0654870867729187,
            "Interest": 0.40065839886665344,
            "Joy": 0.34121614694595337,
            "Love": 0.19366809725761414,
            "Nostalgia": 0.05093565210700035,
            "Pain": 0.09943760931491852,
            "Pride": 0.07811613380908966,
            "Realization": 0.10881523787975311,
            "Relief": 0.060523223131895065,
            "Romance": 0.08790624141693115,
            "Sadness": 0.09700141847133636,
            "Satisfaction": 0.24411407113075256,
            "Shame": 0.05174810066819191,
            "Surprise (negative)": 0.06434366106987,
            "Surprise (positive)": 0.057140640914440155,
            "Sympathy": 0.05296259745955467,
            "Tiredness": 0.08859696984291077,
            "Triumph": 0.06852426379919052
        },
        "prosody": {
            "Admiration": 0.011259405718495449,
            "Adoration": 0.012958400261898836,
            "Aesthetic Appreciation": 0.009871662283937136,
            "Amusement": 0.06657082028687,
            "Anger": 0.24916385486721992,
            "Anxiety": 0.08628891780972481,
            "Awe": 0.02049314696341753,
            "Awkwardness": 0.04708452088137468,
            "Boredom": 0.00824181343584011,
            "Calmness": 0.006627023530503114,
            "Concentration": 0.01076894657065471,
            "Confusion": 0.025850067536036175,
            "Contemplation": 0.034678497506926455,
            "Contempt": 0.06081099978958567,
            "Contentment": 0.022546504624187946,
            "Craving": 0.022617480717599392,
            "Desire": 0.005320039189731081,
            "Determination": 0.12452845027049382,
            "Disappointment": 0.26324849265317124,
            "Disgust": 0.035526418748001255,
            "Distress": 0.1705251820385456,
            "Doubt": 0.03253309583912293,
            "Ecstasy": 0.026810404223700363,
            "Embarrassment": 0.048241727675000824,
            "Empathic Pain": 0.05839817443241676,
            "Entrancement": 0.004794281829769413,
            "Envy": 0.0379654619221886,
            "Excitement": 0.11114491894841194,
            "Fear": 0.01576311606913805,
            "Guilt": 0.032659952994436026,
            "Horror": 0.009501556555430094,
            "Interest": 0.02965538017451763,
            "Joy": 0.05354814355572065,
            "Love": 0.01243147999048233,
            "Nostalgia": 0.015771187221010525,
            "Pain": 0.049107021341721215,
            "Pride": 0.0251387810955445,
            "Realization": 0.09633276363213857,
            "Relief": 0.036097050023575626,
            "Romance": 0.007594278547912836,
            "Sadness": 0.04706944711506367,
            "Satisfaction": 0.04254203041394552,
            "Shame": 0.036618422716856,
            "Surprise (negative)": 0.042895182967185974,
            "Surprise (positive)": 0.05425509996712208,
            "Sympathy": 0.049368334002792835,
            "Tiredness": 0.015028305351734161,
            "Triumph": 0.03626936270544926
        },
        "lang": {
            "Admiration": 0.013972705313935876,
            "Adoration": 0.014039778965525329,
            "Aesthetic Appreciation": 0.00783672258257866,
            "Amusement": 0.02070904016494751,
            "Anger": 0.0347094214707613,
            "Annoyance": 0.19795359611511232,
            "Anxiety": 0.04988891523331404,
            "Awe": 0.006328600174747408,
            "Awkwardness": 0.21177612841129304,
            "Boredom": 0.05249546868726611,
            "Calmness": 0.021940401867032052,
            "Concentration": 0.0045223443349823355,
            "Confusion": 0.051912965700030324,
            "Contemplation": 0.11909131646156311,
            "Contempt": 0.08358331203460694,
            "Contentment": 0.010127698983997107,
            "Craving": 0.05353753459174186,
            "Desire": 0.12630101441638544,
            "Determination": 0.01086814328096807,
            "Disappointment": 0.31004688180983064,
            "Disapproval": 0.13527063377201556,
            "Disgust": 0.029452947610989214,
            "Distress": 0.06201848983764648,
            "Doubt": 0.0901298738270998,
            "Ecstasy": 0.001984517369419336,
            "Embarrassment": 0.09635787883773446,
            "Empathic Pain": 0.040566614177078006,
            "Enthusiasm": 0.011851081252098083,
            "Entrancement": 0.01246748549863696,
            "Envy": 0.09788468492217361,
            "Excitement": 0.0067617724183946844,
            "Fear": 0.009133517681621016,
            "Gratitude": 0.005087879076600074,
            "Guilt": 0.06113811543909833,
            "Horror": 0.0021968712494708597,
            "Interest": 0.027350265830755234,
            "Joy": 0.007889955481514334,
            "Love": 0.04212430266896263,
            "Nostalgia": 0.025019066645763813,
            "Pain": 0.07211327944882213,
            "Pride": 0.005107856579124928,
            "Realization": 0.19470958083868026,
            "Relief": 0.005158914467319847,
            "Romance": 0.15265804228838534,
            "Sadness": 0.2018639313057065,
            "Sarcasm": 0.0671035572141409,
            "Satisfaction": 0.009075530245900154,
            "Shame": 0.14767204625532032,
            "Surprise (negative)": 0.0520013439655304,
            "Surprise (positive)": 0.01388249071314931,
            "Sympathy": 0.026830660849809645,
            "Tiredness": 0.033332305438816545,
            "Triumph": 0.0021828023320995273
        }
    }
}