{
    "metadata": {
        "dialogue_id": "52",
        "time_start": "00-00-20.544",
        "time_end": "00-00-23.922",
        "speaker": "Monica",
        "emotion": "neutral",
        "sentiment": "neutral",
        "file_name": "52_00-00-20.544_00-00-23.922_Monica_neutral_neutral"
    },
    "predicted": {
        "face": {
            "Admiration": 0.22598914802074432,
            "Adoration": 0.24103520810604095,
            "Aesthetic Appreciation": 0.11076609790325165,
            "Amusement": 0.599054217338562,
            "Anger": 0.026289017871022224,
            "Anxiety": 0.07026027143001556,
            "Awe": 0.08884624391794205,
            "Awkwardness": 0.23963579535484314,
            "Boredom": 0.18538065254688263,
            "Calmness": 0.4577080309391022,
            "Concentration": 0.2674931287765503,
            "Confusion": 0.17463277280330658,
            "Contemplation": 0.11682015657424927,
            "Contempt": 0.11038742959499359,
            "Contentment": 0.34407782554626465,
            "Craving": 0.05791008472442627,
            "Desire": 0.08234314620494843,
            "Determination": 0.07666891068220139,
            "Disappointment": 0.12022489309310913,
            "Disgust": 0.04473579674959183,
            "Distress": 0.07670919597148895,
            "Doubt": 0.1457839012145996,
            "Ecstasy": 0.08978534489870071,
            "Embarrassment": 0.09645836055278778,
            "Empathic Pain": 0.042867399752140045,
            "Entrancement": 0.1222878098487854,
            "Envy": 0.039658963680267334,
            "Excitement": 0.2780551016330719,
            "Fear": 0.042744867503643036,
            "Guilt": 0.040143147110939026,
            "Horror": 0.022009998559951782,
            "Interest": 0.5185174345970154,
            "Joy": 0.55131995677948,
            "Love": 0.38913455605506897,
            "Nostalgia": 0.08679141104221344,
            "Pain": 0.048012807965278625,
            "Pride": 0.13444489240646362,
            "Realization": 0.12573042511940002,
            "Relief": 0.1273861676454544,
            "Romance": 0.10812419652938843,
            "Sadness": 0.07297436892986298,
            "Satisfaction": 0.38811105489730835,
            "Shame": 0.04675251990556717,
            "Surprise (negative)": 0.02959660440683365,
            "Surprise (positive)": 0.04781721532344818,
            "Sympathy": 0.09104648232460022,
            "Tiredness": 0.11324650049209595,
            "Triumph": 0.07133730500936508
        },
        "prosody": {
            "Admiration": 0.018675353610888124,
            "Adoration": 0.00915178726427257,
            "Aesthetic Appreciation": 0.012836272595450282,
            "Amusement": 0.07442487962543964,
            "Anger": 0.1979115135036409,
            "Anxiety": 0.12098824232816696,
            "Awe": 0.017760868649929762,
            "Awkwardness": 0.11916979029774666,
            "Boredom": 0.05443541146814823,
            "Calmness": 0.05268758535385132,
            "Concentration": 0.03530595079064369,
            "Confusion": 0.150375846773386,
            "Contemplation": 0.03370864316821098,
            "Contempt": 0.0963355815038085,
            "Contentment": 0.03767300536856055,
            "Craving": 0.012373896781355143,
            "Desire": 0.015347335021942854,
            "Determination": 0.07832048647105694,
            "Disappointment": 0.09247828461229801,
            "Disgust": 0.08787319716066122,
            "Distress": 0.10786684043705463,
            "Doubt": 0.10811848193407059,
            "Ecstasy": 0.01183759025298059,
            "Embarrassment": 0.060736486688256264,
            "Empathic Pain": 0.015761673916131258,
            "Entrancement": 0.007687537930905819,
            "Envy": 0.032146542333066463,
            "Excitement": 0.04590066149830818,
            "Fear": 0.031248356215655804,
            "Guilt": 0.02464504912495613,
            "Horror": 0.019320889376103878,
            "Interest": 0.08644362166523933,
            "Joy": 0.032984032994136214,
            "Love": 0.010059580439701676,
            "Nostalgia": 0.00871192803606391,
            "Pain": 0.020257833413779736,
            "Pride": 0.013569566886872053,
            "Realization": 0.08391870930790901,
            "Relief": 0.062344211619347334,
            "Romance": 0.011597675271332264,
            "Sadness": 0.023405129089951515,
            "Satisfaction": 0.039091930724680424,
            "Shame": 0.03759916219860315,
            "Surprise (negative)": 0.10868808999657631,
            "Surprise (positive)": 0.061743891797959805,
            "Sympathy": 0.022177414037287235,
            "Tiredness": 0.03275911882519722,
            "Triumph": 0.011476444313302636
        },
        "lang": {
            "Admiration": 0.006804678495973349,
            "Adoration": 0.002773706568405032,
            "Aesthetic Appreciation": 0.010104046622291207,
            "Amusement": 0.021580547979101538,
            "Anger": 0.009039800718892366,
            "Annoyance": 0.21109213000163435,
            "Anxiety": 0.009274161444045604,
            "Awe": 0.0068516622763127085,
            "Awkwardness": 0.05341094899922609,
            "Boredom": 0.13588757440447807,
            "Calmness": 0.12599102258682252,
            "Concentration": 0.035092417523264884,
            "Confusion": 0.20392010537907482,
            "Contemplation": 0.1605901163071394,
            "Contempt": 0.07066643964499235,
            "Contentment": 0.07224442441947758,
            "Craving": 0.0030403938493691386,
            "Desire": 0.003133989661000669,
            "Determination": 0.01677049077115953,
            "Disappointment": 0.08521675318479538,
            "Disapproval": 0.09210974061861635,
            "Disgust": 0.01029162430204451,
            "Distress": 0.010850536078214646,
            "Doubt": 0.061251147836446765,
            "Ecstasy": 0.0009837138568400405,
            "Embarrassment": 0.005777786416001618,
            "Empathic Pain": 0.007944705965928733,
            "Enthusiasm": 0.024067927990108727,
            "Entrancement": 0.010027456120587886,
            "Envy": 0.0032758659683167933,
            "Excitement": 0.018848552624695,
            "Fear": 0.0022920592251466586,
            "Gratitude": 0.011722230690065772,
            "Guilt": 0.002293075149646029,
            "Horror": 0.0006879959459183737,
            "Interest": 0.21425855802372099,
            "Joy": 0.006381418858654797,
            "Love": 0.002516155579360202,
            "Nostalgia": 0.006050127383787185,
            "Pain": 0.006133987323846668,
            "Pride": 0.006678722915239632,
            "Realization": 0.13758677020668983,
            "Relief": 0.01692756717093289,
            "Romance": 0.0029697402263991536,
            "Sadness": 0.013508056197315455,
            "Sarcasm": 0.07655956372618675,
            "Satisfaction": 0.06473143734037876,
            "Shame": 0.005965408589690924,
            "Surprise (negative)": 0.052322013024240735,
            "Surprise (positive)": 0.049317089235410096,
            "Sympathy": 0.009808064112439752,
            "Tiredness": 0.057536277401959525,
            "Triumph": 0.008771767606958747
        }
    }
}