{
    "metadata": {
        "dialogue_id": "530",
        "time_start": "00-00-23.608",
        "time_end": "00-00-26.461",
        "speaker": "Phoebe",
        "emotion": "anger",
        "sentiment": "negative",
        "text_content": "So if you can help me find my Father then you should!",
        "file_name": "530_00-00-23.608_00-00-26.461_Phoebe_anger_negative"
    },
    "predicted": {
        "face": {
            "Admiration": 0.14030301570892334,
            "Adoration": 0.11828511953353882,
            "Aesthetic Appreciation": 0.08099931478500366,
            "Amusement": 0.23461927473545074,
            "Anger": 0.11666008830070496,
            "Anxiety": 0.13674813508987427,
            "Awe": 0.11355548352003098,
            "Awkwardness": 0.24159833788871765,
            "Boredom": 0.2357088178396225,
            "Calmness": 0.343310683965683,
            "Concentration": 0.3630819618701935,
            "Confusion": 0.38387539982795715,
            "Contemplation": 0.1742449700832367,
            "Contempt": 0.222680926322937,
            "Contentment": 0.1597309410572052,
            "Craving": 0.06549820303916931,
            "Desire": 0.07919661700725555,
            "Determination": 0.1320340484380722,
            "Disappointment": 0.23863258957862854,
            "Disgust": 0.16240069270133972,
            "Distress": 0.17072327435016632,
            "Doubt": 0.28982701897621155,
            "Ecstasy": 0.05212724581360817,
            "Embarrassment": 0.10266456753015518,
            "Empathic Pain": 0.07907912135124207,
            "Entrancement": 0.12533244490623474,
            "Envy": 0.06015923246741295,
            "Excitement": 0.13379020988941193,
            "Fear": 0.10893747210502625,
            "Guilt": 0.0662597268819809,
            "Horror": 0.058334432542324066,
            "Interest": 0.3669911026954651,
            "Joy": 0.19317997992038727,
            "Love": 0.16088145971298218,
            "Nostalgia": 0.06851791590452194,
            "Pain": 0.11135846376419067,
            "Pride": 0.09190123528242111,
            "Realization": 0.15242920815944672,
            "Relief": 0.07001131772994995,
            "Romance": 0.06408049166202545,
            "Sadness": 0.1518414467573166,
            "Satisfaction": 0.1722344607114792,
            "Shame": 0.06519624590873718,
            "Surprise (negative)": 0.07158646732568741,
            "Surprise (positive)": 0.06035367399454117,
            "Sympathy": 0.06411536782979965,
            "Tiredness": 0.13821719586849213,
            "Triumph": 0.05461807921528816
        },
        "prosody": {
            "Admiration": 0.005116254091262817,
            "Adoration": 0.005288162734359503,
            "Aesthetic Appreciation": 0.0009855496464297175,
            "Amusement": 0.017406834289431572,
            "Anger": 0.6475483179092407,
            "Anxiety": 0.07603178918361664,
            "Awe": 0.0038909774739295244,
            "Awkwardness": 0.006566659081727266,
            "Boredom": 0.0018513071117922664,
            "Calmness": 0.005935064051300287,
            "Concentration": 0.028306908905506134,
            "Confusion": 0.0057165352627635,
            "Contemplation": 0.009839557111263275,
            "Contempt": 0.12091030180454254,
            "Contentment": 0.006788706406950951,
            "Craving": 0.008286939933896065,
            "Desire": 0.0007688644109293818,
            "Determination": 0.663383960723877,
            "Disappointment": 0.10351034253835678,
            "Disgust": 0.031379006803035736,
            "Distress": 0.08950923383235931,
            "Doubt": 0.018799366429448128,
            "Ecstasy": 0.00794075708836317,
            "Embarrassment": 0.00877208448946476,
            "Empathic Pain": 0.05076667293906212,
            "Entrancement": 0.002801641821861267,
            "Envy": 0.01622786372900009,
            "Excitement": 0.055905457586050034,
            "Fear": 0.015335128642618656,
            "Guilt": 0.019166287034749985,
            "Horror": 0.008188794367015362,
            "Interest": 0.030812378972768784,
            "Joy": 0.010241097770631313,
            "Love": 0.008345563896000385,
            "Nostalgia": 0.0021118074655532837,
            "Pain": 0.0277782641351223,
            "Pride": 0.07365227490663528,
            "Realization": 0.09464999288320541,
            "Relief": 0.006059473846107721,
            "Romance": 0.0015756774228066206,
            "Sadness": 0.020662382245063782,
            "Satisfaction": 0.014979347586631775,
            "Shame": 0.010126061737537384,
            "Surprise (negative)": 0.020267082378268242,
            "Surprise (positive)": 0.002969298278912902,
            "Sympathy": 0.054045192897319794,
            "Tiredness": 0.0032953289337456226,
            "Triumph": 0.023242883384227753
        },
        "lang": {}
    }
}