{
    "metadata": {
        "dialogue_id": "531",
        "time_start": "00-00-46.129",
        "time_end": "00-00-48.005",
        "speaker": "Ross",
        "emotion": "sadness",
        "sentiment": "negative",
        "file_name": "531_00-00-46.129_00-00-48.005_Ross_sadness_negative"
    },
    "predicted": {
        "face": {
            "Admiration": 0.060585834085941315,
            "Adoration": 0.04065266251564026,
            "Aesthetic Appreciation": 0.03524540737271309,
            "Amusement": 0.1566246896982193,
            "Anger": 0.16735048592090607,
            "Anxiety": 0.2149638682603836,
            "Awe": 0.2480645328760147,
            "Awkwardness": 0.21134915947914124,
            "Boredom": 0.2021581083536148,
            "Calmness": 0.09856042265892029,
            "Concentration": 0.13186907768249512,
            "Confusion": 0.39057236909866333,
            "Contemplation": 0.07091298699378967,
            "Contempt": 0.12600335478782654,
            "Contentment": 0.051922354847192764,
            "Craving": 0.06252709031105042,
            "Desire": 0.07742862403392792,
            "Determination": 0.08651657402515411,
            "Disappointment": 0.272563636302948,
            "Disgust": 0.14565810561180115,
            "Distress": 0.32940348982810974,
            "Doubt": 0.21239100396633148,
            "Ecstasy": 0.08151639997959137,
            "Embarrassment": 0.11840391159057617,
            "Empathic Pain": 0.11777330189943314,
            "Entrancement": 0.07810859382152557,
            "Envy": 0.032057054340839386,
            "Excitement": 0.16145828366279602,
            "Fear": 0.338882714509964,
            "Guilt": 0.06844214349985123,
            "Horror": 0.30892106890678406,
            "Interest": 0.15285497903823853,
            "Joy": 0.08792903274297714,
            "Love": 0.05091606080532074,
            "Nostalgia": 0.038661569356918335,
            "Pain": 0.271982342004776,
            "Pride": 0.050196852535009384,
            "Realization": 0.17425435781478882,
            "Relief": 0.0621580146253109,
            "Romance": 0.025810331106185913,
            "Sadness": 0.19661764800548553,
            "Satisfaction": 0.09403528273105621,
            "Shame": 0.06109992042183876,
            "Surprise (negative)": 0.31636491417884827,
            "Surprise (positive)": 0.17943795025348663,
            "Sympathy": 0.038653504103422165,
            "Tiredness": 0.22846290469169617,
            "Triumph": 0.06498900055885315
        },
        "prosody": {
            "Admiration": 0.010567273246124387,
            "Adoration": 0.0055286650895141065,
            "Aesthetic Appreciation": 0.009267362765967846,
            "Amusement": 0.052178265526890755,
            "Anger": 0.07355089485645294,
            "Anxiety": 0.17906031012535095,
            "Awe": 0.018629157450050116,
            "Awkwardness": 0.1148880310356617,
            "Boredom": 0.020262894220650196,
            "Calmness": 0.03516369569115341,
            "Concentration": 0.03621792676858604,
            "Confusion": 0.1449085958302021,
            "Contemplation": 0.04494623560458422,
            "Contempt": 0.034926350228488445,
            "Contentment": 0.02021140221040696,
            "Craving": 0.001976925355847925,
            "Desire": 0.003957012319006026,
            "Determination": 0.04341961210593581,
            "Disappointment": 0.14315681159496307,
            "Disgust": 0.04289606213569641,
            "Distress": 0.20080844312906265,
            "Doubt": 0.0863399556837976,
            "Ecstasy": 0.015919666504487395,
            "Embarrassment": 0.09247721917927265,
            "Empathic Pain": 0.008509884821251035,
            "Entrancement": 0.008695163181982934,
            "Envy": 0.005551209440454841,
            "Excitement": 0.04098632000386715,
            "Fear": 0.07489921525120735,
            "Guilt": 0.05851400177925825,
            "Horror": 0.04019292630255222,
            "Interest": 0.09920798614621162,
            "Joy": 0.01638563326559961,
            "Love": 0.004355088574811816,
            "Nostalgia": 0.011596149299293756,
            "Pain": 0.05111928470432758,
            "Pride": 0.01742018386721611,
            "Realization": 0.11923187971115112,
            "Relief": 0.030369105748832226,
            "Romance": 0.004729812499135733,
            "Sadness": 0.06683773826807737,
            "Satisfaction": 0.020715672289952636,
            "Shame": 0.11214960878714919,
            "Surprise (negative)": 0.09800276160240173,
            "Surprise (positive)": 0.058937681606039405,
            "Sympathy": 0.008908831106964499,
            "Tiredness": 0.015486621297895908,
            "Triumph": 0.010848917067050934
        },
        "lang": {
            "Admiration": 0.004859224805841222,
            "Adoration": 0.0020084010757273063,
            "Aesthetic Appreciation": 0.0028574680036399513,
            "Amusement": 0.07031074911355972,
            "Anger": 0.03460458992049098,
            "Annoyance": 0.2187453657388687,
            "Anxiety": 0.03543683930183761,
            "Awe": 0.004982265003491193,
            "Awkwardness": 0.10763495322316885,
            "Boredom": 0.023199168310384266,
            "Calmness": 0.04241750366054475,
            "Concentration": 0.0026520291285123676,
            "Confusion": 0.02035650471225381,
            "Contemplation": 0.026520530926063657,
            "Contempt": 0.12875310890376568,
            "Contentment": 0.018652602971997112,
            "Craving": 0.0003047629688808229,
            "Desire": 0.0008664306515129283,
            "Determination": 0.004772937449160963,
            "Disappointment": 0.14817951852455735,
            "Disapproval": 0.08757749292999506,
            "Disgust": 0.0320596625097096,
            "Distress": 0.06522342946846038,
            "Doubt": 0.023925563786178827,
            "Ecstasy": 0.000683415390085429,
            "Embarrassment": 0.30980676086619496,
            "Empathic Pain": 0.0149355175672099,
            "Enthusiasm": 0.005537371936952695,
            "Entrancement": 0.0030638532480224967,
            "Envy": 0.005089600832434371,
            "Excitement": 0.002477406174875796,
            "Fear": 0.01540544195449911,
            "Gratitude": 0.006916399172041565,
            "Guilt": 0.16064685134915635,
            "Horror": 0.009596434290870093,
            "Interest": 0.005667963298037648,
            "Joy": 0.006891048658872023,
            "Love": 0.0025113204028457403,
            "Nostalgia": 0.0016312366351485252,
            "Pain": 0.02243345632450655,
            "Pride": 0.01927158422768116,
            "Realization": 0.13512285705655813,
            "Relief": 0.008182793972082436,
            "Romance": 0.0012517262948676944,
            "Sadness": 0.05846263747662306,
            "Sarcasm": 0.48441812582314014,
            "Satisfaction": 0.01747067051474005,
            "Shame": 0.2788891443051398,
            "Surprise (negative)": 0.08647929271683097,
            "Surprise (positive)": 0.012503141770139337,
            "Sympathy": 0.013998534297570586,
            "Tiredness": 0.014723741682246327,
            "Triumph": 0.008278229273855686
        }
    }
}