{
    "metadata": {
        "dialogue_id": "533",
        "time_start": "00-00-26.068",
        "time_end": "00-00-28.278",
        "speaker": "Mr.-Zelner",
        "emotion": "neutral",
        "sentiment": "neutral",
        "text_content": "Hello Rachel, you uh, got a minute?",
        "file_name": "533_00-00-26.068_00-00-28.278_Mr.-Zelner_neutral_neutral"
    },
    "predicted": {
        "face": {
            "Admiration": 0.08059237897396088,
            "Adoration": 0.06589384377002716,
            "Aesthetic Appreciation": 0.055014461278915405,
            "Amusement": 0.14675067365169525,
            "Anger": 0.09968120604753494,
            "Anxiety": 0.20020738244056702,
            "Awe": 0.12094873934984207,
            "Awkwardness": 0.23399388790130615,
            "Boredom": 0.2604275643825531,
            "Calmness": 0.25511887669563293,
            "Concentration": 0.33466678857803345,
            "Confusion": 0.4220229983329773,
            "Contemplation": 0.1699373871088028,
            "Contempt": 0.15750634670257568,
            "Contentment": 0.09150038659572601,
            "Craving": 0.07618673890829086,
            "Desire": 0.1052565798163414,
            "Determination": 0.10866139829158783,
            "Disappointment": 0.31115663051605225,
            "Disgust": 0.14744901657104492,
            "Distress": 0.2611224055290222,
            "Doubt": 0.2952161729335785,
            "Ecstasy": 0.04775584116578102,
            "Embarrassment": 0.14246909320354462,
            "Empathic Pain": 0.10983928292989731,
            "Entrancement": 0.11321830749511719,
            "Envy": 0.043722763657569885,
            "Excitement": 0.09327121824026108,
            "Fear": 0.16926217079162598,
            "Guilt": 0.10708410292863846,
            "Horror": 0.09471669048070908,
            "Interest": 0.2500702738761902,
            "Joy": 0.09186568111181259,
            "Love": 0.09249034523963928,
            "Nostalgia": 0.05750186741352081,
            "Pain": 0.1833305060863495,
            "Pride": 0.04806444048881531,
            "Realization": 0.17084123194217682,
            "Relief": 0.0641532838344574,
            "Romance": 0.05345413461327553,
            "Sadness": 0.2349732667207718,
            "Satisfaction": 0.11461503803730011,
            "Shame": 0.10267168283462524,
            "Surprise (negative)": 0.11586169898509979,
            "Surprise (positive)": 0.07382285594940186,
            "Sympathy": 0.0573311448097229,
            "Tiredness": 0.22855958342552185,
            "Triumph": 0.03398788347840309
        },
        "prosody": {
            "Admiration": 0.037100277841091156,
            "Adoration": 0.02534615248441696,
            "Aesthetic Appreciation": 0.011102652177214622,
            "Amusement": 0.1677219122648239,
            "Anger": 0.024265138432383537,
            "Anxiety": 0.07636476308107376,
            "Awe": 0.012567120604217052,
            "Awkwardness": 0.6461107730865479,
            "Boredom": 0.012380075640976429,
            "Calmness": 0.06872672587633133,
            "Concentration": 0.035090502351522446,
            "Confusion": 0.31264597177505493,
            "Contemplation": 0.05963200330734253,
            "Contempt": 0.07853582501411438,
            "Contentment": 0.0162844005972147,
            "Craving": 0.004508866462856531,
            "Desire": 0.015429900959134102,
            "Determination": 0.014592153951525688,
            "Disappointment": 0.15703091025352478,
            "Disgust": 0.07331681251525879,
            "Distress": 0.05589236319065094,
            "Doubt": 0.24675802886486053,
            "Ecstasy": 0.004200149793177843,
            "Embarrassment": 0.1639706790447235,
            "Empathic Pain": 0.042567867785692215,
            "Entrancement": 0.005606834776699543,
            "Envy": 0.026847664266824722,
            "Excitement": 0.022145554423332214,
            "Fear": 0.014882415533065796,
            "Guilt": 0.034179240465164185,
            "Horror": 0.009617392905056477,
            "Interest": 0.10468881577253342,
            "Joy": 0.009686190634965897,
            "Love": 0.021344386041164398,
            "Nostalgia": 0.013551048003137112,
            "Pain": 0.007276380434632301,
            "Pride": 0.010669931769371033,
            "Realization": 0.1616508811712265,
            "Relief": 0.020468054339289665,
            "Romance": 0.03995296731591225,
            "Sadness": 0.024079319089651108,
            "Satisfaction": 0.01744302548468113,
            "Shame": 0.05095455422997475,
            "Surprise (negative)": 0.16877907514572144,
            "Surprise (positive)": 0.08788276463747025,
            "Sympathy": 0.15277491509914398,
            "Tiredness": 0.013565544970333576,
            "Triumph": 0.0063231149688363075
        },
        "lang": {}
    }
}