{
    "metadata": {
        "dialogue_id": "53",
        "time_start": "00-00-00.000",
        "time_end": "00-00-02.418",
        "speaker": "Richard",
        "emotion": "joy",
        "sentiment": "positive",
        "file_name": "53_00-00-00.000_00-00-02.418_Richard_joy_positive"
    },
    "predicted": {
        "face": {
            "Admiration": 0.11785075813531876,
            "Adoration": 0.10009704530239105,
            "Aesthetic Appreciation": 0.068852499127388,
            "Amusement": 0.18854792416095734,
            "Anger": 0.06923328340053558,
            "Anxiety": 0.18867701292037964,
            "Awe": 0.12886032462120056,
            "Awkwardness": 0.1673276424407959,
            "Boredom": 0.24318882822990417,
            "Calmness": 0.2976211905479431,
            "Concentration": 0.45421820878982544,
            "Confusion": 0.36529675126075745,
            "Contemplation": 0.29007992148399353,
            "Contempt": 0.11026275157928467,
            "Contentment": 0.12310817092657089,
            "Craving": 0.06027448922395706,
            "Desire": 0.07449661940336227,
            "Determination": 0.11990903317928314,
            "Disappointment": 0.26629772782325745,
            "Disgust": 0.07620031386613846,
            "Distress": 0.23984207212924957,
            "Doubt": 0.30825164914131165,
            "Ecstasy": 0.05089885741472244,
            "Embarrassment": 0.1155184879899025,
            "Empathic Pain": 0.09793587774038315,
            "Entrancement": 0.1276330053806305,
            "Envy": 0.04024554416537285,
            "Excitement": 0.11486595869064331,
            "Fear": 0.14021599292755127,
            "Guilt": 0.10511831939220428,
            "Horror": 0.07101024687290192,
            "Interest": 0.3179398477077484,
            "Joy": 0.14348436892032623,
            "Love": 0.13499478995800018,
            "Nostalgia": 0.0736406147480011,
            "Pain": 0.15536299347877502,
            "Pride": 0.0625157281756401,
            "Realization": 0.19950373470783234,
            "Relief": 0.07743073999881744,
            "Romance": 0.0614389032125473,
            "Sadness": 0.23451608419418335,
            "Satisfaction": 0.14270149171352386,
            "Shame": 0.08891352266073227,
            "Surprise (negative)": 0.08189066499471664,
            "Surprise (positive)": 0.07709507644176483,
            "Sympathy": 0.06865475326776505,
            "Tiredness": 0.19861601293087006,
            "Triumph": 0.039114437997341156
        },
        "prosody": {
            "Admiration": 0.030526939779520035,
            "Adoration": 0.017633477225899696,
            "Aesthetic Appreciation": 0.021315783262252808,
            "Amusement": 0.02208596095442772,
            "Anger": 0.0066693853586912155,
            "Anxiety": 0.009661630727350712,
            "Awe": 0.012675677426159382,
            "Awkwardness": 0.14293953776359558,
            "Boredom": 0.03572680801153183,
            "Calmness": 0.06813271343708038,
            "Concentration": 0.009363056160509586,
            "Confusion": 0.021286211907863617,
            "Contemplation": 0.00408738199621439,
            "Contempt": 0.005757889244705439,
            "Contentment": 0.1061910092830658,
            "Craving": 0.0013629387831315398,
            "Desire": 0.0022753470111638308,
            "Determination": 0.014559919945895672,
            "Disappointment": 0.003242030506953597,
            "Disgust": 0.002065829234197736,
            "Distress": 0.007968018762767315,
            "Doubt": 0.005126334726810455,
            "Ecstasy": 0.011911383830010891,
            "Embarrassment": 0.010711533948779106,
            "Empathic Pain": 0.0016544096870347857,
            "Entrancement": 0.0042114551179111,
            "Envy": 0.008272070437669754,
            "Excitement": 0.10590380430221558,
            "Fear": 0.0014789890265092254,
            "Guilt": 0.004450102336704731,
            "Horror": 0.0010074335150420666,
            "Interest": 0.2464914172887802,
            "Joy": 0.09653870761394501,
            "Love": 0.02157381922006607,
            "Nostalgia": 0.0025874003767967224,
            "Pain": 0.0023090499453246593,
            "Pride": 0.019216736778616905,
            "Realization": 0.013814394362270832,
            "Relief": 0.05556653067469597,
            "Romance": 0.004040081985294819,
            "Sadness": 0.0025778873823583126,
            "Satisfaction": 0.09662545472383499,
            "Shame": 0.003178670769557357,
            "Surprise (negative)": 0.004604654386639595,
            "Surprise (positive)": 0.10340922325849533,
            "Sympathy": 0.0036048046313226223,
            "Tiredness": 0.00497070699930191,
            "Triumph": 0.024757690727710724
        },
        "lang": {
            "Admiration": 0.033265404403209686,
            "Adoration": 0.029147537425160408,
            "Aesthetic Appreciation": 0.011984435841441154,
            "Amusement": 0.05798667296767235,
            "Anger": 0.0013379445299506187,
            "Annoyance": 0.008255191147327423,
            "Anxiety": 0.0021128528751432896,
            "Awe": 0.012796024791896343,
            "Awkwardness": 0.03578123822808266,
            "Boredom": 0.008954238146543503,
            "Calmness": 0.05620647966861725,
            "Concentration": 0.012540125288069248,
            "Confusion": 0.014647727832198143,
            "Contemplation": 0.008517327718436718,
            "Contempt": 0.008332614786922932,
            "Contentment": 0.034082863479852676,
            "Craving": 0.0007982434472069144,
            "Desire": 0.001064607291482389,
            "Determination": 0.010430710390210152,
            "Disappointment": 0.000926263106521219,
            "Disapproval": 0.003749252064153552,
            "Disgust": 0.0006795551744289696,
            "Distress": 0.0010762149468064308,
            "Doubt": 0.0031143322121351957,
            "Ecstasy": 0.005974492058157921,
            "Embarrassment": 0.002265608636662364,
            "Empathic Pain": 0.0011291707633063197,
            "Enthusiasm": 0.46522432565689087,
            "Entrancement": 0.007078723516315222,
            "Envy": 0.0006569507531821728,
            "Excitement": 0.3085343837738037,
            "Fear": 0.0005627802456729114,
            "Gratitude": 0.013272211886942387,
            "Guilt": 0.0005550815840251744,
            "Horror": 0.000176497022039257,
            "Interest": 0.311052143573761,
            "Joy": 0.2085357904434204,
            "Love": 0.018361227586865425,
            "Nostalgia": 0.0024752169847488403,
            "Pain": 0.00010955686593661085,
            "Pride": 0.01218167133629322,
            "Realization": 0.02789771743118763,
            "Relief": 0.0031812102533876896,
            "Romance": 0.002459949580952525,
            "Sadness": 0.00017136757378466427,
            "Sarcasm": 0.006226162891834974,
            "Satisfaction": 0.04173930734395981,
            "Shame": 0.0007571260211989284,
            "Surprise (negative)": 0.011142963543534279,
            "Surprise (positive)": 0.2110307812690735,
            "Sympathy": 0.0025493314024060965,
            "Tiredness": 0.000625094398856163,
            "Triumph": 0.010163111612200737
        }
    }
}