{
    "metadata": {
        "dialogue_id": "541",
        "time_start": "00-00-45.629",
        "time_end": "00-00-49.298",
        "speaker": "Carol",
        "emotion": "surprise",
        "sentiment": "positive",
        "text_content": "Like what?",
        "file_name": "541_00-00-45.629_00-00-49.298_Carol_surprise_positive"
    },
    "predicted": {
        "face": {
            "Admiration": 0.0703698918223381,
            "Adoration": 0.05710374936461449,
            "Aesthetic Appreciation": 0.04733387753367424,
            "Amusement": 0.13377037644386292,
            "Anger": 0.09070483595132828,
            "Anxiety": 0.20342133939266205,
            "Awe": 0.08111938834190369,
            "Awkwardness": 0.2848542630672455,
            "Boredom": 0.2600516080856323,
            "Calmness": 0.2479274570941925,
            "Concentration": 0.2629755139350891,
            "Confusion": 0.5856848359107971,
            "Contemplation": 0.15757381916046143,
            "Contempt": 0.23467080295085907,
            "Contentment": 0.0943535566329956,
            "Craving": 0.045318420976400375,
            "Desire": 0.04351317510008812,
            "Determination": 0.07484453171491623,
            "Disappointment": 0.3633745312690735,
            "Disgust": 0.2607482671737671,
            "Distress": 0.3209751546382904,
            "Doubt": 0.4113914966583252,
            "Ecstasy": 0.02820678800344467,
            "Embarrassment": 0.13558495044708252,
            "Empathic Pain": 0.16234222054481506,
            "Entrancement": 0.07801695168018341,
            "Envy": 0.047068189829587936,
            "Excitement": 0.058959487825632095,
            "Fear": 0.19772598147392273,
            "Guilt": 0.1012023538351059,
            "Horror": 0.09759220480918884,
            "Interest": 0.21406681835651398,
            "Joy": 0.08495786786079407,
            "Love": 0.06928659975528717,
            "Nostalgia": 0.06563161313533783,
            "Pain": 0.2740665376186371,
            "Pride": 0.05093035846948624,
            "Realization": 0.13594494760036469,
            "Relief": 0.0511268675327301,
            "Romance": 0.03006364032626152,
            "Sadness": 0.4280765950679779,
            "Satisfaction": 0.08995823562145233,
            "Shame": 0.09391646832227707,
            "Surprise (negative)": 0.09110226482152939,
            "Surprise (positive)": 0.03945712000131607,
            "Sympathy": 0.08813995122909546,
            "Tiredness": 0.17284107208251953,
            "Triumph": 0.02583196386694908
        },
        "prosody": {
            "Admiration": 0.007555088493973017,
            "Adoration": 0.00729652913287282,
            "Aesthetic Appreciation": 0.005608846899122,
            "Amusement": 0.06664726138114929,
            "Anger": 0.014130977913737297,
            "Anxiety": 0.10040788352489471,
            "Awe": 0.007467332296073437,
            "Awkwardness": 0.4697735607624054,
            "Boredom": 0.058075059205293655,
            "Calmness": 0.0026298160664737225,
            "Concentration": 0.002781153889372945,
            "Confusion": 0.4705480933189392,
            "Contemplation": 0.04547211900353432,
            "Contempt": 0.10744117200374603,
            "Contentment": 0.006963012740015984,
            "Craving": 0.007714204024523497,
            "Desire": 0.007730172481387854,
            "Determination": 0.003794684074819088,
            "Disappointment": 0.17682993412017822,
            "Disgust": 0.15243297815322876,
            "Distress": 0.2462708204984665,
            "Doubt": 0.465630441904068,
            "Ecstasy": 0.0032526401337236166,
            "Embarrassment": 0.2983034551143646,
            "Empathic Pain": 0.03819470852613449,
            "Entrancement": 0.0030073008965700865,
            "Envy": 0.010814464651048183,
            "Excitement": 0.004649905022233725,
            "Fear": 0.037333741784095764,
            "Guilt": 0.02495211735367775,
            "Horror": 0.03596927970647812,
            "Interest": 0.01763054169714451,
            "Joy": 0.004581076093018055,
            "Love": 0.0037223303224891424,
            "Nostalgia": 0.001138256280682981,
            "Pain": 0.027775008231401443,
            "Pride": 0.002640129067003727,
            "Realization": 0.010038583539426327,
            "Relief": 0.004123122431337833,
            "Romance": 0.007523932494223118,
            "Sadness": 0.04571289196610451,
            "Satisfaction": 0.004284917376935482,
            "Shame": 0.03981691226363182,
            "Surprise (negative)": 0.08976925164461136,
            "Surprise (positive)": 0.012394127435982227,
            "Sympathy": 0.04929721727967262,
            "Tiredness": 0.04975924268364906,
            "Triumph": 0.0016264863079413772
        },
        "lang": {}
    }
}