{
    "metadata": {
        "dialogue_id": "543",
        "time_start": "00-00-07.507",
        "time_end": "00-00-08.841",
        "speaker": "Joshua",
        "emotion": "neutral",
        "sentiment": "neutral",
        "file_name": "543_00-00-07.507_00-00-08.841_Joshua_neutral_neutral"
    },
    "predicted": {
        "face": {
            "Admiration": 0.08759303390979767,
            "Adoration": 0.0826365053653717,
            "Aesthetic Appreciation": 0.054403454065322876,
            "Amusement": 0.1768103539943695,
            "Anger": 0.12605874240398407,
            "Anxiety": 0.1703699231147766,
            "Awe": 0.09951808303594589,
            "Awkwardness": 0.18453019857406616,
            "Boredom": 0.19494026899337769,
            "Calmness": 0.24877823889255524,
            "Concentration": 0.29149383306503296,
            "Confusion": 0.3244945704936981,
            "Contemplation": 0.16310986876487732,
            "Contempt": 0.15911178290843964,
            "Contentment": 0.11736711859703064,
            "Craving": 0.05129936710000038,
            "Desire": 0.06220472231507301,
            "Determination": 0.10575444251298904,
            "Disappointment": 0.31269145011901855,
            "Disgust": 0.16596008837223053,
            "Distress": 0.2801850438117981,
            "Doubt": 0.24920618534088135,
            "Ecstasy": 0.05472182855010033,
            "Embarrassment": 0.12326191365718842,
            "Empathic Pain": 0.14131425321102142,
            "Entrancement": 0.09439422190189362,
            "Envy": 0.042380303144454956,
            "Excitement": 0.11011186242103577,
            "Fear": 0.1488153338432312,
            "Guilt": 0.1060343086719513,
            "Horror": 0.0835694968700409,
            "Interest": 0.2180604636669159,
            "Joy": 0.14301373064517975,
            "Love": 0.12004471570253372,
            "Nostalgia": 0.06975874304771423,
            "Pain": 0.29846683144569397,
            "Pride": 0.06975175440311432,
            "Realization": 0.15235872566699982,
            "Relief": 0.07567592710256577,
            "Romance": 0.04619038850069046,
            "Sadness": 0.3353513181209564,
            "Satisfaction": 0.14483888447284698,
            "Shame": 0.0976857841014862,
            "Surprise (negative)": 0.07839091867208481,
            "Surprise (positive)": 0.054447636008262634,
            "Sympathy": 0.0666997879743576,
            "Tiredness": 0.1924780160188675,
            "Triumph": 0.04828643798828125
        },
        "prosody": {
            "Admiration": 0,
            "Adoration": 0,
            "Aesthetic Appreciation": 0,
            "Amusement": 0,
            "Anger": 0,
            "Annoyance": 0,
            "Anxiety": 0,
            "Awe": 0,
            "Awkwardness": 0,
            "Boredom": 0,
            "Calmness": 0,
            "Concentration": 0,
            "Confusion": 0,
            "Contemplation": 0,
            "Contempt": 0,
            "Contentment": 0,
            "Craving": 0,
            "Desire": 0,
            "Determination": 0,
            "Disappointment": 0,
            "Disapproval": 0,
            "Disgust": 0,
            "Distress": 0,
            "Doubt": 0,
            "Ecstasy": 0,
            "Embarrassment": 0,
            "Empathic Pain": 0,
            "Enthusiasm": 0,
            "Entrancement": 0,
            "Envy": 0,
            "Excitement": 0,
            "Fear": 0,
            "Gratitude": 0,
            "Guilt": 0,
            "Horror": 0,
            "Interest": 0,
            "Joy": 0,
            "Love": 0,
            "Nostalgia": 0,
            "Pain": 0,
            "Pride": 0,
            "Realization": 0,
            "Relief": 0,
            "Romance": 0,
            "Sadness": 0,
            "Sarcasm": 0,
            "Satisfaction": 0,
            "Shame": 0,
            "Surprise (negative)": 0,
            "Surprise (positive)": 0,
            "Sympathy": 0,
            "Tiredness": 0,
            "Triumph": 0
        },
        "lang": {
            "Admiration": 0.004979298450052738,
            "Adoration": 0.006471456494182348,
            "Aesthetic Appreciation": 0.006807358935475349,
            "Amusement": 0.05912327393889427,
            "Anger": 0.0021937419660389423,
            "Annoyance": 0.044099871069192886,
            "Anxiety": 0.004090489819645882,
            "Awe": 0.0040763323195278645,
            "Awkwardness": 0.25067082047462463,
            "Boredom": 0.19067887961864471,
            "Calmness": 0.3150501251220703,
            "Concentration": 0.015413923189043999,
            "Confusion": 0.06132775545120239,
            "Contemplation": 0.01746939681470394,
            "Contempt": 0.028052296489477158,
            "Contentment": 0.03339981660246849,
            "Craving": 0.00044318585423752666,
            "Desire": 0.0033907159231603146,
            "Determination": 0.0023219522554427385,
            "Disappointment": 0.005627221427857876,
            "Disapproval": 0.02630172111093998,
            "Disgust": 0.004854470957070589,
            "Distress": 0.002260953653603792,
            "Doubt": 0.013997218571603298,
            "Ecstasy": 0.0011787123512476683,
            "Embarrassment": 0.010253404267132282,
            "Empathic Pain": 0.0032805083319544792,
            "Enthusiasm": 0.03479848429560661,
            "Entrancement": 0.00530897406861186,
            "Envy": 0.0008628491777926683,
            "Excitement": 0.020557887852191925,
            "Fear": 0.0008061397238634527,
            "Gratitude": 0.003082356182858348,
            "Guilt": 0.0013298799749463797,
            "Horror": 0.00041695250547491014,
            "Interest": 0.17285458743572235,
            "Joy": 0.029893696308135986,
            "Love": 0.009015103802084923,
            "Nostalgia": 0.0026294314302504063,
            "Pain": 0.0003367067838553339,
            "Pride": 0.002013223245739937,
            "Realization": 0.03849703073501587,
            "Relief": 0.003536189440637827,
            "Romance": 0.005953562445938587,
            "Sadness": 0.001102354028262198,
            "Sarcasm": 0.023334546014666557,
            "Satisfaction": 0.015180028043687344,
            "Shame": 0.0034152204170823097,
            "Surprise (negative)": 0.039516061544418335,
            "Surprise (positive)": 0.05897090211510658,
            "Sympathy": 0.006844311021268368,
            "Tiredness": 0.008170985616743565,
            "Triumph": 0.0015303072286769748
        }
    }
}