{
    "metadata": {
        "dialogue_id": "549",
        "time_start": "00-00-12.095",
        "time_end": "00-00-21.645",
        "speaker": "Joey",
        "emotion": "sadness",
        "sentiment": "negative",
        "file_name": "549_00-00-12.095_00-00-21.645_Joey_sadness_negative"
    },
    "predicted": {
        "face": {
            "Admiration": 0.08275195211172104,
            "Adoration": 0.05479305237531662,
            "Aesthetic Appreciation": 0.05711320415139198,
            "Amusement": 0.13356290757656097,
            "Anger": 0.09091959148645401,
            "Anxiety": 0.1671355962753296,
            "Awe": 0.16170798242092133,
            "Awkwardness": 0.25012511014938354,
            "Boredom": 0.31378427147865295,
            "Calmness": 0.3052608370780945,
            "Concentration": 0.3968310058116913,
            "Confusion": 0.6449583768844604,
            "Contemplation": 0.16866151988506317,
            "Contempt": 0.1794409453868866,
            "Contentment": 0.08638665080070496,
            "Craving": 0.05403226613998413,
            "Desire": 0.06922648847103119,
            "Determination": 0.10398583114147186,
            "Disappointment": 0.2682633399963379,
            "Disgust": 0.1516011506319046,
            "Distress": 0.20611663162708282,
            "Doubt": 0.3863834738731384,
            "Ecstasy": 0.034633345901966095,
            "Embarrassment": 0.10572966188192368,
            "Empathic Pain": 0.08176484704017639,
            "Entrancement": 0.1246156096458435,
            "Envy": 0.0458507314324379,
            "Excitement": 0.08201579004526138,
            "Fear": 0.13909392058849335,
            "Guilt": 0.06839489936828613,
            "Horror": 0.09313059598207474,
            "Interest": 0.29760628938674927,
            "Joy": 0.07973074167966843,
            "Love": 0.0643525943160057,
            "Nostalgia": 0.046758681535720825,
            "Pain": 0.10528982430696487,
            "Pride": 0.04364911466836929,
            "Realization": 0.18663612008094788,
            "Relief": 0.06263422966003418,
            "Romance": 0.0354224368929863,
            "Sadness": 0.14175401628017426,
            "Satisfaction": 0.08859764039516449,
            "Shame": 0.06169819086790085,
            "Surprise (negative)": 0.15534190833568573,
            "Surprise (positive)": 0.11291772127151489,
            "Sympathy": 0.05693991482257843,
            "Tiredness": 0.21805694699287415,
            "Triumph": 0.026554100215435028
        },
        "prosody": {
            "Admiration": 0.038260804023593664,
            "Adoration": 0.014514720533043146,
            "Aesthetic Appreciation": 0.018381119705736637,
            "Amusement": 0.1082018744200468,
            "Anger": 0.017364137340337038,
            "Anxiety": 0.026766118593513966,
            "Awe": 0.01812885422259569,
            "Awkwardness": 0.06636077258735895,
            "Boredom": 0.09873218834400177,
            "Calmness": 0.1305011659860611,
            "Concentration": 0.20757110742852092,
            "Confusion": 0.017162953037768602,
            "Contemplation": 0.11252527125179768,
            "Contempt": 0.07723592594265938,
            "Contentment": 0.04482553154230118,
            "Craving": 0.007183931302279234,
            "Desire": 0.006694980198517442,
            "Determination": 0.15109916403889656,
            "Disappointment": 0.12647853046655655,
            "Disgust": 0.028728425968438387,
            "Distress": 0.03047746792435646,
            "Doubt": 0.03957656864076853,
            "Ecstasy": 0.010969368275254965,
            "Embarrassment": 0.034115287475287914,
            "Empathic Pain": 0.02723828935995698,
            "Entrancement": 0.009235057746991515,
            "Envy": 0.02288790699094534,
            "Excitement": 0.05920097650960088,
            "Fear": 0.017489345744252205,
            "Guilt": 0.012810662388801575,
            "Horror": 0.008849012199789286,
            "Interest": 0.11152600031346083,
            "Joy": 0.025817151181399822,
            "Love": 0.007013306953012943,
            "Nostalgia": 0.017433861270546913,
            "Pain": 0.01562920236028731,
            "Pride": 0.07030525803565979,
            "Realization": 0.14096304029226303,
            "Relief": 0.03274100134149194,
            "Romance": 0.0056041349889710546,
            "Sadness": 0.04735420597717166,
            "Satisfaction": 0.06128946505486965,
            "Shame": 0.021836461033672094,
            "Surprise (negative)": 0.026739103719592094,
            "Surprise (positive)": 0.016311888583004475,
            "Sympathy": 0.03785468637943268,
            "Tiredness": 0.04768704203888774,
            "Triumph": 0.02626855717971921
        },
        "lang": {
            "Admiration": 0.011847640352789313,
            "Adoration": 0.0034945191931910814,
            "Aesthetic Appreciation": 0.004232459445483982,
            "Amusement": 0.018057891819626092,
            "Anger": 0.009970344405155629,
            "Annoyance": 0.12105607148259878,
            "Anxiety": 0.011490498506464063,
            "Awe": 0.012664557446260005,
            "Awkwardness": 0.056003587692976,
            "Boredom": 0.018559084041044116,
            "Calmness": 0.03214071774855256,
            "Concentration": 0.007989676360739394,
            "Confusion": 0.0428019339684397,
            "Contemplation": 0.05525142811238766,
            "Contempt": 0.03028320139274001,
            "Contentment": 0.005631228967104107,
            "Craving": 0.0012535416688479017,
            "Desire": 0.0010453093716932926,
            "Determination": 0.007342070038430393,
            "Disappointment": 0.31843358315527437,
            "Disapproval": 0.060266542620956896,
            "Disgust": 0.012207813700661064,
            "Distress": 0.03602577871643007,
            "Doubt": 0.03270939197391272,
            "Ecstasy": 0.00045926143357064573,
            "Embarrassment": 0.046810934459790586,
            "Empathic Pain": 0.17417322117835282,
            "Enthusiasm": 0.007564463373273611,
            "Entrancement": 0.004244298138655722,
            "Envy": 0.01194525413447991,
            "Excitement": 0.003642131658853032,
            "Fear": 0.002954268309986219,
            "Gratitude": 0.00613367356127128,
            "Guilt": 0.04903225420275703,
            "Horror": 0.00294726601568982,
            "Interest": 0.054725412372499706,
            "Joy": 0.0030212103214580567,
            "Love": 0.0024388198944507167,
            "Nostalgia": 0.0060122371418401595,
            "Pain": 0.020609540538862346,
            "Pride": 0.0031011356913950294,
            "Realization": 0.1936097200959921,
            "Relief": 0.00923463839571923,
            "Romance": 0.0013244693633168935,
            "Sadness": 0.13259812155738473,
            "Sarcasm": 0.07245450150221586,
            "Satisfaction": 0.007778100529685616,
            "Shame": 0.07000766666606069,
            "Surprise (negative)": 0.23664492815732957,
            "Surprise (positive)": 0.040948371030390264,
            "Sympathy": 0.24499237183481454,
            "Tiredness": 0.013581007113680243,
            "Triumph": 0.002611338399583474
        }
    }
}