{
    "metadata": {
        "dialogue_id": "54",
        "time_start": "00-01-40.892",
        "time_end": "00-01-44.605",
        "speaker": "Rachel",
        "emotion": "neutral",
        "sentiment": "neutral",
        "file_name": "54_00-01-40.892_00-01-44.605_Rachel_neutral_neutral"
    },
    "predicted": {
        "face": {
            "Admiration": 0.0761718600988388,
            "Adoration": 0.05569784343242645,
            "Aesthetic Appreciation": 0.048531610518693924,
            "Amusement": 0.1638057380914688,
            "Anger": 0.184613436460495,
            "Anxiety": 0.158224418759346,
            "Awe": 0.18217359483242035,
            "Awkwardness": 0.20131267607212067,
            "Boredom": 0.2131730020046234,
            "Calmness": 0.15969905257225037,
            "Concentration": 0.22703500092029572,
            "Confusion": 0.43105289340019226,
            "Contemplation": 0.10893725603818893,
            "Contempt": 0.17968130111694336,
            "Contentment": 0.07301852107048035,
            "Craving": 0.06835657358169556,
            "Desire": 0.09024080634117126,
            "Determination": 0.11662020534276962,
            "Disappointment": 0.26538485288619995,
            "Disgust": 0.20600362122058868,
            "Distress": 0.24760793149471283,
            "Doubt": 0.25987282395362854,
            "Ecstasy": 0.06710116565227509,
            "Embarrassment": 0.09894533455371857,
            "Empathic Pain": 0.10912387818098068,
            "Entrancement": 0.09906817227602005,
            "Envy": 0.045679155737161636,
            "Excitement": 0.13880802690982819,
            "Fear": 0.18374869227409363,
            "Guilt": 0.06455263495445251,
            "Horror": 0.1473134160041809,
            "Interest": 0.22118201851844788,
            "Joy": 0.10232092440128326,
            "Love": 0.07084500789642334,
            "Nostalgia": 0.04633461683988571,
            "Pain": 0.22795718908309937,
            "Pride": 0.06040729582309723,
            "Realization": 0.16382130980491638,
            "Relief": 0.059032075107097626,
            "Romance": 0.03421328216791153,
            "Sadness": 0.19517913460731506,
            "Satisfaction": 0.11199383437633514,
            "Shame": 0.06166961044073105,
            "Surprise (negative)": 0.17353001236915588,
            "Surprise (positive)": 0.12098313122987747,
            "Sympathy": 0.0450969822704792,
            "Tiredness": 0.19064107537269592,
            "Triumph": 0.061410464346408844
        },
        "prosody": {
            "Admiration": 0.02120118774473667,
            "Adoration": 0.025882137939333916,
            "Aesthetic Appreciation": 0.006603176239877939,
            "Amusement": 0.09327130019664764,
            "Anger": 0.2939401865005493,
            "Anxiety": 0.1390548199415207,
            "Awe": 0.0027853117790073156,
            "Awkwardness": 0.25258511304855347,
            "Boredom": 0.02423820272088051,
            "Calmness": 0.021497173234820366,
            "Concentration": 0.04792197048664093,
            "Confusion": 0.07110121846199036,
            "Contemplation": 0.01303891558200121,
            "Contempt": 0.04525506868958473,
            "Contentment": 0.010360835120081902,
            "Craving": 0.0479479543864727,
            "Desire": 0.12513941526412964,
            "Determination": 0.07675179094076157,
            "Disappointment": 0.06405653804540634,
            "Disgust": 0.048880960792303085,
            "Distress": 0.14535465836524963,
            "Doubt": 0.042563021183013916,
            "Ecstasy": 0.021764887496829033,
            "Embarrassment": 0.05025523900985718,
            "Empathic Pain": 0.030503664165735245,
            "Entrancement": 0.00603299867361784,
            "Envy": 0.025152800604701042,
            "Excitement": 0.06219310313463211,
            "Fear": 0.0563957579433918,
            "Guilt": 0.014724641107022762,
            "Horror": 0.023059239611029625,
            "Interest": 0.12139087170362473,
            "Joy": 0.03349084407091141,
            "Love": 0.11132224649190903,
            "Nostalgia": 0.013098419643938541,
            "Pain": 0.014944341965019703,
            "Pride": 0.010763301514089108,
            "Realization": 0.008577222935855389,
            "Relief": 0.016149502247571945,
            "Romance": 0.12740054726600647,
            "Sadness": 0.03638456389307976,
            "Satisfaction": 0.015802424401044846,
            "Shame": 0.01630287617444992,
            "Surprise (negative)": 0.02325299009680748,
            "Surprise (positive)": 0.004705325700342655,
            "Sympathy": 0.08495312929153442,
            "Tiredness": 0.043265651911497116,
            "Triumph": 0.006795835681259632
        },
        "lang": {
            "Admiration": 0.0057626460620667785,
            "Adoration": 0.008700101032445673,
            "Aesthetic Appreciation": 0.009671114843513351,
            "Amusement": 0.031975714140571654,
            "Anger": 0.03476262269032304,
            "Annoyance": 0.4264557510323357,
            "Anxiety": 0.01847049465868622,
            "Awe": 0.004227356388582848,
            "Awkwardness": 0.06075200089253485,
            "Boredom": 0.12407179587171413,
            "Calmness": 0.09823769913055003,
            "Concentration": 0.018033232481684536,
            "Confusion": 0.1303711262298748,
            "Contemplation": 0.07192123774439096,
            "Contempt": 0.06284007639624178,
            "Contentment": 0.03417570344754495,
            "Craving": 0.015787289066793164,
            "Desire": 0.010552946892858017,
            "Determination": 0.030635686707682908,
            "Disappointment": 0.1634354595298646,
            "Disapproval": 0.12320823801564984,
            "Disgust": 0.01013710314873606,
            "Distress": 0.02466680658108089,
            "Doubt": 0.04991186270490289,
            "Ecstasy": 0.0026434754945512395,
            "Embarrassment": 0.0061313783953664824,
            "Empathic Pain": 0.010336176346754655,
            "Enthusiasm": 0.08159412955865264,
            "Entrancement": 0.010720896782004274,
            "Envy": 0.008754438531468622,
            "Excitement": 0.04088969176518731,
            "Fear": 0.0028653714289248455,
            "Gratitude": 0.0053616811710526235,
            "Guilt": 0.005571846108068712,
            "Horror": 0.000760127863031812,
            "Interest": 0.11359256680589169,
            "Joy": 0.017593925542314537,
            "Love": 0.0130939742011833,
            "Nostalgia": 0.003180864550813567,
            "Pain": 0.005497380847373279,
            "Pride": 0.005116288462886587,
            "Realization": 0.025870263867545873,
            "Relief": 0.007382983865682036,
            "Romance": 0.011606238542299252,
            "Sadness": 0.02457216670154594,
            "Sarcasm": 0.06045530940173194,
            "Satisfaction": 0.021526281285332516,
            "Shame": 0.007433579325152095,
            "Surprise (negative)": 0.05018945736810565,
            "Surprise (positive)": 0.010085107933264226,
            "Sympathy": 0.013523882400477305,
            "Tiredness": 0.04199364525265992,
            "Triumph": 0.003786263841902837
        }
    }
}