{
    "metadata": {
        "dialogue_id": "551",
        "time_start": "00-00-05.631",
        "time_end": "00-00-08.633",
        "speaker": "Phoebe",
        "emotion": "neutral",
        "sentiment": "neutral",
        "file_name": "551_00-00-05.631_00-00-08.633_Phoebe_neutral_neutral"
    },
    "predicted": {
        "face": {
            "Admiration": 0.22191853821277618,
            "Adoration": 0.23847970366477966,
            "Aesthetic Appreciation": 0.09909174591302872,
            "Amusement": 0.7635514736175537,
            "Anger": 0.016272027045488358,
            "Anxiety": 0.046180181205272675,
            "Awe": 0.08264915645122528,
            "Awkwardness": 0.18836496770381927,
            "Boredom": 0.08305183798074722,
            "Calmness": 0.3032393753528595,
            "Concentration": 0.1701803207397461,
            "Confusion": 0.1129906103014946,
            "Contemplation": 0.07030019909143448,
            "Contempt": 0.06790860742330551,
            "Contentment": 0.3168066740036011,
            "Craving": 0.04394183307886124,
            "Desire": 0.06424868851900101,
            "Determination": 0.052744656801223755,
            "Disappointment": 0.053432025015354156,
            "Disgust": 0.027971796691417694,
            "Distress": 0.04683837667107582,
            "Doubt": 0.07884247601032257,
            "Ecstasy": 0.13737192749977112,
            "Embarrassment": 0.06223030015826225,
            "Empathic Pain": 0.025508612394332886,
            "Entrancement": 0.10335972905158997,
            "Envy": 0.027469275519251823,
            "Excitement": 0.43518349528312683,
            "Fear": 0.03218705952167511,
            "Guilt": 0.020824603736400604,
            "Horror": 0.018239326775074005,
            "Interest": 0.5098041296005249,
            "Joy": 0.7921541333198547,
            "Love": 0.41651487350463867,
            "Nostalgia": 0.07152697443962097,
            "Pain": 0.030634619295597076,
            "Pride": 0.1333799511194229,
            "Realization": 0.09631431102752686,
            "Relief": 0.1122225821018219,
            "Romance": 0.08948831260204315,
            "Sadness": 0.03285612910985947,
            "Satisfaction": 0.40435701608657837,
            "Shame": 0.0241939015686512,
            "Surprise (negative)": 0.021989086642861366,
            "Surprise (positive)": 0.04400608316063881,
            "Sympathy": 0.07248154282569885,
            "Tiredness": 0.05482681095600128,
            "Triumph": 0.08932895213365555
        },
        "prosody": {
            "Admiration": 0.01980947144329548,
            "Adoration": 0.02038825862109661,
            "Aesthetic Appreciation": 0.03054691106081009,
            "Amusement": 0.478107213973999,
            "Anger": 0.02259526029229164,
            "Anxiety": 0.016783729195594788,
            "Awe": 0.00813913345336914,
            "Awkwardness": 0.12718085944652557,
            "Boredom": 0.02820506878197193,
            "Calmness": 0.02142074704170227,
            "Concentration": 0.00997617095708847,
            "Confusion": 0.043042123317718506,
            "Contemplation": 0.05658511072397232,
            "Contempt": 0.06297840178012848,
            "Contentment": 0.023185554891824722,
            "Craving": 0.05757056921720505,
            "Desire": 0.017089039087295532,
            "Determination": 0.010113563388586044,
            "Disappointment": 0.1700180619955063,
            "Disgust": 0.05262527987360954,
            "Distress": 0.053453199565410614,
            "Doubt": 0.031121524050831795,
            "Ecstasy": 0.015236392617225647,
            "Embarrassment": 0.13222754001617432,
            "Empathic Pain": 0.05166935920715332,
            "Entrancement": 0.003029007464647293,
            "Envy": 0.025032728910446167,
            "Excitement": 0.05071697384119034,
            "Fear": 0.006396702956408262,
            "Guilt": 0.04454033076763153,
            "Horror": 0.010705537162721157,
            "Interest": 0.041387494653463364,
            "Joy": 0.037973761558532715,
            "Love": 0.00823004636913538,
            "Nostalgia": 0.06322351843118668,
            "Pain": 0.027145711705088615,
            "Pride": 0.020587116479873657,
            "Realization": 0.1643873155117035,
            "Relief": 0.024251524358987808,
            "Romance": 0.013681515119969845,
            "Sadness": 0.044341664761304855,
            "Satisfaction": 0.05436761677265167,
            "Shame": 0.04454055055975914,
            "Surprise (negative)": 0.07145112007856369,
            "Surprise (positive)": 0.03670700266957283,
            "Sympathy": 0.08821279555559158,
            "Tiredness": 0.013096858747303486,
            "Triumph": 0.009051205590367317
        },
        "lang": {
            "Admiration": 0.016796801355667412,
            "Adoration": 0.014282243956889337,
            "Aesthetic Appreciation": 0.01657527118610839,
            "Amusement": 0.07111436466220766,
            "Anger": 0.004176329906234362,
            "Annoyance": 0.06767485989257693,
            "Anxiety": 0.006031631860726823,
            "Awe": 0.01018450675959078,
            "Awkwardness": 0.04469686055866381,
            "Boredom": 0.057982957999532424,
            "Calmness": 0.21404197812080383,
            "Concentration": 0.012433841281260053,
            "Confusion": 0.02739786682650447,
            "Contemplation": 0.025430572762464482,
            "Contempt": 0.028971283153320353,
            "Contentment": 0.1784399936441332,
            "Craving": 0.06433526071972058,
            "Desire": 0.005134710105873334,
            "Determination": 0.012394876529773077,
            "Disappointment": 0.05470271971231947,
            "Disapproval": 0.028578923937554162,
            "Disgust": 0.01109625522318917,
            "Distress": 0.011563090762744347,
            "Doubt": 0.007612971181515604,
            "Ecstasy": 0.004765356643474661,
            "Embarrassment": 0.015382117877985971,
            "Empathic Pain": 0.02048910193843767,
            "Enthusiasm": 0.03414208996885767,
            "Entrancement": 0.008398462610784918,
            "Envy": 0.0028039359846540415,
            "Excitement": 0.010523324939034259,
            "Fear": 0.0012062776622769888,
            "Gratitude": 0.06524924119003117,
            "Guilt": 0.009500759920532195,
            "Horror": 0.0011753172548196744,
            "Interest": 0.049673989842024945,
            "Joy": 0.030197396602792043,
            "Love": 0.020157134160399437,
            "Nostalgia": 0.003295236204091149,
            "Pain": 0.009285193159788227,
            "Pride": 0.013016225517882654,
            "Realization": 0.12697228727241358,
            "Relief": 0.08254989283159375,
            "Romance": 0.003264430992809745,
            "Sadness": 0.01342687769404923,
            "Sarcasm": 0.07247143844142556,
            "Satisfaction": 0.18893302883952856,
            "Shame": 0.010067343318951316,
            "Surprise (negative)": 0.073221616485777,
            "Surprise (positive)": 0.06642049682947497,
            "Sympathy": 0.0323377283445249,
            "Tiredness": 0.07858412355805437,
            "Triumph": 0.011420478598059466
        }
    }
}