{
    "metadata": {
        "dialogue_id": "553",
        "time_start": "00-00-47.590",
        "time_end": "00-00-48.550",
        "speaker": "Joey",
        "emotion": "neutral",
        "sentiment": "neutral",
        "file_name": "553_00-00-47.590_00-00-48.550_Joey_neutral_neutral"
    },
    "predicted": {
        "face": {
            "Admiration": 0.06815849244594574,
            "Adoration": 0.04205238074064255,
            "Aesthetic Appreciation": 0.05214058235287666,
            "Amusement": 0.07711508870124817,
            "Anger": 0.1656702160835266,
            "Anxiety": 0.19478879868984222,
            "Awe": 0.08950022608041763,
            "Awkwardness": 0.20042665302753448,
            "Boredom": 0.31439879536628723,
            "Calmness": 0.31688547134399414,
            "Concentration": 0.5040866136550903,
            "Confusion": 0.618878960609436,
            "Contemplation": 0.24835337698459625,
            "Contempt": 0.2362561821937561,
            "Contentment": 0.07402921468019485,
            "Craving": 0.04664504528045654,
            "Desire": 0.03636915236711502,
            "Determination": 0.16086694598197937,
            "Disappointment": 0.3605618476867676,
            "Disgust": 0.15981821715831757,
            "Distress": 0.2443375289440155,
            "Doubt": 0.48277604579925537,
            "Ecstasy": 0.019201278686523438,
            "Embarrassment": 0.10261280834674835,
            "Empathic Pain": 0.10240600258111954,
            "Entrancement": 0.11237242072820663,
            "Envy": 0.05983930826187134,
            "Excitement": 0.04013020545244217,
            "Fear": 0.11614185571670532,
            "Guilt": 0.0941278338432312,
            "Horror": 0.054726529866456985,
            "Interest": 0.2585020065307617,
            "Joy": 0.04132865369319916,
            "Love": 0.04507399722933769,
            "Nostalgia": 0.054922331124544144,
            "Pain": 0.1327674686908722,
            "Pride": 0.05327698215842247,
            "Realization": 0.16711848974227905,
            "Relief": 0.045937445014715195,
            "Romance": 0.025812793523073196,
            "Sadness": 0.23829707503318787,
            "Satisfaction": 0.05891580507159233,
            "Shame": 0.07943393290042877,
            "Surprise (negative)": 0.07837884873151779,
            "Surprise (positive)": 0.04965261369943619,
            "Sympathy": 0.06098100543022156,
            "Tiredness": 0.20502129197120667,
            "Triumph": 0.022896256297826767
        },
        "prosody": {
            "Admiration": 0.00882456824183464,
            "Adoration": 0.0035851404536515474,
            "Aesthetic Appreciation": 0.007244476582854986,
            "Amusement": 0.061542809009552,
            "Anger": 0.025426486507058144,
            "Anxiety": 0.12965646386146545,
            "Awe": 0.03749455511569977,
            "Awkwardness": 0.12931592762470245,
            "Boredom": 0.007217001635581255,
            "Calmness": 0.0140740517526865,
            "Concentration": 0.02021038718521595,
            "Confusion": 0.6419764757156372,
            "Contemplation": 0.014323864132165909,
            "Contempt": 0.010211624205112457,
            "Contentment": 0.012343046255409718,
            "Craving": 0.002044681692495942,
            "Desire": 0.0024520859587937593,
            "Determination": 0.01612299121916294,
            "Disappointment": 0.02968384139239788,
            "Disgust": 0.013686588034033775,
            "Distress": 0.13933320343494415,
            "Doubt": 0.09457695484161377,
            "Ecstasy": 0.006340802647173405,
            "Embarrassment": 0.02673138491809368,
            "Empathic Pain": 0.011778554879128933,
            "Entrancement": 0.009962188079953194,
            "Envy": 0.0032518792431801558,
            "Excitement": 0.030390605330467224,
            "Fear": 0.05529193580150604,
            "Guilt": 0.017773360013961792,
            "Horror": 0.03123677335679531,
            "Interest": 0.20518702268600464,
            "Joy": 0.008957156911492348,
            "Love": 0.0036635776050388813,
            "Nostalgia": 0.003982989117503166,
            "Pain": 0.014638232067227364,
            "Pride": 0.010452620685100555,
            "Realization": 0.04297694191336632,
            "Relief": 0.007819010876119137,
            "Romance": 0.005008460488170385,
            "Sadness": 0.013351164758205414,
            "Satisfaction": 0.008403643034398556,
            "Shame": 0.015410675667226315,
            "Surprise (negative)": 0.14776775240898132,
            "Surprise (positive)": 0.0986337959766388,
            "Sympathy": 0.010642912238836288,
            "Tiredness": 0.0062014879658818245,
            "Triumph": 0.00831125769764185
        },
        "lang": {
            "Admiration": 0.0045060887932777405,
            "Adoration": 0.002573448495240882,
            "Aesthetic Appreciation": 0.0037657612992916256,
            "Amusement": 0.019987977109849453,
            "Anger": 0.0269537721760571,
            "Annoyance": 0.12505527678877115,
            "Anxiety": 0.023416972951963544,
            "Awe": 0.008680925238877535,
            "Awkwardness": 0.04377408558502793,
            "Boredom": 0.018105882918462157,
            "Calmness": 0.028501758933998644,
            "Concentration": 0.018425966729409993,
            "Confusion": 0.5544096902012825,
            "Contemplation": 0.10431768232956529,
            "Contempt": 0.02574052009731531,
            "Contentment": 0.007410084683215246,
            "Craving": 0.00876305572455749,
            "Desire": 0.0024548982983105816,
            "Determination": 0.008441017125733197,
            "Disappointment": 0.027981209568679333,
            "Disapproval": 0.03018396464176476,
            "Disgust": 0.008484627294819802,
            "Distress": 0.02432552562095225,
            "Doubt": 0.12226330861449242,
            "Ecstasy": 0.001936484535690397,
            "Embarrassment": 0.004798792419023812,
            "Empathic Pain": 0.0031882307957857847,
            "Enthusiasm": 0.022793376352638006,
            "Entrancement": 0.007707335113082081,
            "Envy": 0.004168977204244584,
            "Excitement": 0.01799101661890745,
            "Fear": 0.01027490384876728,
            "Gratitude": 0.0024472662626067176,
            "Guilt": 0.0021725674741901457,
            "Horror": 0.00511214772996027,
            "Interest": 0.24197254702448845,
            "Joy": 0.005863942846190184,
            "Love": 0.002096378524583997,
            "Nostalgia": 0.0012709083530353382,
            "Pain": 0.0034917053708340973,
            "Pride": 0.0036401406978257,
            "Realization": 0.02416153997182846,
            "Relief": 0.001365378950140439,
            "Romance": 0.0014384716050699353,
            "Sadness": 0.004484303965000436,
            "Sarcasm": 0.06097640097141266,
            "Satisfaction": 0.009119255060795695,
            "Shame": 0.00459490274079144,
            "Surprise (negative)": 0.1606204160489142,
            "Surprise (positive)": 0.05218941858038306,
            "Sympathy": 0.003523966282955371,
            "Tiredness": 0.005469238618388772,
            "Triumph": 0.00326785008655861
        }
    }
}