{
    "metadata": {
        "dialogue_id": "579",
        "time_start": "00-00-01.418",
        "time_end": "00-00-02.835",
        "speaker": "Chandler",
        "emotion": "joy",
        "sentiment": "positive",
        "file_name": "579_00-00-01.418_00-00-02.835_Chandler_joy_positive"
    },
    "predicted": {
        "face": {
            "Admiration": 0.08252594619989395,
            "Adoration": 0.04660559818148613,
            "Aesthetic Appreciation": 0.057544298470020294,
            "Amusement": 0.08357421308755875,
            "Anger": 0.10335958003997803,
            "Anxiety": 0.19806653261184692,
            "Awe": 0.1656600534915924,
            "Awkwardness": 0.2549586296081543,
            "Boredom": 0.27071303129196167,
            "Calmness": 0.24315156042575836,
            "Concentration": 0.4051753878593445,
            "Confusion": 0.7414289712905884,
            "Contemplation": 0.23269221186637878,
            "Contempt": 0.22941498458385468,
            "Contentment": 0.05902092531323433,
            "Craving": 0.06655781716108322,
            "Desire": 0.05579764023423195,
            "Determination": 0.1214265525341034,
            "Disappointment": 0.2824183404445648,
            "Disgust": 0.1584511548280716,
            "Distress": 0.2213917374610901,
            "Doubt": 0.5043512582778931,
            "Ecstasy": 0.02152414806187153,
            "Embarrassment": 0.10353241860866547,
            "Empathic Pain": 0.08151407539844513,
            "Entrancement": 0.12829063832759857,
            "Envy": 0.05862904712557793,
            "Excitement": 0.047885917127132416,
            "Fear": 0.20147252082824707,
            "Guilt": 0.07535097002983093,
            "Horror": 0.10613637417554855,
            "Interest": 0.2724795341491699,
            "Joy": 0.03664037957787514,
            "Love": 0.040659546852111816,
            "Nostalgia": 0.051433712244033813,
            "Pain": 0.09219744801521301,
            "Pride": 0.04060734808444977,
            "Realization": 0.19758017361164093,
            "Relief": 0.039316996932029724,
            "Romance": 0.028625667095184326,
            "Sadness": 0.15787918865680695,
            "Satisfaction": 0.05328051373362541,
            "Shame": 0.061296965926885605,
            "Surprise (negative)": 0.14463575184345245,
            "Surprise (positive)": 0.07939324527978897,
            "Sympathy": 0.05193490535020828,
            "Tiredness": 0.14841172099113464,
            "Triumph": 0.0213172510266304
        },
        "prosody": {
            "Admiration": 0.004532552789896727,
            "Adoration": 0.003240047488361597,
            "Aesthetic Appreciation": 0.002858346328139305,
            "Amusement": 0.022581595927476883,
            "Anger": 0.04139813780784607,
            "Anxiety": 0.06791938841342926,
            "Awe": 0.003813032293692231,
            "Awkwardness": 0.10511407256126404,
            "Boredom": 0.02888377010822296,
            "Calmness": 0.05847233906388283,
            "Concentration": 0.03004618175327778,
            "Confusion": 0.18047906458377838,
            "Contemplation": 0.08126332610845566,
            "Contempt": 0.07067953050136566,
            "Contentment": 0.008081511594355106,
            "Craving": 0.002790758153423667,
            "Desire": 0.003205235581845045,
            "Determination": 0.033249277621507645,
            "Disappointment": 0.1567293256521225,
            "Disgust": 0.04314125329256058,
            "Distress": 0.09122300893068314,
            "Doubt": 0.17804023623466492,
            "Ecstasy": 0.00294325384311378,
            "Embarrassment": 0.0524824783205986,
            "Empathic Pain": 0.031982067972421646,
            "Entrancement": 0.004063863307237625,
            "Envy": 0.013397680595517159,
            "Excitement": 0.008282427676022053,
            "Fear": 0.018641779199242592,
            "Guilt": 0.04484856128692627,
            "Horror": 0.009102053940296173,
            "Interest": 0.028274694457650185,
            "Joy": 0.004706371109932661,
            "Love": 0.004560656379908323,
            "Nostalgia": 0.018480971455574036,
            "Pain": 0.023289870470762253,
            "Pride": 0.012186309322714806,
            "Realization": 0.07151075452566147,
            "Relief": 0.006644032429903746,
            "Romance": 0.003623967757448554,
            "Sadness": 0.11825248599052429,
            "Satisfaction": 0.006884824484586716,
            "Shame": 0.04949022829532623,
            "Surprise (negative)": 0.056001875549554825,
            "Surprise (positive)": 0.008951717056334019,
            "Sympathy": 0.04739479348063469,
            "Tiredness": 0.02018558606505394,
            "Triumph": 0.005010293796658516
        },
        "lang": {
            "Admiration": 0.03667479815582434,
            "Adoration": 0.027281197408835094,
            "Aesthetic Appreciation": 0.015733806726833183,
            "Amusement": 0.06828957423567772,
            "Anger": 0.01145734948416551,
            "Annoyance": 0.11814885959029198,
            "Anxiety": 0.009675811200092236,
            "Awe": 0.025220165650049847,
            "Awkwardness": 0.10317887427906196,
            "Boredom": 0.03650498033190767,
            "Calmness": 0.03950839955359697,
            "Concentration": 0.009945102501660585,
            "Confusion": 0.07511292242755492,
            "Contemplation": 0.020251327194273472,
            "Contempt": 0.027012838361163933,
            "Contentment": 0.018876532713572185,
            "Craving": 0.005156094169554611,
            "Desire": 0.009269871671373645,
            "Determination": 0.018292776308953762,
            "Disappointment": 0.07183780257279675,
            "Disapproval": 0.056659334960083164,
            "Disgust": 0.009939992567524314,
            "Distress": 0.01331409097959598,
            "Doubt": 0.023919031334420044,
            "Ecstasy": 0.011647240491583943,
            "Embarrassment": 0.01798402122221887,
            "Empathic Pain": 0.00668344732063512,
            "Enthusiasm": 0.25607282978792983,
            "Entrancement": 0.012671504480143389,
            "Envy": 0.0052034032220641775,
            "Excitement": 0.21043233945965767,
            "Fear": 0.0038497863182177148,
            "Gratitude": 0.013284456916153431,
            "Guilt": 0.003248554033537706,
            "Horror": 0.002498387087446948,
            "Interest": 0.14945410440365473,
            "Joy": 0.07914080408712228,
            "Love": 0.01540503278374672,
            "Nostalgia": 0.003536866744980216,
            "Pain": 0.003143221721984446,
            "Pride": 0.007438867663343747,
            "Realization": 0.14569281289974848,
            "Relief": 0.00895224759976069,
            "Romance": 0.008885109176238378,
            "Sadness": 0.010132154100574553,
            "Sarcasm": 0.0749736912548542,
            "Satisfaction": 0.0355111596484979,
            "Shame": 0.009083162061870098,
            "Surprise (negative)": 0.24917234666645527,
            "Surprise (positive)": 0.2765640914440155,
            "Sympathy": 0.0094683727559944,
            "Tiredness": 0.0058617864463788765,
            "Triumph": 0.013677821184198061
        }
    }
}