{
    "metadata": {
        "dialogue_id": "58",
        "time_start": "00-00-10.260",
        "time_end": "00-00-11.677",
        "speaker": "Joey",
        "emotion": "neutral",
        "sentiment": "neutral",
        "text_content": "Hey!",
        "file_name": "58_00-00-10.260_00-00-11.677_Joey_neutral_neutral"
    },
    "predicted": {
        "face": {
            "Admiration": 0.06134238839149475,
            "Adoration": 0.04420074075460434,
            "Aesthetic Appreciation": 0.0432150661945343,
            "Amusement": 0.10248973965644836,
            "Anger": 0.13878801465034485,
            "Anxiety": 0.1963314414024353,
            "Awe": 0.11972875893115997,
            "Awkwardness": 0.20530499517917633,
            "Boredom": 0.21847374737262726,
            "Calmness": 0.1940377652645111,
            "Concentration": 0.30790212750434875,
            "Confusion": 0.5740011930465698,
            "Contemplation": 0.15508818626403809,
            "Contempt": 0.18377971649169922,
            "Contentment": 0.06306010484695435,
            "Craving": 0.05155429616570473,
            "Desire": 0.06147434934973717,
            "Determination": 0.1050092875957489,
            "Disappointment": 0.33501410484313965,
            "Disgust": 0.2069822996854782,
            "Distress": 0.30025723576545715,
            "Doubt": 0.35665398836135864,
            "Ecstasy": 0.034674566239118576,
            "Embarrassment": 0.12234833091497421,
            "Empathic Pain": 0.12174396961927414,
            "Entrancement": 0.0953143909573555,
            "Envy": 0.043422188609838486,
            "Excitement": 0.0671415776014328,
            "Fear": 0.16165436804294586,
            "Guilt": 0.09418459236621857,
            "Horror": 0.09879571199417114,
            "Interest": 0.2030024230480194,
            "Joy": 0.05956478416919708,
            "Love": 0.05360536649823189,
            "Nostalgia": 0.048165783286094666,
            "Pain": 0.22624392807483673,
            "Pride": 0.04262460768222809,
            "Realization": 0.1717539280653,
            "Relief": 0.055864252150058746,
            "Romance": 0.029941316694021225,
            "Sadness": 0.2429485321044922,
            "Satisfaction": 0.07492925226688385,
            "Shame": 0.08744707703590393,
            "Surprise (negative)": 0.12742607295513153,
            "Surprise (positive)": 0.07240529358386993,
            "Sympathy": 0.05259616672992706,
            "Tiredness": 0.22065134346485138,
            "Triumph": 0.02974894270300865
        },
        "prosody": {
            "Admiration": 0,
            "Adoration": 0,
            "Aesthetic Appreciation": 0,
            "Amusement": 0,
            "Anger": 0,
            "Annoyance": 0,
            "Anxiety": 0,
            "Awe": 0,
            "Awkwardness": 0,
            "Boredom": 0,
            "Calmness": 0,
            "Concentration": 0,
            "Confusion": 0,
            "Contemplation": 0,
            "Contempt": 0,
            "Contentment": 0,
            "Craving": 0,
            "Desire": 0,
            "Determination": 0,
            "Disappointment": 0,
            "Disapproval": 0,
            "Disgust": 0,
            "Distress": 0,
            "Doubt": 0,
            "Ecstasy": 0,
            "Embarrassment": 0,
            "Empathic Pain": 0,
            "Enthusiasm": 0,
            "Entrancement": 0,
            "Envy": 0,
            "Excitement": 0,
            "Fear": 0,
            "Gratitude": 0,
            "Guilt": 0,
            "Horror": 0,
            "Interest": 0,
            "Joy": 0,
            "Love": 0,
            "Nostalgia": 0,
            "Pain": 0,
            "Pride": 0,
            "Realization": 0,
            "Relief": 0,
            "Romance": 0,
            "Sadness": 0,
            "Sarcasm": 0,
            "Satisfaction": 0,
            "Shame": 0,
            "Surprise (negative)": 0,
            "Surprise (positive)": 0,
            "Sympathy": 0,
            "Tiredness": 0,
            "Triumph": 0
        },
        "lang": {}
    }
}