{
    "metadata": {
        "dialogue_id": "591",
        "time_start": "00-00-05.673",
        "time_end": "00-00-06.756",
        "speaker": "Ross",
        "emotion": "neutral",
        "sentiment": "neutral",
        "text_content": "I'll take sports.",
        "file_name": "591_00-00-05.673_00-00-06.756_Ross_neutral_neutral"
    },
    "predicted": {
        "face": {
            "Admiration": 0.055045317858457565,
            "Adoration": 0.042542487382888794,
            "Aesthetic Appreciation": 0.04225246235728264,
            "Amusement": 0.07360915094614029,
            "Anger": 0.0710223838686943,
            "Anxiety": 0.24204349517822266,
            "Awe": 0.08926602452993393,
            "Awkwardness": 0.18907009065151215,
            "Boredom": 0.32312819361686707,
            "Calmness": 0.2845817506313324,
            "Concentration": 0.38756340742111206,
            "Confusion": 0.4321196675300598,
            "Contemplation": 0.2148430198431015,
            "Contempt": 0.1229279413819313,
            "Contentment": 0.06693124026060104,
            "Craving": 0.046904753893613815,
            "Desire": 0.058087561279535294,
            "Determination": 0.09308156371116638,
            "Disappointment": 0.4232042729854584,
            "Disgust": 0.09705130755901337,
            "Distress": 0.34255704283714294,
            "Doubt": 0.32247182726860046,
            "Ecstasy": 0.024944771081209183,
            "Embarrassment": 0.1658063530921936,
            "Empathic Pain": 0.12252751737833023,
            "Entrancement": 0.10454073548316956,
            "Envy": 0.033055130392313004,
            "Excitement": 0.039943985641002655,
            "Fear": 0.13197404146194458,
            "Guilt": 0.15621381998062134,
            "Horror": 0.06010083109140396,
            "Interest": 0.1794077605009079,
            "Joy": 0.04014556109905243,
            "Love": 0.05503680557012558,
            "Nostalgia": 0.05803821235895157,
            "Pain": 0.2016800343990326,
            "Pride": 0.032227713614702225,
            "Realization": 0.19161176681518555,
            "Relief": 0.07058484852313995,
            "Romance": 0.03767935186624527,
            "Sadness": 0.323159784078598,
            "Satisfaction": 0.06825549900531769,
            "Shame": 0.1468866467475891,
            "Surprise (negative)": 0.083414725959301,
            "Surprise (positive)": 0.047917623072862625,
            "Sympathy": 0.0596272274851799,
            "Tiredness": 0.39162248373031616,
            "Triumph": 0.017223423346877098
        },
        "prosody": {
            "Admiration": 0.06825833767652512,
            "Adoration": 0.03499382734298706,
            "Aesthetic Appreciation": 0.06265091896057129,
            "Amusement": 0.1256401687860489,
            "Anger": 0.008660713210701942,
            "Anxiety": 0.006563413422554731,
            "Awe": 0.08472616225481033,
            "Awkwardness": 0.02893698401749134,
            "Boredom": 0.0568862184882164,
            "Calmness": 0.09761112928390503,
            "Concentration": 0.020913632586598396,
            "Confusion": 0.026660531759262085,
            "Contemplation": 0.024764543399214745,
            "Contempt": 0.007677251473069191,
            "Contentment": 0.1510835886001587,
            "Craving": 0.0028220927342772484,
            "Desire": 0.003979333210736513,
            "Determination": 0.019803907722234726,
            "Disappointment": 0.011251143179833889,
            "Disgust": 0.004585815127938986,
            "Distress": 0.006676032207906246,
            "Doubt": 0.00979352556169033,
            "Ecstasy": 0.04063815250992775,
            "Embarrassment": 0.0031078574247658253,
            "Empathic Pain": 0.000583270622882992,
            "Entrancement": 0.02908652275800705,
            "Envy": 0.004508682526648045,
            "Excitement": 0.3958190679550171,
            "Fear": 0.0041467417031526566,
            "Guilt": 0.000892729265615344,
            "Horror": 0.004430333152413368,
            "Interest": 0.16837652027606964,
            "Joy": 0.25725284218788147,
            "Love": 0.03249874711036682,
            "Nostalgia": 0.016503969207406044,
            "Pain": 0.0008459909586235881,
            "Pride": 0.04550434648990631,
            "Realization": 0.08374616503715515,
            "Relief": 0.03572916239500046,
            "Romance": 0.0045072901993989944,
            "Sadness": 0.002131245331838727,
            "Satisfaction": 0.15434294939041138,
            "Shame": 0.0010052816942334175,
            "Surprise (negative)": 0.014314085245132446,
            "Surprise (positive)": 0.23766909539699554,
            "Sympathy": 0.0017536657396703959,
            "Tiredness": 0.004610566888004541,
            "Triumph": 0.025892585515975952
        },
        "lang": {}
    }
}