{
    "metadata": {
        "dialogue_id": "596",
        "time_start": "00-01-59.077",
        "time_end": "00-02-02.204",
        "speaker": "Joey",
        "emotion": "anger",
        "sentiment": "negative",
        "text_content": "Hey! It\u0092s Porsche!!",
        "file_name": "596_00-01-59.077_00-02-02.204_Joey_anger_negative"
    },
    "predicted": {
        "face": {
            "Admiration": 0.0793338492512703,
            "Adoration": 0.039180856198072433,
            "Aesthetic Appreciation": 0.051505882292985916,
            "Amusement": 0.09742733836174011,
            "Anger": 0.09520412981510162,
            "Anxiety": 0.19388264417648315,
            "Awe": 0.2882114350795746,
            "Awkwardness": 0.24240389466285706,
            "Boredom": 0.3101186752319336,
            "Calmness": 0.27001869678497314,
            "Concentration": 0.4059911370277405,
            "Confusion": 0.578315258026123,
            "Contemplation": 0.167378231883049,
            "Contempt": 0.1474103480577469,
            "Contentment": 0.06071382761001587,
            "Craving": 0.05300809070467949,
            "Desire": 0.0410904623568058,
            "Determination": 0.10970044881105423,
            "Disappointment": 0.235906720161438,
            "Disgust": 0.11205799132585526,
            "Distress": 0.19801746308803558,
            "Doubt": 0.37936386466026306,
            "Ecstasy": 0.028761960566043854,
            "Embarrassment": 0.10431312769651413,
            "Empathic Pain": 0.07459854334592819,
            "Entrancement": 0.13962899148464203,
            "Envy": 0.0476163849234581,
            "Excitement": 0.07392509281635284,
            "Fear": 0.2952735722064972,
            "Guilt": 0.07100176811218262,
            "Horror": 0.21894729137420654,
            "Interest": 0.2682930827140808,
            "Joy": 0.0437336191534996,
            "Love": 0.03678302839398384,
            "Nostalgia": 0.042188722640275955,
            "Pain": 0.07555076479911804,
            "Pride": 0.03493859991431236,
            "Realization": 0.21250319480895996,
            "Relief": 0.03975476324558258,
            "Romance": 0.021881742402911186,
            "Sadness": 0.12515996396541595,
            "Satisfaction": 0.05349335819482803,
            "Shame": 0.05349596589803696,
            "Surprise (negative)": 0.32540035247802734,
            "Surprise (positive)": 0.23680204153060913,
            "Sympathy": 0.050603337585926056,
            "Tiredness": 0.1647895723581314,
            "Triumph": 0.022306332364678383
        },
        "prosody": {
            "Admiration": 0,
            "Adoration": 0,
            "Aesthetic Appreciation": 0,
            "Amusement": 0,
            "Anger": 0,
            "Annoyance": 0,
            "Anxiety": 0,
            "Awe": 0,
            "Awkwardness": 0,
            "Boredom": 0,
            "Calmness": 0,
            "Concentration": 0,
            "Confusion": 0,
            "Contemplation": 0,
            "Contempt": 0,
            "Contentment": 0,
            "Craving": 0,
            "Desire": 0,
            "Determination": 0,
            "Disappointment": 0,
            "Disapproval": 0,
            "Disgust": 0,
            "Distress": 0,
            "Doubt": 0,
            "Ecstasy": 0,
            "Embarrassment": 0,
            "Empathic Pain": 0,
            "Enthusiasm": 0,
            "Entrancement": 0,
            "Envy": 0,
            "Excitement": 0,
            "Fear": 0,
            "Gratitude": 0,
            "Guilt": 0,
            "Horror": 0,
            "Interest": 0,
            "Joy": 0,
            "Love": 0,
            "Nostalgia": 0,
            "Pain": 0,
            "Pride": 0,
            "Realization": 0,
            "Relief": 0,
            "Romance": 0,
            "Sadness": 0,
            "Sarcasm": 0,
            "Satisfaction": 0,
            "Shame": 0,
            "Surprise (negative)": 0,
            "Surprise (positive)": 0,
            "Sympathy": 0,
            "Tiredness": 0,
            "Triumph": 0
        },
        "lang": {}
    }
}