{
    "metadata": {
        "dialogue_id": "597",
        "time_start": "00-00-08.508",
        "time_end": "00-00-13.137",
        "speaker": "Chandler",
        "emotion": "neutral",
        "sentiment": "neutral",
        "file_name": "597_00-00-08.508_00-00-13.137_Chandler_neutral_neutral"
    },
    "predicted": {
        "face": {
            "Admiration": 0.04510565847158432,
            "Adoration": 0.02736465074121952,
            "Aesthetic Appreciation": 0.04203079268336296,
            "Amusement": 0.056499551981687546,
            "Anger": 0.1821589171886444,
            "Anxiety": 0.18885789811611176,
            "Awe": 0.05453396216034889,
            "Awkwardness": 0.2306666076183319,
            "Boredom": 0.432817667722702,
            "Calmness": 0.35344743728637695,
            "Concentration": 0.5047126412391663,
            "Confusion": 0.6820520758628845,
            "Contemplation": 0.21657028794288635,
            "Contempt": 0.30408576130867004,
            "Contentment": 0.06790053844451904,
            "Craving": 0.039302192628383636,
            "Desire": 0.03151003271341324,
            "Determination": 0.14668229222297668,
            "Disappointment": 0.4037279188632965,
            "Disgust": 0.2345331907272339,
            "Distress": 0.24086852371692657,
            "Doubt": 0.49969181418418884,
            "Ecstasy": 0.013149642385542393,
            "Embarrassment": 0.0960002914071083,
            "Empathic Pain": 0.1050427109003067,
            "Entrancement": 0.090694360435009,
            "Envy": 0.058252230286598206,
            "Excitement": 0.02504441700875759,
            "Fear": 0.0911351814866066,
            "Guilt": 0.08558155596256256,
            "Horror": 0.04274296015501022,
            "Interest": 0.2163091003894806,
            "Joy": 0.029511401429772377,
            "Love": 0.02996736951172352,
            "Nostalgia": 0.04643462598323822,
            "Pain": 0.13360771536827087,
            "Pride": 0.044542744755744934,
            "Realization": 0.12506014108657837,
            "Relief": 0.03443558141589165,
            "Romance": 0.0183530542999506,
            "Sadness": 0.2531488835811615,
            "Satisfaction": 0.04889199137687683,
            "Shame": 0.0780920460820198,
            "Surprise (negative)": 0.06203386187553406,
            "Surprise (positive)": 0.02698892541229725,
            "Sympathy": 0.061835877597332,
            "Tiredness": 0.2402513325214386,
            "Triumph": 0.01641124114394188
        },
        "prosody": {
            "Admiration": 0.00898218248039484,
            "Adoration": 0.006764636375010014,
            "Aesthetic Appreciation": 0.002336188917979598,
            "Amusement": 0.04038509726524353,
            "Anger": 0.039209749549627304,
            "Anxiety": 0.05304590240120888,
            "Awe": 0.0013119288487359881,
            "Awkwardness": 0.055945467203855515,
            "Boredom": 0.0030366890132427216,
            "Calmness": 0.01019310299307108,
            "Concentration": 0.010390969924628735,
            "Confusion": 0.02149634063243866,
            "Contemplation": 0.1206667572259903,
            "Contempt": 0.048420023173093796,
            "Contentment": 0.0034567988477647305,
            "Craving": 0.0023340312764048576,
            "Desire": 0.0013671022607013583,
            "Determination": 0.0054140216670930386,
            "Disappointment": 0.34243983030319214,
            "Disgust": 0.023122036829590797,
            "Distress": 0.172813281416893,
            "Doubt": 0.03225269913673401,
            "Ecstasy": 0.0004646643646992743,
            "Embarrassment": 0.12751701474189758,
            "Empathic Pain": 0.15378618240356445,
            "Entrancement": 0.0013515078462660313,
            "Envy": 0.029128022491931915,
            "Excitement": 0.0014386982657015324,
            "Fear": 0.013116491958498955,
            "Guilt": 0.1529390662908554,
            "Horror": 0.005950383376330137,
            "Interest": 0.005379285663366318,
            "Joy": 0.00272491411305964,
            "Love": 0.0075901406817138195,
            "Nostalgia": 0.22648444771766663,
            "Pain": 0.08689673990011215,
            "Pride": 0.015236246399581432,
            "Realization": 0.04866264387965202,
            "Relief": 0.0018304898403584957,
            "Romance": 0.00500518549233675,
            "Sadness": 0.4942500591278076,
            "Satisfaction": 0.003515338758006692,
            "Shame": 0.08903170377016068,
            "Surprise (negative)": 0.028963377699255943,
            "Surprise (positive)": 0.0012727831490337849,
            "Sympathy": 0.06767500191926956,
            "Tiredness": 0.009669940918684006,
            "Triumph": 0.0024564641062170267
        },
        "lang": {
            "Admiration": 0.01818935285555199,
            "Adoration": 0.008358693923219107,
            "Aesthetic Appreciation": 0.014809762535151094,
            "Amusement": 0.03994950596243143,
            "Anger": 0.004514919206121704,
            "Annoyance": 0.02132443992886692,
            "Anxiety": 0.0717526119435206,
            "Awe": 0.02140198473352939,
            "Awkwardness": 0.06304760589264333,
            "Boredom": 0.02924592567142099,
            "Calmness": 0.04915431193076074,
            "Concentration": 0.0129214754444547,
            "Confusion": 0.10042187012732029,
            "Contemplation": 0.3857211031019688,
            "Contempt": 0.02553281313739717,
            "Contentment": 0.019131733267568053,
            "Craving": 0.003950171323958784,
            "Desire": 0.002518144636997022,
            "Determination": 0.006620297295739874,
            "Disappointment": 0.0631532340310514,
            "Disapproval": 0.01835609283298254,
            "Disgust": 0.006954414947540499,
            "Distress": 0.10177803045371547,
            "Doubt": 0.1304434034973383,
            "Ecstasy": 0.0023900367552414535,
            "Embarrassment": 0.06623580404557287,
            "Empathic Pain": 0.09058298815507441,
            "Enthusiasm": 0.01167440232820809,
            "Entrancement": 0.019682348985224963,
            "Envy": 0.008301357060554437,
            "Excitement": 0.006211966736009345,
            "Fear": 0.02951289625489153,
            "Gratitude": 0.013185751566197723,
            "Guilt": 0.030870710345334375,
            "Horror": 0.007843831406717072,
            "Interest": 0.10855174132157117,
            "Joy": 0.011078393692150712,
            "Love": 0.010364513171953148,
            "Nostalgia": 0.05391447586007416,
            "Pain": 0.13035073957871646,
            "Pride": 0.010100312280701473,
            "Realization": 0.19396467916667462,
            "Relief": 0.023929643409792332,
            "Romance": 0.005765766630065628,
            "Sadness": 0.2967495985329151,
            "Sarcasm": 0.0704265839420259,
            "Satisfaction": 0.01438034768216312,
            "Shame": 0.07618641786975786,
            "Surprise (negative)": 0.036082153138704595,
            "Surprise (positive)": 0.021024307678453626,
            "Sympathy": 0.04771292482037097,
            "Tiredness": 0.02531432828400284,
            "Triumph": 0.007097732124384493
        }
    }
}