{
    "metadata": {
        "dialogue_id": "602",
        "time_start": "00-00-16.100",
        "time_end": "00-00-21.104",
        "speaker": "Monica",
        "emotion": "surprise",
        "sentiment": "positive",
        "file_name": "602_00-00-16.100_00-00-21.104_Monica_surprise_positive"
    },
    "predicted": {
        "face": {
            "Admiration": 0.12202323228120804,
            "Adoration": 0.09514548629522324,
            "Aesthetic Appreciation": 0.08013799041509628,
            "Amusement": 0.1321565955877304,
            "Anger": 0.09987115114927292,
            "Anxiety": 0.13992321491241455,
            "Awe": 0.09479811787605286,
            "Awkwardness": 0.1829359233379364,
            "Boredom": 0.38855454325675964,
            "Calmness": 0.4243773818016052,
            "Concentration": 0.44754865765571594,
            "Confusion": 0.4186101257801056,
            "Contemplation": 0.2741929292678833,
            "Contempt": 0.2255520224571228,
            "Contentment": 0.141456738114357,
            "Craving": 0.05933716148138046,
            "Desire": 0.061675261706113815,
            "Determination": 0.1445154994726181,
            "Disappointment": 0.30325061082839966,
            "Disgust": 0.11038479208946228,
            "Distress": 0.18311868607997894,
            "Doubt": 0.37115222215652466,
            "Ecstasy": 0.033324144780635834,
            "Embarrassment": 0.08503058552742004,
            "Empathic Pain": 0.08507631719112396,
            "Entrancement": 0.13271762430667877,
            "Envy": 0.060027558356523514,
            "Excitement": 0.06315924227237701,
            "Fear": 0.08832429349422455,
            "Guilt": 0.07417207956314087,
            "Horror": 0.036949992179870605,
            "Interest": 0.3152778148651123,
            "Joy": 0.09536975622177124,
            "Love": 0.10934698581695557,
            "Nostalgia": 0.08276081085205078,
            "Pain": 0.11972308903932571,
            "Pride": 0.08731459081172943,
            "Realization": 0.16369932889938354,
            "Relief": 0.07456336915493011,
            "Romance": 0.05135740712285042,
            "Sadness": 0.22643667459487915,
            "Satisfaction": 0.1339181661605835,
            "Shame": 0.06799270212650299,
            "Surprise (negative)": 0.04633823037147522,
            "Surprise (positive)": 0.03684660792350769,
            "Sympathy": 0.06700041145086288,
            "Tiredness": 0.2250058799982071,
            "Triumph": 0.039310380816459656
        },
        "prosody": {
            "Admiration": 0.01410341914743185,
            "Adoration": 0.010541723109781742,
            "Aesthetic Appreciation": 0.003924587741494179,
            "Amusement": 0.08475995808839798,
            "Anger": 0.03972690925002098,
            "Anxiety": 0.06472554057836533,
            "Awe": 0.012943556532263756,
            "Awkwardness": 0.04793310537934303,
            "Boredom": 0.003222408704459667,
            "Calmness": 0.0018961256137117743,
            "Concentration": 0.0022995660547167063,
            "Confusion": 0.054554518312215805,
            "Contemplation": 0.014889990910887718,
            "Contempt": 0.035667065531015396,
            "Contentment": 0.0027620946057140827,
            "Craving": 0.0011697625741362572,
            "Desire": 0.00172216328792274,
            "Determination": 0.001452344236895442,
            "Disappointment": 0.3240872323513031,
            "Disgust": 0.02380717732012272,
            "Distress": 0.15687496960163116,
            "Doubt": 0.015985770151019096,
            "Ecstasy": 0.003076710272580385,
            "Embarrassment": 0.04149041324853897,
            "Empathic Pain": 0.0665690004825592,
            "Entrancement": 0.0015152513515204191,
            "Envy": 0.02435017190873623,
            "Excitement": 0.006491619162261486,
            "Fear": 0.024477073922753334,
            "Guilt": 0.02552485652267933,
            "Horror": 0.021947599947452545,
            "Interest": 0.008453398942947388,
            "Joy": 0.00879200454801321,
            "Love": 0.010419510304927826,
            "Nostalgia": 0.06406186521053314,
            "Pain": 0.04518623650074005,
            "Pride": 0.004352684132754803,
            "Realization": 0.04991917684674263,
            "Relief": 0.002953219460323453,
            "Romance": 0.006127155385911465,
            "Sadness": 0.26509997248649597,
            "Satisfaction": 0.0036740864161401987,
            "Shame": 0.03263232484459877,
            "Surprise (negative)": 0.09835142642259598,
            "Surprise (positive)": 0.027208901941776276,
            "Sympathy": 0.07373229414224625,
            "Tiredness": 0.0020276112481951714,
            "Triumph": 0.0019068624824285507
        },
        "lang": {
            "Admiration": 0.07371257967315614,
            "Adoration": 0.044662491243798286,
            "Aesthetic Appreciation": 0.01240073710020321,
            "Amusement": 0.11428879511853059,
            "Anger": 0.022452202547962468,
            "Annoyance": 0.16060766484588385,
            "Anxiety": 0.0052967454539611936,
            "Awe": 0.13789370353333652,
            "Awkwardness": 0.06839663217154641,
            "Boredom": 0.0077666213231471675,
            "Calmness": 0.011352342437021434,
            "Concentration": 0.0019504025985952467,
            "Confusion": 0.062174992092574634,
            "Contemplation": 0.027221476077102125,
            "Contempt": 0.04402014155251285,
            "Contentment": 0.00911013133979092,
            "Craving": 0.0016405061857464414,
            "Desire": 0.017147196682344656,
            "Determination": 0.001643779386843865,
            "Disappointment": 0.14745356421917677,
            "Disapproval": 0.0644370367905746,
            "Disgust": 0.019161358883138746,
            "Distress": 0.01901799867240091,
            "Doubt": 0.017501210366996627,
            "Ecstasy": 0.007783151973853819,
            "Embarrassment": 0.05431711712541679,
            "Empathic Pain": 0.0200739258628649,
            "Enthusiasm": 0.031793124275282025,
            "Entrancement": 0.021381512672329944,
            "Envy": 0.011316209565848112,
            "Excitement": 0.03926190784356246,
            "Fear": 0.0028848379151895642,
            "Gratitude": 0.007064950642719244,
            "Guilt": 0.007821561016802056,
            "Horror": 0.007017163171743353,
            "Interest": 0.047612873216470085,
            "Joy": 0.0340713063099732,
            "Love": 0.021173649719761062,
            "Nostalgia": 0.02019711992276522,
            "Pain": 0.015516281312253946,
            "Pride": 0.01450765955572327,
            "Realization": 0.19017171238859495,
            "Relief": 0.006121002583919714,
            "Romance": 0.00874175327286745,
            "Sadness": 0.06106911523966119,
            "Sarcasm": 0.18424944284682473,
            "Satisfaction": 0.016586322609024744,
            "Shame": 0.026564701615522306,
            "Surprise (negative)": 0.47058061013619107,
            "Surprise (positive)": 0.32276525037984055,
            "Sympathy": 0.017953450966160744,
            "Tiredness": 0.002380507115352278,
            "Triumph": 0.007714713904230545
        }
    }
}