{
    "metadata": {
        "dialogue_id": "610",
        "time_start": "00-00-10.927",
        "time_end": "00-00-13.888",
        "speaker": "Ross",
        "emotion": "joy",
        "sentiment": "positive",
        "text_content": "No, it's ok! Made me feel like a rock star!",
        "file_name": "610_00-00-10.927_00-00-13.888_Ross_joy_positive"
    },
    "predicted": {
        "face": {
            "Admiration": 0.18169090151786804,
            "Adoration": 0.15893378853797913,
            "Aesthetic Appreciation": 0.10151968896389008,
            "Amusement": 0.30337652564048767,
            "Anger": 0.06436234712600708,
            "Anxiety": 0.12243106961250305,
            "Awe": 0.1273535043001175,
            "Awkwardness": 0.2286783754825592,
            "Boredom": 0.28435835242271423,
            "Calmness": 0.4645416736602783,
            "Concentration": 0.42726945877075195,
            "Confusion": 0.341621071100235,
            "Contemplation": 0.20372673869132996,
            "Contempt": 0.1668650507926941,
            "Contentment": 0.21425339579582214,
            "Craving": 0.07474073022603989,
            "Desire": 0.09504169225692749,
            "Determination": 0.1281070113182068,
            "Disappointment": 0.2200777679681778,
            "Disgust": 0.08550228923559189,
            "Distress": 0.14515331387519836,
            "Doubt": 0.2849208116531372,
            "Ecstasy": 0.0606093555688858,
            "Embarrassment": 0.10077853500843048,
            "Empathic Pain": 0.07402194291353226,
            "Entrancement": 0.15166860818862915,
            "Envy": 0.05507712811231613,
            "Excitement": 0.1595267951488495,
            "Fear": 0.09531980752944946,
            "Guilt": 0.06781619787216187,
            "Horror": 0.047354307025671005,
            "Interest": 0.46538814902305603,
            "Joy": 0.23802411556243896,
            "Love": 0.21507011353969574,
            "Nostalgia": 0.08326868712902069,
            "Pain": 0.0908152163028717,
            "Pride": 0.10079003125429153,
            "Realization": 0.17191119492053986,
            "Relief": 0.09836836904287338,
            "Romance": 0.08499660342931747,
            "Sadness": 0.15708701312541962,
            "Satisfaction": 0.22873716056346893,
            "Shame": 0.06305205821990967,
            "Surprise (negative)": 0.06491947919130325,
            "Surprise (positive)": 0.0738709568977356,
            "Sympathy": 0.08112076669931412,
            "Tiredness": 0.17001453042030334,
            "Triumph": 0.05504941567778587
        },
        "prosody": {
            "Admiration": 0.03500702977180481,
            "Adoration": 0.046734124422073364,
            "Aesthetic Appreciation": 0.05352957174181938,
            "Amusement": 0.3964966833591461,
            "Anger": 0.014719954691827297,
            "Anxiety": 0.19503159821033478,
            "Awe": 0.060554321855306625,
            "Awkwardness": 0.08168604224920273,
            "Boredom": 0.0048034037463366985,
            "Calmness": 0.008290019817650318,
            "Concentration": 0.012521946802735329,
            "Confusion": 0.06325506418943405,
            "Contemplation": 0.07321257889270782,
            "Contempt": 0.010849909856915474,
            "Contentment": 0.041247788816690445,
            "Craving": 0.020778566598892212,
            "Desire": 0.019527146592736244,
            "Determination": 0.02664990723133087,
            "Disappointment": 0.0214893389493227,
            "Disgust": 0.01094923634082079,
            "Distress": 0.09906339645385742,
            "Doubt": 0.03470916301012039,
            "Ecstasy": 0.17360900342464447,
            "Embarrassment": 0.0446191281080246,
            "Empathic Pain": 0.018521608784794807,
            "Entrancement": 0.026864824816584587,
            "Envy": 0.007689494639635086,
            "Excitement": 0.4690088629722595,
            "Fear": 0.12756061553955078,
            "Guilt": 0.0345979705452919,
            "Horror": 0.046272873878479004,
            "Interest": 0.2223282903432846,
            "Joy": 0.2516498863697052,
            "Love": 0.017801109701395035,
            "Nostalgia": 0.04331301525235176,
            "Pain": 0.026876753196120262,
            "Pride": 0.08063436299562454,
            "Realization": 0.13923056423664093,
            "Relief": 0.018054943531751633,
            "Romance": 0.021623440086841583,
            "Sadness": 0.03835755214095116,
            "Satisfaction": 0.08409635722637177,
            "Shame": 0.04516017436981201,
            "Surprise (negative)": 0.03400732949376106,
            "Surprise (positive)": 0.1596410721540451,
            "Sympathy": 0.010430031456053257,
            "Tiredness": 0.0026630046777427197,
            "Triumph": 0.05078493431210518
        },
        "lang": {}
    }
}