{
    "metadata": {
        "dialogue_id": "615",
        "time_start": "00-00-19.186",
        "time_end": "00-00-20.278",
        "speaker": "Chandler",
        "emotion": "anger",
        "sentiment": "negative",
        "file_name": "615_00-00-19.186_00-00-20.278_Chandler_anger_negative"
    },
    "predicted": {
        "face": {
            "Admiration": 0.06286374479532242,
            "Adoration": 0.044212568551301956,
            "Aesthetic Appreciation": 0.04840993136167526,
            "Amusement": 0.10264407098293304,
            "Anger": 0.17388591170310974,
            "Anxiety": 0.1842375099658966,
            "Awe": 0.06315117329359055,
            "Awkwardness": 0.25955915451049805,
            "Boredom": 0.2610396444797516,
            "Calmness": 0.21029487252235413,
            "Concentration": 0.3549399673938751,
            "Confusion": 0.5525063276290894,
            "Contemplation": 0.2050003856420517,
            "Contempt": 0.2941187024116516,
            "Contentment": 0.07014967501163483,
            "Craving": 0.07345074415206909,
            "Desire": 0.07301695644855499,
            "Determination": 0.14820651710033417,
            "Disappointment": 0.35095149278640747,
            "Disgust": 0.2528247833251953,
            "Distress": 0.23269332945346832,
            "Doubt": 0.4390980303287506,
            "Ecstasy": 0.024487396702170372,
            "Embarrassment": 0.11747591197490692,
            "Empathic Pain": 0.09673085063695908,
            "Entrancement": 0.08458083868026733,
            "Envy": 0.06250136345624924,
            "Excitement": 0.0515049509704113,
            "Fear": 0.10270713269710541,
            "Guilt": 0.08487743139266968,
            "Horror": 0.050626516342163086,
            "Interest": 0.23442310094833374,
            "Joy": 0.05258476361632347,
            "Love": 0.05296052247285843,
            "Nostalgia": 0.04906393215060234,
            "Pain": 0.14202626049518585,
            "Pride": 0.05727409943938255,
            "Realization": 0.13259181380271912,
            "Relief": 0.0345587395131588,
            "Romance": 0.03392408788204193,
            "Sadness": 0.19144269824028015,
            "Satisfaction": 0.07552557438611984,
            "Shame": 0.08504106849431992,
            "Surprise (negative)": 0.059473250061273575,
            "Surprise (positive)": 0.02806241810321808,
            "Sympathy": 0.052603915333747864,
            "Tiredness": 0.143785759806633,
            "Triumph": 0.03020293265581131
        },
        "prosody": {
            "Admiration": 0.006570952013134956,
            "Adoration": 0.004188505932688713,
            "Aesthetic Appreciation": 0.007629564963281155,
            "Amusement": 0.05866159498691559,
            "Anger": 0.15842249989509583,
            "Anxiety": 0.15470007061958313,
            "Awe": 0.05080317705869675,
            "Awkwardness": 0.05545344576239586,
            "Boredom": 0.0041482700034976006,
            "Calmness": 0.004548465833067894,
            "Concentration": 0.009637939743697643,
            "Confusion": 0.19319036602973938,
            "Contemplation": 0.011944177560508251,
            "Contempt": 0.027785638347268105,
            "Contentment": 0.004216273780912161,
            "Craving": 0.002152996137738228,
            "Desire": 0.0026377122849226,
            "Determination": 0.031651079654693604,
            "Disappointment": 0.07626552879810333,
            "Disgust": 0.07875338196754456,
            "Distress": 0.31275123357772827,
            "Doubt": 0.03938091918826103,
            "Ecstasy": 0.015545718371868134,
            "Embarrassment": 0.0466790497303009,
            "Empathic Pain": 0.008424297906458378,
            "Entrancement": 0.006613753270357847,
            "Envy": 0.0028554664459079504,
            "Excitement": 0.10943528264760971,
            "Fear": 0.1390407383441925,
            "Guilt": 0.013388874009251595,
            "Horror": 0.17525456845760345,
            "Interest": 0.021100642159581184,
            "Joy": 0.018216555938124657,
            "Love": 0.002063980558887124,
            "Nostalgia": 0.003004547907039523,
            "Pain": 0.017743494361639023,
            "Pride": 0.00961786974221468,
            "Realization": 0.1414821892976761,
            "Relief": 0.009491275064647198,
            "Romance": 0.0011899954406544566,
            "Sadness": 0.01454074401408434,
            "Satisfaction": 0.008739056997001171,
            "Shame": 0.031811993569135666,
            "Surprise (negative)": 0.4608241617679596,
            "Surprise (positive)": 0.12198856472969055,
            "Sympathy": 0.004943677689880133,
            "Tiredness": 0.006848430261015892,
            "Triumph": 0.01990126445889473
        },
        "lang": {
            "Admiration": 0.004354287311434746,
            "Adoration": 0.0021252466365695,
            "Aesthetic Appreciation": 0.010756201529875397,
            "Amusement": 0.01966620432212949,
            "Anger": 0.02769649513065815,
            "Annoyance": 0.07579988315701484,
            "Anxiety": 0.016650869278237224,
            "Awe": 0.004020539182238281,
            "Awkwardness": 0.0718915868550539,
            "Boredom": 0.09263771055266261,
            "Calmness": 0.16626182459294797,
            "Concentration": 0.048145521245896813,
            "Confusion": 0.20622972026467323,
            "Contemplation": 0.2012886144220829,
            "Contempt": 0.040722233802080156,
            "Contentment": 0.03884140960872173,
            "Craving": 0.002932678465731442,
            "Desire": 0.001642141689080745,
            "Determination": 0.017387699522078037,
            "Disappointment": 0.026389920711517335,
            "Disapproval": 0.024407163076102734,
            "Disgust": 0.007696448639035225,
            "Distress": 0.012878637481480836,
            "Doubt": 0.09030592106282712,
            "Ecstasy": 0.001104437152389437,
            "Embarrassment": 0.013546405965462327,
            "Empathic Pain": 0.004449346056208015,
            "Enthusiasm": 0.009103281795978546,
            "Entrancement": 0.007094306312501431,
            "Envy": 0.0037805995671078563,
            "Excitement": 0.004028522386215627,
            "Fear": 0.004069706599693745,
            "Gratitude": 0.005825825687497854,
            "Guilt": 0.011371503002010286,
            "Horror": 0.0020036324043758214,
            "Interest": 0.07668182421475649,
            "Joy": 0.005552924936637282,
            "Love": 0.0026626753504388036,
            "Nostalgia": 0.006901682913303375,
            "Pain": 0.007154944655485451,
            "Pride": 0.014722034893929958,
            "Realization": 0.11453407108783722,
            "Relief": 0.00811900496482849,
            "Romance": 0.001985849218908697,
            "Sadness": 0.01332517759874463,
            "Sarcasm": 0.10347567722201348,
            "Satisfaction": 0.02469217013567686,
            "Shame": 0.022124412190169095,
            "Surprise (negative)": 0.04198432294651866,
            "Surprise (positive)": 0.01565813524648547,
            "Sympathy": 0.005441121431067586,
            "Tiredness": 0.028463055752217768,
            "Triumph": 0.011314529506489635
        }
    }
}