{
    "metadata": {
        "dialogue_id": "623",
        "time_start": "00-00-12.471",
        "time_end": "00-00-15.222",
        "speaker": "Ross",
        "emotion": "joy",
        "sentiment": "positive",
        "file_name": "623_00-00-12.471_00-00-15.222_Ross_joy_positive"
    },
    "predicted": {
        "face": {
            "Admiration": 0.10601974278688431,
            "Adoration": 0.1029655933380127,
            "Aesthetic Appreciation": 0.06971447169780731,
            "Amusement": 0.19561176002025604,
            "Anger": 0.07898222655057907,
            "Anxiety": 0.15593792498111725,
            "Awe": 0.08414778858423233,
            "Awkwardness": 0.21461917459964752,
            "Boredom": 0.2702259123325348,
            "Calmness": 0.37536752223968506,
            "Concentration": 0.346883624792099,
            "Confusion": 0.4338212311267853,
            "Contemplation": 0.18989305198192596,
            "Contempt": 0.18589003384113312,
            "Contentment": 0.16238057613372803,
            "Craving": 0.05343858152627945,
            "Desire": 0.07624872028827667,
            "Determination": 0.09668904542922974,
            "Disappointment": 0.3044378459453583,
            "Disgust": 0.15156523883342743,
            "Distress": 0.24615362286567688,
            "Doubt": 0.3190866708755493,
            "Ecstasy": 0.050087425857782364,
            "Embarrassment": 0.11976674199104309,
            "Empathic Pain": 0.12557928264141083,
            "Entrancement": 0.11131590604782104,
            "Envy": 0.04543580859899521,
            "Excitement": 0.0953085720539093,
            "Fear": 0.111229307949543,
            "Guilt": 0.0943971797823906,
            "Horror": 0.05288742482662201,
            "Interest": 0.28294113278388977,
            "Joy": 0.16315017640590668,
            "Love": 0.15347881615161896,
            "Nostalgia": 0.08095995336771011,
            "Pain": 0.2322385162115097,
            "Pride": 0.07522127032279968,
            "Realization": 0.15358923375606537,
            "Relief": 0.10119330883026123,
            "Romance": 0.06117688864469528,
            "Sadness": 0.3086828887462616,
            "Satisfaction": 0.17987564206123352,
            "Shame": 0.0913185253739357,
            "Surprise (negative)": 0.05869915708899498,
            "Surprise (positive)": 0.04188596457242966,
            "Sympathy": 0.08147068321704865,
            "Tiredness": 0.23172257840633392,
            "Triumph": 0.04059072211384773
        },
        "prosody": {
            "Admiration": 0.5678424835205078,
            "Adoration": 0.5435687303543091,
            "Aesthetic Appreciation": 0.4130218029022217,
            "Amusement": 0.21508316695690155,
            "Anger": 0.005935682915151119,
            "Anxiety": 0.00248141260817647,
            "Awe": 0.1024881899356842,
            "Awkwardness": 0.023310238495469093,
            "Boredom": 0.00368296867236495,
            "Calmness": 0.009570770896971226,
            "Concentration": 0.003359471680596471,
            "Confusion": 0.0016591381281614304,
            "Contemplation": 0.012888782657682896,
            "Contempt": 0.01913018710911274,
            "Contentment": 0.23988157510757446,
            "Craving": 0.015324401669204235,
            "Desire": 0.017244504764676094,
            "Determination": 0.009031900204718113,
            "Disappointment": 0.013564825057983398,
            "Disgust": 0.004159837495535612,
            "Distress": 0.00454719690605998,
            "Doubt": 0.00498477928340435,
            "Ecstasy": 0.12231512367725372,
            "Embarrassment": 0.009405672550201416,
            "Empathic Pain": 0.0021635047160089016,
            "Entrancement": 0.007186270784586668,
            "Envy": 0.04710087180137634,
            "Excitement": 0.4986816644668579,
            "Fear": 0.0013797662686556578,
            "Guilt": 0.004828659351915121,
            "Horror": 0.00080496771261096,
            "Interest": 0.15383024513721466,
            "Joy": 0.6312692761421204,
            "Love": 0.18154841661453247,
            "Nostalgia": 0.05138874426484108,
            "Pain": 0.00192872597835958,
            "Pride": 0.221528559923172,
            "Realization": 0.04651273414492607,
            "Relief": 0.12810496985912323,
            "Romance": 0.024210132658481598,
            "Sadness": 0.0030901175923645496,
            "Satisfaction": 0.6089084148406982,
            "Shame": 0.005379700567573309,
            "Surprise (negative)": 0.0013042375212535262,
            "Surprise (positive)": 0.10113164037466049,
            "Sympathy": 0.005670457612723112,
            "Tiredness": 0.004511347971856594,
            "Triumph": 0.09024389833211899
        },
        "lang": {
            "Admiration": 0.14535868097196467,
            "Adoration": 0.09914064971547175,
            "Aesthetic Appreciation": 0.039902995905971954,
            "Amusement": 0.015964580633278404,
            "Anger": 0.00519403768911226,
            "Annoyance": 0.04937547219118902,
            "Anxiety": 0.016819067819077254,
            "Awe": 0.02614477085964089,
            "Awkwardness": 0.04595584064788584,
            "Boredom": 0.015067970812586802,
            "Calmness": 0.07714670963053193,
            "Concentration": 0.00692574236641771,
            "Confusion": 0.09238484673551284,
            "Contemplation": 0.03278562587885452,
            "Contempt": 0.019582058303058147,
            "Contentment": 0.11564204269754035,
            "Craving": 0.00925518138267632,
            "Desire": 0.002346659266290122,
            "Determination": 0.012696634861640632,
            "Disappointment": 0.028087336861062795,
            "Disapproval": 0.009609544383628028,
            "Disgust": 0.001955298020870292,
            "Distress": 0.015193841673733135,
            "Doubt": 0.02981369435396378,
            "Ecstasy": 0.011365663925451892,
            "Embarrassment": 0.006214776009853397,
            "Empathic Pain": 0.006871188076079956,
            "Enthusiasm": 0.12377900804858655,
            "Entrancement": 0.009104766783171467,
            "Envy": 0.002131865461706184,
            "Excitement": 0.06523786345496774,
            "Fear": 0.0036014454983939815,
            "Gratitude": 0.5433057530483764,
            "Guilt": 0.007848444263800047,
            "Horror": 0.00044110979225869026,
            "Interest": 0.040015562903136015,
            "Joy": 0.14920234996160225,
            "Love": 0.06965048861872804,
            "Nostalgia": 0.004464211025541382,
            "Pain": 0.00861590784708304,
            "Pride": 0.03453887854370156,
            "Realization": 0.0219934804564608,
            "Relief": 0.03819340035053236,
            "Romance": 0.003942632374154138,
            "Sadness": 0.015053266360025321,
            "Sarcasm": 0.026195775451404706,
            "Satisfaction": 0.15953430899285845,
            "Shame": 0.008283754440656464,
            "Surprise (negative)": 0.00912078791381126,
            "Surprise (positive)": 0.042692667754766135,
            "Sympathy": 0.01020737602708063,
            "Tiredness": 0.03287842251925862,
            "Triumph": 0.030153052049822042
        }
    }
}