{
    "metadata": {
        "dialogue_id": "626",
        "time_start": "00-00-20.579",
        "time_end": "00-00-26.276",
        "speaker": "Monica",
        "emotion": "surprise",
        "sentiment": "positive",
        "text_content": "Whoa! Are you okay?",
        "file_name": "626_00-00-20.579_00-00-26.276_Monica_surprise_positive"
    },
    "predicted": {
        "face": {
            "Admiration": 0.07167932391166687,
            "Adoration": 0.055421896278858185,
            "Aesthetic Appreciation": 0.052350617945194244,
            "Amusement": 0.09039272367954254,
            "Anger": 0.11003218591213226,
            "Anxiety": 0.18799656629562378,
            "Awe": 0.09722194820642471,
            "Awkwardness": 0.19273103773593903,
            "Boredom": 0.2573382258415222,
            "Calmness": 0.2748112678527832,
            "Concentration": 0.3827187418937683,
            "Confusion": 0.4397045075893402,
            "Contemplation": 0.21810820698738098,
            "Contempt": 0.19499175250530243,
            "Contentment": 0.07893884181976318,
            "Craving": 0.061857424676418304,
            "Desire": 0.057682104408741,
            "Determination": 0.11760688573122025,
            "Disappointment": 0.3526180386543274,
            "Disgust": 0.17915929853916168,
            "Distress": 0.28168198466300964,
            "Doubt": 0.35148561000823975,
            "Ecstasy": 0.02815191075205803,
            "Embarrassment": 0.11556857079267502,
            "Empathic Pain": 0.14910878241062164,
            "Entrancement": 0.10840407758951187,
            "Envy": 0.051766712218523026,
            "Excitement": 0.05013222619891167,
            "Fear": 0.17442874610424042,
            "Guilt": 0.11752337217330933,
            "Horror": 0.07894165068864822,
            "Interest": 0.22458626329898834,
            "Joy": 0.05301688238978386,
            "Love": 0.06433263421058655,
            "Nostalgia": 0.07201775163412094,
            "Pain": 0.2502347528934479,
            "Pride": 0.048203352838754654,
            "Realization": 0.15816730260849,
            "Relief": 0.047423191368579865,
            "Romance": 0.03625984862446785,
            "Sadness": 0.42675796151161194,
            "Satisfaction": 0.07790735363960266,
            "Shame": 0.1047428622841835,
            "Surprise (negative)": 0.08340180665254593,
            "Surprise (positive)": 0.044033776968717575,
            "Sympathy": 0.0737496018409729,
            "Tiredness": 0.2117689847946167,
            "Triumph": 0.026233075186610222
        },
        "prosody": {
            "Admiration": 0.010514634544961154,
            "Adoration": 0.007832855451852083,
            "Aesthetic Appreciation": 0.010058286949060857,
            "Amusement": 0.07938730716705322,
            "Anger": 0.04140827071387321,
            "Anxiety": 0.13350688107311726,
            "Awe": 0.021249495446681976,
            "Awkwardness": 0.23487266898155212,
            "Boredom": 0.01174429152160883,
            "Calmness": 0.020442169159650803,
            "Concentration": 0.014689953532069921,
            "Confusion": 0.19449228793382645,
            "Contemplation": 0.01748022949323058,
            "Contempt": 0.020102010807022452,
            "Contentment": 0.02703213319182396,
            "Craving": 0.005591674882452935,
            "Desire": 0.013107146485708654,
            "Determination": 0.031702118925750256,
            "Disappointment": 0.06368101015686989,
            "Disgust": 0.02663228427991271,
            "Distress": 0.18431023508310318,
            "Doubt": 0.14576489478349686,
            "Ecstasy": 0.014733298681676388,
            "Embarrassment": 0.07329823821783066,
            "Empathic Pain": 0.027028439566493034,
            "Entrancement": 0.00496448262128979,
            "Envy": 0.008830335340462625,
            "Excitement": 0.04963282961398363,
            "Fear": 0.11197067517787218,
            "Guilt": 0.027758843265473843,
            "Horror": 0.04188691359013319,
            "Interest": 0.07161287637427449,
            "Joy": 0.027989991242066026,
            "Love": 0.006674018979538232,
            "Nostalgia": 0.006554555031470954,
            "Pain": 0.02301269955933094,
            "Pride": 0.009601734578609467,
            "Realization": 0.06177052855491638,
            "Relief": 0.08580810530111194,
            "Romance": 0.014262262382544577,
            "Sadness": 0.031932597048580647,
            "Satisfaction": 0.028164776507765055,
            "Shame": 0.040725091472268105,
            "Surprise (negative)": 0.1304551139473915,
            "Surprise (positive)": 0.08173588756471872,
            "Sympathy": 0.0462515321560204,
            "Tiredness": 0.020102845039218664,
            "Triumph": 0.012828889768570662
        },
        "lang": {}
    }
}