{
    "metadata": {
        "dialogue_id": "628",
        "time_start": "00-00-03.420",
        "time_end": "00-00-11.052",
        "speaker": "Gunther",
        "emotion": "disgust",
        "sentiment": "negative",
        "file_name": "628_00-00-03.420_00-00-11.052_Gunther_disgust_negative"
    },
    "predicted": {
        "face": {
            "Admiration": 0.16159683465957642,
            "Adoration": 0.22275769710540771,
            "Aesthetic Appreciation": 0.06994548439979553,
            "Amusement": 0.7960280776023865,
            "Anger": 0.014953888952732086,
            "Anxiety": 0.05174170434474945,
            "Awe": 0.06069619208574295,
            "Awkwardness": 0.16752956807613373,
            "Boredom": 0.05299527570605278,
            "Calmness": 0.20350557565689087,
            "Concentration": 0.09026338160037994,
            "Confusion": 0.0684175118803978,
            "Contemplation": 0.04492608457803726,
            "Contempt": 0.04611954092979431,
            "Contentment": 0.28697696328163147,
            "Craving": 0.03272602707147598,
            "Desire": 0.05708010122179985,
            "Determination": 0.034819211810827255,
            "Disappointment": 0.06102094054222107,
            "Disgust": 0.024062734097242355,
            "Distress": 0.06379052251577377,
            "Doubt": 0.047938019037246704,
            "Ecstasy": 0.19775813817977905,
            "Embarrassment": 0.10798221826553345,
            "Empathic Pain": 0.0315813273191452,
            "Entrancement": 0.07650995999574661,
            "Envy": 0.018074380233883858,
            "Excitement": 0.45856940746307373,
            "Fear": 0.0318877249956131,
            "Guilt": 0.03010556288063526,
            "Horror": 0.018190210685133934,
            "Interest": 0.2965022623538971,
            "Joy": 0.843289852142334,
            "Love": 0.49456363916397095,
            "Nostalgia": 0.07250477373600006,
            "Pain": 0.058037955313920975,
            "Pride": 0.11649151146411896,
            "Realization": 0.09174392372369766,
            "Relief": 0.15568779408931732,
            "Romance": 0.1011524349451065,
            "Sadness": 0.042205508798360825,
            "Satisfaction": 0.432501882314682,
            "Shame": 0.04108012095093727,
            "Surprise (negative)": 0.01708570495247841,
            "Surprise (positive)": 0.030450256541371346,
            "Sympathy": 0.05916942283511162,
            "Tiredness": 0.06556323915719986,
            "Triumph": 0.09394848346710205
        },
        "prosody": {
            "Admiration": 0.023031299002468586,
            "Adoration": 0.010532049229368567,
            "Aesthetic Appreciation": 0.013888664310798049,
            "Amusement": 0.12099123373627663,
            "Anger": 0.023392383940517902,
            "Anxiety": 0.05988992936909199,
            "Awe": 0.012093009543605149,
            "Awkwardness": 0.05175001919269562,
            "Boredom": 0.018543883226811886,
            "Calmness": 0.09277146682143211,
            "Concentration": 0.06708163022994995,
            "Confusion": 0.0642938893288374,
            "Contemplation": 0.11499246209859848,
            "Contempt": 0.03491745609790087,
            "Contentment": 0.08657471835613251,
            "Craving": 0.00816124933771789,
            "Desire": 0.00511502253357321,
            "Determination": 0.09335857257246971,
            "Disappointment": 0.10546184331178665,
            "Disgust": 0.023255418986082077,
            "Distress": 0.07010440621525049,
            "Doubt": 0.056648540776222944,
            "Ecstasy": 0.012182075530290604,
            "Embarrassment": 0.029540179297327995,
            "Empathic Pain": 0.006895035796333104,
            "Entrancement": 0.004631041549146175,
            "Envy": 0.009617889998480678,
            "Excitement": 0.05250995047390461,
            "Fear": 0.007005824241787195,
            "Guilt": 0.011649313848465681,
            "Horror": 0.00320391240529716,
            "Interest": 0.0783909298479557,
            "Joy": 0.034199588000774384,
            "Love": 0.008051631855778396,
            "Nostalgia": 0.06621569208800793,
            "Pain": 0.008698325138539076,
            "Pride": 0.199939277023077,
            "Realization": 0.17170069366693497,
            "Relief": 0.0409345431253314,
            "Romance": 0.0091302728978917,
            "Sadness": 0.01708542974665761,
            "Satisfaction": 0.12884094566106796,
            "Shame": 0.012189771747216582,
            "Surprise (negative)": 0.01743662776425481,
            "Surprise (positive)": 0.0576668456196785,
            "Sympathy": 0.015913808718323708,
            "Tiredness": 0.0365504389628768,
            "Triumph": 0.06072098761796951
        },
        "lang": {
            "Admiration": 0.042072551544098294,
            "Adoration": 0.006867125599562903,
            "Aesthetic Appreciation": 0.01735152424696614,
            "Amusement": 0.03391639395233463,
            "Anger": 0.0038340374526074704,
            "Annoyance": 0.054387009908061695,
            "Anxiety": 0.002198487934519482,
            "Awe": 0.016738124780685586,
            "Awkwardness": 0.009492377860142905,
            "Boredom": 0.07948490243185968,
            "Calmness": 0.23742223136565266,
            "Concentration": 0.053261825157439005,
            "Confusion": 0.012556150939096422,
            "Contemplation": 0.11429772679420079,
            "Contempt": 0.06482075297218912,
            "Contentment": 0.23370682995985537,
            "Craving": 0.0035978672111763015,
            "Desire": 0.0002859376922167618,
            "Determination": 0.09901669402332867,
            "Disappointment": 0.02680558425730423,
            "Disapproval": 0.03561714601100368,
            "Disgust": 0.004946506298010182,
            "Distress": 0.0024883743265972417,
            "Doubt": 0.019971769700265107,
            "Ecstasy": 0.003651813497794244,
            "Embarrassment": 0.0019875805044327587,
            "Empathic Pain": 0.0033956532065263566,
            "Enthusiasm": 0.1475151334067478,
            "Entrancement": 0.009191243375158486,
            "Envy": 0.005295963307349559,
            "Excitement": 0.05079039736815235,
            "Fear": 0.0007708654584883548,
            "Gratitude": 0.0247051060638007,
            "Guilt": 0.0013943386216209654,
            "Horror": 0.00024978478220017515,
            "Interest": 0.1442880667746067,
            "Joy": 0.024174250717110494,
            "Love": 0.0015574321767096134,
            "Nostalgia": 0.004492410568191725,
            "Pain": 0.0012112996979233097,
            "Pride": 0.2681052880909513,
            "Realization": 0.13750477529623928,
            "Relief": 0.023382141460281086,
            "Romance": 0.0001682672942372258,
            "Sadness": 0.0034543612581568166,
            "Sarcasm": 0.06890544717145317,
            "Satisfaction": 0.3426764651256449,
            "Shame": 0.003474149531136979,
            "Surprise (negative)": 0.009932545376667642,
            "Surprise (positive)": 0.03503017094643677,
            "Sympathy": 0.005924759706591859,
            "Tiredness": 0.015527378541746122,
            "Triumph": 0.19379029970835238
        }
    }
}