{
    "metadata": {
        "dialogue_id": "630",
        "time_start": "00-00-24.107",
        "time_end": "00-00-28.360",
        "speaker": "Monica",
        "emotion": "neutral",
        "sentiment": "neutral",
        "text_content": "Hello?  Oh yes, one minute please.  It\u0092s for you. It\u0092s the fire inspector.",
        "file_name": "630_00-00-24.107_00-00-28.360_Monica_neutral_neutral"
    },
    "predicted": {
        "face": {
            "Admiration": 0.060395799577236176,
            "Adoration": 0.05386777222156525,
            "Aesthetic Appreciation": 0.039717260748147964,
            "Amusement": 0.1217382401227951,
            "Anger": 0.048650819808244705,
            "Anxiety": 0.26372605562210083,
            "Awe": 0.07956407964229584,
            "Awkwardness": 0.1522725522518158,
            "Boredom": 0.20792226493358612,
            "Calmness": 0.1817239373922348,
            "Concentration": 0.3475147485733032,
            "Confusion": 0.37493282556533813,
            "Contemplation": 0.26435545086860657,
            "Contempt": 0.07908385992050171,
            "Contentment": 0.06971630454063416,
            "Craving": 0.04027090594172478,
            "Desire": 0.03900163248181343,
            "Determination": 0.07268643379211426,
            "Disappointment": 0.31500235199928284,
            "Disgust": 0.09137481451034546,
            "Distress": 0.3951420187950134,
            "Doubt": 0.31219667196273804,
            "Ecstasy": 0.032217852771282196,
            "Embarrassment": 0.14239273965358734,
            "Empathic Pain": 0.18257023394107819,
            "Entrancement": 0.08412986248731613,
            "Envy": 0.028588028624653816,
            "Excitement": 0.06273533403873444,
            "Fear": 0.2072337418794632,
            "Guilt": 0.1634053885936737,
            "Horror": 0.09248519688844681,
            "Interest": 0.19888374209403992,
            "Joy": 0.07997117191553116,
            "Love": 0.07195261865854263,
            "Nostalgia": 0.07108137756586075,
            "Pain": 0.3562740087509155,
            "Pride": 0.03335786238312721,
            "Realization": 0.16514040529727936,
            "Relief": 0.044904518872499466,
            "Romance": 0.03411218151450157,
            "Sadness": 0.5779958367347717,
            "Satisfaction": 0.07191941887140274,
            "Shame": 0.130226269364357,
            "Surprise (negative)": 0.07752963155508041,
            "Surprise (positive)": 0.046711307018995285,
            "Sympathy": 0.092171810567379,
            "Tiredness": 0.20461058616638184,
            "Triumph": 0.019601983949542046
        },
        "prosody": {
            "Admiration": 0.05967874638736248,
            "Adoration": 0.05735086835920811,
            "Aesthetic Appreciation": 0.04562829248607159,
            "Amusement": 0.2377847358584404,
            "Anger": 0.005578849231824279,
            "Anxiety": 0.010272911749780178,
            "Awe": 0.05665019527077675,
            "Awkwardness": 0.05160547234117985,
            "Boredom": 0.007912335509900004,
            "Calmness": 0.018281824188306928,
            "Concentration": 0.01017648249398917,
            "Confusion": 0.03011223953217268,
            "Contemplation": 0.006702928338199854,
            "Contempt": 0.012812818866223097,
            "Contentment": 0.0453612869605422,
            "Craving": 0.012671930715441704,
            "Desire": 0.016304191201925278,
            "Determination": 0.05848105950281024,
            "Disappointment": 0.007314564660191536,
            "Disgust": 0.004523471929132938,
            "Distress": 0.007710511330515146,
            "Doubt": 0.005077142617665231,
            "Ecstasy": 0.06110850628465414,
            "Embarrassment": 0.0173817309550941,
            "Empathic Pain": 0.003709695884026587,
            "Entrancement": 0.013256443664431572,
            "Envy": 0.024834882467985153,
            "Excitement": 0.35495704412460327,
            "Fear": 0.0020084510324522853,
            "Guilt": 0.003391516162082553,
            "Horror": 0.0025920095504261553,
            "Interest": 0.49040791392326355,
            "Joy": 0.2228442896157503,
            "Love": 0.037106867879629135,
            "Nostalgia": 0.006829532911069691,
            "Pain": 0.0010544803808443248,
            "Pride": 0.034183270297944546,
            "Realization": 0.11838963441550732,
            "Relief": 0.03617986151948571,
            "Romance": 0.017564980778843164,
            "Sadness": 0.0013932925066910684,
            "Satisfaction": 0.06347742304205894,
            "Shame": 0.0025192968314513564,
            "Surprise (negative)": 0.021823849994689226,
            "Surprise (positive)": 0.30077270418405533,
            "Sympathy": 0.01453955634497106,
            "Tiredness": 0.0022287238971330225,
            "Triumph": 0.04303121566772461
        },
        "lang": {}
    }
}