{
    "metadata": {
        "dialogue_id": "637",
        "time_start": "00-00-25.664",
        "time_end": "00-00-26.421",
        "speaker": "Joey",
        "emotion": "anger",
        "sentiment": "negative",
        "file_name": "637_00-00-25.664_00-00-26.421_Joey_anger_negative"
    },
    "predicted": {
        "face": {
            "Admiration": 0.060099516063928604,
            "Adoration": 0.03290393948554993,
            "Aesthetic Appreciation": 0.03449242562055588,
            "Amusement": 0.1281958818435669,
            "Anger": 0.33421921730041504,
            "Anxiety": 0.1678125560283661,
            "Awe": 0.31325599551200867,
            "Awkwardness": 0.18193639814853668,
            "Boredom": 0.17493310570716858,
            "Calmness": 0.08288860321044922,
            "Concentration": 0.14303505420684814,
            "Confusion": 0.33941012620925903,
            "Contemplation": 0.06493018567562103,
            "Contempt": 0.1661689579486847,
            "Contentment": 0.040631383657455444,
            "Craving": 0.06708241254091263,
            "Desire": 0.06673352420330048,
            "Determination": 0.14574338495731354,
            "Disappointment": 0.24751576781272888,
            "Disgust": 0.15904071927070618,
            "Distress": 0.23559267818927765,
            "Doubt": 0.19646543264389038,
            "Ecstasy": 0.07129450142383575,
            "Embarrassment": 0.08870846033096313,
            "Empathic Pain": 0.07934810221195221,
            "Entrancement": 0.08018673211336136,
            "Envy": 0.03983229771256447,
            "Excitement": 0.17058341205120087,
            "Fear": 0.2600391209125519,
            "Guilt": 0.047139279544353485,
            "Horror": 0.29430991411209106,
            "Interest": 0.15345361828804016,
            "Joy": 0.061279598623514175,
            "Love": 0.03547527268528938,
            "Nostalgia": 0.030401740223169327,
            "Pain": 0.16194027662277222,
            "Pride": 0.06557614356279373,
            "Realization": 0.17879095673561096,
            "Relief": 0.04614885896444321,
            "Romance": 0.01913287863135338,
            "Sadness": 0.09575386345386505,
            "Satisfaction": 0.07756561040878296,
            "Shame": 0.04259959235787392,
            "Surprise (negative)": 0.35776668787002563,
            "Surprise (positive)": 0.23087415099143982,
            "Sympathy": 0.026279691606760025,
            "Tiredness": 0.1751851886510849,
            "Triumph": 0.09705166518688202
        },
        "prosody": {
            "Admiration": 0,
            "Adoration": 0,
            "Aesthetic Appreciation": 0,
            "Amusement": 0,
            "Anger": 0,
            "Annoyance": 0,
            "Anxiety": 0,
            "Awe": 0,
            "Awkwardness": 0,
            "Boredom": 0,
            "Calmness": 0,
            "Concentration": 0,
            "Confusion": 0,
            "Contemplation": 0,
            "Contempt": 0,
            "Contentment": 0,
            "Craving": 0,
            "Desire": 0,
            "Determination": 0,
            "Disappointment": 0,
            "Disapproval": 0,
            "Disgust": 0,
            "Distress": 0,
            "Doubt": 0,
            "Ecstasy": 0,
            "Embarrassment": 0,
            "Empathic Pain": 0,
            "Enthusiasm": 0,
            "Entrancement": 0,
            "Envy": 0,
            "Excitement": 0,
            "Fear": 0,
            "Gratitude": 0,
            "Guilt": 0,
            "Horror": 0,
            "Interest": 0,
            "Joy": 0,
            "Love": 0,
            "Nostalgia": 0,
            "Pain": 0,
            "Pride": 0,
            "Realization": 0,
            "Relief": 0,
            "Romance": 0,
            "Sadness": 0,
            "Sarcasm": 0,
            "Satisfaction": 0,
            "Shame": 0,
            "Surprise (negative)": 0,
            "Surprise (positive)": 0,
            "Sympathy": 0,
            "Tiredness": 0,
            "Triumph": 0
        },
        "lang": {
            "Admiration": 0.003256876409674684,
            "Adoration": 0.0007124170563959827,
            "Aesthetic Appreciation": 0.004939891359147926,
            "Amusement": 0.030286466081937153,
            "Anger": 0.008810554165393114,
            "Annoyance": 0.12448275337616603,
            "Anxiety": 0.016150431241840124,
            "Awe": 0.002887956293610235,
            "Awkwardness": 0.04610761068761349,
            "Boredom": 0.06907922402024269,
            "Calmness": 0.1499598373969396,
            "Concentration": 0.09108033776283264,
            "Confusion": 0.18371586501598358,
            "Contemplation": 0.20964119459191957,
            "Contempt": 0.07138366873065631,
            "Contentment": 0.0393916197742025,
            "Craving": 0.0010941889292250078,
            "Desire": 0.0008763755128408471,
            "Determination": 0.08877637920280297,
            "Disappointment": 0.03797560247282187,
            "Disapproval": 0.05187088126937548,
            "Disgust": 0.006167368497699499,
            "Distress": 0.006931695621460676,
            "Doubt": 0.15471574291586876,
            "Ecstasy": 0.0008971695303140829,
            "Embarrassment": 0.007477168459445238,
            "Empathic Pain": 0.0035949974165608487,
            "Enthusiasm": 0.03216883478065332,
            "Entrancement": 0.004275604772071044,
            "Envy": 0.002895949777060499,
            "Excitement": 0.013396377209573984,
            "Fear": 0.0026831455373515687,
            "Gratitude": 0.014891629107296467,
            "Guilt": 0.005036841030232608,
            "Horror": 0.0005409316509030759,
            "Interest": 0.12965421006083488,
            "Joy": 0.004771244091292222,
            "Love": 0.0004508348259453972,
            "Nostalgia": 0.001356504993358006,
            "Pain": 0.001242536585777998,
            "Pride": 0.00841422782589992,
            "Realization": 0.12829166278243065,
            "Relief": 0.07200955180451274,
            "Romance": 0.00044414653287579614,
            "Sadness": 0.0031110557029023767,
            "Sarcasm": 0.11601817111174266,
            "Satisfaction": 0.05124422535300255,
            "Shame": 0.007549896681060393,
            "Surprise (negative)": 0.055508301593363285,
            "Surprise (positive)": 0.03257341682910919,
            "Sympathy": 0.005256992066279054,
            "Tiredness": 0.027513851411640644,
            "Triumph": 0.026875626295804977
        }
    }
}