{
    "metadata": {
        "dialogue_id": "640",
        "time_start": "00-00-17.643",
        "time_end": "00-00-21.887",
        "speaker": "Rachel",
        "emotion": "neutral",
        "sentiment": "neutral",
        "file_name": "640_00-00-17.643_00-00-21.887_Rachel_neutral_neutral"
    },
    "predicted": {
        "face": {
            "Admiration": 0.2453199028968811,
            "Adoration": 0.20278021693229675,
            "Aesthetic Appreciation": 0.13713526725769043,
            "Amusement": 0.2916601598262787,
            "Anger": 0.03230775520205498,
            "Anxiety": 0.08812863379716873,
            "Awe": 0.1138649582862854,
            "Awkwardness": 0.20810244977474213,
            "Boredom": 0.28469452261924744,
            "Calmness": 0.4183695912361145,
            "Concentration": 0.4851864278316498,
            "Confusion": 0.26461559534072876,
            "Contemplation": 0.3216649889945984,
            "Contempt": 0.15483571588993073,
            "Contentment": 0.1885426789522171,
            "Craving": 0.17910221219062805,
            "Desire": 0.23180937767028809,
            "Determination": 0.1508484184741974,
            "Disappointment": 0.13994692265987396,
            "Disgust": 0.04211634397506714,
            "Distress": 0.07767028361558914,
            "Doubt": 0.2628653049468994,
            "Ecstasy": 0.05191260576248169,
            "Embarrassment": 0.06732040643692017,
            "Empathic Pain": 0.03432345390319824,
            "Entrancement": 0.18222862482070923,
            "Envy": 0.060013674199581146,
            "Excitement": 0.1312965452671051,
            "Fear": 0.05169334635138512,
            "Guilt": 0.04446495324373245,
            "Horror": 0.019515085965394974,
            "Interest": 0.5812510848045349,
            "Joy": 0.18015854060649872,
            "Love": 0.23100398480892181,
            "Nostalgia": 0.08962205797433853,
            "Pain": 0.03274671360850334,
            "Pride": 0.10542216897010803,
            "Realization": 0.16230204701423645,
            "Relief": 0.07265911251306534,
            "Romance": 0.14396890997886658,
            "Sadness": 0.07081170380115509,
            "Satisfaction": 0.23972415924072266,
            "Shame": 0.042662009596824646,
            "Surprise (negative)": 0.02567126229405403,
            "Surprise (positive)": 0.03201764076948166,
            "Sympathy": 0.05751349404454231,
            "Tiredness": 0.10606042295694351,
            "Triumph": 0.05222146213054657
        },
        "prosody": {
            "Admiration": 0.006352059077471495,
            "Adoration": 0.003028009203262627,
            "Aesthetic Appreciation": 0.007272487971931696,
            "Amusement": 0.0300643565133214,
            "Anger": 0.019478232599794865,
            "Anxiety": 0.049716642126441,
            "Awe": 0.007874337956309319,
            "Awkwardness": 0.2227608859539032,
            "Boredom": 0.04367730673402548,
            "Calmness": 0.06650285795331001,
            "Concentration": 0.07855653762817383,
            "Confusion": 0.2317488044500351,
            "Contemplation": 0.08159234561026096,
            "Contempt": 0.038008817471563816,
            "Contentment": 0.014253366272896528,
            "Craving": 0.002716131042689085,
            "Desire": 0.007313230540603399,
            "Determination": 0.03934667631983757,
            "Disappointment": 0.07123573683202267,
            "Disgust": 0.025809574872255325,
            "Distress": 0.04709935560822487,
            "Doubt": 0.18652083352208138,
            "Ecstasy": 0.0033918555127456784,
            "Embarrassment": 0.07384687662124634,
            "Empathic Pain": 0.010970324277877808,
            "Entrancement": 0.0037335187662392855,
            "Envy": 0.0073570741806179285,
            "Excitement": 0.0112448176369071,
            "Fear": 0.0360145615413785,
            "Guilt": 0.027294100262224674,
            "Horror": 0.018741915002465248,
            "Interest": 0.08139284886419773,
            "Joy": 0.005842163227498531,
            "Love": 0.0023072665790095925,
            "Nostalgia": 0.01280384324491024,
            "Pain": 0.01919589564204216,
            "Pride": 0.013474477920681238,
            "Realization": 0.09978216327726841,
            "Relief": 0.010103711392730474,
            "Romance": 0.005054302397184074,
            "Sadness": 0.0206254948861897,
            "Satisfaction": 0.016625587362796068,
            "Shame": 0.025724581442773342,
            "Surprise (negative)": 0.08863680809736252,
            "Surprise (positive)": 0.016821076162159443,
            "Sympathy": 0.013764096423983574,
            "Tiredness": 0.01831904426217079,
            "Triumph": 0.007364937104284763
        },
        "lang": {
            "Admiration": 0.008996392163680866,
            "Adoration": 0.002778947960905498,
            "Aesthetic Appreciation": 0.009772928227903321,
            "Amusement": 0.022152663208544254,
            "Anger": 0.006321254099020734,
            "Annoyance": 0.18243467062711716,
            "Anxiety": 0.03458161104936153,
            "Awe": 0.006616256068809889,
            "Awkwardness": 0.13632329320535064,
            "Boredom": 0.0735980065073818,
            "Calmness": 0.040954003925435245,
            "Concentration": 0.026707045966759324,
            "Confusion": 0.3125518439337611,
            "Contemplation": 0.1122894799336791,
            "Contempt": 0.04971365863457322,
            "Contentment": 0.00633315320010297,
            "Craving": 0.0009306512693001423,
            "Desire": 0.00199360128135595,
            "Determination": 0.007344779703998938,
            "Disappointment": 0.05829854845069349,
            "Disapproval": 0.09654801478609443,
            "Disgust": 0.007398086192552,
            "Distress": 0.020131089782807976,
            "Doubt": 0.1967383772134781,
            "Ecstasy": 0.0003498031546769198,
            "Embarrassment": 0.014923636626917869,
            "Empathic Pain": 0.0021541938913287595,
            "Enthusiasm": 0.01195049163652584,
            "Entrancement": 0.00843167249695398,
            "Envy": 0.0040627671260153875,
            "Excitement": 0.005985239578876644,
            "Fear": 0.011565525026526302,
            "Gratitude": 0.0019216024047636893,
            "Guilt": 0.0013381963362917304,
            "Horror": 0.0012434051677701063,
            "Interest": 0.06357706105336547,
            "Joy": 0.0024253918963950127,
            "Love": 0.0008548998557671439,
            "Nostalgia": 0.0011452101753093302,
            "Pain": 0.0018939761139336042,
            "Pride": 0.0025624374684412032,
            "Realization": 0.13203975278884172,
            "Relief": 0.003158532126690261,
            "Romance": 0.0014693725752294995,
            "Sadness": 0.005921833464526571,
            "Sarcasm": 0.11447679810225964,
            "Satisfaction": 0.006399098376277834,
            "Shame": 0.007791519979946315,
            "Surprise (negative)": 0.05508890841156244,
            "Surprise (positive)": 0.023082177038304508,
            "Sympathy": 0.002460786039591767,
            "Tiredness": 0.0180875287624076,
            "Triumph": 0.002274347352795303
        }
    }
}