{
    "metadata": {
        "dialogue_id": "643",
        "time_start": "00-00-13.013",
        "time_end": "00-00-15.056",
        "speaker": "Ross",
        "emotion": "surprise",
        "sentiment": "negative",
        "text_content": "Hey! What's she doing back here?",
        "file_name": "643_00-00-13.013_00-00-15.056_Ross_surprise_negative"
    },
    "predicted": {
        "face": {
            "Admiration": 0.07838334143161774,
            "Adoration": 0.058030664920806885,
            "Aesthetic Appreciation": 0.054135531187057495,
            "Amusement": 0.08501256257295609,
            "Anger": 0.10113458335399628,
            "Anxiety": 0.23914039134979248,
            "Awe": 0.06548060476779938,
            "Awkwardness": 0.1579272598028183,
            "Boredom": 0.29975879192352295,
            "Calmness": 0.359561562538147,
            "Concentration": 0.4418353736400604,
            "Confusion": 0.3718406856060028,
            "Contemplation": 0.27423444390296936,
            "Contempt": 0.14282384514808655,
            "Contentment": 0.1043076142668724,
            "Craving": 0.04211416095495224,
            "Desire": 0.04269628971815109,
            "Determination": 0.14468686282634735,
            "Disappointment": 0.39903151988983154,
            "Disgust": 0.06524990499019623,
            "Distress": 0.3047884702682495,
            "Doubt": 0.31762030720710754,
            "Ecstasy": 0.027794165536761284,
            "Embarrassment": 0.11687234789133072,
            "Empathic Pain": 0.08990422636270523,
            "Entrancement": 0.10642153024673462,
            "Envy": 0.036833468824625015,
            "Excitement": 0.04401909187436104,
            "Fear": 0.09765176475048065,
            "Guilt": 0.12351711094379425,
            "Horror": 0.03373222053050995,
            "Interest": 0.20819929242134094,
            "Joy": 0.06086496263742447,
            "Love": 0.07174410670995712,
            "Nostalgia": 0.07002478837966919,
            "Pain": 0.14262548089027405,
            "Pride": 0.06944692134857178,
            "Realization": 0.1964772343635559,
            "Relief": 0.10843992978334427,
            "Romance": 0.03995295241475105,
            "Sadness": 0.2402373105287552,
            "Satisfaction": 0.10136877000331879,
            "Shame": 0.09769976139068604,
            "Surprise (negative)": 0.04247727245092392,
            "Surprise (positive)": 0.028321251273155212,
            "Sympathy": 0.053093913942575455,
            "Tiredness": 0.31825923919677734,
            "Triumph": 0.030666660517454147
        },
        "prosody": {
            "Admiration": 0.03697976842522621,
            "Adoration": 0.025821160292252898,
            "Aesthetic Appreciation": 0.02383538708090782,
            "Amusement": 0.12621862441301346,
            "Anger": 0.12722086836583912,
            "Anxiety": 0.036329169757664204,
            "Awe": 0.044539984315633774,
            "Awkwardness": 0.08131889067590237,
            "Boredom": 0.01976166572421789,
            "Calmness": 0.02616286464035511,
            "Concentration": 0.014516487019136548,
            "Confusion": 0.21471747942268848,
            "Contemplation": 0.03176804771646857,
            "Contempt": 0.06350519903935492,
            "Contentment": 0.03940446441993117,
            "Craving": 0.004395528347231448,
            "Desire": 0.006667410198133439,
            "Determination": 0.011146779404953122,
            "Disappointment": 0.07175424229353666,
            "Disgust": 0.034685613587498665,
            "Distress": 0.04172584740445018,
            "Doubt": 0.028380473144352436,
            "Ecstasy": 0.02246569562703371,
            "Embarrassment": 0.015793386846780777,
            "Empathic Pain": 0.009500766173005104,
            "Entrancement": 0.007943387608975172,
            "Envy": 0.021660099737346172,
            "Excitement": 0.19911887496709824,
            "Fear": 0.00885627866955474,
            "Guilt": 0.010035882471129298,
            "Horror": 0.00853394198929891,
            "Interest": 0.29250793159008026,
            "Joy": 0.15814102720469236,
            "Love": 0.020189178292639554,
            "Nostalgia": 0.006635682890191674,
            "Pain": 0.008204839192330837,
            "Pride": 0.008885570336133242,
            "Realization": 0.08297942765057087,
            "Relief": 0.03799375332891941,
            "Romance": 0.0056409252574667335,
            "Sadness": 0.012473198352381587,
            "Satisfaction": 0.034418972209095955,
            "Shame": 0.00811243208590895,
            "Surprise (negative)": 0.09712556097656488,
            "Surprise (positive)": 0.3461611606180668,
            "Sympathy": 0.018130154814571142,
            "Tiredness": 0.008618931518867612,
            "Triumph": 0.012130743125453591
        },
        "lang": {}
    }
}