{
    "metadata": {
        "dialogue_id": "645",
        "time_start": "00-00-42.626",
        "time_end": "00-00-45.879",
        "speaker": "Phoebe",
        "emotion": "surprise",
        "sentiment": "positive",
        "file_name": "645_00-00-42.626_00-00-45.879_Phoebe_surprise_positive"
    },
    "predicted": {
        "face": {
            "Admiration": 0.2814100384712219,
            "Adoration": 0.3270953297615051,
            "Aesthetic Appreciation": 0.1155659630894661,
            "Amusement": 0.6770022511482239,
            "Anger": 0.023891422897577286,
            "Anxiety": 0.09309212863445282,
            "Awe": 0.12336651235818863,
            "Awkwardness": 0.2269357591867447,
            "Boredom": 0.14364741742610931,
            "Calmness": 0.30009427666664124,
            "Concentration": 0.24256488680839539,
            "Confusion": 0.1887999325990677,
            "Contemplation": 0.14900723099708557,
            "Contempt": 0.08503521978855133,
            "Contentment": 0.28973254561424255,
            "Craving": 0.06311642378568649,
            "Desire": 0.0843791514635086,
            "Determination": 0.07225552201271057,
            "Disappointment": 0.11593536287546158,
            "Disgust": 0.039207424968481064,
            "Distress": 0.09728351980447769,
            "Doubt": 0.16682493686676025,
            "Ecstasy": 0.10754715651273727,
            "Embarrassment": 0.1370978206396103,
            "Empathic Pain": 0.05005186051130295,
            "Entrancement": 0.12661288678646088,
            "Envy": 0.04040272533893585,
            "Excitement": 0.3495379388332367,
            "Fear": 0.06753087043762207,
            "Guilt": 0.05291641503572464,
            "Horror": 0.03488974645733833,
            "Interest": 0.5403921008110046,
            "Joy": 0.5800904631614685,
            "Love": 0.5107463002204895,
            "Nostalgia": 0.09762825071811676,
            "Pain": 0.06323163956403732,
            "Pride": 0.12868359684944153,
            "Realization": 0.15192876756191254,
            "Relief": 0.11140991747379303,
            "Romance": 0.15136750042438507,
            "Sadness": 0.0894063264131546,
            "Satisfaction": 0.35485586524009705,
            "Shame": 0.06206386536359787,
            "Surprise (negative)": 0.03871042653918266,
            "Surprise (positive)": 0.06733964383602142,
            "Sympathy": 0.0935439020395279,
            "Tiredness": 0.08672600984573364,
            "Triumph": 0.07599354535341263
        },
        "prosody": {
            "Admiration": 0.01098075695335865,
            "Adoration": 0.014179812744259834,
            "Aesthetic Appreciation": 0.010704612359404564,
            "Amusement": 0.13081543147563934,
            "Anger": 0.17305338382720947,
            "Anxiety": 0.09470990300178528,
            "Awe": 0.011231698095798492,
            "Awkwardness": 0.20709113776683807,
            "Boredom": 0.006294937338680029,
            "Calmness": 0.0042746542021632195,
            "Concentration": 0.0032075797207653522,
            "Confusion": 0.29716411232948303,
            "Contemplation": 0.00446136062964797,
            "Contempt": 0.0681522786617279,
            "Contentment": 0.003338833572342992,
            "Craving": 0.00854367297142744,
            "Desire": 0.008272578939795494,
            "Determination": 0.006444079335778952,
            "Disappointment": 0.12153670191764832,
            "Disgust": 0.07610499113798141,
            "Distress": 0.14474895596504211,
            "Doubt": 0.04769015684723854,
            "Ecstasy": 0.010832734405994415,
            "Embarrassment": 0.06342361122369766,
            "Empathic Pain": 0.015987584367394447,
            "Entrancement": 0.0028825984336435795,
            "Envy": 0.028605476021766663,
            "Excitement": 0.09722986817359924,
            "Fear": 0.022928476333618164,
            "Guilt": 0.017603622749447823,
            "Horror": 0.021876415237784386,
            "Interest": 0.2147655487060547,
            "Joy": 0.027574488893151283,
            "Love": 0.008978906087577343,
            "Nostalgia": 0.002489668084308505,
            "Pain": 0.01629074290394783,
            "Pride": 0.003364718519151211,
            "Realization": 0.02170257829129696,
            "Relief": 0.002622136613354087,
            "Romance": 0.008912898600101471,
            "Sadness": 0.027485938742756844,
            "Satisfaction": 0.0036470238119363785,
            "Shame": 0.022285595536231995,
            "Surprise (negative)": 0.1596897691488266,
            "Surprise (positive)": 0.16952551901340485,
            "Sympathy": 0.030987177044153214,
            "Tiredness": 0.006354948505759239,
            "Triumph": 0.0018950720550492406
        },
        "lang": {
            "Admiration": 0.014010482758749276,
            "Adoration": 0.012235191825311631,
            "Aesthetic Appreciation": 0.0162956990825478,
            "Amusement": 0.06822895165532827,
            "Anger": 0.10360051621682942,
            "Annoyance": 0.25025357329286635,
            "Anxiety": 0.043725146912038326,
            "Awe": 0.021578416286502033,
            "Awkwardness": 0.07028307532891631,
            "Boredom": 0.004728090047137812,
            "Calmness": 0.008818594535114244,
            "Concentration": 0.014705025241710246,
            "Confusion": 0.3858685730956495,
            "Contemplation": 0.03615241090301424,
            "Contempt": 0.040734979789704084,
            "Contentment": 0.004977980861440301,
            "Craving": 0.0034929557441500947,
            "Desire": 0.01562759091029875,
            "Determination": 0.019049085560254753,
            "Disappointment": 0.03530943964142352,
            "Disapproval": 0.10041663347510621,
            "Disgust": 0.0235379511868814,
            "Distress": 0.061239330272655934,
            "Doubt": 0.05695038684643805,
            "Ecstasy": 0.005108590499730781,
            "Embarrassment": 0.01857916392327752,
            "Empathic Pain": 0.0051822142413584515,
            "Enthusiasm": 0.11761956196278334,
            "Entrancement": 0.018334396852878854,
            "Envy": 0.004072641764651053,
            "Excitement": 0.09409805573523045,
            "Fear": 0.024727731448365375,
            "Gratitude": 0.003257662625401281,
            "Guilt": 0.004935501732688863,
            "Horror": 0.016796848438389134,
            "Interest": 0.16700182668864727,
            "Joy": 0.026066044403705746,
            "Love": 0.005357059257221408,
            "Nostalgia": 0.0032400877025793307,
            "Pain": 0.0040314354591828305,
            "Pride": 0.00600689381826669,
            "Realization": 0.047197723062708974,
            "Relief": 0.002021445325226523,
            "Romance": 0.005566284376982367,
            "Sadness": 0.004949958394718124,
            "Sarcasm": 0.06482259451877326,
            "Satisfaction": 0.008867493772413582,
            "Shame": 0.008612834135419689,
            "Surprise (negative)": 0.28025806485675275,
            "Surprise (positive)": 0.1158750094473362,
            "Sympathy": 0.004305489856051281,
            "Tiredness": 0.0027332512545399368,
            "Triumph": 0.005805610591778532
        }
    }
}