{
    "metadata": {
        "dialogue_id": "649",
        "time_start": "00-01-20.664",
        "time_end": "00-01-22.790",
        "speaker": "Rachel",
        "emotion": "neutral",
        "sentiment": "neutral",
        "text_content": "Hm-mmm",
        "file_name": "649_00-01-20.664_00-01-22.790_Rachel_neutral_neutral"
    },
    "predicted": {
        "face": {
            "Admiration": 0.04167063534259796,
            "Adoration": 0.025603214278817177,
            "Aesthetic Appreciation": 0.029267987236380577,
            "Amusement": 0.055809516459703445,
            "Anger": 0.09720496088266373,
            "Anxiety": 0.4761403501033783,
            "Awe": 0.061980925500392914,
            "Awkwardness": 0.22813192009925842,
            "Boredom": 0.2506290674209595,
            "Calmness": 0.15497837960720062,
            "Concentration": 0.2591039538383484,
            "Confusion": 0.871761679649353,
            "Contemplation": 0.21895046532154083,
            "Contempt": 0.14362642168998718,
            "Contentment": 0.04528447240591049,
            "Craving": 0.027133364230394363,
            "Desire": 0.027185216546058655,
            "Determination": 0.08215850591659546,
            "Disappointment": 0.5253288745880127,
            "Disgust": 0.09147071093320847,
            "Distress": 0.6106369495391846,
            "Doubt": 0.5413203835487366,
            "Ecstasy": 0.018569685518741608,
            "Embarrassment": 0.19166505336761475,
            "Empathic Pain": 0.10348840802907944,
            "Entrancement": 0.06276298314332962,
            "Envy": 0.02592928521335125,
            "Excitement": 0.027782414108514786,
            "Fear": 0.1777743399143219,
            "Guilt": 0.1426166296005249,
            "Horror": 0.0682462751865387,
            "Interest": 0.12241680920124054,
            "Joy": 0.027374422177672386,
            "Love": 0.027755245566368103,
            "Nostalgia": 0.042550455778837204,
            "Pain": 0.1824985146522522,
            "Pride": 0.03795100003480911,
            "Realization": 0.23236477375030518,
            "Relief": 0.10621941089630127,
            "Romance": 0.019863469526171684,
            "Sadness": 0.19822867214679718,
            "Satisfaction": 0.04799843207001686,
            "Shame": 0.10921209305524826,
            "Surprise (negative)": 0.08166041225194931,
            "Surprise (positive)": 0.031026415526866913,
            "Sympathy": 0.04032910242676735,
            "Tiredness": 0.3299855887889862,
            "Triumph": 0.01800563931465149
        },
        "prosody": {
            "Admiration": 0,
            "Adoration": 0,
            "Aesthetic Appreciation": 0,
            "Amusement": 0,
            "Anger": 0,
            "Annoyance": 0,
            "Anxiety": 0,
            "Awe": 0,
            "Awkwardness": 0,
            "Boredom": 0,
            "Calmness": 0,
            "Concentration": 0,
            "Confusion": 0,
            "Contemplation": 0,
            "Contempt": 0,
            "Contentment": 0,
            "Craving": 0,
            "Desire": 0,
            "Determination": 0,
            "Disappointment": 0,
            "Disapproval": 0,
            "Disgust": 0,
            "Distress": 0,
            "Doubt": 0,
            "Ecstasy": 0,
            "Embarrassment": 0,
            "Empathic Pain": 0,
            "Enthusiasm": 0,
            "Entrancement": 0,
            "Envy": 0,
            "Excitement": 0,
            "Fear": 0,
            "Gratitude": 0,
            "Guilt": 0,
            "Horror": 0,
            "Interest": 0,
            "Joy": 0,
            "Love": 0,
            "Nostalgia": 0,
            "Pain": 0,
            "Pride": 0,
            "Realization": 0,
            "Relief": 0,
            "Romance": 0,
            "Sadness": 0,
            "Sarcasm": 0,
            "Satisfaction": 0,
            "Shame": 0,
            "Surprise (negative)": 0,
            "Surprise (positive)": 0,
            "Sympathy": 0,
            "Tiredness": 0,
            "Triumph": 0
        },
        "lang": {}
    }
}