{
    "metadata": {
        "dialogue_id": "652",
        "time_start": "00-00-44.253",
        "time_end": "00-00-47.171",
        "speaker": "Ross",
        "emotion": "neutral",
        "sentiment": "neutral",
        "file_name": "652_00-00-44.253_00-00-47.171_Ross_neutral_neutral"
    },
    "predicted": {
        "face": {
            "Admiration": 0.11155533790588379,
            "Adoration": 0.11812248080968857,
            "Aesthetic Appreciation": 0.0533563606441021,
            "Amusement": 0.2790892422199249,
            "Anger": 0.04250449314713478,
            "Anxiety": 0.32075750827789307,
            "Awe": 0.0959613099694252,
            "Awkwardness": 0.2034476101398468,
            "Boredom": 0.1568567454814911,
            "Calmness": 0.17950449883937836,
            "Concentration": 0.2717781066894531,
            "Confusion": 0.2926219403743744,
            "Contemplation": 0.2297714352607727,
            "Contempt": 0.061224572360515594,
            "Contentment": 0.11733803898096085,
            "Craving": 0.04518909379839897,
            "Desire": 0.05595051869750023,
            "Determination": 0.07379503548145294,
            "Disappointment": 0.3436018228530884,
            "Disgust": 0.04717047140002251,
            "Distress": 0.3976472318172455,
            "Doubt": 0.24641060829162598,
            "Ecstasy": 0.0638815239071846,
            "Embarrassment": 0.29811805486679077,
            "Empathic Pain": 0.11797676980495453,
            "Entrancement": 0.0898357629776001,
            "Envy": 0.02588449977338314,
            "Excitement": 0.14477120339870453,
            "Fear": 0.15413999557495117,
            "Guilt": 0.19746659696102142,
            "Horror": 0.06669161468744278,
            "Interest": 0.23591816425323486,
            "Joy": 0.2054225653409958,
            "Love": 0.1903761625289917,
            "Nostalgia": 0.07724487036466599,
            "Pain": 0.22139230370521545,
            "Pride": 0.058633409440517426,
            "Realization": 0.2419922649860382,
            "Relief": 0.12397243827581406,
            "Romance": 0.08571575582027435,
            "Sadness": 0.28592729568481445,
            "Satisfaction": 0.14928710460662842,
            "Shame": 0.18295413255691528,
            "Surprise (negative)": 0.06838525086641312,
            "Surprise (positive)": 0.06539041548967361,
            "Sympathy": 0.07409793138504028,
            "Tiredness": 0.21888016164302826,
            "Triumph": 0.038551002740859985
        },
        "prosody": {
            "Admiration": 0.09227988123893738,
            "Adoration": 0.055633917450904846,
            "Aesthetic Appreciation": 0.020959625020623207,
            "Amusement": 0.1499163657426834,
            "Anger": 0.09684889018535614,
            "Anxiety": 0.026945609599351883,
            "Awe": 0.10469262301921844,
            "Awkwardness": 0.018079301342368126,
            "Boredom": 0.004129678010940552,
            "Calmness": 0.0047637601383030415,
            "Concentration": 0.01081419549882412,
            "Confusion": 0.0472511351108551,
            "Contemplation": 0.02141459658741951,
            "Contempt": 0.044450052082538605,
            "Contentment": 0.013038295321166515,
            "Craving": 0.013614482246339321,
            "Desire": 0.010137379169464111,
            "Determination": 0.01659967564046383,
            "Disappointment": 0.09414976835250854,
            "Disgust": 0.03389482572674751,
            "Distress": 0.03867629915475845,
            "Doubt": 0.01375623419880867,
            "Ecstasy": 0.04075365513563156,
            "Embarrassment": 0.017526764422655106,
            "Empathic Pain": 0.014660595916211605,
            "Entrancement": 0.015048744156956673,
            "Envy": 0.13562922179698944,
            "Excitement": 0.14798901975154877,
            "Fear": 0.011998110450804234,
            "Guilt": 0.008718349039554596,
            "Horror": 0.03683360666036606,
            "Interest": 0.10450256615877151,
            "Joy": 0.05449670925736427,
            "Love": 0.02092568390071392,
            "Nostalgia": 0.19466149806976318,
            "Pain": 0.012083873152732849,
            "Pride": 0.020830361172556877,
            "Realization": 0.09522970020771027,
            "Relief": 0.013664187863469124,
            "Romance": 0.046454668045043945,
            "Sadness": 0.020756004378199577,
            "Satisfaction": 0.021473748609423637,
            "Shame": 0.010710179805755615,
            "Surprise (negative)": 0.1713084876537323,
            "Surprise (positive)": 0.17803709208965302,
            "Sympathy": 0.013914287090301514,
            "Tiredness": 0.002467108890414238,
            "Triumph": 0.011934158392250538
        },
        "lang": {
            "Admiration": 0.03328093754438063,
            "Adoration": 0.010802563881346336,
            "Aesthetic Appreciation": 0.013242436126650622,
            "Amusement": 0.02621555596124381,
            "Anger": 0.018933506920196425,
            "Annoyance": 0.05821069050580263,
            "Anxiety": 0.02275223455702265,
            "Awe": 0.02227497725592305,
            "Awkwardness": 0.05702686426229775,
            "Boredom": 0.011369442159775645,
            "Calmness": 0.04289306909777224,
            "Concentration": 0.013640685162196556,
            "Confusion": 0.0949428395057718,
            "Contemplation": 0.15456552353377143,
            "Contempt": 0.09917171819445987,
            "Contentment": 0.015912400364565354,
            "Craving": 0.006327082788629923,
            "Desire": 0.03789244353538379,
            "Determination": 0.01974616995236526,
            "Disappointment": 0.20516493163692454,
            "Disapproval": 0.20875844010151923,
            "Disgust": 0.03989223078436529,
            "Distress": 0.045044582861009985,
            "Doubt": 0.19276697809497514,
            "Ecstasy": 0.0031782258787037185,
            "Embarrassment": 0.025544028491519082,
            "Empathic Pain": 0.046238278271630406,
            "Enthusiasm": 0.012889631451495612,
            "Entrancement": 0.018965040605204802,
            "Envy": 0.03155279949714895,
            "Excitement": 0.00558807927397235,
            "Fear": 0.02627481601666659,
            "Gratitude": 0.0037617820441179597,
            "Guilt": 0.017969001482318465,
            "Horror": 0.008236028717268104,
            "Interest": 0.05260007223114371,
            "Joy": 0.006534802188980393,
            "Love": 0.012825466265591482,
            "Nostalgia": 0.00463081201693664,
            "Pain": 0.041074484965065494,
            "Pride": 0.007176279672421515,
            "Realization": 0.16220295274009308,
            "Relief": 0.00990632502362132,
            "Romance": 0.027412930212449282,
            "Sadness": 0.12115573694851871,
            "Sarcasm": 0.05438566735635201,
            "Satisfaction": 0.01639883907046169,
            "Shame": 0.07699063898568663,
            "Surprise (negative)": 0.11134648160077631,
            "Surprise (positive)": 0.02655621604450668,
            "Sympathy": 0.05474497781445583,
            "Tiredness": 0.008175408758688718,
            "Triumph": 0.007479099362778167
        }
    }
}