{
    "metadata": {
        "dialogue_id": "654",
        "time_start": "00-00-16.767",
        "time_end": "00-00-19.977",
        "speaker": "Monica",
        "emotion": "anger",
        "sentiment": "negative",
        "file_name": "654_00-00-16.767_00-00-19.977_Monica_anger_negative"
    },
    "predicted": {
        "face": {
            "Admiration": 0.16421927511692047,
            "Adoration": 0.12292885780334473,
            "Aesthetic Appreciation": 0.08838143944740295,
            "Amusement": 0.34864163398742676,
            "Anger": 0.05842619016766548,
            "Anxiety": 0.15281140804290771,
            "Awe": 0.1742004156112671,
            "Awkwardness": 0.31595075130462646,
            "Boredom": 0.1916251927614212,
            "Calmness": 0.28780263662338257,
            "Concentration": 0.29933157563209534,
            "Confusion": 0.35590946674346924,
            "Contemplation": 0.1453387588262558,
            "Contempt": 0.14101779460906982,
            "Contentment": 0.1567007452249527,
            "Craving": 0.09944998472929001,
            "Desire": 0.1186707466840744,
            "Determination": 0.10578002035617828,
            "Disappointment": 0.1563282608985901,
            "Disgust": 0.07875551283359528,
            "Distress": 0.1357196569442749,
            "Doubt": 0.2632705867290497,
            "Ecstasy": 0.0773022398352623,
            "Embarrassment": 0.11306028813123703,
            "Empathic Pain": 0.05200070142745972,
            "Entrancement": 0.13534167408943176,
            "Envy": 0.048728957772254944,
            "Excitement": 0.22875408828258514,
            "Fear": 0.16297884285449982,
            "Guilt": 0.05388723686337471,
            "Horror": 0.09362002462148666,
            "Interest": 0.43538179993629456,
            "Joy": 0.23887759447097778,
            "Love": 0.15751712024211884,
            "Nostalgia": 0.05850418657064438,
            "Pain": 0.0559704527258873,
            "Pride": 0.08390006422996521,
            "Realization": 0.17129330337047577,
            "Relief": 0.0753561332821846,
            "Romance": 0.0695824921131134,
            "Sadness": 0.070779949426651,
            "Satisfaction": 0.20004507899284363,
            "Shame": 0.048829447478055954,
            "Surprise (negative)": 0.11007945984601974,
            "Surprise (positive)": 0.11877035349607468,
            "Sympathy": 0.056348275393247604,
            "Tiredness": 0.09431400895118713,
            "Triumph": 0.06003952771425247
        },
        "prosody": {
            "Admiration": 0.0024493024684488773,
            "Adoration": 0.004723118618130684,
            "Aesthetic Appreciation": 0.0007871296256780624,
            "Amusement": 0.09868023544549942,
            "Anger": 0.40146294236183167,
            "Anxiety": 0.0977809727191925,
            "Awe": 0.003964797593653202,
            "Awkwardness": 0.15456879138946533,
            "Boredom": 0.0014557776739820838,
            "Calmness": 0.0007907712715677917,
            "Concentration": 0.0004887391114607453,
            "Confusion": 0.18338936567306519,
            "Contemplation": 0.003912814427167177,
            "Contempt": 0.19323201477527618,
            "Contentment": 0.002335568191483617,
            "Craving": 0.001404250506311655,
            "Desire": 0.0025037378072738647,
            "Determination": 0.005113719031214714,
            "Disappointment": 0.3693270683288574,
            "Disgust": 0.17482002079486847,
            "Distress": 0.34824398159980774,
            "Doubt": 0.09602337330579758,
            "Ecstasy": 0.013938996940851212,
            "Embarrassment": 0.12575030326843262,
            "Empathic Pain": 0.011079642921686172,
            "Entrancement": 0.0011918846284970641,
            "Envy": 0.01087974663823843,
            "Excitement": 0.023078808560967445,
            "Fear": 0.012796333990991116,
            "Guilt": 0.04206637293100357,
            "Horror": 0.018443580716848373,
            "Interest": 0.003509491216391325,
            "Joy": 0.011433922685682774,
            "Love": 0.003787176450714469,
            "Nostalgia": 0.010324806906282902,
            "Pain": 0.03947334364056587,
            "Pride": 0.010750563815236092,
            "Realization": 0.15572482347488403,
            "Relief": 0.005556655116379261,
            "Romance": 0.005626286845654249,
            "Sadness": 0.042808931320905685,
            "Satisfaction": 0.008675746619701385,
            "Shame": 0.06000937148928642,
            "Surprise (negative)": 0.2384730875492096,
            "Surprise (positive)": 0.04755736514925957,
            "Sympathy": 0.0023791398853063583,
            "Tiredness": 0.010310514830052853,
            "Triumph": 0.01166254561394453
        },
        "lang": {
            "Admiration": 0.02095142044709064,
            "Adoration": 0.016106205424875952,
            "Aesthetic Appreciation": 0.0053567572322208434,
            "Amusement": 0.035999185289256275,
            "Anger": 0.06794419337529689,
            "Annoyance": 0.10392012889496982,
            "Anxiety": 0.011431002378230914,
            "Awe": 0.0116005797899561,
            "Awkwardness": 0.016272090142592788,
            "Boredom": 0.0836653362493962,
            "Calmness": 0.052865686535369605,
            "Concentration": 0.02102702925913036,
            "Confusion": 0.028184621187392622,
            "Contemplation": 0.01769944472471252,
            "Contempt": 0.06754070846363902,
            "Contentment": 0.039802661165595055,
            "Craving": 0.00716259925684426,
            "Desire": 0.00448375656560529,
            "Determination": 0.20579669496510178,
            "Disappointment": 0.020178954044240527,
            "Disapproval": 0.04191316303331405,
            "Disgust": 0.010437382676173002,
            "Distress": 0.014739379985257983,
            "Doubt": 0.015845338784856722,
            "Ecstasy": 0.014260194308008067,
            "Embarrassment": 0.002060500490188133,
            "Empathic Pain": 0.005012499721487984,
            "Enthusiasm": 0.39826905936934054,
            "Entrancement": 0.007103472307790071,
            "Envy": 0.00524449025397189,
            "Excitement": 0.2607898993883282,
            "Fear": 0.006452329711464699,
            "Gratitude": 0.01827695468091406,
            "Guilt": 0.0011325491941533983,
            "Horror": 0.0030346671846928075,
            "Interest": 0.09247564850375056,
            "Joy": 0.07602389965904877,
            "Love": 0.0178923176281387,
            "Nostalgia": 0.0012554764361993875,
            "Pain": 0.0028218951556482352,
            "Pride": 0.027740066696424037,
            "Realization": 0.03996735438704491,
            "Relief": 0.0161615114484448,
            "Romance": 0.005069834161986364,
            "Sadness": 0.003332538002723595,
            "Sarcasm": 0.07259472995065153,
            "Satisfaction": 0.05805967119522393,
            "Shame": 0.002614471930428408,
            "Surprise (negative)": 0.0479034282034263,
            "Surprise (positive)": 0.0677194531308487,
            "Sympathy": 0.008697324257809669,
            "Tiredness": 0.017765532844350673,
            "Triumph": 0.08691102341981605
        }
    }
}