{
    "metadata": {
        "dialogue_id": "657",
        "time_start": "00-00-54.555",
        "time_end": "00-00-58.182",
        "speaker": "Rachel",
        "emotion": "neutral",
        "sentiment": "neutral",
        "text_content": "Now that you know what you want you should go to Kleinman\u0092s and get it half off.",
        "file_name": "657_00-00-54.555_00-00-58.182_Rachel_neutral_neutral"
    },
    "predicted": {
        "face": {
            "Admiration": 0.20781776309013367,
            "Adoration": 0.20296885073184967,
            "Aesthetic Appreciation": 0.1152668446302414,
            "Amusement": 0.30392053723335266,
            "Anger": 0.04933813586831093,
            "Anxiety": 0.092073455452919,
            "Awe": 0.13865035772323608,
            "Awkwardness": 0.1751248836517334,
            "Boredom": 0.24306340515613556,
            "Calmness": 0.3724088966846466,
            "Concentration": 0.32029521465301514,
            "Confusion": 0.24459457397460938,
            "Contemplation": 0.20703643560409546,
            "Contempt": 0.14450497925281525,
            "Contentment": 0.20977821946144104,
            "Craving": 0.12399809062480927,
            "Desire": 0.24006779491901398,
            "Determination": 0.11622949689626694,
            "Disappointment": 0.16017946600914001,
            "Disgust": 0.06266353279352188,
            "Distress": 0.11408741772174835,
            "Doubt": 0.19565753638744354,
            "Ecstasy": 0.10589756071567535,
            "Embarrassment": 0.07197368144989014,
            "Empathic Pain": 0.05163878574967384,
            "Entrancement": 0.17003855109214783,
            "Envy": 0.047140926122665405,
            "Excitement": 0.1786241978406906,
            "Fear": 0.07045610249042511,
            "Guilt": 0.04683377593755722,
            "Horror": 0.032693050801754,
            "Interest": 0.38810133934020996,
            "Joy": 0.2596980631351471,
            "Love": 0.2753695547580719,
            "Nostalgia": 0.09176750481128693,
            "Pain": 0.08659840375185013,
            "Pride": 0.11625618487596512,
            "Realization": 0.16869550943374634,
            "Relief": 0.13916394114494324,
            "Romance": 0.1354585587978363,
            "Sadness": 0.10713844001293182,
            "Satisfaction": 0.3358824849128723,
            "Shame": 0.04776161164045334,
            "Surprise (negative)": 0.036728717386722565,
            "Surprise (positive)": 0.04282933846116066,
            "Sympathy": 0.049025215208530426,
            "Tiredness": 0.16608691215515137,
            "Triumph": 0.083541139960289
        },
        "prosody": {
            "Admiration": 0.0210333950817585,
            "Adoration": 0.009151900187134743,
            "Aesthetic Appreciation": 0.013169468380510807,
            "Amusement": 0.16291694343090057,
            "Anger": 0.34044554829597473,
            "Anxiety": 0.036107972264289856,
            "Awe": 0.007169374264776707,
            "Awkwardness": 0.015614544041454792,
            "Boredom": 0.010116045363247395,
            "Calmness": 0.08749039471149445,
            "Concentration": 0.5655946731567383,
            "Confusion": 0.0060547650791704655,
            "Contemplation": 0.14685705304145813,
            "Contempt": 0.6049793362617493,
            "Contentment": 0.013324550352990627,
            "Craving": 0.03297048062086105,
            "Desire": 0.0248335599899292,
            "Determination": 0.8836758136749268,
            "Disappointment": 0.11796065419912338,
            "Disgust": 0.14991337060928345,
            "Distress": 0.05983161926269531,
            "Doubt": 0.01949566975235939,
            "Ecstasy": 0.004613621160387993,
            "Embarrassment": 0.005459906999021769,
            "Empathic Pain": 0.038564715534448624,
            "Entrancement": 0.013057012110948563,
            "Envy": 0.21015167236328125,
            "Excitement": 0.028843117877840996,
            "Fear": 0.0074906665831804276,
            "Guilt": 0.007769524585455656,
            "Horror": 0.004693413618952036,
            "Interest": 0.1721535474061966,
            "Joy": 0.004251054488122463,
            "Love": 0.012022354640066624,
            "Nostalgia": 0.014225905761122704,
            "Pain": 0.008972481824457645,
            "Pride": 0.04804031178355217,
            "Realization": 0.20289906859397888,
            "Relief": 0.0070925564505159855,
            "Romance": 0.011441849172115326,
            "Sadness": 0.00930499006062746,
            "Satisfaction": 0.03596879169344902,
            "Shame": 0.005033835768699646,
            "Surprise (negative)": 0.007169676013290882,
            "Surprise (positive)": 0.002824686234816909,
            "Sympathy": 0.10812781751155853,
            "Tiredness": 0.013191885314881802,
            "Triumph": 0.026497533544898033
        },
        "lang": {}
    }
}