{
    "metadata": {
        "dialogue_id": "661",
        "time_start": "00-00-13.222",
        "time_end": "00-00-14.931",
        "speaker": "Chandler",
        "emotion": "neutral",
        "sentiment": "neutral",
        "text_content": "What about the birds?",
        "file_name": "661_00-00-13.222_00-00-14.931_Chandler_neutral_neutral"
    },
    "predicted": {
        "face": {
            "Admiration": 0.03492951765656471,
            "Adoration": 0.027391966432332993,
            "Aesthetic Appreciation": 0.028889449313282967,
            "Amusement": 0.06856854259967804,
            "Anger": 0.157963365316391,
            "Anxiety": 0.21621689200401306,
            "Awe": 0.058247119188308716,
            "Awkwardness": 0.2147269994020462,
            "Boredom": 0.2041185051202774,
            "Calmness": 0.15925295650959015,
            "Concentration": 0.24777662754058838,
            "Confusion": 0.5447834730148315,
            "Contemplation": 0.1360207051038742,
            "Contempt": 0.22143511474132538,
            "Contentment": 0.049823515117168427,
            "Craving": 0.035542819648981094,
            "Desire": 0.039493855088949203,
            "Determination": 0.08164145052433014,
            "Disappointment": 0.42873772978782654,
            "Disgust": 0.3112381100654602,
            "Distress": 0.3743518888950348,
            "Doubt": 0.34681588411331177,
            "Ecstasy": 0.022249417379498482,
            "Embarrassment": 0.15202221274375916,
            "Empathic Pain": 0.1492772251367569,
            "Entrancement": 0.06068157032132149,
            "Envy": 0.03725793957710266,
            "Excitement": 0.03778308629989624,
            "Fear": 0.12534205615520477,
            "Guilt": 0.1173853874206543,
            "Horror": 0.07283440232276917,
            "Interest": 0.12516272068023682,
            "Joy": 0.03782258927822113,
            "Love": 0.03656958416104317,
            "Nostalgia": 0.042581748217344284,
            "Pain": 0.3099806606769562,
            "Pride": 0.03399134427309036,
            "Realization": 0.1335233896970749,
            "Relief": 0.04699914902448654,
            "Romance": 0.020975062623620033,
            "Sadness": 0.30159619450569153,
            "Satisfaction": 0.055381812155246735,
            "Shame": 0.12324449419975281,
            "Surprise (negative)": 0.07947708666324615,
            "Surprise (positive)": 0.03023972362279892,
            "Sympathy": 0.05149669572710991,
            "Tiredness": 0.23812195658683777,
            "Triumph": 0.02027960494160652
        },
        "prosody": {
            "Admiration": 0.009035865776240826,
            "Adoration": 0.009038953110575676,
            "Aesthetic Appreciation": 0.014542315155267715,
            "Amusement": 0.05756833776831627,
            "Anger": 0.14635010063648224,
            "Anxiety": 0.08807268738746643,
            "Awe": 0.035631027072668076,
            "Awkwardness": 0.0459061898291111,
            "Boredom": 0.015684595331549644,
            "Calmness": 0.026109641417860985,
            "Concentration": 0.05825956538319588,
            "Confusion": 0.32990366220474243,
            "Contemplation": 0.025896260514855385,
            "Contempt": 0.050487253814935684,
            "Contentment": 0.008800772950053215,
            "Craving": 0.005502898246049881,
            "Desire": 0.008343027904629707,
            "Determination": 0.06489260494709015,
            "Disappointment": 0.04160771146416664,
            "Disgust": 0.06476301699876785,
            "Distress": 0.1337246596813202,
            "Doubt": 0.0323009118437767,
            "Ecstasy": 0.010302170179784298,
            "Embarrassment": 0.026729989796876907,
            "Empathic Pain": 0.007581261917948723,
            "Entrancement": 0.010790160857141018,
            "Envy": 0.005243470426648855,
            "Excitement": 0.038142163306474686,
            "Fear": 0.0795024111866951,
            "Guilt": 0.0058304863050580025,
            "Horror": 0.07079877704381943,
            "Interest": 0.1490228921175003,
            "Joy": 0.00949881412088871,
            "Love": 0.00477765453979373,
            "Nostalgia": 0.0043617417104542255,
            "Pain": 0.01130190584808588,
            "Pride": 0.020197447389364243,
            "Realization": 0.01703868992626667,
            "Relief": 0.006438591051846743,
            "Romance": 0.005297962576150894,
            "Sadness": 0.009012307971715927,
            "Satisfaction": 0.008495333604514599,
            "Shame": 0.013321653939783573,
            "Surprise (negative)": 0.20393690466880798,
            "Surprise (positive)": 0.0605410672724247,
            "Sympathy": 0.01697424426674843,
            "Tiredness": 0.010643940418958664,
            "Triumph": 0.013949033804237843
        },
        "lang": {}
    }
}