{
    "metadata": {
        "dialogue_id": "665",
        "time_start": "00-01-03.272",
        "time_end": "00-01-07.692",
        "speaker": "Alice",
        "emotion": "neutral",
        "sentiment": "neutral",
        "file_name": "665_00-01-03.272_00-01-07.692_Alice_neutral_neutral"
    },
    "predicted": {
        "face": {
            "Admiration": 0.11150196194648743,
            "Adoration": 0.06511666625738144,
            "Aesthetic Appreciation": 0.06871315836906433,
            "Amusement": 0.12113768607378006,
            "Anger": 0.10090523213148117,
            "Anxiety": 0.1634255051612854,
            "Awe": 0.2321205586194992,
            "Awkwardness": 0.22535082697868347,
            "Boredom": 0.25306135416030884,
            "Calmness": 0.2657187879085541,
            "Concentration": 0.40460851788520813,
            "Confusion": 0.4939206838607788,
            "Contemplation": 0.20159904658794403,
            "Contempt": 0.18319262564182281,
            "Contentment": 0.073564812541008,
            "Craving": 0.08512202650308609,
            "Desire": 0.07957163453102112,
            "Determination": 0.14178411662578583,
            "Disappointment": 0.2495305985212326,
            "Disgust": 0.1172514259815216,
            "Distress": 0.1836952418088913,
            "Doubt": 0.3556536138057709,
            "Ecstasy": 0.034543540328741074,
            "Embarrassment": 0.09758792072534561,
            "Empathic Pain": 0.07374565303325653,
            "Entrancement": 0.1508760154247284,
            "Envy": 0.05654434859752655,
            "Excitement": 0.0818495973944664,
            "Fear": 0.1871308833360672,
            "Guilt": 0.07147592306137085,
            "Horror": 0.11057067662477493,
            "Interest": 0.318065881729126,
            "Joy": 0.05644422024488449,
            "Love": 0.06100975722074509,
            "Nostalgia": 0.05624682456254959,
            "Pain": 0.08566778898239136,
            "Pride": 0.05261819064617157,
            "Realization": 0.2173684537410736,
            "Relief": 0.05264945328235626,
            "Romance": 0.03997962921857834,
            "Sadness": 0.14205583930015564,
            "Satisfaction": 0.07897292822599411,
            "Shame": 0.05858932435512543,
            "Surprise (negative)": 0.1612808108329773,
            "Surprise (positive)": 0.12546406686306,
            "Sympathy": 0.05069788545370102,
            "Tiredness": 0.15838047862052917,
            "Triumph": 0.034491393715143204
        },
        "prosody": {
            "Admiration": 0.009793870151042938,
            "Adoration": 0.020611483603715897,
            "Aesthetic Appreciation": 0.0064416504465043545,
            "Amusement": 0.11223821341991425,
            "Anger": 0.0920773595571518,
            "Anxiety": 0.08698893338441849,
            "Awe": 0.002176976064220071,
            "Awkwardness": 0.3250037729740143,
            "Boredom": 0.014452194795012474,
            "Calmness": 0.023239050060510635,
            "Concentration": 0.09666755050420761,
            "Confusion": 0.09466908127069473,
            "Contemplation": 0.10263234376907349,
            "Contempt": 0.05341016873717308,
            "Contentment": 0.04187188297510147,
            "Craving": 0.022269200533628464,
            "Desire": 0.03063129261136055,
            "Determination": 0.1854192018508911,
            "Disappointment": 0.07352370768785477,
            "Disgust": 0.01474115252494812,
            "Distress": 0.07464834302663803,
            "Doubt": 0.07205256819725037,
            "Ecstasy": 0.004075124394148588,
            "Embarrassment": 0.09610048681497574,
            "Empathic Pain": 0.03018551878631115,
            "Entrancement": 0.0023202202282845974,
            "Envy": 0.0440952330827713,
            "Excitement": 0.039964158087968826,
            "Fear": 0.010850402526557446,
            "Guilt": 0.028839698061347008,
            "Horror": 0.003579848213121295,
            "Interest": 0.11071553826332092,
            "Joy": 0.022347422316670418,
            "Love": 0.020854217931628227,
            "Nostalgia": 0.022660991176962852,
            "Pain": 0.018398918211460114,
            "Pride": 0.014779818244278431,
            "Realization": 0.13066108524799347,
            "Relief": 0.0197723601013422,
            "Romance": 0.04662341997027397,
            "Sadness": 0.040305133908987045,
            "Satisfaction": 0.04822343587875366,
            "Shame": 0.024648262187838554,
            "Surprise (negative)": 0.02086401917040348,
            "Surprise (positive)": 0.011354580521583557,
            "Sympathy": 0.04599164053797722,
            "Tiredness": 0.010210933163762093,
            "Triumph": 0.009369077160954475
        },
        "lang": {
            "Admiration": 0.0009272818843943669,
            "Adoration": 0.0004996064030017485,
            "Aesthetic Appreciation": 0.002969298908925232,
            "Amusement": 0.006765079342157525,
            "Anger": 0.02128122840761481,
            "Annoyance": 0.30488872002152834,
            "Anxiety": 0.0949355367132846,
            "Awe": 0.0008704363101381151,
            "Awkwardness": 0.20800736853305032,
            "Boredom": 0.0889962135868914,
            "Calmness": 0.019041772027883458,
            "Concentration": 0.009309900691732764,
            "Confusion": 0.15586772144717329,
            "Contemplation": 0.10033248518319692,
            "Contempt": 0.06307428067221361,
            "Contentment": 0.004082156002850217,
            "Craving": 0.0024134456796352476,
            "Desire": 0.0006647121507044443,
            "Determination": 0.007843307767282514,
            "Disappointment": 0.28199019272099524,
            "Disapproval": 0.13519469812950669,
            "Disgust": 0.013499211348757586,
            "Distress": 0.09254950005561113,
            "Doubt": 0.21856799546410055,
            "Ecstasy": 0.00013969298828776707,
            "Embarrassment": 0.06725080998833566,
            "Empathic Pain": 0.006650768631302258,
            "Enthusiasm": 0.0026988955762456447,
            "Entrancement": 0.002690941485685899,
            "Envy": 0.005258372601340799,
            "Excitement": 0.0011829430210020613,
            "Fear": 0.01302947468288681,
            "Gratitude": 0.001900166882585515,
            "Guilt": 0.05233022731537109,
            "Horror": 0.000897531646735254,
            "Interest": 0.014683007166775711,
            "Joy": 0.000824050691923784,
            "Love": 0.0006431072286111029,
            "Nostalgia": 0.0012701932710650213,
            "Pain": 0.017463876622701612,
            "Pride": 0.0022708301069488857,
            "Realization": 0.10806883082670324,
            "Relief": 0.0014044743181918474,
            "Romance": 0.0006425398100605782,
            "Sadness": 0.08626280653783504,
            "Sarcasm": 0.04339675331378684,
            "Satisfaction": 0.0024675519054974705,
            "Shame": 0.09484677041387733,
            "Surprise (negative)": 0.024929275845780093,
            "Surprise (positive)": 0.002565358135410968,
            "Sympathy": 0.0048106333775007545,
            "Tiredness": 0.048837031840401536,
            "Triumph": 0.0007483646075022133
        }
    }
}