{
    "metadata": {
        "dialogue_id": "666",
        "time_start": "00-00-23.190",
        "time_end": "00-00-24.231",
        "speaker": "Monica",
        "emotion": "neutral",
        "sentiment": "neutral",
        "text_content": "It's Danny.",
        "file_name": "666_00-00-23.190_00-00-24.231_Monica_neutral_neutral"
    },
    "predicted": {
        "face": {
            "Admiration": 0.12582169473171234,
            "Adoration": 0.08632757514715195,
            "Aesthetic Appreciation": 0.08216755092144012,
            "Amusement": 0.20281878113746643,
            "Anger": 0.05172624811530113,
            "Anxiety": 0.15760330855846405,
            "Awe": 0.14908915758132935,
            "Awkwardness": 0.236089825630188,
            "Boredom": 0.21882101893424988,
            "Calmness": 0.2095615267753601,
            "Concentration": 0.40515172481536865,
            "Confusion": 0.3660295307636261,
            "Contemplation": 0.24619974195957184,
            "Contempt": 0.12655088305473328,
            "Contentment": 0.08062618970870972,
            "Craving": 0.2302122712135315,
            "Desire": 0.3232783079147339,
            "Determination": 0.14310702681541443,
            "Disappointment": 0.13959716260433197,
            "Disgust": 0.06804920732975006,
            "Distress": 0.13250014185905457,
            "Doubt": 0.28280484676361084,
            "Ecstasy": 0.063706174492836,
            "Embarrassment": 0.08120867609977722,
            "Empathic Pain": 0.046380870044231415,
            "Entrancement": 0.16027489304542542,
            "Envy": 0.04951142147183418,
            "Excitement": 0.1364579200744629,
            "Fear": 0.1500944346189499,
            "Guilt": 0.05663109943270683,
            "Horror": 0.07176996767520905,
            "Interest": 0.42185187339782715,
            "Joy": 0.09471336007118225,
            "Love": 0.09980836510658264,
            "Nostalgia": 0.0527503527700901,
            "Pain": 0.055373359471559525,
            "Pride": 0.05240355432033539,
            "Realization": 0.1673881709575653,
            "Relief": 0.04175596311688423,
            "Romance": 0.09071783721446991,
            "Sadness": 0.07779771089553833,
            "Satisfaction": 0.13009239733219147,
            "Shame": 0.04637990519404411,
            "Surprise (negative)": 0.07792660593986511,
            "Surprise (positive)": 0.0661526620388031,
            "Sympathy": 0.03881116211414337,
            "Tiredness": 0.09177661687135696,
            "Triumph": 0.0417364202439785
        },
        "prosody": {
            "Admiration": 0,
            "Adoration": 0,
            "Aesthetic Appreciation": 0,
            "Amusement": 0,
            "Anger": 0,
            "Annoyance": 0,
            "Anxiety": 0,
            "Awe": 0,
            "Awkwardness": 0,
            "Boredom": 0,
            "Calmness": 0,
            "Concentration": 0,
            "Confusion": 0,
            "Contemplation": 0,
            "Contempt": 0,
            "Contentment": 0,
            "Craving": 0,
            "Desire": 0,
            "Determination": 0,
            "Disappointment": 0,
            "Disapproval": 0,
            "Disgust": 0,
            "Distress": 0,
            "Doubt": 0,
            "Ecstasy": 0,
            "Embarrassment": 0,
            "Empathic Pain": 0,
            "Enthusiasm": 0,
            "Entrancement": 0,
            "Envy": 0,
            "Excitement": 0,
            "Fear": 0,
            "Gratitude": 0,
            "Guilt": 0,
            "Horror": 0,
            "Interest": 0,
            "Joy": 0,
            "Love": 0,
            "Nostalgia": 0,
            "Pain": 0,
            "Pride": 0,
            "Realization": 0,
            "Relief": 0,
            "Romance": 0,
            "Sadness": 0,
            "Sarcasm": 0,
            "Satisfaction": 0,
            "Shame": 0,
            "Surprise (negative)": 0,
            "Surprise (positive)": 0,
            "Sympathy": 0,
            "Tiredness": 0,
            "Triumph": 0
        },
        "lang": {}
    }
}