{
    "metadata": {
        "dialogue_id": "671",
        "time_start": "00-01-28.339",
        "time_end": "00-01-29.424",
        "speaker": "Joey",
        "emotion": "neutral",
        "sentiment": "neutral",
        "file_name": "671_00-01-28.339_00-01-29.424_Joey_neutral_neutral"
    },
    "predicted": {
        "face": {
            "Admiration": 0.08438917994499207,
            "Adoration": 0.05086526274681091,
            "Aesthetic Appreciation": 0.05492963641881943,
            "Amusement": 0.11052356660366058,
            "Anger": 0.11566907912492752,
            "Anxiety": 0.22450833022594452,
            "Awe": 0.16537562012672424,
            "Awkwardness": 0.24432845413684845,
            "Boredom": 0.24551284313201904,
            "Calmness": 0.26343807578086853,
            "Concentration": 0.42214709520339966,
            "Confusion": 0.5985278487205505,
            "Contemplation": 0.20452506840229034,
            "Contempt": 0.17717690765857697,
            "Contentment": 0.07160096615552902,
            "Craving": 0.05769456923007965,
            "Desire": 0.04625328630208969,
            "Determination": 0.13171391189098358,
            "Disappointment": 0.2999594509601593,
            "Disgust": 0.13129405677318573,
            "Distress": 0.2513536214828491,
            "Doubt": 0.4444853961467743,
            "Ecstasy": 0.027453647926449776,
            "Embarrassment": 0.1274660974740982,
            "Empathic Pain": 0.09780782461166382,
            "Entrancement": 0.1216488629579544,
            "Envy": 0.053613003343343735,
            "Excitement": 0.0698525607585907,
            "Fear": 0.22930526733398438,
            "Guilt": 0.09620058536529541,
            "Horror": 0.12703515589237213,
            "Interest": 0.2867647707462311,
            "Joy": 0.05498282238841057,
            "Love": 0.05339294299483299,
            "Nostalgia": 0.05172793194651604,
            "Pain": 0.11351538449525833,
            "Pride": 0.04573578014969826,
            "Realization": 0.19903920590877533,
            "Relief": 0.044979505240917206,
            "Romance": 0.030473075807094574,
            "Sadness": 0.19308559596538544,
            "Satisfaction": 0.06500495225191116,
            "Shame": 0.07578784227371216,
            "Surprise (negative)": 0.1728488653898239,
            "Surprise (positive)": 0.11808796226978302,
            "Sympathy": 0.061395660042762756,
            "Tiredness": 0.1592186987400055,
            "Triumph": 0.025510065257549286
        },
        "prosody": {
            "Admiration": 0,
            "Adoration": 0,
            "Aesthetic Appreciation": 0,
            "Amusement": 0,
            "Anger": 0,
            "Annoyance": 0,
            "Anxiety": 0,
            "Awe": 0,
            "Awkwardness": 0,
            "Boredom": 0,
            "Calmness": 0,
            "Concentration": 0,
            "Confusion": 0,
            "Contemplation": 0,
            "Contempt": 0,
            "Contentment": 0,
            "Craving": 0,
            "Desire": 0,
            "Determination": 0,
            "Disappointment": 0,
            "Disapproval": 0,
            "Disgust": 0,
            "Distress": 0,
            "Doubt": 0,
            "Ecstasy": 0,
            "Embarrassment": 0,
            "Empathic Pain": 0,
            "Enthusiasm": 0,
            "Entrancement": 0,
            "Envy": 0,
            "Excitement": 0,
            "Fear": 0,
            "Gratitude": 0,
            "Guilt": 0,
            "Horror": 0,
            "Interest": 0,
            "Joy": 0,
            "Love": 0,
            "Nostalgia": 0,
            "Pain": 0,
            "Pride": 0,
            "Realization": 0,
            "Relief": 0,
            "Romance": 0,
            "Sadness": 0,
            "Sarcasm": 0,
            "Satisfaction": 0,
            "Shame": 0,
            "Surprise (negative)": 0,
            "Surprise (positive)": 0,
            "Sympathy": 0,
            "Tiredness": 0,
            "Triumph": 0
        },
        "lang": {
            "Admiration": 0.0020640098179380098,
            "Adoration": 0.0020759579492732882,
            "Aesthetic Appreciation": 0.0022831324216288826,
            "Amusement": 0.008315679927666983,
            "Anger": 0.22628797745953003,
            "Annoyance": 0.5068013270696005,
            "Anxiety": 0.07481135552128156,
            "Awe": 0.0016816853312775493,
            "Awkwardness": 0.11411055053273837,
            "Boredom": 0.06378234860797723,
            "Calmness": 0.09723106616487105,
            "Concentration": 0.032314142833153404,
            "Confusion": 0.09876063838601112,
            "Contemplation": 0.04568831187983354,
            "Contempt": 0.07149768248200417,
            "Contentment": 0.014401990609864393,
            "Craving": 0.002654252496237556,
            "Desire": 0.003408505542514225,
            "Determination": 0.0644917997221152,
            "Disappointment": 0.16054950033624968,
            "Disapproval": 0.20758043229579926,
            "Disgust": 0.02654763823375106,
            "Distress": 0.14384109464784464,
            "Doubt": 0.0690195622543494,
            "Ecstasy": 0.000832203368190676,
            "Embarrassment": 0.023392559650043648,
            "Empathic Pain": 0.013496496404210726,
            "Enthusiasm": 0.02472965729733308,
            "Entrancement": 0.0032228369576235614,
            "Envy": 0.0021273778208220997,
            "Excitement": 0.010040092592438063,
            "Fear": 0.017920890202124912,
            "Gratitude": 0.004940285230986774,
            "Guilt": 0.016574749412635963,
            "Horror": 0.00405132465918238,
            "Interest": 0.05122944029668967,
            "Joy": 0.003574536725257834,
            "Love": 0.005034973146393895,
            "Nostalgia": 0.002270317714040478,
            "Pain": 0.022962974694867928,
            "Pride": 0.004425664044295748,
            "Realization": 0.05438647295037905,
            "Relief": 0.010257002509509524,
            "Romance": 0.00361857241174827,
            "Sadness": 0.0377777066702644,
            "Sarcasm": 0.024432105322678883,
            "Satisfaction": 0.008936433121562004,
            "Shame": 0.024132197101910908,
            "Surprise (negative)": 0.10146658557156722,
            "Surprise (positive)": 0.009414794078717629,
            "Sympathy": 0.013723764102905989,
            "Tiredness": 0.04935552428166071,
            "Triumph": 0.004464968340471387
        }
    }
}