{
    "metadata": {
        "dialogue_id": "672",
        "time_start": "00-00-58.976",
        "time_end": "00-01-02.145",
        "speaker": "Rachel",
        "emotion": "anger",
        "sentiment": "negative",
        "file_name": "672_00-00-58.976_00-01-02.145_Rachel_anger_negative"
    },
    "predicted": {
        "face": {
            "Admiration": 0.05409083887934685,
            "Adoration": 0.05760008841753006,
            "Aesthetic Appreciation": 0.04500510171055794,
            "Amusement": 0.10960984230041504,
            "Anger": 0.06554733216762543,
            "Anxiety": 0.1833406239748001,
            "Awe": 0.06190355122089386,
            "Awkwardness": 0.16986224055290222,
            "Boredom": 0.2748304307460785,
            "Calmness": 0.34216758608818054,
            "Concentration": 0.2235410362482071,
            "Confusion": 0.29221516847610474,
            "Contemplation": 0.1297495812177658,
            "Contempt": 0.13326191902160645,
            "Contentment": 0.12896330654621124,
            "Craving": 0.04837357997894287,
            "Desire": 0.10204451531171799,
            "Determination": 0.06276753544807434,
            "Disappointment": 0.3425280451774597,
            "Disgust": 0.1321764439344406,
            "Distress": 0.3461894690990448,
            "Doubt": 0.2000727504491806,
            "Ecstasy": 0.06684466451406479,
            "Embarrassment": 0.12404534965753555,
            "Empathic Pain": 0.15957525372505188,
            "Entrancement": 0.09571701288223267,
            "Envy": 0.02677023783326149,
            "Excitement": 0.061750929802656174,
            "Fear": 0.13606789708137512,
            "Guilt": 0.11305788159370422,
            "Horror": 0.061517730355262756,
            "Interest": 0.13107161223888397,
            "Joy": 0.09281440824270248,
            "Love": 0.09954214841127396,
            "Nostalgia": 0.07634266465902328,
            "Pain": 0.4323364794254303,
            "Pride": 0.04882010817527771,
            "Realization": 0.13916267454624176,
            "Relief": 0.1567372828722,
            "Romance": 0.04960086569190025,
            "Sadness": 0.4348038136959076,
            "Satisfaction": 0.18322138488292694,
            "Shame": 0.10886380076408386,
            "Surprise (negative)": 0.05083074793219566,
            "Surprise (positive)": 0.025604257360100746,
            "Sympathy": 0.05786777287721634,
            "Tiredness": 0.42596545815467834,
            "Triumph": 0.033482663333415985
        },
        "prosody": {
            "Admiration": 0.00839146226644516,
            "Adoration": 0.0026077262591570616,
            "Aesthetic Appreciation": 0.002337600337341428,
            "Amusement": 0.012906772084534168,
            "Anger": 0.5194374918937683,
            "Anxiety": 0.10864190757274628,
            "Awe": 0.007287957705557346,
            "Awkwardness": 0.06076275184750557,
            "Boredom": 0.005228658672422171,
            "Calmness": 0.009627900086343288,
            "Concentration": 0.01861734874546528,
            "Confusion": 0.6122229099273682,
            "Contemplation": 0.023417938500642776,
            "Contempt": 0.25842490792274475,
            "Contentment": 0.0006574767758138478,
            "Craving": 0.001068387646228075,
            "Desire": 0.0016580591909587383,
            "Determination": 0.0056558758951723576,
            "Disappointment": 0.39096155762672424,
            "Disgust": 0.20319922268390656,
            "Distress": 0.2196870595216751,
            "Doubt": 0.11653538793325424,
            "Ecstasy": 0.0004852313722949475,
            "Embarrassment": 0.05302152410149574,
            "Empathic Pain": 0.051771871745586395,
            "Entrancement": 0.0009753885096870363,
            "Envy": 0.03496389091014862,
            "Excitement": 0.0015940212178975344,
            "Fear": 0.03434928134083748,
            "Guilt": 0.05325858294963837,
            "Horror": 0.029328137636184692,
            "Interest": 0.05388781428337097,
            "Joy": 0.00047416065353900194,
            "Love": 0.002069497015327215,
            "Nostalgia": 0.0021876974496990442,
            "Pain": 0.02463693916797638,
            "Pride": 0.000769333855714649,
            "Realization": 0.02955014258623123,
            "Relief": 0.0006161910714581609,
            "Romance": 0.0038423286750912666,
            "Sadness": 0.07596055418252945,
            "Satisfaction": 0.0009494682890363038,
            "Shame": 0.023709695786237717,
            "Surprise (negative)": 0.23008376359939575,
            "Surprise (positive)": 0.017903847619891167,
            "Sympathy": 0.03891444951295853,
            "Tiredness": 0.006143257953226566,
            "Triumph": 0.0002738415205385536
        },
        "lang": {
            "Admiration": 0.002196111358768706,
            "Adoration": 0.0010675055319942267,
            "Aesthetic Appreciation": 0.002013355651537755,
            "Amusement": 0.016210564844576374,
            "Anger": 0.0717557720573885,
            "Annoyance": 0.37806924485734533,
            "Anxiety": 0.022928504273295403,
            "Awe": 0.0050832400281381395,
            "Awkwardness": 0.03787896130234003,
            "Boredom": 0.01049433063183512,
            "Calmness": 0.011450150632299483,
            "Concentration": 0.01713902729430369,
            "Confusion": 0.6733062948499408,
            "Contemplation": 0.05792364704289606,
            "Contempt": 0.04809588114065783,
            "Contentment": 0.001737597440036812,
            "Craving": 0.00126866896087969,
            "Desire": 0.0008127257512699414,
            "Determination": 0.0064807009351040635,
            "Disappointment": 0.07061656697520188,
            "Disapproval": 0.10059562405305249,
            "Disgust": 0.012265787127294711,
            "Distress": 0.035391819064638445,
            "Doubt": 0.1019752597702401,
            "Ecstasy": 0.0006637096022521811,
            "Embarrassment": 0.005969626712612808,
            "Empathic Pain": 0.0024813458647778524,
            "Enthusiasm": 0.009883652990018683,
            "Entrancement": 0.003956288431904146,
            "Envy": 0.0024292300388749155,
            "Excitement": 0.007177841691632888,
            "Fear": 0.008812885190958955,
            "Gratitude": 0.0006979169556871057,
            "Guilt": 0.0016258835800856883,
            "Horror": 0.0038088665917582277,
            "Interest": 0.08987237898898977,
            "Joy": 0.001947227761515283,
            "Love": 0.0006222390262077429,
            "Nostalgia": 0.0010008352525931383,
            "Pain": 0.0035061147729200976,
            "Pride": 0.0019595066384811488,
            "Realization": 0.024389413318463733,
            "Relief": 0.0006354621249816514,
            "Romance": 0.0004605461945175193,
            "Sadness": 0.007035495463891753,
            "Sarcasm": 0.04485850195799555,
            "Satisfaction": 0.002237802986720843,
            "Shame": 0.004892246648004013,
            "Surprise (negative)": 0.18345971325678484,
            "Surprise (positive)": 0.023205046808081015,
            "Sympathy": 0.00229545112649378,
            "Tiredness": 0.00606379345325487,
            "Triumph": 0.0017400178143621556
        }
    }
}