{
    "metadata": {
        "dialogue_id": "676",
        "time_start": "00-01-01.603",
        "time_end": "00-01-08.025",
        "speaker": "Rachel",
        "emotion": "anger",
        "sentiment": "negative",
        "text_content": "Oh yeah, really? Is it Ross? Yeah? Okay, well let me make this a just a little bit easier for you.",
        "file_name": "676_00-01-01.603_00-01-08.025_Rachel_anger_negative"
    },
    "predicted": {
        "face": {
            "Admiration": 0.062126681208610535,
            "Adoration": 0.042258575558662415,
            "Aesthetic Appreciation": 0.046322643756866455,
            "Amusement": 0.08647966384887695,
            "Anger": 0.09137160331010818,
            "Anxiety": 0.19366231560707092,
            "Awe": 0.1345568150281906,
            "Awkwardness": 0.2113015353679657,
            "Boredom": 0.22792932391166687,
            "Calmness": 0.20932692289352417,
            "Concentration": 0.33250606060028076,
            "Confusion": 0.6833345890045166,
            "Contemplation": 0.18473412096500397,
            "Contempt": 0.17470723390579224,
            "Contentment": 0.05829537659883499,
            "Craving": 0.05764288827776909,
            "Desire": 0.06386489421129227,
            "Determination": 0.09377257525920868,
            "Disappointment": 0.31049060821533203,
            "Disgust": 0.18237045407295227,
            "Distress": 0.28845271468162537,
            "Doubt": 0.4229888617992401,
            "Ecstasy": 0.02822064608335495,
            "Embarrassment": 0.1115361750125885,
            "Empathic Pain": 0.13184967637062073,
            "Entrancement": 0.10519176721572876,
            "Envy": 0.04340212047100067,
            "Excitement": 0.05243111029267311,
            "Fear": 0.18780365586280823,
            "Guilt": 0.09028324484825134,
            "Horror": 0.10739246010780334,
            "Interest": 0.2138947695493698,
            "Joy": 0.04341667890548706,
            "Love": 0.04433500021696091,
            "Nostalgia": 0.05423067510128021,
            "Pain": 0.21992553770542145,
            "Pride": 0.0357557013630867,
            "Realization": 0.18279670178890228,
            "Relief": 0.050725243985652924,
            "Romance": 0.02822626568377018,
            "Sadness": 0.2930375933647156,
            "Satisfaction": 0.06510891765356064,
            "Shame": 0.07613113522529602,
            "Surprise (negative)": 0.1367245316505432,
            "Surprise (positive)": 0.07013555616140366,
            "Sympathy": 0.06346248835325241,
            "Tiredness": 0.2105332911014557,
            "Triumph": 0.022392917424440384
        },
        "prosody": {
            "Admiration": 0.00660682034989198,
            "Adoration": 0.00717929401434958,
            "Aesthetic Appreciation": 0.004920379879573981,
            "Amusement": 0.038610974326729774,
            "Anger": 0.04840407489488522,
            "Anxiety": 0.15939499934514365,
            "Awe": 0.013144366908818483,
            "Awkwardness": 0.18999216705560684,
            "Boredom": 0.016906413560112316,
            "Calmness": 0.04164259849737088,
            "Concentration": 0.031150104943662882,
            "Confusion": 0.2982828232149283,
            "Contemplation": 0.03653731321295103,
            "Contempt": 0.0597871116672953,
            "Contentment": 0.008399578121801218,
            "Craving": 0.012680596516778072,
            "Desire": 0.010763696394860744,
            "Determination": 0.11271614934472989,
            "Disappointment": 0.15350250092645487,
            "Disgust": 0.04515212339659532,
            "Distress": 0.14897880951563516,
            "Doubt": 0.18119587997595468,
            "Ecstasy": 0.00546882002769659,
            "Embarrassment": 0.07197124666223924,
            "Empathic Pain": 0.0678915015111367,
            "Entrancement": 0.005086062786479791,
            "Envy": 0.012093215249478817,
            "Excitement": 0.02209314222758015,
            "Fear": 0.0772146216283242,
            "Guilt": 0.03359278477728367,
            "Horror": 0.03140493482351303,
            "Interest": 0.08044017603000005,
            "Joy": 0.007479775386552016,
            "Love": 0.00967873438882331,
            "Nostalgia": 0.003875856986269355,
            "Pain": 0.03368828756113847,
            "Pride": 0.010500033386051655,
            "Realization": 0.13720590186615786,
            "Relief": 0.021933287847787142,
            "Romance": 0.0243680482575049,
            "Sadness": 0.06178450584411621,
            "Satisfaction": 0.0111001948826015,
            "Shame": 0.041236719116568565,
            "Surprise (negative)": 0.10550181350360315,
            "Surprise (positive)": 0.04398001357913017,
            "Sympathy": 0.10192404314875603,
            "Tiredness": 0.037758405630787216,
            "Triumph": 0.006662457948550582
        },
        "lang": {}
    }
}