{
    "metadata": {
        "dialogue_id": "679",
        "time_start": "00-01-04.356",
        "time_end": "00-01-07.233",
        "speaker": "Monica",
        "emotion": "anger",
        "sentiment": "negative",
        "file_name": "679_00-01-04.356_00-01-07.233_Monica_anger_negative"
    },
    "predicted": {
        "face": {
            "Admiration": 0.08849219977855682,
            "Adoration": 0.053064145147800446,
            "Aesthetic Appreciation": 0.05480070039629936,
            "Amusement": 0.14289531111717224,
            "Anger": 0.1439047008752823,
            "Anxiety": 0.15101946890354156,
            "Awe": 0.2462283819913864,
            "Awkwardness": 0.2137182652950287,
            "Boredom": 0.22959811985492706,
            "Calmness": 0.19148996472358704,
            "Concentration": 0.323887437582016,
            "Confusion": 0.5094460844993591,
            "Contemplation": 0.14492565393447876,
            "Contempt": 0.1716381460428238,
            "Contentment": 0.06346265971660614,
            "Craving": 0.07783188670873642,
            "Desire": 0.08877488225698471,
            "Determination": 0.1389220803976059,
            "Disappointment": 0.24497118592262268,
            "Disgust": 0.14678721129894257,
            "Distress": 0.1878405511379242,
            "Doubt": 0.3239315152168274,
            "Ecstasy": 0.04660496115684509,
            "Embarrassment": 0.09603478014469147,
            "Empathic Pain": 0.07399235665798187,
            "Entrancement": 0.12642577290534973,
            "Envy": 0.05113854259252548,
            "Excitement": 0.11586563289165497,
            "Fear": 0.16995586454868317,
            "Guilt": 0.05997342988848686,
            "Horror": 0.13260288536548615,
            "Interest": 0.28566306829452515,
            "Joy": 0.06999097019433975,
            "Love": 0.05644287168979645,
            "Nostalgia": 0.04212338104844093,
            "Pain": 0.10411546379327774,
            "Pride": 0.05079405754804611,
            "Realization": 0.19859105348587036,
            "Relief": 0.048450302332639694,
            "Romance": 0.03362298756837845,
            "Sadness": 0.11975017189979553,
            "Satisfaction": 0.08421840518712997,
            "Shame": 0.053833603858947754,
            "Surprise (negative)": 0.21256640553474426,
            "Surprise (positive)": 0.17565937340259552,
            "Sympathy": 0.04175543040037155,
            "Tiredness": 0.16837754845619202,
            "Triumph": 0.044297218322753906
        },
        "prosody": {
            "Admiration": 0.1970125436782837,
            "Adoration": 0.23284955322742462,
            "Aesthetic Appreciation": 0.08736215531826019,
            "Amusement": 0.22573617100715637,
            "Anger": 0.006892298813909292,
            "Anxiety": 0.0486946739256382,
            "Awe": 0.0650244951248169,
            "Awkwardness": 0.07446281611919403,
            "Boredom": 0.0015424513258039951,
            "Calmness": 0.0024887348990887403,
            "Concentration": 0.001974965911358595,
            "Confusion": 0.06020473316311836,
            "Contemplation": 0.07581225782632828,
            "Contempt": 0.007912902161478996,
            "Contentment": 0.05149354785680771,
            "Craving": 0.057914577424526215,
            "Desire": 0.07701960951089859,
            "Determination": 0.012777918018400669,
            "Disappointment": 0.03347005695104599,
            "Disgust": 0.0032908532302826643,
            "Distress": 0.029342761263251305,
            "Doubt": 0.019817659631371498,
            "Ecstasy": 0.14033731818199158,
            "Embarrassment": 0.03356980159878731,
            "Empathic Pain": 0.006426768843084574,
            "Entrancement": 0.01572388783097267,
            "Envy": 0.0402255654335022,
            "Excitement": 0.5501430034637451,
            "Fear": 0.004020850174129009,
            "Guilt": 0.010380810126662254,
            "Horror": 0.0015529368538409472,
            "Interest": 0.19571666419506073,
            "Joy": 0.3084966242313385,
            "Love": 0.300549179315567,
            "Nostalgia": 0.07848212122917175,
            "Pain": 0.002763831987977028,
            "Pride": 0.08794129639863968,
            "Realization": 0.14483796060085297,
            "Relief": 0.010393725708127022,
            "Romance": 0.15711960196495056,
            "Sadness": 0.010031694546341896,
            "Satisfaction": 0.14595407247543335,
            "Shame": 0.010838650166988373,
            "Surprise (negative)": 0.009774484671652317,
            "Surprise (positive)": 0.09373288601636887,
            "Sympathy": 0.013797816820442677,
            "Tiredness": 0.002180093666538596,
            "Triumph": 0.017529811710119247
        },
        "lang": {
            "Admiration": 0.013185007196928685,
            "Adoration": 0.018123519129100412,
            "Aesthetic Appreciation": 0.020940009912010282,
            "Amusement": 0.10955207313721378,
            "Anger": 0.007742084931426992,
            "Annoyance": 0.05703691637609154,
            "Anxiety": 0.03190554820078736,
            "Awe": 0.009488229668932036,
            "Awkwardness": 0.10590261275259157,
            "Boredom": 0.009746939467731863,
            "Calmness": 0.05880971594403187,
            "Concentration": 0.021051614234844845,
            "Confusion": 0.10467397840693593,
            "Contemplation": 0.2829437305529912,
            "Contempt": 0.04355261467086772,
            "Contentment": 0.020315439634335537,
            "Craving": 0.013614909742803624,
            "Desire": 0.2540488227071667,
            "Determination": 0.02538338233716786,
            "Disappointment": 0.05759525136090815,
            "Disapproval": 0.07025253761094064,
            "Disgust": 0.009146588325772123,
            "Distress": 0.019076840466974925,
            "Doubt": 0.0999006104345123,
            "Ecstasy": 0.01071153640320214,
            "Embarrassment": 0.023145335571219523,
            "Empathic Pain": 0.02218780678231269,
            "Enthusiasm": 0.04284213405723373,
            "Entrancement": 0.03345692716538906,
            "Envy": 0.008148521621478721,
            "Excitement": 0.03962434186056877,
            "Fear": 0.013138704739200572,
            "Gratitude": 0.002099936726153828,
            "Guilt": 0.013035986999360224,
            "Horror": 0.0023067647707648575,
            "Interest": 0.12097939484131832,
            "Joy": 0.02638176124310121,
            "Love": 0.08265995700639905,
            "Nostalgia": 0.007450711292525132,
            "Pain": 0.009495832996132473,
            "Pride": 0.007009633001871407,
            "Realization": 0.2734958104168375,
            "Relief": 0.005246957725224395,
            "Romance": 0.32511212543370976,
            "Sadness": 0.01723764274114122,
            "Sarcasm": 0.10217461284870903,
            "Satisfaction": 0.028308817534707487,
            "Shame": 0.024353159610958148,
            "Surprise (negative)": 0.04022645360479752,
            "Surprise (positive)": 0.02217456737222771,
            "Sympathy": 0.01759752962971106,
            "Tiredness": 0.00822508354516079,
            "Triumph": 0.005561118111169587
        }
    }
}