{
    "metadata": {
        "dialogue_id": "67",
        "time_start": "00-00-19.770",
        "time_end": "00-00-20.896",
        "speaker": "Monica",
        "emotion": "neutral",
        "sentiment": "neutral",
        "text_content": "What\u2019s the charity?",
        "file_name": "67_00-00-19.770_00-00-20.896_Monica_neutral_neutral"
    },
    "predicted": {
        "face": {
            "Admiration": 0.06480106711387634,
            "Adoration": 0.04272930696606636,
            "Aesthetic Appreciation": 0.05299891531467438,
            "Amusement": 0.0737638920545578,
            "Anger": 0.17190957069396973,
            "Anxiety": 0.17600944638252258,
            "Awe": 0.059491198509931564,
            "Awkwardness": 0.21375642716884613,
            "Boredom": 0.3840115964412689,
            "Calmness": 0.3390258252620697,
            "Concentration": 0.4737694561481476,
            "Confusion": 0.6019223928451538,
            "Contemplation": 0.2629091441631317,
            "Contempt": 0.32260122895240784,
            "Contentment": 0.0829649269580841,
            "Craving": 0.046401381492614746,
            "Desire": 0.037075676023960114,
            "Determination": 0.1581806093454361,
            "Disappointment": 0.4000372886657715,
            "Disgust": 0.21010024845600128,
            "Distress": 0.2270805835723877,
            "Doubt": 0.5108904242515564,
            "Ecstasy": 0.016233336180448532,
            "Embarrassment": 0.09689826518297195,
            "Empathic Pain": 0.09992533922195435,
            "Entrancement": 0.09757309406995773,
            "Envy": 0.06739877909421921,
            "Excitement": 0.031454283744096756,
            "Fear": 0.0852574035525322,
            "Guilt": 0.08471459150314331,
            "Horror": 0.036349065601825714,
            "Interest": 0.24103613197803497,
            "Joy": 0.039992839097976685,
            "Love": 0.04533518850803375,
            "Nostalgia": 0.05897035449743271,
            "Pain": 0.12929809093475342,
            "Pride": 0.061355624347925186,
            "Realization": 0.13979937136173248,
            "Relief": 0.041039999574422836,
            "Romance": 0.025703590363264084,
            "Sadness": 0.24975867569446564,
            "Satisfaction": 0.0643557533621788,
            "Shame": 0.07850881665945053,
            "Surprise (negative)": 0.04837876558303833,
            "Surprise (positive)": 0.024886611849069595,
            "Sympathy": 0.06318097561597824,
            "Tiredness": 0.20357248187065125,
            "Triumph": 0.023063311353325844
        },
        "prosody": {
            "Admiration": 0.008925621397793293,
            "Adoration": 0.004198497161269188,
            "Aesthetic Appreciation": 0.011971903964877129,
            "Amusement": 0.05894447863101959,
            "Anger": 0.04569145664572716,
            "Anxiety": 0.05478927120566368,
            "Awe": 0.03437981382012367,
            "Awkwardness": 0.047198761254549026,
            "Boredom": 0.02290179207921028,
            "Calmness": 0.06181778758764267,
            "Concentration": 0.04034942761063576,
            "Confusion": 0.42587730288505554,
            "Contemplation": 0.03291598707437515,
            "Contempt": 0.02984788827598095,
            "Contentment": 0.024523301050066948,
            "Craving": 0.003837724681943655,
            "Desire": 0.0035487140994518995,
            "Determination": 0.03507111966609955,
            "Disappointment": 0.02605789713561535,
            "Disgust": 0.02773168869316578,
            "Distress": 0.06710674613714218,
            "Doubt": 0.04923097789287567,
            "Ecstasy": 0.008976263925433159,
            "Embarrassment": 0.012564480304718018,
            "Empathic Pain": 0.012577847577631474,
            "Entrancement": 0.016348622739315033,
            "Envy": 0.00554979033768177,
            "Excitement": 0.031084103509783745,
            "Fear": 0.030978936702013016,
            "Guilt": 0.00945915374904871,
            "Horror": 0.027399903163313866,
            "Interest": 0.23599793016910553,
            "Joy": 0.008384773507714272,
            "Love": 0.003552881069481373,
            "Nostalgia": 0.004422226920723915,
            "Pain": 0.010286799632012844,
            "Pride": 0.014685728587210178,
            "Realization": 0.030666572973132133,
            "Relief": 0.007308623753488064,
            "Romance": 0.005181792192161083,
            "Sadness": 0.01609928533434868,
            "Satisfaction": 0.019659891724586487,
            "Shame": 0.01667485386133194,
            "Surprise (negative)": 0.08265585452318192,
            "Surprise (positive)": 0.10883037000894547,
            "Sympathy": 0.014038757421076298,
            "Tiredness": 0.017201703041791916,
            "Triumph": 0.011625329963862896
        },
        "lang": {
            "Admiration": 0.003638056262085835,
            "Adoration": 0.0011976556464408834,
            "Aesthetic Appreciation": 0.004819976243500908,
            "Amusement": 0.022625152952969074,
            "Anger": 0.0046146768145263195,
            "Annoyance": 0.03209266439080238,
            "Anxiety": 0.01960794550056259,
            "Awe": 0.006172044823567073,
            "Awkwardness": 0.017733762972056866,
            "Boredom": 0.011947840917855501,
            "Calmness": 0.02835839365919431,
            "Concentration": 0.07779693355162938,
            "Confusion": 0.5850389997164408,
            "Contemplation": 0.2004730055729548,
            "Contempt": 0.017149662288526695,
            "Contentment": 0.004240557396163543,
            "Craving": 0.0039297212691356736,
            "Desire": 0.0005800161403991903,
            "Determination": 0.015707841608673334,
            "Disappointment": 0.005192529410123825,
            "Disapproval": 0.01038906661172708,
            "Disgust": 0.002985555251749853,
            "Distress": 0.011468065436929464,
            "Doubt": 0.09636497994263966,
            "Ecstasy": 0.0010160476085729897,
            "Embarrassment": 0.0017407184932380915,
            "Empathic Pain": 0.002723755994035552,
            "Enthusiasm": 0.026846641674637794,
            "Entrancement": 0.009641120675951242,
            "Envy": 0.0008792062678063909,
            "Excitement": 0.017096690678348143,
            "Fear": 0.007558904510612289,
            "Gratitude": 0.004372729143748681,
            "Guilt": 0.0008006739274909099,
            "Horror": 0.001596101055232187,
            "Interest": 0.45003047088781994,
            "Joy": 0.0035457188496366143,
            "Love": 0.0006237845518626273,
            "Nostalgia": 0.0022602536094685397,
            "Pain": 0.001101538286699603,
            "Pride": 0.002610467723570764,
            "Realization": 0.03045589787264665,
            "Relief": 0.0010761287606631715,
            "Romance": 0.0003874769511943062,
            "Sadness": 0.0012777024724831183,
            "Sarcasm": 0.0542744646469752,
            "Satisfaction": 0.0061717961604396505,
            "Shame": 0.0013425956713035703,
            "Surprise (negative)": 0.032376219828923546,
            "Surprise (positive)": 0.03286720563968023,
            "Sympathy": 0.0031561792420689017,
            "Tiredness": 0.0033617604446286955,
            "Triumph": 0.003030012051264445
        }
    }
}