{
    "metadata": {
        "dialogue_id": "682",
        "time_start": "00-01-28.088",
        "time_end": "00-01-30.548",
        "speaker": "Ross",
        "emotion": "neutral",
        "sentiment": "neutral",
        "file_name": "682_00-01-28.088_00-01-30.548_Ross_neutral_neutral"
    },
    "predicted": {
        "face": {
            "Admiration": 0.1603660136461258,
            "Adoration": 0.11990885436534882,
            "Aesthetic Appreciation": 0.08573499321937561,
            "Amusement": 0.3038717210292816,
            "Anger": 0.04945392906665802,
            "Anxiety": 0.13734784722328186,
            "Awe": 0.2140912115573883,
            "Awkwardness": 0.26363521814346313,
            "Boredom": 0.23351721465587616,
            "Calmness": 0.3313351273536682,
            "Concentration": 0.30909648537635803,
            "Confusion": 0.46131592988967896,
            "Contemplation": 0.15456414222717285,
            "Contempt": 0.13568203151226044,
            "Contentment": 0.15908145904541016,
            "Craving": 0.0630660206079483,
            "Desire": 0.07576801627874374,
            "Determination": 0.08626043796539307,
            "Disappointment": 0.1822270154953003,
            "Disgust": 0.086484394967556,
            "Distress": 0.1579725742340088,
            "Doubt": 0.2926081418991089,
            "Ecstasy": 0.07215342670679092,
            "Embarrassment": 0.09737812727689743,
            "Empathic Pain": 0.06809449940919876,
            "Entrancement": 0.1445193886756897,
            "Envy": 0.04434000700712204,
            "Excitement": 0.1886647790670395,
            "Fear": 0.156375452876091,
            "Guilt": 0.053854405879974365,
            "Horror": 0.09540709108114243,
            "Interest": 0.4073786437511444,
            "Joy": 0.2320130169391632,
            "Love": 0.14546705782413483,
            "Nostalgia": 0.06665206700563431,
            "Pain": 0.08634193986654282,
            "Pride": 0.0750826969742775,
            "Realization": 0.19997166097164154,
            "Relief": 0.1014007180929184,
            "Romance": 0.054675035178661346,
            "Sadness": 0.11645323038101196,
            "Satisfaction": 0.1821371167898178,
            "Shame": 0.0477699376642704,
            "Surprise (negative)": 0.12689290940761566,
            "Surprise (positive)": 0.14462943375110626,
            "Sympathy": 0.06875281035900116,
            "Tiredness": 0.14613357186317444,
            "Triumph": 0.051336903125047684
        },
        "prosody": {
            "Admiration": 0.13467474281787872,
            "Adoration": 0.07279150187969208,
            "Aesthetic Appreciation": 0.037680335342884064,
            "Amusement": 0.08629628270864487,
            "Anger": 0.00931958481669426,
            "Anxiety": 0.017432808876037598,
            "Awe": 0.04960479959845543,
            "Awkwardness": 0.026193808764219284,
            "Boredom": 0.06225650757551193,
            "Calmness": 0.08749460428953171,
            "Concentration": 0.028041724115610123,
            "Confusion": 0.006217464804649353,
            "Contemplation": 0.015106379054486752,
            "Contempt": 0.012538465671241283,
            "Contentment": 0.05180906504392624,
            "Craving": 0.005138353910297155,
            "Desire": 0.023434188216924667,
            "Determination": 0.02902713604271412,
            "Disappointment": 0.011615142226219177,
            "Disgust": 0.004377245437353849,
            "Distress": 0.011465504765510559,
            "Doubt": 0.005285817198455334,
            "Ecstasy": 0.034411683678627014,
            "Embarrassment": 0.0038037814665585756,
            "Empathic Pain": 0.008983454667031765,
            "Entrancement": 0.03832103684544563,
            "Envy": 0.013260971754789352,
            "Excitement": 0.19359023869037628,
            "Fear": 0.02286292426288128,
            "Guilt": 0.0030847168527543545,
            "Horror": 0.006751601584255695,
            "Interest": 0.3578231632709503,
            "Joy": 0.13357298076152802,
            "Love": 0.059609804302453995,
            "Nostalgia": 0.030552789568901062,
            "Pain": 0.005261366255581379,
            "Pride": 0.014303264208137989,
            "Realization": 0.03362095728516579,
            "Relief": 0.07591647654771805,
            "Romance": 0.03427547961473465,
            "Sadness": 0.017456967383623123,
            "Satisfaction": 0.059152230620384216,
            "Shame": 0.0022519389167428017,
            "Surprise (negative)": 0.011123060248792171,
            "Surprise (positive)": 0.09236204624176025,
            "Sympathy": 0.02012326754629612,
            "Tiredness": 0.015979517251253128,
            "Triumph": 0.015211297199130058
        },
        "lang": {
            "Admiration": 0.006567770947835275,
            "Adoration": 0.006884191916989428,
            "Aesthetic Appreciation": 0.0072330037863659,
            "Amusement": 0.00824460869521967,
            "Anger": 0.0049057641715210465,
            "Annoyance": 0.09806645901075431,
            "Anxiety": 0.007613981275686196,
            "Awe": 0.003142295072653464,
            "Awkwardness": 0.025227397414190427,
            "Boredom": 0.0724966786801815,
            "Calmness": 0.46754237370831625,
            "Concentration": 0.12270199374428817,
            "Confusion": 0.02503722091205418,
            "Contemplation": 0.10903660101549965,
            "Contempt": 0.05454946016626699,
            "Contentment": 0.16263727790543012,
            "Craving": 0.002439848708620827,
            "Desire": 0.001283614114592118,
            "Determination": 0.14991427958011627,
            "Disappointment": 0.01724702598793166,
            "Disapproval": 0.030085656426048706,
            "Disgust": 0.003114216890285856,
            "Distress": 0.0038585726537608673,
            "Doubt": 0.05076486903375813,
            "Ecstasy": 0.0018720870461298286,
            "Embarrassment": 0.0028451162756287624,
            "Empathic Pain": 0.004179333968620215,
            "Enthusiasm": 0.13241889593856676,
            "Entrancement": 0.0042670978831925565,
            "Envy": 0.0012153169788819338,
            "Excitement": 0.0724398298189044,
            "Fear": 0.0011205121658609382,
            "Gratitude": 0.044521355469311984,
            "Guilt": 0.0031741943010794266,
            "Horror": 0.00014139150672625483,
            "Interest": 0.16894591972231865,
            "Joy": 0.04577481045687039,
            "Love": 0.01505256594308386,
            "Nostalgia": 0.00353723912017553,
            "Pain": 0.0010366147159532244,
            "Pride": 0.01123767246359161,
            "Realization": 0.07907195894845895,
            "Relief": 0.04890085357640471,
            "Romance": 0.0034429533511034344,
            "Sadness": 0.0021739479353917496,
            "Sarcasm": 0.02799582903805588,
            "Satisfaction": 0.12013110837766103,
            "Shame": 0.0035911917969185326,
            "Surprise (negative)": 0.009486749202811293,
            "Surprise (positive)": 0.031168618439031497,
            "Sympathy": 0.00883631401562265,
            "Tiredness": 0.03948810377291271,
            "Triumph": 0.020824399377618517
        }
    }
}