{
    "metadata": {
        "dialogue_id": "685",
        "time_start": "00-00-00.762",
        "time_end": "00-00-03.009",
        "speaker": "Chandler",
        "emotion": "neutral",
        "sentiment": "neutral",
        "file_name": "685_00-00-00.762_00-00-03.009_Chandler_neutral_neutral"
    },
    "predicted": {
        "face": {
            "Admiration": 0.1784277707338333,
            "Adoration": 0.2113136500120163,
            "Aesthetic Appreciation": 0.06860163062810898,
            "Amusement": 0.6171417832374573,
            "Anger": 0.04769018292427063,
            "Anxiety": 0.11238247901201248,
            "Awe": 0.10290459543466568,
            "Awkwardness": 0.195348858833313,
            "Boredom": 0.07968374341726303,
            "Calmness": 0.17411978542804718,
            "Concentration": 0.13002149760723114,
            "Confusion": 0.19830164313316345,
            "Contemplation": 0.0739525631070137,
            "Contempt": 0.07441385835409164,
            "Contentment": 0.2086252123117447,
            "Craving": 0.03644857928156853,
            "Desire": 0.06159378960728645,
            "Determination": 0.05618594214320183,
            "Disappointment": 0.13927362859249115,
            "Disgust": 0.05614502355456352,
            "Distress": 0.15878595411777496,
            "Doubt": 0.11872100830078125,
            "Ecstasy": 0.15435843169689178,
            "Embarrassment": 0.1474732756614685,
            "Empathic Pain": 0.057123299688100815,
            "Entrancement": 0.08504972606897354,
            "Envy": 0.026619531214237213,
            "Excitement": 0.386248916387558,
            "Fear": 0.07477740198373795,
            "Guilt": 0.0539729930460453,
            "Horror": 0.043459683656692505,
            "Interest": 0.3079770803451538,
            "Joy": 0.6352036595344543,
            "Love": 0.3998146057128906,
            "Nostalgia": 0.0667717456817627,
            "Pain": 0.1232869029045105,
            "Pride": 0.11357644200325012,
            "Realization": 0.14983558654785156,
            "Relief": 0.1671553999185562,
            "Romance": 0.09641718864440918,
            "Sadness": 0.08977263420820236,
            "Satisfaction": 0.3175952434539795,
            "Shame": 0.06218662112951279,
            "Surprise (negative)": 0.04405171051621437,
            "Surprise (positive)": 0.06324992328882217,
            "Sympathy": 0.05341325327754021,
            "Tiredness": 0.10058961808681488,
            "Triumph": 0.09933490306138992
        },
        "prosody": {
            "Admiration": 0.01736137457191944,
            "Adoration": 0.01070354599505663,
            "Aesthetic Appreciation": 0.009513485245406628,
            "Amusement": 0.03239799663424492,
            "Anger": 0.14350399374961853,
            "Anxiety": 0.09642095118761063,
            "Awe": 0.00810323841869831,
            "Awkwardness": 0.06928405910730362,
            "Boredom": 0.035672351717948914,
            "Calmness": 0.08470132201910019,
            "Concentration": 0.06947172433137894,
            "Confusion": 0.025028804317116737,
            "Contemplation": 0.010993982665240765,
            "Contempt": 0.13400939106941223,
            "Contentment": 0.02977447584271431,
            "Craving": 0.002372183371335268,
            "Desire": 0.003500989405438304,
            "Determination": 0.09751861542463303,
            "Disappointment": 0.03519172966480255,
            "Disgust": 0.07702185213565826,
            "Distress": 0.05419214814901352,
            "Doubt": 0.006320268381386995,
            "Ecstasy": 0.007931288331747055,
            "Embarrassment": 0.009091059677302837,
            "Empathic Pain": 0.005009559448808432,
            "Entrancement": 0.010116780176758766,
            "Envy": 0.005297116935253143,
            "Excitement": 0.060945961624383926,
            "Fear": 0.030703924596309662,
            "Guilt": 0.0038800376933068037,
            "Horror": 0.024261925369501114,
            "Interest": 0.07071750611066818,
            "Joy": 0.014708572998642921,
            "Love": 0.010442974977195263,
            "Nostalgia": 0.004723840858787298,
            "Pain": 0.0044096847996115685,
            "Pride": 0.026679711416363716,
            "Realization": 0.023038864135742188,
            "Relief": 0.006915771868079901,
            "Romance": 0.0029650123324245214,
            "Sadness": 0.00931160431355238,
            "Satisfaction": 0.020395692437887192,
            "Shame": 0.008395632728934288,
            "Surprise (negative)": 0.030562549829483032,
            "Surprise (positive)": 0.010294263251125813,
            "Sympathy": 0.011435776948928833,
            "Tiredness": 0.007507497910410166,
            "Triumph": 0.028727462515234947
        },
        "lang": {
            "Admiration": 0.027897859407987977,
            "Adoration": 0.005699802530995969,
            "Aesthetic Appreciation": 0.020599612167903354,
            "Amusement": 0.02355595558349575,
            "Anger": 0.007594319709044482,
            "Annoyance": 0.06094299902075103,
            "Anxiety": 0.0055116477555462295,
            "Awe": 0.01998715441940086,
            "Awkwardness": 0.020331103022077253,
            "Boredom": 0.030999537124963745,
            "Calmness": 0.11113839436854635,
            "Concentration": 0.0167542904216264,
            "Confusion": 0.1499954365260367,
            "Contemplation": 0.09597875443952424,
            "Contempt": 0.0362877809841718,
            "Contentment": 0.11986012064984866,
            "Craving": 0.00787160437071829,
            "Desire": 0.0011783015413259687,
            "Determination": 0.009812236397660204,
            "Disappointment": 0.08652437618002295,
            "Disapproval": 0.03114252457661288,
            "Disgust": 0.004304287589288184,
            "Distress": 0.010858019223503237,
            "Doubt": 0.03089880244806409,
            "Ecstasy": 0.004700074392271095,
            "Embarrassment": 0.012356175409097756,
            "Empathic Pain": 0.00468634774110147,
            "Enthusiasm": 0.03155025131335216,
            "Entrancement": 0.010242494687970196,
            "Envy": 0.02283921154282455,
            "Excitement": 0.018167301297320852,
            "Fear": 0.0015675785065728373,
            "Gratitude": 0.04715831940328436,
            "Guilt": 0.018710566169050123,
            "Horror": 0.0009395435045007616,
            "Interest": 0.08080023899674416,
            "Joy": 0.02960558039402323,
            "Love": 0.002490804692830092,
            "Nostalgia": 0.005763003685777741,
            "Pain": 0.0034551291485383573,
            "Pride": 0.05118092891227986,
            "Realization": 0.08051914162933826,
            "Relief": 0.018596733255045756,
            "Romance": 0.0008388274738016273,
            "Sadness": 0.014962524292059243,
            "Sarcasm": 0.04639137429850442,
            "Satisfaction": 0.14435850828886032,
            "Shame": 0.019124228274449706,
            "Surprise (negative)": 0.036442804715729187,
            "Surprise (positive)": 0.03580619740699019,
            "Sympathy": 0.0071920613824789014,
            "Tiredness": 0.018344593151206418,
            "Triumph": 0.043421037744597664
        }
    }
}