{
    "metadata": {
        "dialogue_id": "686",
        "time_start": "00-00-15.307",
        "time_end": "00-00-17.289",
        "speaker": "Monica",
        "emotion": "sadness",
        "sentiment": "negative",
        "text_content": "You\u0092re right, I\u0092m sorry.",
        "file_name": "686_00-00-15.307_00-00-17.289_Monica_sadness_negative"
    },
    "predicted": {
        "face": {
            "Admiration": 0.17610983550548553,
            "Adoration": 0.1451304703950882,
            "Aesthetic Appreciation": 0.10285110026597977,
            "Amusement": 0.21437066793441772,
            "Anger": 0.06252079457044601,
            "Anxiety": 0.1251920461654663,
            "Awe": 0.08938483893871307,
            "Awkwardness": 0.23221634328365326,
            "Boredom": 0.3954101502895355,
            "Calmness": 0.4781075716018677,
            "Concentration": 0.4723958373069763,
            "Confusion": 0.3621330261230469,
            "Contemplation": 0.32089999318122864,
            "Contempt": 0.21873480081558228,
            "Contentment": 0.1934332251548767,
            "Craving": 0.08614906668663025,
            "Desire": 0.0907135084271431,
            "Determination": 0.15571743249893188,
            "Disappointment": 0.2896360456943512,
            "Disgust": 0.07294823974370956,
            "Distress": 0.13981057703495026,
            "Doubt": 0.39171719551086426,
            "Ecstasy": 0.03472019359469414,
            "Embarrassment": 0.09934985637664795,
            "Empathic Pain": 0.06513496488332748,
            "Entrancement": 0.13778561353683472,
            "Envy": 0.06406079232692719,
            "Excitement": 0.08227138966321945,
            "Fear": 0.06669031083583832,
            "Guilt": 0.07298874855041504,
            "Horror": 0.025422440841794014,
            "Interest": 0.4282301068305969,
            "Joy": 0.1359359174966812,
            "Love": 0.16575707495212555,
            "Nostalgia": 0.0930233895778656,
            "Pain": 0.06958746910095215,
            "Pride": 0.1122247502207756,
            "Realization": 0.17355366051197052,
            "Relief": 0.07701435685157776,
            "Romance": 0.08022113144397736,
            "Sadness": 0.16353431344032288,
            "Satisfaction": 0.18826302886009216,
            "Shame": 0.06999637931585312,
            "Surprise (negative)": 0.03458334505558014,
            "Surprise (positive)": 0.03213384747505188,
            "Sympathy": 0.07646919786930084,
            "Tiredness": 0.17120175063610077,
            "Triumph": 0.04507536068558693
        },
        "prosody": {
            "Admiration": 0.010909978300333023,
            "Adoration": 0.014010955579578876,
            "Aesthetic Appreciation": 0.005258222110569477,
            "Amusement": 0.19003938138484955,
            "Anger": 0.009833325631916523,
            "Anxiety": 0.01764809526503086,
            "Awe": 0.002229952020570636,
            "Awkwardness": 0.3002450168132782,
            "Boredom": 0.02694673091173172,
            "Calmness": 0.04555053263902664,
            "Concentration": 0.0012490992667153478,
            "Confusion": 0.03827562928199768,
            "Contemplation": 0.03942672908306122,
            "Contempt": 0.08972778171300888,
            "Contentment": 0.015463260002434254,
            "Craving": 0.0010425266809761524,
            "Desire": 0.0030726538971066475,
            "Determination": 0.005114859901368618,
            "Disappointment": 0.15842989087104797,
            "Disgust": 0.030776940286159515,
            "Distress": 0.022582918405532837,
            "Doubt": 0.039189498871564865,
            "Ecstasy": 0.0030453745275735855,
            "Embarrassment": 0.26427263021469116,
            "Empathic Pain": 0.36549150943756104,
            "Entrancement": 0.0015248949639499187,
            "Envy": 0.017824793234467506,
            "Excitement": 0.00735647464171052,
            "Fear": 0.0031971752177923918,
            "Guilt": 0.4889231324195862,
            "Horror": 0.0027257725596427917,
            "Interest": 0.012543919496238232,
            "Joy": 0.015399225987493992,
            "Love": 0.011875667609274387,
            "Nostalgia": 0.006084074266254902,
            "Pain": 0.012848025187849998,
            "Pride": 0.021400565281510353,
            "Realization": 0.3502731919288635,
            "Relief": 0.03575543686747551,
            "Romance": 0.01106745284050703,
            "Sadness": 0.10583924502134323,
            "Satisfaction": 0.032042741775512695,
            "Shame": 0.24464818835258484,
            "Surprise (negative)": 0.0225530918687582,
            "Surprise (positive)": 0.02146923914551735,
            "Sympathy": 0.887037456035614,
            "Tiredness": 0.011960647068917751,
            "Triumph": 0.007461828645318747
        },
        "lang": {}
    }
}