{
    "metadata": {
        "dialogue_id": "690",
        "time_start": "00-00-15.891",
        "time_end": "00-00-16.483",
        "speaker": "Phoebe",
        "emotion": "surprise",
        "sentiment": "negative",
        "text_content": "Oh!",
        "file_name": "690_00-00-15.891_00-00-16.483_Phoebe_surprise_negative"
    },
    "predicted": {
        "face": {
            "Admiration": 0.041769467294216156,
            "Adoration": 0.03765557333827019,
            "Aesthetic Appreciation": 0.03244270011782646,
            "Amusement": 0.0639004185795784,
            "Anger": 0.05920399725437164,
            "Anxiety": 0.3060440421104431,
            "Awe": 0.04928531497716904,
            "Awkwardness": 0.14906014502048492,
            "Boredom": 0.2623092830181122,
            "Calmness": 0.23234671354293823,
            "Concentration": 0.37763315439224243,
            "Confusion": 0.37833669781684875,
            "Contemplation": 0.25963258743286133,
            "Contempt": 0.08502301573753357,
            "Contentment": 0.06085246056318283,
            "Craving": 0.03385845571756363,
            "Desire": 0.04044298827648163,
            "Determination": 0.0796499028801918,
            "Disappointment": 0.44615182280540466,
            "Disgust": 0.07409528642892838,
            "Distress": 0.45470130443573,
            "Doubt": 0.29566556215286255,
            "Ecstasy": 0.02148503251373768,
            "Embarrassment": 0.18052755296230316,
            "Empathic Pain": 0.14992596209049225,
            "Entrancement": 0.08088388293981552,
            "Envy": 0.023979876190423965,
            "Excitement": 0.032176755368709564,
            "Fear": 0.12307257205247879,
            "Guilt": 0.2138195037841797,
            "Horror": 0.046018362045288086,
            "Interest": 0.1429770290851593,
            "Joy": 0.04081830382347107,
            "Love": 0.054400086402893066,
            "Nostalgia": 0.0611422136425972,
            "Pain": 0.30085837841033936,
            "Pride": 0.027427181601524353,
            "Realization": 0.17363153398036957,
            "Relief": 0.062114566564559937,
            "Romance": 0.03377461060881615,
            "Sadness": 0.4530404508113861,
            "Satisfaction": 0.06061505526304245,
            "Shame": 0.18788406252861023,
            "Surprise (negative)": 0.048302061855793,
            "Surprise (positive)": 0.0249341893941164,
            "Sympathy": 0.06486887484788895,
            "Tiredness": 0.38355374336242676,
            "Triumph": 0.01370770763605833
        },
        "prosody": {
            "Admiration": 0,
            "Adoration": 0,
            "Aesthetic Appreciation": 0,
            "Amusement": 0,
            "Anger": 0,
            "Annoyance": 0,
            "Anxiety": 0,
            "Awe": 0,
            "Awkwardness": 0,
            "Boredom": 0,
            "Calmness": 0,
            "Concentration": 0,
            "Confusion": 0,
            "Contemplation": 0,
            "Contempt": 0,
            "Contentment": 0,
            "Craving": 0,
            "Desire": 0,
            "Determination": 0,
            "Disappointment": 0,
            "Disapproval": 0,
            "Disgust": 0,
            "Distress": 0,
            "Doubt": 0,
            "Ecstasy": 0,
            "Embarrassment": 0,
            "Empathic Pain": 0,
            "Enthusiasm": 0,
            "Entrancement": 0,
            "Envy": 0,
            "Excitement": 0,
            "Fear": 0,
            "Gratitude": 0,
            "Guilt": 0,
            "Horror": 0,
            "Interest": 0,
            "Joy": 0,
            "Love": 0,
            "Nostalgia": 0,
            "Pain": 0,
            "Pride": 0,
            "Realization": 0,
            "Relief": 0,
            "Romance": 0,
            "Sadness": 0,
            "Sarcasm": 0,
            "Satisfaction": 0,
            "Shame": 0,
            "Surprise (negative)": 0,
            "Surprise (positive)": 0,
            "Sympathy": 0,
            "Tiredness": 0,
            "Triumph": 0
        },
        "lang": {}
    }
}