{
    "metadata": {
        "dialogue_id": "695",
        "time_start": "00-00-02.294",
        "time_end": "00-00-04.629",
        "speaker": "Rachel",
        "emotion": "fear",
        "sentiment": "negative",
        "text_content": "No! Don\u0092t say that! Don\u0092t say that!",
        "file_name": "695_00-00-02.294_00-00-04.629_Rachel_fear_negative"
    },
    "predicted": {
        "face": {
            "Admiration": 0.060599252581596375,
            "Adoration": 0.05695454776287079,
            "Aesthetic Appreciation": 0.04397773742675781,
            "Amusement": 0.1641843020915985,
            "Anger": 0.10398302227258682,
            "Anxiety": 0.16717183589935303,
            "Awe": 0.09810813516378403,
            "Awkwardness": 0.19305479526519775,
            "Boredom": 0.20894549787044525,
            "Calmness": 0.1932796835899353,
            "Concentration": 0.20174457132816315,
            "Confusion": 0.3558722138404846,
            "Contemplation": 0.1140262708067894,
            "Contempt": 0.15628674626350403,
            "Contentment": 0.09511380642652512,
            "Craving": 0.058188825845718384,
            "Desire": 0.09998521953821182,
            "Determination": 0.07478810101747513,
            "Disappointment": 0.27523496747016907,
            "Disgust": 0.21328319609165192,
            "Distress": 0.30382394790649414,
            "Doubt": 0.22304478287696838,
            "Ecstasy": 0.07499518990516663,
            "Embarrassment": 0.10626024007797241,
            "Empathic Pain": 0.14644676446914673,
            "Entrancement": 0.08422713726758957,
            "Envy": 0.033269718289375305,
            "Excitement": 0.11059150844812393,
            "Fear": 0.17600016295909882,
            "Guilt": 0.0828963965177536,
            "Horror": 0.11321407556533813,
            "Interest": 0.16399367153644562,
            "Joy": 0.1200394481420517,
            "Love": 0.08632287383079529,
            "Nostalgia": 0.057780370116233826,
            "Pain": 0.38962844014167786,
            "Pride": 0.054218195378780365,
            "Realization": 0.13550128042697906,
            "Relief": 0.08881159871816635,
            "Romance": 0.03929566964507103,
            "Sadness": 0.31915083527565,
            "Satisfaction": 0.15106284618377686,
            "Shame": 0.07908958941698074,
            "Surprise (negative)": 0.09487715363502502,
            "Surprise (positive)": 0.05225139111280441,
            "Sympathy": 0.053635187447071075,
            "Tiredness": 0.22744262218475342,
            "Triumph": 0.04849889874458313
        },
        "prosody": {
            "Admiration": 0,
            "Adoration": 0,
            "Aesthetic Appreciation": 0,
            "Amusement": 0,
            "Anger": 0,
            "Annoyance": 0,
            "Anxiety": 0,
            "Awe": 0,
            "Awkwardness": 0,
            "Boredom": 0,
            "Calmness": 0,
            "Concentration": 0,
            "Confusion": 0,
            "Contemplation": 0,
            "Contempt": 0,
            "Contentment": 0,
            "Craving": 0,
            "Desire": 0,
            "Determination": 0,
            "Disappointment": 0,
            "Disapproval": 0,
            "Disgust": 0,
            "Distress": 0,
            "Doubt": 0,
            "Ecstasy": 0,
            "Embarrassment": 0,
            "Empathic Pain": 0,
            "Enthusiasm": 0,
            "Entrancement": 0,
            "Envy": 0,
            "Excitement": 0,
            "Fear": 0,
            "Gratitude": 0,
            "Guilt": 0,
            "Horror": 0,
            "Interest": 0,
            "Joy": 0,
            "Love": 0,
            "Nostalgia": 0,
            "Pain": 0,
            "Pride": 0,
            "Realization": 0,
            "Relief": 0,
            "Romance": 0,
            "Sadness": 0,
            "Sarcasm": 0,
            "Satisfaction": 0,
            "Shame": 0,
            "Surprise (negative)": 0,
            "Surprise (positive)": 0,
            "Sympathy": 0,
            "Tiredness": 0,
            "Triumph": 0
        },
        "lang": {}
    }
}