{
    "metadata": {
        "dialogue_id": "697",
        "time_start": "00-00-40.708",
        "time_end": "00-00-44.043",
        "speaker": "All",
        "emotion": "surprise",
        "sentiment": "negative",
        "text_content": "Yeah, it is! Naked Ross!!",
        "file_name": "697_00-00-40.708_00-00-44.043_All_surprise_negative"
    },
    "predicted": {
        "face": {
            "Admiration": 0.06823313236236572,
            "Adoration": 0.03521054610610008,
            "Aesthetic Appreciation": 0.0304925087839365,
            "Amusement": 0.15312044322490692,
            "Anger": 0.096718929708004,
            "Anxiety": 0.18150678277015686,
            "Awe": 0.5810627937316895,
            "Awkwardness": 0.16890856623649597,
            "Boredom": 0.1097710058093071,
            "Calmness": 0.05618903785943985,
            "Concentration": 0.09890091419219971,
            "Confusion": 0.313982218503952,
            "Contemplation": 0.055715929716825485,
            "Contempt": 0.061677999794483185,
            "Contentment": 0.0325799435377121,
            "Craving": 0.04149298369884491,
            "Desire": 0.03443931043148041,
            "Determination": 0.05487145856022835,
            "Disappointment": 0.1445225477218628,
            "Disgust": 0.06724248081445694,
            "Distress": 0.21382975578308105,
            "Doubt": 0.1716718226671219,
            "Ecstasy": 0.07641664892435074,
            "Embarrassment": 0.11629468947649002,
            "Empathic Pain": 0.05997826159000397,
            "Entrancement": 0.07710888236761093,
            "Envy": 0.025645166635513306,
            "Excitement": 0.22295412421226501,
            "Fear": 0.5155513286590576,
            "Guilt": 0.04634762182831764,
            "Horror": 0.6758593320846558,
            "Interest": 0.14520859718322754,
            "Joy": 0.07169816642999649,
            "Love": 0.035369012504816055,
            "Nostalgia": 0.027704093605279922,
            "Pain": 0.09292898327112198,
            "Pride": 0.03199861943721771,
            "Realization": 0.21140383183956146,
            "Relief": 0.03740919008851051,
            "Romance": 0.016514824703335762,
            "Sadness": 0.05583980679512024,
            "Satisfaction": 0.05646522343158722,
            "Shame": 0.03952108696103096,
            "Surprise (negative)": 0.6975220441818237,
            "Surprise (positive)": 0.5580623149871826,
            "Sympathy": 0.027796786278486252,
            "Tiredness": 0.10878212749958038,
            "Triumph": 0.04933876916766167
        },
        "prosody": {
            "Admiration": 0.008218975737690926,
            "Adoration": 0.015792466700077057,
            "Aesthetic Appreciation": 0.010034101083874702,
            "Amusement": 0.14476574957370758,
            "Anger": 0.06618601828813553,
            "Anxiety": 0.09017812460660934,
            "Awe": 0.06087872385978699,
            "Awkwardness": 0.015128710307180882,
            "Boredom": 0.0005368082784116268,
            "Calmness": 0.00026375154266133904,
            "Concentration": 0.0014741199556738138,
            "Confusion": 0.03189118951559067,
            "Contemplation": 0.00050975545309484,
            "Contempt": 0.00594705855473876,
            "Contentment": 0.002755197696387768,
            "Craving": 0.05327967554330826,
            "Desire": 0.027752092108130455,
            "Determination": 0.021861804649233818,
            "Disappointment": 0.015385560691356659,
            "Disgust": 0.04626449942588806,
            "Distress": 0.14102408289909363,
            "Doubt": 0.004053986631333828,
            "Ecstasy": 0.32991814613342285,
            "Embarrassment": 0.015921836718916893,
            "Empathic Pain": 0.011064066551625729,
            "Entrancement": 0.015939438715577126,
            "Envy": 0.0057687400840222836,
            "Excitement": 0.6711596250534058,
            "Fear": 0.07830300182104111,
            "Guilt": 0.005194640252739191,
            "Horror": 0.18626832962036133,
            "Interest": 0.04267347604036331,
            "Joy": 0.19123725593090057,
            "Love": 0.006453192327171564,
            "Nostalgia": 0.004701963625848293,
            "Pain": 0.027011295780539513,
            "Pride": 0.010881893336772919,
            "Realization": 0.023131396621465683,
            "Relief": 0.011468318291008472,
            "Romance": 0.011489145457744598,
            "Sadness": 0.008696033619344234,
            "Satisfaction": 0.02113838493824005,
            "Shame": 0.010234018787741661,
            "Surprise (negative)": 0.19912469387054443,
            "Surprise (positive)": 0.32788708806037903,
            "Sympathy": 0.0027876964304596186,
            "Tiredness": 0.0019013808341696858,
            "Triumph": 0.05663592740893364
        },
        "lang": {}
    }
}