{
    "metadata": {
        "dialogue_id": "697",
        "time_start": "00-00-07.341",
        "time_end": "00-00-09.467",
        "speaker": "Phoebe",
        "emotion": "joy",
        "sentiment": "positive",
        "text_content": "Oh absolutely. Shall we say, around seven?",
        "file_name": "697_00-00-07.341_00-00-09.467_Phoebe_joy_positive"
    },
    "predicted": {
        "face": {
            "Admiration": 0.2894051969051361,
            "Adoration": 0.24771317839622498,
            "Aesthetic Appreciation": 0.12725619971752167,
            "Amusement": 0.5416611433029175,
            "Anger": 0.03296621888875961,
            "Anxiety": 0.07272647321224213,
            "Awe": 0.2131069004535675,
            "Awkwardness": 0.21235939860343933,
            "Boredom": 0.1548021137714386,
            "Calmness": 0.31898272037506104,
            "Concentration": 0.29634469747543335,
            "Confusion": 0.22232772409915924,
            "Contemplation": 0.15574781596660614,
            "Contempt": 0.10559514909982681,
            "Contentment": 0.22708429396152496,
            "Craving": 0.08679426461458206,
            "Desire": 0.10303546488285065,
            "Determination": 0.09898287057876587,
            "Disappointment": 0.09984559565782547,
            "Disgust": 0.041344400495290756,
            "Distress": 0.0692279264330864,
            "Doubt": 0.17426244914531708,
            "Ecstasy": 0.10588768124580383,
            "Embarrassment": 0.07635420560836792,
            "Empathic Pain": 0.03347757086157799,
            "Entrancement": 0.16484937071800232,
            "Envy": 0.04952495917677879,
            "Excitement": 0.3341035544872284,
            "Fear": 0.06595644354820251,
            "Guilt": 0.03346249461174011,
            "Horror": 0.03963017836213112,
            "Interest": 0.5930034518241882,
            "Joy": 0.4460856318473816,
            "Love": 0.3131150007247925,
            "Nostalgia": 0.07997151464223862,
            "Pain": 0.03458164632320404,
            "Pride": 0.12358248978853226,
            "Realization": 0.1772041618824005,
            "Relief": 0.09936057776212692,
            "Romance": 0.1037958413362503,
            "Sadness": 0.04906195029616356,
            "Satisfaction": 0.28774479031562805,
            "Shame": 0.034690625965595245,
            "Surprise (negative)": 0.05559084936976433,
            "Surprise (positive)": 0.11510138213634491,
            "Sympathy": 0.06430096924304962,
            "Tiredness": 0.08038181811571121,
            "Triumph": 0.08639413863420486
        },
        "prosody": {
            "Admiration": 0.022831948474049568,
            "Adoration": 0.01654306799173355,
            "Aesthetic Appreciation": 0.01696890778839588,
            "Amusement": 0.11166764050722122,
            "Anger": 0.0072449129074811935,
            "Anxiety": 0.030887635424733162,
            "Awe": 0.04053021967411041,
            "Awkwardness": 0.14243751764297485,
            "Boredom": 0.005393755156546831,
            "Calmness": 0.018454767763614655,
            "Concentration": 0.032105181366205215,
            "Confusion": 0.11282645165920258,
            "Contemplation": 0.08970379829406738,
            "Contempt": 0.01052353996783495,
            "Contentment": 0.029385065659880638,
            "Craving": 0.035638052970170975,
            "Desire": 0.009810693562030792,
            "Determination": 0.08384062349796295,
            "Disappointment": 0.020314667373895645,
            "Disgust": 0.0045832497999072075,
            "Distress": 0.01788274198770523,
            "Doubt": 0.18310296535491943,
            "Ecstasy": 0.028131334111094475,
            "Embarrassment": 0.02148064412176609,
            "Empathic Pain": 0.0023830945137888193,
            "Entrancement": 0.005816874094307423,
            "Envy": 0.030008336529135704,
            "Excitement": 0.23315326869487762,
            "Fear": 0.008637149818241596,
            "Guilt": 0.008679165504872799,
            "Horror": 0.0016457817982882261,
            "Interest": 0.4565233290195465,
            "Joy": 0.0527968555688858,
            "Love": 0.010198147967457771,
            "Nostalgia": 0.007226642221212387,
            "Pain": 0.002100683283060789,
            "Pride": 0.05314968526363373,
            "Realization": 0.05852577090263367,
            "Relief": 0.017817912623286247,
            "Romance": 0.01229880191385746,
            "Sadness": 0.005337873473763466,
            "Satisfaction": 0.06763530522584915,
            "Shame": 0.005552043206989765,
            "Surprise (negative)": 0.04529055953025818,
            "Surprise (positive)": 0.17334245145320892,
            "Sympathy": 0.00991951022297144,
            "Tiredness": 0.003616493195295334,
            "Triumph": 0.025388769805431366
        },
        "lang": {}
    }
}