{
    "metadata": {
        "dialogue_id": "699",
        "time_start": "00-00-13.180",
        "time_end": "00-00-14.472",
        "speaker": "The-Security-Guard",
        "emotion": "neutral",
        "sentiment": "neutral",
        "file_name": "699_00-00-13.180_00-00-14.472_The-Security-Guard_neutral_neutral"
    },
    "predicted": {
        "face": {
            "Admiration": 0.05835695192217827,
            "Adoration": 0.04271585866808891,
            "Aesthetic Appreciation": 0.04434231296181679,
            "Amusement": 0.0958605483174324,
            "Anger": 0.11517808586359024,
            "Anxiety": 0.20693613588809967,
            "Awe": 0.07240606099367142,
            "Awkwardness": 0.2150709331035614,
            "Boredom": 0.26634979248046875,
            "Calmness": 0.21572288870811462,
            "Concentration": 0.3591426908969879,
            "Confusion": 0.8007332682609558,
            "Contemplation": 0.21493898332118988,
            "Contempt": 0.2032521516084671,
            "Contentment": 0.06857500970363617,
            "Craving": 0.04631517827510834,
            "Desire": 0.05318356305360794,
            "Determination": 0.1046149805188179,
            "Disappointment": 0.34221047163009644,
            "Disgust": 0.18113428354263306,
            "Distress": 0.3003750443458557,
            "Doubt": 0.5012866258621216,
            "Ecstasy": 0.0248338021337986,
            "Embarrassment": 0.10882694274187088,
            "Empathic Pain": 0.10962392389774323,
            "Entrancement": 0.08694421499967575,
            "Envy": 0.04388778656721115,
            "Excitement": 0.04823721945285797,
            "Fear": 0.11020317673683167,
            "Guilt": 0.08661693334579468,
            "Horror": 0.05602722242474556,
            "Interest": 0.21975624561309814,
            "Joy": 0.058880895376205444,
            "Love": 0.05077717825770378,
            "Nostalgia": 0.04836519807577133,
            "Pain": 0.1891958862543106,
            "Pride": 0.04295783489942551,
            "Realization": 0.15366095304489136,
            "Relief": 0.053591057658195496,
            "Romance": 0.02800063043832779,
            "Sadness": 0.22582505643367767,
            "Satisfaction": 0.07095842063426971,
            "Shame": 0.07822651416063309,
            "Surprise (negative)": 0.07227583974599838,
            "Surprise (positive)": 0.03775295615196228,
            "Sympathy": 0.05779259651899338,
            "Tiredness": 0.21565768122673035,
            "Triumph": 0.02239031344652176
        },
        "prosody": {
            "Admiration": 0.010667728260159492,
            "Adoration": 0.008538519032299519,
            "Aesthetic Appreciation": 0.010920357890427113,
            "Amusement": 0.12398244440555573,
            "Anger": 0.03981706127524376,
            "Anxiety": 0.036974113434553146,
            "Awe": 0.042564429342746735,
            "Awkwardness": 0.06066645681858063,
            "Boredom": 0.004350078757852316,
            "Calmness": 0.01962367258965969,
            "Concentration": 0.015835484489798546,
            "Confusion": 0.3830324113368988,
            "Contemplation": 0.0824677050113678,
            "Contempt": 0.03616931289434433,
            "Contentment": 0.013574346899986267,
            "Craving": 0.005425974261015654,
            "Desire": 0.004858850035816431,
            "Determination": 0.018812086433172226,
            "Disappointment": 0.05597587302327156,
            "Disgust": 0.04115244373679161,
            "Distress": 0.04997880756855011,
            "Doubt": 0.4131224751472473,
            "Ecstasy": 0.008898679167032242,
            "Embarrassment": 0.03465506434440613,
            "Empathic Pain": 0.011036189272999763,
            "Entrancement": 0.006754978559911251,
            "Envy": 0.02481728419661522,
            "Excitement": 0.03457379713654518,
            "Fear": 0.013749532401561737,
            "Guilt": 0.020061874762177467,
            "Horror": 0.019558735191822052,
            "Interest": 0.22179345786571503,
            "Joy": 0.010812325403094292,
            "Love": 0.0066095986403524876,
            "Nostalgia": 0.026146797463297844,
            "Pain": 0.0065023452043533325,
            "Pride": 0.014134404249489307,
            "Realization": 0.2656160593032837,
            "Relief": 0.008667715825140476,
            "Romance": 0.006858203560113907,
            "Sadness": 0.020759018138051033,
            "Satisfaction": 0.011427287943661213,
            "Shame": 0.029051190242171288,
            "Surprise (negative)": 0.2328399419784546,
            "Surprise (positive)": 0.183003231883049,
            "Sympathy": 0.039687659591436386,
            "Tiredness": 0.0035101650282740593,
            "Triumph": 0.011633560992777348
        },
        "lang": {
            "Admiration": 0.00592009729007259,
            "Adoration": 0.0022556500480277464,
            "Aesthetic Appreciation": 0.009542097279336303,
            "Amusement": 0.013734887004829943,
            "Anger": 0.008217936323489994,
            "Annoyance": 0.11029627546668053,
            "Anxiety": 0.007822825049515814,
            "Awe": 0.005494189390446991,
            "Awkwardness": 0.04400109080597758,
            "Boredom": 0.07165263686329126,
            "Calmness": 0.09423704538494349,
            "Concentration": 0.03743509761989117,
            "Confusion": 0.2724946513772011,
            "Contemplation": 0.18694970570504665,
            "Contempt": 0.05942116864025593,
            "Contentment": 0.022479632985778153,
            "Craving": 0.0016399796368204989,
            "Desire": 0.002963929706311319,
            "Determination": 0.01671903976239264,
            "Disappointment": 0.04934098571538925,
            "Disapproval": 0.07117479876615107,
            "Disgust": 0.009096140158362687,
            "Distress": 0.006853357423096895,
            "Doubt": 0.2210977589711547,
            "Ecstasy": 0.001406385243171826,
            "Embarrassment": 0.004274324222933501,
            "Empathic Pain": 0.006712671311106533,
            "Enthusiasm": 0.008678694139234722,
            "Entrancement": 0.007983127899933606,
            "Envy": 0.004407698637805879,
            "Excitement": 0.0030625777726527303,
            "Fear": 0.0025629333686083555,
            "Gratitude": 0.002556766936322674,
            "Guilt": 0.002343737054616213,
            "Horror": 0.000737188383936882,
            "Interest": 0.09396599652245641,
            "Joy": 0.004419592791236937,
            "Love": 0.0022127272313809954,
            "Nostalgia": 0.0020717991937999614,
            "Pain": 0.0028151597070973366,
            "Pride": 0.00519012552103959,
            "Realization": 0.15505938045680523,
            "Relief": 0.007747238705633208,
            "Romance": 0.002379797020694241,
            "Sadness": 0.006469409621786326,
            "Sarcasm": 0.10662105306982994,
            "Satisfaction": 0.01861044007819146,
            "Shame": 0.006899811560288072,
            "Surprise (negative)": 0.10802968172356486,
            "Surprise (positive)": 0.029456606600433588,
            "Sympathy": 0.011148927384056151,
            "Tiredness": 0.027318023960106075,
            "Triumph": 0.008397906960453838
        }
    }
}