{
    "metadata": {
        "dialogue_id": "700",
        "time_start": "00-00-27.986",
        "time_end": "00-00-29.196",
        "speaker": "Ross",
        "emotion": "neutral",
        "sentiment": "neutral",
        "text_content": "I don\u0092t know if it\u0092s true.",
        "file_name": "700_00-00-27.986_00-00-29.196_Ross_neutral_neutral"
    },
    "predicted": {
        "face": {
            "Admiration": 0.16086550056934357,
            "Adoration": 0.13247284293174744,
            "Aesthetic Appreciation": 0.07132285833358765,
            "Amusement": 0.6125710010528564,
            "Anger": 0.06510501354932785,
            "Anxiety": 0.08162564784288406,
            "Awe": 0.2744918167591095,
            "Awkwardness": 0.15754230320453644,
            "Boredom": 0.12386659532785416,
            "Calmness": 0.14977894723415375,
            "Concentration": 0.13944052159786224,
            "Confusion": 0.1728970855474472,
            "Contemplation": 0.06772124022245407,
            "Contempt": 0.072684146463871,
            "Contentment": 0.15550020337104797,
            "Craving": 0.06250222027301788,
            "Desire": 0.08398561179637909,
            "Determination": 0.0805717334151268,
            "Disappointment": 0.09278306365013123,
            "Disgust": 0.049731120467185974,
            "Distress": 0.10235819220542908,
            "Doubt": 0.10794955492019653,
            "Ecstasy": 0.24977529048919678,
            "Embarrassment": 0.06249421089887619,
            "Empathic Pain": 0.0435149222612381,
            "Entrancement": 0.11301223933696747,
            "Envy": 0.03164909407496452,
            "Excitement": 0.5762410163879395,
            "Fear": 0.12224186211824417,
            "Guilt": 0.026880450546741486,
            "Horror": 0.1133703738451004,
            "Interest": 0.34679457545280457,
            "Joy": 0.5257258415222168,
            "Love": 0.19830328226089478,
            "Nostalgia": 0.05227910727262497,
            "Pain": 0.07913172245025635,
            "Pride": 0.11728160828351974,
            "Realization": 0.15424782037734985,
            "Relief": 0.10704130679368973,
            "Romance": 0.05043267458677292,
            "Sadness": 0.05707474425435066,
            "Satisfaction": 0.28882062435150146,
            "Shame": 0.02638840116560459,
            "Surprise (negative)": 0.12257120013237,
            "Surprise (positive)": 0.23883722722530365,
            "Sympathy": 0.042854614555835724,
            "Tiredness": 0.09861817955970764,
            "Triumph": 0.16563057899475098
        },
        "prosody": {
            "Admiration": 0,
            "Adoration": 0,
            "Aesthetic Appreciation": 0,
            "Amusement": 0,
            "Anger": 0,
            "Annoyance": 0,
            "Anxiety": 0,
            "Awe": 0,
            "Awkwardness": 0,
            "Boredom": 0,
            "Calmness": 0,
            "Concentration": 0,
            "Confusion": 0,
            "Contemplation": 0,
            "Contempt": 0,
            "Contentment": 0,
            "Craving": 0,
            "Desire": 0,
            "Determination": 0,
            "Disappointment": 0,
            "Disapproval": 0,
            "Disgust": 0,
            "Distress": 0,
            "Doubt": 0,
            "Ecstasy": 0,
            "Embarrassment": 0,
            "Empathic Pain": 0,
            "Enthusiasm": 0,
            "Entrancement": 0,
            "Envy": 0,
            "Excitement": 0,
            "Fear": 0,
            "Gratitude": 0,
            "Guilt": 0,
            "Horror": 0,
            "Interest": 0,
            "Joy": 0,
            "Love": 0,
            "Nostalgia": 0,
            "Pain": 0,
            "Pride": 0,
            "Realization": 0,
            "Relief": 0,
            "Romance": 0,
            "Sadness": 0,
            "Sarcasm": 0,
            "Satisfaction": 0,
            "Shame": 0,
            "Surprise (negative)": 0,
            "Surprise (positive)": 0,
            "Sympathy": 0,
            "Tiredness": 0,
            "Triumph": 0
        },
        "lang": {}
    }
}