{
    "metadata": {
        "dialogue_id": "703",
        "time_start": "00-00-00.000",
        "time_end": "00-00-07.715",
        "speaker": "Monica",
        "emotion": "neutral",
        "sentiment": "neutral",
        "file_name": "703_00-00-00.000_00-00-07.715_Monica_neutral_neutral"
    },
    "predicted": {
        "face": {
            "Admiration": 0.19788788259029388,
            "Adoration": 0.24930450320243835,
            "Aesthetic Appreciation": 0.07837064564228058,
            "Amusement": 0.9080513119697571,
            "Anger": 0.013112463057041168,
            "Anxiety": 0.03288193792104721,
            "Awe": 0.07655967772006989,
            "Awkwardness": 0.13222868740558624,
            "Boredom": 0.04116726294159889,
            "Calmness": 0.17032089829444885,
            "Concentration": 0.07812639325857162,
            "Confusion": 0.05349378660321236,
            "Contemplation": 0.038680437952280045,
            "Contempt": 0.04269205406308174,
            "Contentment": 0.28223878145217896,
            "Craving": 0.03368392214179039,
            "Desire": 0.050294067710638046,
            "Determination": 0.036448925733566284,
            "Disappointment": 0.03464394062757492,
            "Disgust": 0.017529089003801346,
            "Distress": 0.03740277513861656,
            "Doubt": 0.03765644133090973,
            "Ecstasy": 0.23380595445632935,
            "Embarrassment": 0.058851875364780426,
            "Empathic Pain": 0.01994430646300316,
            "Entrancement": 0.0791490226984024,
            "Envy": 0.018754087388515472,
            "Excitement": 0.595476508140564,
            "Fear": 0.025232834741473198,
            "Guilt": 0.01564178802073002,
            "Horror": 0.01618427224457264,
            "Interest": 0.3497084975242615,
            "Joy": 0.944947361946106,
            "Love": 0.4992068409919739,
            "Nostalgia": 0.06745363771915436,
            "Pain": 0.03181084245443344,
            "Pride": 0.14427655935287476,
            "Realization": 0.08000355958938599,
            "Relief": 0.12130071222782135,
            "Romance": 0.08650849759578705,
            "Sadness": 0.02180253155529499,
            "Satisfaction": 0.445125937461853,
            "Shame": 0.020610932260751724,
            "Surprise (negative)": 0.014920932240784168,
            "Surprise (positive)": 0.034009646624326706,
            "Sympathy": 0.05299114063382149,
            "Tiredness": 0.03844723850488663,
            "Triumph": 0.13105498254299164
        },
        "prosody": {
            "Admiration": 0.2645867243409157,
            "Adoration": 0.3772887084633112,
            "Aesthetic Appreciation": 0.2256439682096243,
            "Amusement": 0.10783817619085312,
            "Anger": 0.003180175663146656,
            "Anxiety": 0.01542203058488667,
            "Awe": 0.1806048434227705,
            "Awkwardness": 0.07912046182900667,
            "Boredom": 0.008204099140129983,
            "Calmness": 0.021382088190875947,
            "Concentration": 0.013891412745579146,
            "Confusion": 0.10569343983661383,
            "Contemplation": 0.021908901748247445,
            "Contempt": 0.008871038677170873,
            "Contentment": 0.024563459679484367,
            "Craving": 0.0277654230594635,
            "Desire": 0.0646677017211914,
            "Determination": 0.010134893062058836,
            "Disappointment": 0.012839295552112162,
            "Disgust": 0.008623305591754615,
            "Distress": 0.009657415561378002,
            "Doubt": 0.017831060249591246,
            "Ecstasy": 0.0640317490324378,
            "Embarrassment": 0.018862395081669092,
            "Empathic Pain": 0.014581677503883839,
            "Entrancement": 0.035356801468878984,
            "Envy": 0.0765589103102684,
            "Excitement": 0.1297902725636959,
            "Fear": 0.0038480062503367662,
            "Guilt": 0.007776146521791816,
            "Horror": 0.004958921344950795,
            "Interest": 0.43316231667995453,
            "Joy": 0.15593232214450836,
            "Love": 0.17651207838207483,
            "Nostalgia": 0.024633184541016817,
            "Pain": 0.0047906392719596624,
            "Pride": 0.0276177991181612,
            "Realization": 0.01546892523765564,
            "Relief": 0.009820374427363276,
            "Romance": 0.11368879675865173,
            "Sadness": 0.012864662567153573,
            "Satisfaction": 0.04305402468889952,
            "Shame": 0.007901887642219663,
            "Surprise (negative)": 0.012985681765712798,
            "Surprise (positive)": 0.12290335819125175,
            "Sympathy": 0.054651419864967465,
            "Tiredness": 0.0030831759213469923,
            "Triumph": 0.008709897054359317
        },
        "lang": {
            "Admiration": 0.24421343935484235,
            "Adoration": 0.3415737384930253,
            "Aesthetic Appreciation": 0.12753845725885846,
            "Amusement": 0.038895570461384275,
            "Anger": 0.002462633446239951,
            "Annoyance": 0.013778408311984756,
            "Anxiety": 0.008782307437451725,
            "Awe": 0.08469717272303322,
            "Awkwardness": 0.03539212323217229,
            "Boredom": 0.015804550843313336,
            "Calmness": 0.08270104999907991,
            "Concentration": 0.017895400143143805,
            "Confusion": 0.11243283024735072,
            "Contemplation": 0.05638561778786508,
            "Contempt": 0.017237875568257136,
            "Contentment": 0.033027879131788555,
            "Craving": 0.010451405351473526,
            "Desire": 0.053594507996670225,
            "Determination": 0.008943907958878712,
            "Disappointment": 0.008070570083377375,
            "Disapproval": 0.020240754576992582,
            "Disgust": 0.004390999129761688,
            "Distress": 0.005484573331407525,
            "Doubt": 0.027329562432979317,
            "Ecstasy": 0.012271229071881284,
            "Embarrassment": 0.004853576289447533,
            "Empathic Pain": 0.007527232932096178,
            "Enthusiasm": 0.07880206829444929,
            "Entrancement": 0.08168425749648701,
            "Envy": 0.011344684118574316,
            "Excitement": 0.044037096117707814,
            "Fear": 0.004368096677353606,
            "Gratitude": 0.013427598973397504,
            "Guilt": 0.0011469559024342082,
            "Horror": 0.0013356500421650708,
            "Interest": 0.26565152542157605,
            "Joy": 0.12463684202256528,
            "Love": 0.31276545724408195,
            "Nostalgia": 0.028908139031211085,
            "Pain": 0.0033132018764841964,
            "Pride": 0.016822573263198137,
            "Realization": 0.0649533188817176,
            "Relief": 0.003204369483600286,
            "Romance": 0.1757490916008299,
            "Sadness": 0.005004150057423182,
            "Sarcasm": 0.016232284632596104,
            "Satisfaction": 0.03320881715891036,
            "Shame": 0.004024190150878646,
            "Surprise (negative)": 0.024771384916014293,
            "Surprise (positive)": 0.07977537726136771,
            "Sympathy": 0.011996381894939324,
            "Tiredness": 0.002927175585434518,
            "Triumph": 0.006793896762908183
        }
    }
}