{
    "metadata": {
        "dialogue_id": "705",
        "time_start": "00-00-05.589",
        "time_end": "00-00-06.964",
        "speaker": "Chandler",
        "emotion": "neutral",
        "sentiment": "neutral",
        "file_name": "705_00-00-05.589_00-00-06.964_Chandler_neutral_neutral"
    },
    "predicted": {
        "face": {
            "Admiration": 0.06572773307561874,
            "Adoration": 0.045881569385528564,
            "Aesthetic Appreciation": 0.04860050603747368,
            "Amusement": 0.11426469683647156,
            "Anger": 0.0926930382847786,
            "Anxiety": 0.19618116319179535,
            "Awe": 0.10674618184566498,
            "Awkwardness": 0.28280454874038696,
            "Boredom": 0.2775271534919739,
            "Calmness": 0.24903170764446259,
            "Concentration": 0.34440550208091736,
            "Confusion": 0.7816624045372009,
            "Contemplation": 0.17307856678962708,
            "Contempt": 0.2156624048948288,
            "Contentment": 0.07444190233945847,
            "Craving": 0.05481181666254997,
            "Desire": 0.06483016163110733,
            "Determination": 0.09010504931211472,
            "Disappointment": 0.3056486248970032,
            "Disgust": 0.22794725000858307,
            "Distress": 0.268957257270813,
            "Doubt": 0.46495944261550903,
            "Ecstasy": 0.028009433299303055,
            "Embarrassment": 0.1155158206820488,
            "Empathic Pain": 0.11455632746219635,
            "Entrancement": 0.09767322987318039,
            "Envy": 0.04699124023318291,
            "Excitement": 0.059487778693437576,
            "Fear": 0.16744691133499146,
            "Guilt": 0.08028104156255722,
            "Horror": 0.09369555860757828,
            "Interest": 0.2555556893348694,
            "Joy": 0.06630123406648636,
            "Love": 0.05361621826887131,
            "Nostalgia": 0.04888151213526726,
            "Pain": 0.17082935571670532,
            "Pride": 0.038808953016996384,
            "Realization": 0.15788331627845764,
            "Relief": 0.047600507736206055,
            "Romance": 0.03021334297955036,
            "Sadness": 0.23465889692306519,
            "Satisfaction": 0.07519400119781494,
            "Shame": 0.07248137891292572,
            "Surprise (negative)": 0.12266158312559128,
            "Surprise (positive)": 0.0613226555287838,
            "Sympathy": 0.0661681666970253,
            "Tiredness": 0.1862507164478302,
            "Triumph": 0.02184491604566574
        },
        "prosody": {
            "Admiration": 0.024077169597148895,
            "Adoration": 0.011026827618479729,
            "Aesthetic Appreciation": 0.017057623714208603,
            "Amusement": 0.03209473192691803,
            "Anger": 0.012747668661177158,
            "Anxiety": 0.030443185940384865,
            "Awe": 0.10535724461078644,
            "Awkwardness": 0.02624564990401268,
            "Boredom": 0.031080778688192368,
            "Calmness": 0.0824393704533577,
            "Concentration": 0.061536647379398346,
            "Confusion": 0.2730300724506378,
            "Contemplation": 0.2210596650838852,
            "Contempt": 0.020044436678290367,
            "Contentment": 0.022975342348217964,
            "Craving": 0.00847340002655983,
            "Desire": 0.0015635867603123188,
            "Determination": 0.03590913116931915,
            "Disappointment": 0.03739546984434128,
            "Disgust": 0.011098355986177921,
            "Distress": 0.02078673616051674,
            "Doubt": 0.1535927951335907,
            "Ecstasy": 0.007743086200207472,
            "Embarrassment": 0.008134078234434128,
            "Empathic Pain": 0.0038937448989599943,
            "Entrancement": 0.012127889320254326,
            "Envy": 0.023156506940722466,
            "Excitement": 0.034497495740652084,
            "Fear": 0.010289540514349937,
            "Guilt": 0.005233215633779764,
            "Horror": 0.01212024874985218,
            "Interest": 0.14609795808792114,
            "Joy": 0.0047578890807926655,
            "Love": 0.005537997931241989,
            "Nostalgia": 0.014034857042133808,
            "Pain": 0.001958906650543213,
            "Pride": 0.04039165377616882,
            "Realization": 0.17013028264045715,
            "Relief": 0.0135897072032094,
            "Romance": 0.005743204616010189,
            "Sadness": 0.010875946842133999,
            "Satisfaction": 0.01528844702988863,
            "Shame": 0.00647837994620204,
            "Surprise (negative)": 0.1261540800333023,
            "Surprise (positive)": 0.1176508367061615,
            "Sympathy": 0.012010330334305763,
            "Tiredness": 0.004823101218789816,
            "Triumph": 0.01766047067940235
        },
        "lang": {
            "Admiration": 0.016618208319414407,
            "Adoration": 0.005249216599622741,
            "Aesthetic Appreciation": 0.03290467942133546,
            "Amusement": 0.014835748355835676,
            "Anger": 0.0016299168637488037,
            "Annoyance": 0.015005381777882576,
            "Anxiety": 0.01184752449626103,
            "Awe": 0.018733615055680275,
            "Awkwardness": 0.014704768778756261,
            "Boredom": 0.06508950493298471,
            "Calmness": 0.15611582156270742,
            "Concentration": 0.0319457808509469,
            "Confusion": 0.12214626325294375,
            "Contemplation": 0.20660584419965744,
            "Contempt": 0.023253950057551265,
            "Contentment": 0.02594461850821972,
            "Craving": 0.004344490967923775,
            "Desire": 0.0025382117837580154,
            "Determination": 0.005922413110965863,
            "Disappointment": 0.01012320106383413,
            "Disapproval": 0.010578418208751827,
            "Disgust": 0.00285955797880888,
            "Distress": 0.0046778826508671045,
            "Doubt": 0.04011255863588303,
            "Ecstasy": 0.0022569398606719915,
            "Embarrassment": 0.001665120042162016,
            "Empathic Pain": 0.0031115653400775045,
            "Enthusiasm": 0.02739616553299129,
            "Entrancement": 0.018130903132259846,
            "Envy": 0.006825610995292664,
            "Excitement": 0.04429290088592097,
            "Fear": 0.0049914429691853,
            "Gratitude": 0.0055493267718702555,
            "Guilt": 0.0006192529981490225,
            "Horror": 0.001039464863424655,
            "Interest": 0.1840835753828287,
            "Joy": 0.010674404678866267,
            "Love": 0.0023820261922082864,
            "Nostalgia": 0.05633171845693141,
            "Pain": 0.0025366549962200224,
            "Pride": 0.00489838031353429,
            "Realization": 0.12089250329881907,
            "Relief": 0.007375094894086942,
            "Romance": 0.002158356648578774,
            "Sadness": 0.010727801884058863,
            "Sarcasm": 0.032800194807350636,
            "Satisfaction": 0.020938982721418142,
            "Shame": 0.002885902504203841,
            "Surprise (negative)": 0.025300037232227623,
            "Surprise (positive)": 0.08596882747951895,
            "Sympathy": 0.0038984229613561183,
            "Tiredness": 0.006231426261365414,
            "Triumph": 0.006118951947428286
        }
    }
}