{
    "metadata": {
        "dialogue_id": "707",
        "time_start": "00-00-11.697",
        "time_end": "00-00-11.850",
        "speaker": "Phoebe",
        "emotion": "surprise",
        "sentiment": "negative",
        "text_content": "Get outta here!",
        "file_name": "707_00-00-11.697_00-00-11.850_Phoebe_surprise_negative"
    },
    "predicted": {
        "face": {
            "Admiration": 0.17389100790023804,
            "Adoration": 0.22481578588485718,
            "Aesthetic Appreciation": 0.07851839810609818,
            "Amusement": 0.44379091262817383,
            "Anger": 0.036925215274095535,
            "Anxiety": 0.16373565793037415,
            "Awe": 0.07946871966123581,
            "Awkwardness": 0.188609778881073,
            "Boredom": 0.16935114562511444,
            "Calmness": 0.22146902978420258,
            "Concentration": 0.22283093631267548,
            "Confusion": 0.1911962330341339,
            "Contemplation": 0.1600756198167801,
            "Contempt": 0.07366528362035751,
            "Contentment": 0.1939152181148529,
            "Craving": 0.07627888023853302,
            "Desire": 0.13926401734352112,
            "Determination": 0.07335483282804489,
            "Disappointment": 0.1826029270887375,
            "Disgust": 0.04880364239215851,
            "Distress": 0.20387616753578186,
            "Doubt": 0.15708771347999573,
            "Ecstasy": 0.10681520402431488,
            "Embarrassment": 0.17399145662784576,
            "Empathic Pain": 0.07798820734024048,
            "Entrancement": 0.10731393098831177,
            "Envy": 0.0310180876404047,
            "Excitement": 0.2376810759305954,
            "Fear": 0.09539222717285156,
            "Guilt": 0.09552318602800369,
            "Horror": 0.04100117087364197,
            "Interest": 0.33443939685821533,
            "Joy": 0.3931657373905182,
            "Love": 0.4150911569595337,
            "Nostalgia": 0.08753515779972076,
            "Pain": 0.1589876264333725,
            "Pride": 0.08669780194759369,
            "Realization": 0.1496317833662033,
            "Relief": 0.11427043378353119,
            "Romance": 0.16946640610694885,
            "Sadness": 0.18177375197410583,
            "Satisfaction": 0.291327565908432,
            "Shame": 0.10417331010103226,
            "Surprise (negative)": 0.034471068531274796,
            "Surprise (positive)": 0.038525115698575974,
            "Sympathy": 0.06402832269668579,
            "Tiredness": 0.1490565687417984,
            "Triumph": 0.062380462884902954
        },
        "prosody": {
            "Admiration": 0,
            "Adoration": 0,
            "Aesthetic Appreciation": 0,
            "Amusement": 0,
            "Anger": 0,
            "Annoyance": 0,
            "Anxiety": 0,
            "Awe": 0,
            "Awkwardness": 0,
            "Boredom": 0,
            "Calmness": 0,
            "Concentration": 0,
            "Confusion": 0,
            "Contemplation": 0,
            "Contempt": 0,
            "Contentment": 0,
            "Craving": 0,
            "Desire": 0,
            "Determination": 0,
            "Disappointment": 0,
            "Disapproval": 0,
            "Disgust": 0,
            "Distress": 0,
            "Doubt": 0,
            "Ecstasy": 0,
            "Embarrassment": 0,
            "Empathic Pain": 0,
            "Enthusiasm": 0,
            "Entrancement": 0,
            "Envy": 0,
            "Excitement": 0,
            "Fear": 0,
            "Gratitude": 0,
            "Guilt": 0,
            "Horror": 0,
            "Interest": 0,
            "Joy": 0,
            "Love": 0,
            "Nostalgia": 0,
            "Pain": 0,
            "Pride": 0,
            "Realization": 0,
            "Relief": 0,
            "Romance": 0,
            "Sadness": 0,
            "Sarcasm": 0,
            "Satisfaction": 0,
            "Shame": 0,
            "Surprise (negative)": 0,
            "Surprise (positive)": 0,
            "Sympathy": 0,
            "Tiredness": 0,
            "Triumph": 0
        },
        "lang": {}
    }
}