{
    "metadata": {
        "dialogue_id": "707",
        "time_start": "00-00-10.821",
        "time_end": "00-00-11.697",
        "speaker": "Phoebe",
        "emotion": "neutral",
        "sentiment": "neutral",
        "file_name": "707_00-00-10.821_00-00-11.697_Phoebe_neutral_neutral"
    },
    "predicted": {
        "face": {
            "Admiration": 0.1931457370519638,
            "Adoration": 0.20651766657829285,
            "Aesthetic Appreciation": 0.09636517614126205,
            "Amusement": 0.35183489322662354,
            "Anger": 0.039067745208740234,
            "Anxiety": 0.14226990938186646,
            "Awe": 0.08496156334877014,
            "Awkwardness": 0.18253804743289948,
            "Boredom": 0.20592550933361053,
            "Calmness": 0.3218320310115814,
            "Concentration": 0.35122331976890564,
            "Confusion": 0.2693604826927185,
            "Contemplation": 0.2354188710451126,
            "Contempt": 0.100626140832901,
            "Contentment": 0.20822200179100037,
            "Craving": 0.08252926915884018,
            "Desire": 0.15460318326950073,
            "Determination": 0.1051931157708168,
            "Disappointment": 0.17176109552383423,
            "Disgust": 0.04765162244439125,
            "Distress": 0.15854552388191223,
            "Doubt": 0.22043398022651672,
            "Ecstasy": 0.08047067373991013,
            "Embarrassment": 0.10735560953617096,
            "Empathic Pain": 0.05693761259317398,
            "Entrancement": 0.13455131649971008,
            "Envy": 0.03776303678750992,
            "Excitement": 0.1814872920513153,
            "Fear": 0.07267603278160095,
            "Guilt": 0.06927144527435303,
            "Horror": 0.028701912611722946,
            "Interest": 0.43542492389678955,
            "Joy": 0.31480950117111206,
            "Love": 0.33020320534706116,
            "Nostalgia": 0.08469061553478241,
            "Pain": 0.090280681848526,
            "Pride": 0.0954870879650116,
            "Realization": 0.16550689935684204,
            "Relief": 0.11689454317092896,
            "Romance": 0.1460178643465042,
            "Sadness": 0.11953754723072052,
            "Satisfaction": 0.2869616746902466,
            "Shame": 0.06695898622274399,
            "Surprise (negative)": 0.03199305385351181,
            "Surprise (positive)": 0.03624369949102402,
            "Sympathy": 0.060864441096782684,
            "Tiredness": 0.15003305673599243,
            "Triumph": 0.057758674025535583
        },
        "prosody": {
            "Admiration": 0.003671446582302451,
            "Adoration": 0.0019324711756780744,
            "Aesthetic Appreciation": 0.002796995686367154,
            "Amusement": 0.08105241507291794,
            "Anger": 0.6409752368927002,
            "Anxiety": 0.14866742491722107,
            "Awe": 0.011408558115363121,
            "Awkwardness": 0.01779501512646675,
            "Boredom": 0.00416092062368989,
            "Calmness": 0.0028529916889965534,
            "Concentration": 0.01270510908216238,
            "Confusion": 0.012536795809864998,
            "Contemplation": 0.0015712699387222528,
            "Contempt": 0.0385415256023407,
            "Contentment": 0.01012138556689024,
            "Craving": 0.006270457059144974,
            "Desire": 0.004344583489000797,
            "Determination": 0.28498679399490356,
            "Disappointment": 0.02174709364771843,
            "Disgust": 0.057458434253931046,
            "Distress": 0.2392067313194275,
            "Doubt": 0.006060225889086723,
            "Ecstasy": 0.06730636954307556,
            "Embarrassment": 0.008340979926288128,
            "Empathic Pain": 0.004101868253201246,
            "Entrancement": 0.006196784786880016,
            "Envy": 0.007944958284497261,
            "Excitement": 0.33995428681373596,
            "Fear": 0.07491408288478851,
            "Guilt": 0.005403006915003061,
            "Horror": 0.04995223879814148,
            "Interest": 0.020020969212055206,
            "Joy": 0.03200308233499527,
            "Love": 0.0019142040982842445,
            "Nostalgia": 0.0028744905721396208,
            "Pain": 0.029965391382575035,
            "Pride": 0.03653781861066818,
            "Realization": 0.014025121927261353,
            "Relief": 0.021216774359345436,
            "Romance": 0.002231437945738435,
            "Sadness": 0.010466615669429302,
            "Satisfaction": 0.02047753520309925,
            "Shame": 0.007457067724317312,
            "Surprise (negative)": 0.05546662583947182,
            "Surprise (positive)": 0.03214489668607712,
            "Sympathy": 0.0026258702855557203,
            "Tiredness": 0.011218643747270107,
            "Triumph": 0.12172617018222809
        },
        "lang": {
            "Admiration": 0.038675325301786266,
            "Adoration": 0.011577711906284094,
            "Aesthetic Appreciation": 0.05804340665539106,
            "Amusement": 0.03999116395910581,
            "Anger": 0.002280890146115174,
            "Annoyance": 0.024404965961972874,
            "Anxiety": 0.0028132201211216548,
            "Awe": 0.03694894226888815,
            "Awkwardness": 0.031424914176265396,
            "Boredom": 0.07684744335711002,
            "Calmness": 0.1106085367500782,
            "Concentration": 0.04869085798660914,
            "Confusion": 0.31004244461655617,
            "Contemplation": 0.08213447779417038,
            "Contempt": 0.01840791633973519,
            "Contentment": 0.04406703511873881,
            "Craving": 0.002721228947242101,
            "Desire": 0.005894586618524045,
            "Determination": 0.008882299531251192,
            "Disappointment": 0.012614790194978317,
            "Disapproval": 0.009857360739260912,
            "Disgust": 0.0034793938975781202,
            "Distress": 0.0034242316226785383,
            "Doubt": 0.049334511471291385,
            "Ecstasy": 0.00460218486841768,
            "Embarrassment": 0.006746311672031879,
            "Empathic Pain": 0.002162751702902218,
            "Enthusiasm": 0.01888343257208665,
            "Entrancement": 0.02655197059114774,
            "Envy": 0.005634340030762057,
            "Excitement": 0.009791683095196882,
            "Fear": 0.0014292211659873526,
            "Gratitude": 0.0037458175405239067,
            "Guilt": 0.001264596920615683,
            "Horror": 0.0009956748108379543,
            "Interest": 0.07876278087496758,
            "Joy": 0.020331127879520256,
            "Love": 0.004152823026136805,
            "Nostalgia": 0.006952672575910886,
            "Pain": 0.0023841313280475638,
            "Pride": 0.03275954180086652,
            "Realization": 0.08388037855426471,
            "Relief": 0.004612053511664271,
            "Romance": 0.0028329427586868405,
            "Sadness": 0.0033626892836764455,
            "Sarcasm": 0.028426988360782463,
            "Satisfaction": 0.04488301835954189,
            "Shame": 0.006326818528274695,
            "Surprise (negative)": 0.036205063263575234,
            "Surprise (positive)": 0.07182794560988744,
            "Sympathy": 0.003920068227065106,
            "Tiredness": 0.010804219210209945,
            "Triumph": 0.02868443013479312
        }
    }
}