{
    "metadata": {
        "dialogue_id": "707",
        "time_start": "00-00-27.713",
        "time_end": "00-00-30.873",
        "speaker": "Phoebe",
        "emotion": "anger",
        "sentiment": "negative",
        "file_name": "707_00-00-27.713_00-00-30.873_Phoebe_anger_negative"
    },
    "predicted": {
        "face": {
            "Admiration": 0.08228617906570435,
            "Adoration": 0.08085258305072784,
            "Aesthetic Appreciation": 0.057163484394550323,
            "Amusement": 0.15713849663734436,
            "Anger": 0.10376280546188354,
            "Anxiety": 0.1584130823612213,
            "Awe": 0.09049815684556961,
            "Awkwardness": 0.1778336614370346,
            "Boredom": 0.23814912140369415,
            "Calmness": 0.3262578248977661,
            "Concentration": 0.2781417667865753,
            "Confusion": 0.2942993938922882,
            "Contemplation": 0.15157988667488098,
            "Contempt": 0.1641671359539032,
            "Contentment": 0.14169229567050934,
            "Craving": 0.05495310574769974,
            "Desire": 0.0939583107829094,
            "Determination": 0.0955672487616539,
            "Disappointment": 0.30946844816207886,
            "Disgust": 0.1548345983028412,
            "Distress": 0.26697275042533875,
            "Doubt": 0.21834133565425873,
            "Ecstasy": 0.06890523433685303,
            "Embarrassment": 0.1138722151517868,
            "Empathic Pain": 0.12760727107524872,
            "Entrancement": 0.1072963997721672,
            "Envy": 0.03850291296839714,
            "Excitement": 0.09765604883432388,
            "Fear": 0.1266932189464569,
            "Guilt": 0.09702092409133911,
            "Horror": 0.06697964668273926,
            "Interest": 0.19234004616737366,
            "Joy": 0.1337142437696457,
            "Love": 0.12665380537509918,
            "Nostalgia": 0.07364459335803986,
            "Pain": 0.29416438937187195,
            "Pride": 0.07005689293146133,
            "Realization": 0.1522747278213501,
            "Relief": 0.11928733438253403,
            "Romance": 0.05513083562254906,
            "Sadness": 0.29341283440589905,
            "Satisfaction": 0.18971991539001465,
            "Shame": 0.09383493661880493,
            "Surprise (negative)": 0.06494414806365967,
            "Surprise (positive)": 0.04384405538439751,
            "Sympathy": 0.05669229477643967,
            "Tiredness": 0.2783893942832947,
            "Triumph": 0.049484480172395706
        },
        "prosody": {
            "Admiration": 0.002983760554343462,
            "Adoration": 0.0026563755236566067,
            "Aesthetic Appreciation": 0.0014759721234440804,
            "Amusement": 0.019416000694036484,
            "Anger": 0.7374564409255981,
            "Anxiety": 0.33721059560775757,
            "Awe": 0.008067244663834572,
            "Awkwardness": 0.04232769459486008,
            "Boredom": 0.0011632253881543875,
            "Calmness": 0.00047666861792095006,
            "Concentration": 0.002707016421481967,
            "Confusion": 0.11010269820690155,
            "Contemplation": 0.002562285866588354,
            "Contempt": 0.049421943724155426,
            "Contentment": 0.0019851133693009615,
            "Craving": 0.0033073732629418373,
            "Desire": 0.0009382718126289546,
            "Determination": 0.030081046745181084,
            "Disappointment": 0.21818658709526062,
            "Disgust": 0.04558566212654114,
            "Distress": 0.45502549409866333,
            "Doubt": 0.024290431290864944,
            "Ecstasy": 0.01695859059691429,
            "Embarrassment": 0.04551951587200165,
            "Empathic Pain": 0.011958664283156395,
            "Entrancement": 0.0011141558643430471,
            "Envy": 0.01778733916580677,
            "Excitement": 0.06570746004581451,
            "Fear": 0.15476538240909576,
            "Guilt": 0.04534666985273361,
            "Horror": 0.056771621108055115,
            "Interest": 0.008148997090756893,
            "Joy": 0.006555509753525257,
            "Love": 0.0021439369302242994,
            "Nostalgia": 0.002684776671230793,
            "Pain": 0.10336379706859589,
            "Pride": 0.007516907062381506,
            "Realization": 0.06202074512839317,
            "Relief": 0.0056166378781199455,
            "Romance": 0.0024079782888293266,
            "Sadness": 0.0279803816229105,
            "Satisfaction": 0.0030685709789395332,
            "Shame": 0.022850558161735535,
            "Surprise (negative)": 0.2330867052078247,
            "Surprise (positive)": 0.047087978571653366,
            "Sympathy": 0.0028311326168477535,
            "Tiredness": 0.004529798403382301,
            "Triumph": 0.0073859416879713535
        },
        "lang": {
            "Admiration": 0.001078546234768712,
            "Adoration": 0.0005189888308652573,
            "Aesthetic Appreciation": 0.0018853370307220353,
            "Amusement": 0.018208639178838994,
            "Anger": 0.06547356404027799,
            "Annoyance": 0.23649906677504381,
            "Anxiety": 0.05048751148084799,
            "Awe": 0.0026795450701481765,
            "Awkwardness": 0.10613058921363619,
            "Boredom": 0.014706047665741708,
            "Calmness": 0.045670716014380254,
            "Concentration": 0.04553293022844526,
            "Confusion": 0.4337796734439002,
            "Contemplation": 0.13590298437823853,
            "Contempt": 0.03762066731643346,
            "Contentment": 0.008913342414113382,
            "Craving": 0.0008257531153503805,
            "Desire": 0.0008869155814560751,
            "Determination": 0.033180647219220795,
            "Disappointment": 0.07302119582891464,
            "Disapproval": 0.07537291054096487,
            "Disgust": 0.009173011956995146,
            "Distress": 0.06128096445980999,
            "Doubt": 0.16752068450053534,
            "Ecstasy": 0.0008616559352958575,
            "Embarrassment": 0.03265524647819499,
            "Empathic Pain": 0.004879419355549746,
            "Enthusiasm": 0.007821266720485356,
            "Entrancement": 0.005061206213819484,
            "Envy": 0.0005755092360131028,
            "Excitement": 0.003645154718671822,
            "Fear": 0.0140082491044369,
            "Gratitude": 0.0018458976216303806,
            "Guilt": 0.028137394298230194,
            "Horror": 0.003353931006535681,
            "Interest": 0.03188575912887851,
            "Joy": 0.0025332538191125626,
            "Love": 0.0009325684028832862,
            "Nostalgia": 0.0015865248311052306,
            "Pain": 0.008663205455781685,
            "Pride": 0.0036693752174162203,
            "Realization": 0.10272287763655186,
            "Relief": 0.007012449049701293,
            "Romance": 0.0010266775837711368,
            "Sadness": 0.01584165478642616,
            "Sarcasm": 0.04400534141394827,
            "Satisfaction": 0.00746591360722151,
            "Shame": 0.030175890825274918,
            "Surprise (negative)": 0.10606918090747462,
            "Surprise (positive)": 0.01989379702394621,
            "Sympathy": 0.005432993173599243,
            "Tiredness": 0.025412598417864904,
            "Triumph": 0.006341690404547585
        }
    }
}