{
    "metadata": {
        "dialogue_id": "717",
        "time_start": "00-00-22.105",
        "time_end": "00-00-23.447",
        "speaker": "Phoebe",
        "emotion": "neutral",
        "sentiment": "neutral",
        "file_name": "717_00-00-22.105_00-00-23.447_Phoebe_neutral_neutral"
    },
    "predicted": {
        "face": {
            "Admiration": 0.20389524102210999,
            "Adoration": 0.22156275808811188,
            "Aesthetic Appreciation": 0.08506590127944946,
            "Amusement": 0.6121494174003601,
            "Anger": 0.05000734329223633,
            "Anxiety": 0.07863656431436539,
            "Awe": 0.1493772566318512,
            "Awkwardness": 0.16801050305366516,
            "Boredom": 0.12351498752832413,
            "Calmness": 0.24039825797080994,
            "Concentration": 0.1819128841161728,
            "Confusion": 0.17182129621505737,
            "Contemplation": 0.09207133948802948,
            "Contempt": 0.08619910478591919,
            "Contentment": 0.23662976920604706,
            "Craving": 0.04928123578429222,
            "Desire": 0.07083754241466522,
            "Determination": 0.07519156485795975,
            "Disappointment": 0.11989998817443848,
            "Disgust": 0.053830523043870926,
            "Distress": 0.11040689051151276,
            "Doubt": 0.12352331727743149,
            "Ecstasy": 0.16370350122451782,
            "Embarrassment": 0.09144748747348785,
            "Empathic Pain": 0.05570254847407341,
            "Entrancement": 0.11254600435495377,
            "Envy": 0.03503109887242317,
            "Excitement": 0.4133056402206421,
            "Fear": 0.07803741842508316,
            "Guilt": 0.04147593304514885,
            "Horror": 0.05239342898130417,
            "Interest": 0.3802006244659424,
            "Joy": 0.5975719094276428,
            "Love": 0.3729921877384186,
            "Nostalgia": 0.0760575607419014,
            "Pain": 0.10162851214408875,
            "Pride": 0.13154909014701843,
            "Realization": 0.14205648005008698,
            "Relief": 0.12789759039878845,
            "Romance": 0.089261993765831,
            "Sadness": 0.09792322665452957,
            "Satisfaction": 0.3424665331840515,
            "Shame": 0.04499266296625137,
            "Surprise (negative)": 0.05495090410113335,
            "Surprise (positive)": 0.09656118601560593,
            "Sympathy": 0.06242665648460388,
            "Tiredness": 0.10328255593776703,
            "Triumph": 0.11616790294647217
        },
        "prosody": {
            "Admiration": 0.04350946843624115,
            "Adoration": 0.034201789647340775,
            "Aesthetic Appreciation": 0.016067340970039368,
            "Amusement": 0.19884032011032104,
            "Anger": 0.03652648627758026,
            "Anxiety": 0.028424514457583427,
            "Awe": 0.046350106596946716,
            "Awkwardness": 0.06656213849782944,
            "Boredom": 0.00721939280629158,
            "Calmness": 0.006309493910521269,
            "Concentration": 0.006518258713185787,
            "Confusion": 0.017419546842575073,
            "Contemplation": 0.006389905698597431,
            "Contempt": 0.021732503548264503,
            "Contentment": 0.030112305656075478,
            "Craving": 0.0066084954887628555,
            "Desire": 0.01502472534775734,
            "Determination": 0.04368194192647934,
            "Disappointment": 0.06544226408004761,
            "Disgust": 0.020830988883972168,
            "Distress": 0.050715796649456024,
            "Doubt": 0.011964354664087296,
            "Ecstasy": 0.08831086754798889,
            "Embarrassment": 0.033874209970235825,
            "Empathic Pain": 0.015134729444980621,
            "Entrancement": 0.017458323389291763,
            "Envy": 0.02174428664147854,
            "Excitement": 0.3586018979549408,
            "Fear": 0.009373909793794155,
            "Guilt": 0.01719772070646286,
            "Horror": 0.011826197616755962,
            "Interest": 0.07967910915613174,
            "Joy": 0.14949387311935425,
            "Love": 0.018315238878130913,
            "Nostalgia": 0.019958581775426865,
            "Pain": 0.013839700259268284,
            "Pride": 0.03461657091975212,
            "Realization": 0.15459232032299042,
            "Relief": 0.0926210880279541,
            "Romance": 0.011293061077594757,
            "Sadness": 0.011103376746177673,
            "Satisfaction": 0.10503271222114563,
            "Shame": 0.01777515932917595,
            "Surprise (negative)": 0.03686835989356041,
            "Surprise (positive)": 0.1926029920578003,
            "Sympathy": 0.01381688378751278,
            "Tiredness": 0.010631037876009941,
            "Triumph": 0.14457397162914276
        },
        "lang": {
            "Admiration": 0.007910949643701315,
            "Adoration": 0.0022216637153178453,
            "Aesthetic Appreciation": 0.0043445016878346605,
            "Amusement": 0.022092939199258883,
            "Anger": 0.013600888662040234,
            "Annoyance": 0.1840380902091662,
            "Anxiety": 0.007234625285491347,
            "Awe": 0.004708670700589816,
            "Awkwardness": 0.08395919296890497,
            "Boredom": 0.13674248879154524,
            "Calmness": 0.19238282988468805,
            "Concentration": 0.08668310350428025,
            "Confusion": 0.043533824384212494,
            "Contemplation": 0.05953967571258545,
            "Contempt": 0.07775851711630821,
            "Contentment": 0.05788004522522291,
            "Craving": 0.001047986384946853,
            "Desire": 0.0007674479080984989,
            "Determination": 0.08375462082525094,
            "Disappointment": 0.046338417722533144,
            "Disapproval": 0.06440171723564465,
            "Disgust": 0.009626838068167368,
            "Distress": 0.007625296867142121,
            "Doubt": 0.038369202986359596,
            "Ecstasy": 0.0007328884579086056,
            "Embarrassment": 0.01101351979499062,
            "Empathic Pain": 0.004498323037599524,
            "Enthusiasm": 0.04927442533274492,
            "Entrancement": 0.0034601633281757436,
            "Envy": 0.002995487884618342,
            "Excitement": 0.019178086891770363,
            "Fear": 0.0022002092640226087,
            "Gratitude": 0.014437406013409296,
            "Guilt": 0.0023796175761769214,
            "Horror": 0.0007921467501243266,
            "Interest": 0.08303096890449524,
            "Joy": 0.010242356220260262,
            "Love": 0.0013479057427806158,
            "Nostalgia": 0.0006852346317221721,
            "Pain": 0.0015628894422358524,
            "Pride": 0.011046032266070446,
            "Realization": 0.18353242427110672,
            "Relief": 0.021087453390161198,
            "Romance": 0.0007606688789868107,
            "Sadness": 0.004227031856620063,
            "Sarcasm": 0.1561160379399856,
            "Satisfaction": 0.0677855604638656,
            "Shame": 0.006571701921833058,
            "Surprise (negative)": 0.0846253652125597,
            "Surprise (positive)": 0.06432293665905793,
            "Sympathy": 0.008010885212570429,
            "Tiredness": 0.015000946509341398,
            "Triumph": 0.023356527090072632
        }
    }
}