{
    "metadata": {
        "dialogue_id": "722",
        "time_start": "00-00-57.474",
        "time_end": "00-01-10.444",
        "speaker": "Joey",
        "emotion": "joy",
        "sentiment": "positive",
        "text_content": "Yeah. With a bite!  Gee-e-e-eez!",
        "file_name": "722_00-00-57.474_00-01-10.444_Joey_joy_positive"
    },
    "predicted": {
        "face": {
            "Admiration": 0.061992302536964417,
            "Adoration": 0.047201622277498245,
            "Aesthetic Appreciation": 0.04599219188094139,
            "Amusement": 0.1032402366399765,
            "Anger": 0.09302321821451187,
            "Anxiety": 0.18046142160892487,
            "Awe": 0.09387895464897156,
            "Awkwardness": 0.23808717727661133,
            "Boredom": 0.24724268913269043,
            "Calmness": 0.226131871342659,
            "Concentration": 0.2915198802947998,
            "Confusion": 0.6552778482437134,
            "Contemplation": 0.16743254661560059,
            "Contempt": 0.22653022408485413,
            "Contentment": 0.07123295962810516,
            "Craving": 0.048403698951005936,
            "Desire": 0.04807477071881294,
            "Determination": 0.07950344681739807,
            "Disappointment": 0.357127845287323,
            "Disgust": 0.2622433602809906,
            "Distress": 0.3051322400569916,
            "Doubt": 0.4285857081413269,
            "Ecstasy": 0.02656134031713009,
            "Embarrassment": 0.12453527003526688,
            "Empathic Pain": 0.16060149669647217,
            "Entrancement": 0.08757440745830536,
            "Envy": 0.04797282814979553,
            "Excitement": 0.049811359494924545,
            "Fear": 0.15869000554084778,
            "Guilt": 0.09761518985033035,
            "Horror": 0.0848265215754509,
            "Interest": 0.20678497850894928,
            "Joy": 0.05582718551158905,
            "Love": 0.05457509681582451,
            "Nostalgia": 0.06179209426045418,
            "Pain": 0.2839203476905823,
            "Pride": 0.042329177260398865,
            "Realization": 0.15577390789985657,
            "Relief": 0.05442339554429054,
            "Romance": 0.028511956334114075,
            "Sadness": 0.4011116921901703,
            "Satisfaction": 0.07137082517147064,
            "Shame": 0.09321428835391998,
            "Surprise (negative)": 0.09443105757236481,
            "Surprise (positive)": 0.04618406295776367,
            "Sympathy": 0.07855274528265,
            "Tiredness": 0.20352615416049957,
            "Triumph": 0.023058868944644928
        },
        "prosody": {
            "Admiration": 0.014878881862387061,
            "Adoration": 0.021428747684694827,
            "Aesthetic Appreciation": 0.007932406617328525,
            "Amusement": 0.2629504669457674,
            "Anger": 0.12867998983711004,
            "Anxiety": 0.0386996828019619,
            "Awe": 0.028393342159688473,
            "Awkwardness": 0.06698099337518215,
            "Boredom": 0.008471729466691613,
            "Calmness": 0.010619484353810549,
            "Concentration": 0.01372371707111597,
            "Confusion": 0.1515930201858282,
            "Contemplation": 0.01185986096970737,
            "Contempt": 0.02274193661287427,
            "Contentment": 0.020961434114724398,
            "Craving": 0.005993001628667116,
            "Desire": 0.019001813605427742,
            "Determination": 0.03222853224724531,
            "Disappointment": 0.033756207674741745,
            "Disgust": 0.037122995126992464,
            "Distress": 0.10432888567447662,
            "Doubt": 0.022503596264868975,
            "Ecstasy": 0.03907295735552907,
            "Embarrassment": 0.02294276002794504,
            "Empathic Pain": 0.009411230683326721,
            "Entrancement": 0.012413426768034697,
            "Envy": 0.016010043676942587,
            "Excitement": 0.13151369243860245,
            "Fear": 0.029475954361259937,
            "Guilt": 0.010760137112811208,
            "Horror": 0.03635117318481207,
            "Interest": 0.04936858080327511,
            "Joy": 0.15309500927105546,
            "Love": 0.016900338232517242,
            "Nostalgia": 0.012329531367868185,
            "Pain": 0.018482708372175694,
            "Pride": 0.01611755881458521,
            "Realization": 0.06185331614688039,
            "Relief": 0.016637421445921063,
            "Romance": 0.014459045138210058,
            "Sadness": 0.013361993245780468,
            "Satisfaction": 0.0330433864146471,
            "Shame": 0.01705219503492117,
            "Surprise (negative)": 0.13688262552022934,
            "Surprise (positive)": 0.08078368008136749,
            "Sympathy": 0.009191324934363365,
            "Tiredness": 0.0043332539498806,
            "Triumph": 0.02321703266352415
        },
        "lang": {}
    }
}