{
    "metadata": {
        "dialogue_id": "727",
        "time_start": "00-00-17.184",
        "time_end": "00-00-20.895",
        "speaker": "Rachel",
        "emotion": "neutral",
        "sentiment": "neutral",
        "text_content": "But you-you said black. Why would he want his blue blazer black?",
        "file_name": "727_00-00-17.184_00-00-20.895_Rachel_neutral_neutral"
    },
    "predicted": {
        "face": {
            "Admiration": 0.18715116381645203,
            "Adoration": 0.14929187297821045,
            "Aesthetic Appreciation": 0.11402606964111328,
            "Amusement": 0.26844313740730286,
            "Anger": 0.025640908628702164,
            "Anxiety": 0.11528775840997696,
            "Awe": 0.10826171189546585,
            "Awkwardness": 0.18041588366031647,
            "Boredom": 0.21907493472099304,
            "Calmness": 0.2868216633796692,
            "Concentration": 0.5523345470428467,
            "Confusion": 0.4444950819015503,
            "Contemplation": 0.4199855327606201,
            "Contempt": 0.10834752768278122,
            "Contentment": 0.12981979548931122,
            "Craving": 0.17395809292793274,
            "Desire": 0.30386239290237427,
            "Determination": 0.13524101674556732,
            "Disappointment": 0.11272259056568146,
            "Disgust": 0.04219567030668259,
            "Distress": 0.10497912019491196,
            "Doubt": 0.33722543716430664,
            "Ecstasy": 0.058964237570762634,
            "Embarrassment": 0.05532682314515114,
            "Empathic Pain": 0.03613753244280815,
            "Entrancement": 0.18337129056453705,
            "Envy": 0.04606519266963005,
            "Excitement": 0.14171457290649414,
            "Fear": 0.06427889317274094,
            "Guilt": 0.042214278131723404,
            "Horror": 0.025128044188022614,
            "Interest": 0.6234797239303589,
            "Joy": 0.17124879360198975,
            "Love": 0.17527826130390167,
            "Nostalgia": 0.07030462473630905,
            "Pain": 0.04249967634677887,
            "Pride": 0.0661693811416626,
            "Realization": 0.18460801243782043,
            "Relief": 0.06258149445056915,
            "Romance": 0.1263439804315567,
            "Sadness": 0.06581442803144455,
            "Satisfaction": 0.19459328055381775,
            "Shame": 0.03457317501306534,
            "Surprise (negative)": 0.03254183009266853,
            "Surprise (positive)": 0.037592578679323196,
            "Sympathy": 0.05098455026745796,
            "Tiredness": 0.09428315609693527,
            "Triumph": 0.039773739874362946
        },
        "prosody": {
            "Admiration": 0.007100467337295413,
            "Adoration": 0.007111056474968791,
            "Aesthetic Appreciation": 0.009746195748448372,
            "Amusement": 0.07257912680506706,
            "Anger": 0.11602234840393066,
            "Anxiety": 0.1198725737631321,
            "Awe": 0.029942533001303673,
            "Awkwardness": 0.07274231500923634,
            "Boredom": 0.002346057735849172,
            "Calmness": 0.004039502004161477,
            "Concentration": 0.008575722575187683,
            "Confusion": 0.5433238446712494,
            "Contemplation": 0.01888193190097809,
            "Contempt": 0.02407972328364849,
            "Contentment": 0.005218166275881231,
            "Craving": 0.005898209288716316,
            "Desire": 0.0026644254103302956,
            "Determination": 0.02872989047318697,
            "Disappointment": 0.04890746623277664,
            "Disgust": 0.028861286118626595,
            "Distress": 0.12193147465586662,
            "Doubt": 0.08273677341639996,
            "Ecstasy": 0.013204305432736874,
            "Embarrassment": 0.03892211243510246,
            "Empathic Pain": 0.011063446756452322,
            "Entrancement": 0.0048476047813892365,
            "Envy": 0.02462787600234151,
            "Excitement": 0.09154027700424194,
            "Fear": 0.05941879749298096,
            "Guilt": 0.014531145803630352,
            "Horror": 0.048738572746515274,
            "Interest": 0.20733682066202164,
            "Joy": 0.010233028791844845,
            "Love": 0.0034447512589395046,
            "Nostalgia": 0.004872236168012023,
            "Pain": 0.010561595670878887,
            "Pride": 0.014959278982132673,
            "Realization": 0.07685384806245565,
            "Relief": 0.007147995929699391,
            "Romance": 0.003370946040377021,
            "Sadness": 0.01541813462972641,
            "Satisfaction": 0.008729415712878108,
            "Shame": 0.015400837175548077,
            "Surprise (negative)": 0.21741601079702377,
            "Surprise (positive)": 0.09361052140593529,
            "Sympathy": 0.009370327228680253,
            "Tiredness": 0.0026052507455460727,
            "Triumph": 0.010026650968939066
        },
        "lang": {}
    }
}