{
    "metadata": {
        "dialogue_id": "733",
        "time_start": "00-00-26.234",
        "time_end": "00-00-27.610",
        "speaker": "Phoebe",
        "emotion": "neutral",
        "sentiment": "neutral",
        "file_name": "733_00-00-26.234_00-00-27.610_Phoebe_neutral_neutral"
    },
    "predicted": {
        "face": {
            "Admiration": 0.1385466456413269,
            "Adoration": 0.09417514503002167,
            "Aesthetic Appreciation": 0.08566117286682129,
            "Amusement": 0.15492627024650574,
            "Anger": 0.07649393379688263,
            "Anxiety": 0.152263805270195,
            "Awe": 0.15680041909217834,
            "Awkwardness": 0.20293307304382324,
            "Boredom": 0.30025386810302734,
            "Calmness": 0.33457013964653015,
            "Concentration": 0.511297345161438,
            "Confusion": 0.4933868646621704,
            "Contemplation": 0.30527806282043457,
            "Contempt": 0.173100084066391,
            "Contentment": 0.10668382793664932,
            "Craving": 0.09181410819292068,
            "Desire": 0.10351210087537766,
            "Determination": 0.15332114696502686,
            "Disappointment": 0.22638538479804993,
            "Disgust": 0.09017674624919891,
            "Distress": 0.16399937868118286,
            "Doubt": 0.39931806921958923,
            "Ecstasy": 0.037447310984134674,
            "Embarrassment": 0.08469454199075699,
            "Empathic Pain": 0.06554976105690002,
            "Entrancement": 0.16410627961158752,
            "Envy": 0.05909733846783638,
            "Excitement": 0.0885559543967247,
            "Fear": 0.12246842682361603,
            "Guilt": 0.06797370314598083,
            "Horror": 0.059343308210372925,
            "Interest": 0.4142966568470001,
            "Joy": 0.08948422223329544,
            "Love": 0.10011955350637436,
            "Nostalgia": 0.06710824370384216,
            "Pain": 0.07565377652645111,
            "Pride": 0.06252764910459518,
            "Realization": 0.2030652016401291,
            "Relief": 0.05614275112748146,
            "Romance": 0.060711197555065155,
            "Sadness": 0.13641710579395294,
            "Satisfaction": 0.11202901601791382,
            "Shame": 0.056320808827877045,
            "Surprise (negative)": 0.08310014009475708,
            "Surprise (positive)": 0.07558043301105499,
            "Sympathy": 0.0570775642991066,
            "Tiredness": 0.1512307971715927,
            "Triumph": 0.034808821976184845
        },
        "prosody": {
            "Admiration": 0.008125483058393002,
            "Adoration": 0.0032496938947588205,
            "Aesthetic Appreciation": 0.006096783559769392,
            "Amusement": 0.04362563043832779,
            "Anger": 0.015324967913329601,
            "Anxiety": 0.02567732334136963,
            "Awe": 0.007995682768523693,
            "Awkwardness": 0.08228299021720886,
            "Boredom": 0.03709668293595314,
            "Calmness": 0.09618985652923584,
            "Concentration": 0.10498259216547012,
            "Confusion": 0.0370485782623291,
            "Contemplation": 0.12214582413434982,
            "Contempt": 0.04467128589749336,
            "Contentment": 0.08851993083953857,
            "Craving": 0.009878219105303288,
            "Desire": 0.004607607144862413,
            "Determination": 0.20219439268112183,
            "Disappointment": 0.04665398225188255,
            "Disgust": 0.01958295702934265,
            "Distress": 0.03153989836573601,
            "Doubt": 0.043949615210294724,
            "Ecstasy": 0.010664639994502068,
            "Embarrassment": 0.027604617178440094,
            "Empathic Pain": 0.007476427126675844,
            "Entrancement": 0.004814250394701958,
            "Envy": 0.014040376991033554,
            "Excitement": 0.04222233593463898,
            "Fear": 0.009672699496150017,
            "Guilt": 0.008420194499194622,
            "Horror": 0.002579418709501624,
            "Interest": 0.06913011521100998,
            "Joy": 0.014787853695452213,
            "Love": 0.00574767729267478,
            "Nostalgia": 0.03533570095896721,
            "Pain": 0.006350622046738863,
            "Pride": 0.08057793229818344,
            "Realization": 0.05492148920893669,
            "Relief": 0.013594918884336948,
            "Romance": 0.004272099118679762,
            "Sadness": 0.022520242258906364,
            "Satisfaction": 0.05931071192026138,
            "Shame": 0.019017696380615234,
            "Surprise (negative)": 0.013674660585820675,
            "Surprise (positive)": 0.020404359325766563,
            "Sympathy": 0.015486512333154678,
            "Tiredness": 0.010830225422978401,
            "Triumph": 0.05418228358030319
        },
        "lang": {
            "Admiration": 0.004500931594520807,
            "Adoration": 0.0008565147290937603,
            "Aesthetic Appreciation": 0.004420576151460409,
            "Amusement": 0.02489645779132843,
            "Anger": 0.003437690669670701,
            "Annoyance": 0.05738571658730507,
            "Anxiety": 0.0016173288458958268,
            "Awe": 0.0027419617399573326,
            "Awkwardness": 0.013400794938206673,
            "Boredom": 0.16589461266994476,
            "Calmness": 0.2721503973007202,
            "Concentration": 0.05376257374882698,
            "Confusion": 0.012667044997215271,
            "Contemplation": 0.09110212326049805,
            "Contempt": 0.07725460827350616,
            "Contentment": 0.11765026301145554,
            "Craving": 0.001272460212931037,
            "Desire": 0.0005575573304668069,
            "Determination": 0.0345953106880188,
            "Disappointment": 0.011463929899036884,
            "Disapproval": 0.028083087876439095,
            "Disgust": 0.007253830786794424,
            "Distress": 0.0017126218881458044,
            "Doubt": 0.013068648055195808,
            "Ecstasy": 0.0006959466263651848,
            "Embarrassment": 0.0028847160283476114,
            "Empathic Pain": 0.0038157347589731216,
            "Enthusiasm": 0.013726986944675446,
            "Entrancement": 0.0032085205893963575,
            "Envy": 0.003146910574287176,
            "Excitement": 0.004429908934980631,
            "Fear": 0.0005265841609798372,
            "Gratitude": 0.003167527262121439,
            "Guilt": 0.0012106876820325851,
            "Horror": 0.00030668097315356135,
            "Interest": 0.04585140570998192,
            "Joy": 0.004262913949787617,
            "Love": 0.0005125224706716835,
            "Nostalgia": 0.01002383604645729,
            "Pain": 0.0015646497486159205,
            "Pride": 0.027062255889177322,
            "Realization": 0.10372726619243622,
            "Relief": 0.03651880472898483,
            "Romance": 0.00018393325444776565,
            "Sadness": 0.0025524753145873547,
            "Sarcasm": 0.04323310777544975,
            "Satisfaction": 0.11819913983345032,
            "Shame": 0.004347984679043293,
            "Surprise (negative)": 0.008742283098399639,
            "Surprise (positive)": 0.013720124028623104,
            "Sympathy": 0.007260862737894058,
            "Tiredness": 0.030736640095710754,
            "Triumph": 0.0509023442864418
        }
    }
}