{
    "metadata": {
        "dialogue_id": "736",
        "time_start": "00-00-00.000",
        "time_end": "00-00-01.417",
        "speaker": "Ross",
        "emotion": "joy",
        "sentiment": "positive",
        "text_content": "Emily!",
        "file_name": "736_00-00-00.000_00-00-01.417_Ross_joy_positive"
    },
    "predicted": {
        "face": {
            "Admiration": 0.05208026245236397,
            "Adoration": 0.048675209283828735,
            "Aesthetic Appreciation": 0.04208231344819069,
            "Amusement": 0.07134092599153519,
            "Anger": 0.06268581002950668,
            "Anxiety": 0.2231910526752472,
            "Awe": 0.05401163175702095,
            "Awkwardness": 0.1415219008922577,
            "Boredom": 0.23540790379047394,
            "Calmness": 0.2669539153575897,
            "Concentration": 0.4004545509815216,
            "Confusion": 0.3375842571258545,
            "Contemplation": 0.28736284375190735,
            "Contempt": 0.11672405898571014,
            "Contentment": 0.07676544785499573,
            "Craving": 0.044844355434179306,
            "Desire": 0.05503359064459801,
            "Determination": 0.08873222768306732,
            "Disappointment": 0.37794843316078186,
            "Disgust": 0.11376041918992996,
            "Distress": 0.3536081612110138,
            "Doubt": 0.28871697187423706,
            "Ecstasy": 0.02624172531068325,
            "Embarrassment": 0.13270559906959534,
            "Empathic Pain": 0.1531098335981369,
            "Entrancement": 0.09573632478713989,
            "Envy": 0.03134063258767128,
            "Excitement": 0.03629222884774208,
            "Fear": 0.12459798157215118,
            "Guilt": 0.16594752669334412,
            "Horror": 0.046743378043174744,
            "Interest": 0.1660967767238617,
            "Joy": 0.04769127815961838,
            "Love": 0.06912807375192642,
            "Nostalgia": 0.07433165609836578,
            "Pain": 0.31025105714797974,
            "Pride": 0.03407851234078407,
            "Realization": 0.15861956775188446,
            "Relief": 0.058019232004880905,
            "Romance": 0.04081360250711441,
            "Sadness": 0.4721073806285858,
            "Satisfaction": 0.0791962668299675,
            "Shame": 0.1502269208431244,
            "Surprise (negative)": 0.043483708053827286,
            "Surprise (positive)": 0.022402051836252213,
            "Sympathy": 0.06918244808912277,
            "Tiredness": 0.2898750603199005,
            "Triumph": 0.017338508740067482
        },
        "prosody": {
            "Admiration": 0,
            "Adoration": 0,
            "Aesthetic Appreciation": 0,
            "Amusement": 0,
            "Anger": 0,
            "Annoyance": 0,
            "Anxiety": 0,
            "Awe": 0,
            "Awkwardness": 0,
            "Boredom": 0,
            "Calmness": 0,
            "Concentration": 0,
            "Confusion": 0,
            "Contemplation": 0,
            "Contempt": 0,
            "Contentment": 0,
            "Craving": 0,
            "Desire": 0,
            "Determination": 0,
            "Disappointment": 0,
            "Disapproval": 0,
            "Disgust": 0,
            "Distress": 0,
            "Doubt": 0,
            "Ecstasy": 0,
            "Embarrassment": 0,
            "Empathic Pain": 0,
            "Enthusiasm": 0,
            "Entrancement": 0,
            "Envy": 0,
            "Excitement": 0,
            "Fear": 0,
            "Gratitude": 0,
            "Guilt": 0,
            "Horror": 0,
            "Interest": 0,
            "Joy": 0,
            "Love": 0,
            "Nostalgia": 0,
            "Pain": 0,
            "Pride": 0,
            "Realization": 0,
            "Relief": 0,
            "Romance": 0,
            "Sadness": 0,
            "Sarcasm": 0,
            "Satisfaction": 0,
            "Shame": 0,
            "Surprise (negative)": 0,
            "Surprise (positive)": 0,
            "Sympathy": 0,
            "Tiredness": 0,
            "Triumph": 0
        },
        "lang": {}
    }
}