{
    "metadata": {
        "dialogue_id": "740",
        "time_start": "00-00-32.908",
        "time_end": "00-00-37.078",
        "speaker": "Ross",
        "emotion": "neutral",
        "sentiment": "neutral",
        "file_name": "740_00-00-32.908_00-00-37.078_Ross_neutral_neutral"
    },
    "predicted": {
        "face": {
            "Admiration": 0.08485385030508041,
            "Adoration": 0.05216848477721214,
            "Aesthetic Appreciation": 0.06536432355642319,
            "Amusement": 0.08909991383552551,
            "Anger": 0.09690118581056595,
            "Anxiety": 0.17729811370372772,
            "Awe": 0.1187790110707283,
            "Awkwardness": 0.21419286727905273,
            "Boredom": 0.47993263602256775,
            "Calmness": 0.4814693033695221,
            "Concentration": 0.5927269458770752,
            "Confusion": 0.4798826575279236,
            "Contemplation": 0.25034594535827637,
            "Contempt": 0.18201875686645508,
            "Contentment": 0.09473638236522675,
            "Craving": 0.06338383257389069,
            "Desire": 0.05836676061153412,
            "Determination": 0.16078922152519226,
            "Disappointment": 0.30453646183013916,
            "Disgust": 0.09106962382793427,
            "Distress": 0.18669120967388153,
            "Doubt": 0.3907085955142975,
            "Ecstasy": 0.02304350771009922,
            "Embarrassment": 0.09507839381694794,
            "Empathic Pain": 0.0804629847407341,
            "Entrancement": 0.152060866355896,
            "Envy": 0.05458032712340355,
            "Excitement": 0.0480068176984787,
            "Fear": 0.12366245687007904,
            "Guilt": 0.08826448023319244,
            "Horror": 0.05832059308886528,
            "Interest": 0.320844829082489,
            "Joy": 0.046999070793390274,
            "Love": 0.056106340140104294,
            "Nostalgia": 0.05935399979352951,
            "Pain": 0.08563093096017838,
            "Pride": 0.050356268882751465,
            "Realization": 0.17512790858745575,
            "Relief": 0.052249662578105927,
            "Romance": 0.03586983308196068,
            "Sadness": 0.20022015273571014,
            "Satisfaction": 0.07506898045539856,
            "Shame": 0.07021566480398178,
            "Surprise (negative)": 0.09362535178661346,
            "Surprise (positive)": 0.07027313858270645,
            "Sympathy": 0.06324293464422226,
            "Tiredness": 0.2578565776348114,
            "Triumph": 0.021749958395957947
        },
        "prosody": {
            "Admiration": 0.07120203226804733,
            "Adoration": 0.10707713663578033,
            "Aesthetic Appreciation": 0.03616983816027641,
            "Amusement": 0.16783280670642853,
            "Anger": 0.04835321381688118,
            "Anxiety": 0.03450246527791023,
            "Awe": 0.04975118488073349,
            "Awkwardness": 0.026972448453307152,
            "Boredom": 0.002434356138110161,
            "Calmness": 0.012559578754007816,
            "Concentration": 0.04246143996715546,
            "Confusion": 0.019192354753613472,
            "Contemplation": 0.021931154653429985,
            "Contempt": 0.025293869897723198,
            "Contentment": 0.015142361633479595,
            "Craving": 0.08419611304998398,
            "Desire": 0.013525193557143211,
            "Determination": 0.1980525553226471,
            "Disappointment": 0.05651451274752617,
            "Disgust": 0.017230229452252388,
            "Distress": 0.1064276248216629,
            "Doubt": 0.02603285200893879,
            "Ecstasy": 0.06229574233293533,
            "Embarrassment": 0.01571231335401535,
            "Empathic Pain": 0.07654572278261185,
            "Entrancement": 0.017023641616106033,
            "Envy": 0.09732823073863983,
            "Excitement": 0.5400173664093018,
            "Fear": 0.014963386580348015,
            "Guilt": 0.013917472213506699,
            "Horror": 0.008135437034070492,
            "Interest": 0.2774490714073181,
            "Joy": 0.12703987956047058,
            "Love": 0.13029049336910248,
            "Nostalgia": 0.03130529820919037,
            "Pain": 0.019865309819579124,
            "Pride": 0.04506290704011917,
            "Realization": 0.030931580811738968,
            "Relief": 0.011898044496774673,
            "Romance": 0.06046333536505699,
            "Sadness": 0.035790763795375824,
            "Satisfaction": 0.050400540232658386,
            "Shame": 0.014176156371831894,
            "Surprise (negative)": 0.024403749033808708,
            "Surprise (positive)": 0.09513858705759048,
            "Sympathy": 0.1779268980026245,
            "Tiredness": 0.00464367913082242,
            "Triumph": 0.018550783395767212
        },
        "lang": {
            "Admiration": 0.013409111586709817,
            "Adoration": 0.017915836938967308,
            "Aesthetic Appreciation": 0.0201982610548536,
            "Amusement": 0.06743212454020978,
            "Anger": 0.009331760070441912,
            "Annoyance": 0.10299475205441316,
            "Anxiety": 0.008647526707500219,
            "Awe": 0.009055474710961183,
            "Awkwardness": 0.05508458719899257,
            "Boredom": 0.07208537062009175,
            "Calmness": 0.11650694916024804,
            "Concentration": 0.04986455999314785,
            "Confusion": 0.03335028116901716,
            "Contemplation": 0.05308326818048954,
            "Contempt": 0.025950380476812522,
            "Contentment": 0.03681536919126908,
            "Craving": 0.031555532842564085,
            "Desire": 0.009118430502712726,
            "Determination": 0.056040128351499637,
            "Disappointment": 0.02959854146465659,
            "Disapproval": 0.021155272082736095,
            "Disgust": 0.0045419667808649445,
            "Distress": 0.012271639751270413,
            "Doubt": 0.008721260547948381,
            "Ecstasy": 0.0064209495865119,
            "Embarrassment": 0.009315284745146831,
            "Empathic Pain": 0.005843843224768838,
            "Enthusiasm": 0.1914632573723793,
            "Entrancement": 0.013261635104815166,
            "Envy": 0.0036792493425309657,
            "Excitement": 0.14831169294193386,
            "Fear": 0.00208816165686585,
            "Gratitude": 0.027423820241043964,
            "Guilt": 0.004960420638478051,
            "Horror": 0.0011253864349176487,
            "Interest": 0.20344014999767143,
            "Joy": 0.05056763918449481,
            "Love": 0.01839091055250416,
            "Nostalgia": 0.27457254404822984,
            "Pain": 0.005566053432024394,
            "Pride": 0.008172478154301643,
            "Realization": 0.11461691955725352,
            "Relief": 0.015614231706907351,
            "Romance": 0.012757395021617412,
            "Sadness": 0.01013694271678105,
            "Sarcasm": 0.033224976450825734,
            "Satisfaction": 0.05024602028230826,
            "Shame": 0.004461877172191938,
            "Surprise (negative)": 0.0364846491565307,
            "Surprise (positive)": 0.13455321068565052,
            "Sympathy": 0.006873684353195131,
            "Tiredness": 0.013502766711947818,
            "Triumph": 0.01786491835179428
        }
    }
}