{
    "metadata": {
        "dialogue_id": "745",
        "time_start": "00-00-26.151",
        "time_end": "00-00-28.215",
        "speaker": "Joey",
        "emotion": "anger",
        "sentiment": "negative",
        "text_content": "How could you not give me the message?",
        "file_name": "745_00-00-26.151_00-00-28.215_Joey_anger_negative"
    },
    "predicted": {
        "face": {
            "Admiration": 0.04023090749979019,
            "Adoration": 0.030901547521352768,
            "Aesthetic Appreciation": 0.027077691629529,
            "Amusement": 0.10706736147403717,
            "Anger": 0.2466418743133545,
            "Anxiety": 0.21187889575958252,
            "Awe": 0.10615722835063934,
            "Awkwardness": 0.19097121059894562,
            "Boredom": 0.15750780701637268,
            "Calmness": 0.10184811800718307,
            "Concentration": 0.15985135734081268,
            "Confusion": 0.3690882623195648,
            "Contemplation": 0.07623247802257538,
            "Contempt": 0.16642215847969055,
            "Contentment": 0.046317242085933685,
            "Craving": 0.039592064917087555,
            "Desire": 0.04038725048303604,
            "Determination": 0.09372575581073761,
            "Disappointment": 0.3500044345855713,
            "Disgust": 0.2581698000431061,
            "Distress": 0.37496116757392883,
            "Doubt": 0.21702057123184204,
            "Ecstasy": 0.04183798283338547,
            "Embarrassment": 0.13349181413650513,
            "Empathic Pain": 0.15530553460121155,
            "Entrancement": 0.05682383477687836,
            "Envy": 0.03361019864678383,
            "Excitement": 0.08899018913507462,
            "Fear": 0.21023529767990112,
            "Guilt": 0.09415479004383087,
            "Horror": 0.1652953326702118,
            "Interest": 0.12305141985416412,
            "Joy": 0.06579761207103729,
            "Love": 0.04257267341017723,
            "Nostalgia": 0.03750919550657272,
            "Pain": 0.37076684832572937,
            "Pride": 0.0449015237390995,
            "Realization": 0.12999717891216278,
            "Relief": 0.041046176105737686,
            "Romance": 0.019405988976359367,
            "Sadness": 0.2943863570690155,
            "Satisfaction": 0.06660633534193039,
            "Shame": 0.09129881113767624,
            "Surprise (negative)": 0.16015098989009857,
            "Surprise (positive)": 0.07008955627679825,
            "Sympathy": 0.04430787265300751,
            "Tiredness": 0.19718125462532043,
            "Triumph": 0.043618664145469666
        },
        "prosody": {
            "Admiration": 0.004729085601866245,
            "Adoration": 0.0036804289557039738,
            "Aesthetic Appreciation": 0.0023419528733938932,
            "Amusement": 0.03888550028204918,
            "Anger": 0.2871173024177551,
            "Anxiety": 0.1108192726969719,
            "Awe": 0.010896485298871994,
            "Awkwardness": 0.07442759722471237,
            "Boredom": 0.013722089119255543,
            "Calmness": 0.02802547812461853,
            "Concentration": 0.0473591573536396,
            "Confusion": 0.1269875466823578,
            "Contemplation": 0.043612804263830185,
            "Contempt": 0.06344245374202728,
            "Contentment": 0.026363564655184746,
            "Craving": 0.007202641572803259,
            "Desire": 0.003938925452530384,
            "Determination": 0.2075853943824768,
            "Disappointment": 0.091492660343647,
            "Disgust": 0.03997620567679405,
            "Distress": 0.11944293975830078,
            "Doubt": 0.06924453377723694,
            "Ecstasy": 0.011734693311154842,
            "Embarrassment": 0.025896133854985237,
            "Empathic Pain": 0.002377957571297884,
            "Entrancement": 0.007186276838183403,
            "Envy": 0.008401172235608101,
            "Excitement": 0.06736237555742264,
            "Fear": 0.025723740458488464,
            "Guilt": 0.011205471120774746,
            "Horror": 0.012633461505174637,
            "Interest": 0.025824841111898422,
            "Joy": 0.01367534976452589,
            "Love": 0.005617872811853886,
            "Nostalgia": 0.008161058649420738,
            "Pain": 0.01032951008528471,
            "Pride": 0.06557310372591019,
            "Realization": 0.1153552383184433,
            "Relief": 0.028725869953632355,
            "Romance": 0.004461223259568214,
            "Sadness": 0.009500819258391857,
            "Satisfaction": 0.0381554551422596,
            "Shame": 0.019694900140166283,
            "Surprise (negative)": 0.06639930605888367,
            "Surprise (positive)": 0.03650423139333725,
            "Sympathy": 0.0034501387272030115,
            "Tiredness": 0.010965644381940365,
            "Triumph": 0.044679850339889526
        },
        "lang": {}
    }
}