{
    "metadata": {
        "dialogue_id": "74",
        "time_start": "00-00-12.513",
        "time_end": "00-00-14.555",
        "speaker": "Phoebe",
        "emotion": "anger",
        "sentiment": "negative",
        "file_name": "74_00-00-12.513_00-00-14.555_Phoebe_anger_negative"
    },
    "predicted": {
        "face": {
            "Admiration": 0.14439581334590912,
            "Adoration": 0.1972932368516922,
            "Aesthetic Appreciation": 0.07675302028656006,
            "Amusement": 0.26652589440345764,
            "Anger": 0.03627028316259384,
            "Anxiety": 0.19656412303447723,
            "Awe": 0.06465989351272583,
            "Awkwardness": 0.2128659188747406,
            "Boredom": 0.32720276713371277,
            "Calmness": 0.3572242856025696,
            "Concentration": 0.31205809116363525,
            "Confusion": 0.21846210956573486,
            "Contemplation": 0.21704095602035522,
            "Contempt": 0.0971781387925148,
            "Contentment": 0.1961657702922821,
            "Craving": 0.06726472079753876,
            "Desire": 0.11757383495569229,
            "Determination": 0.07771171629428864,
            "Disappointment": 0.34246158599853516,
            "Disgust": 0.058075226843357086,
            "Distress": 0.26371219754219055,
            "Doubt": 0.2068900316953659,
            "Ecstasy": 0.05605454742908478,
            "Embarrassment": 0.2591345012187958,
            "Empathic Pain": 0.105440154671669,
            "Entrancement": 0.11479958146810532,
            "Envy": 0.035009030252695084,
            "Excitement": 0.10854863375425339,
            "Fear": 0.08147721737623215,
            "Guilt": 0.16897457838058472,
            "Horror": 0.029156778007745743,
            "Interest": 0.2871551513671875,
            "Joy": 0.21919791400432587,
            "Love": 0.35315096378326416,
            "Nostalgia": 0.10669176280498505,
            "Pain": 0.1856294721364975,
            "Pride": 0.06757582724094391,
            "Realization": 0.16299942135810852,
            "Relief": 0.1164715588092804,
            "Romance": 0.17004543542861938,
            "Sadness": 0.3202265501022339,
            "Satisfaction": 0.22569428384304047,
            "Shame": 0.21239951252937317,
            "Surprise (negative)": 0.030316177755594254,
            "Surprise (positive)": 0.026706723496317863,
            "Sympathy": 0.08189776539802551,
            "Tiredness": 0.31526023149490356,
            "Triumph": 0.035035014152526855
        },
        "prosody": {
            "Admiration": 0.015135739929974079,
            "Adoration": 0.006122172344475985,
            "Aesthetic Appreciation": 0.0073516168631613255,
            "Amusement": 0.12518393993377686,
            "Anger": 0.12062397599220276,
            "Anxiety": 0.07208744436502457,
            "Awe": 0.008005470037460327,
            "Awkwardness": 0.07725205272436142,
            "Boredom": 0.011943500488996506,
            "Calmness": 0.016401806846261024,
            "Concentration": 0.03141940385103226,
            "Confusion": 0.16394206881523132,
            "Contemplation": 0.038777951151132584,
            "Contempt": 0.1968892216682434,
            "Contentment": 0.007637494243681431,
            "Craving": 0.003503422951325774,
            "Desire": 0.006190860643982887,
            "Determination": 0.08273012936115265,
            "Disappointment": 0.05934779718518257,
            "Disgust": 0.05860699713230133,
            "Distress": 0.0379769504070282,
            "Doubt": 0.15024331212043762,
            "Ecstasy": 0.007080938201397657,
            "Embarrassment": 0.03515849635004997,
            "Empathic Pain": 0.0036198936868458986,
            "Entrancement": 0.002670799847692251,
            "Envy": 0.041711848229169846,
            "Excitement": 0.06326279044151306,
            "Fear": 0.006642596330493689,
            "Guilt": 0.005377921275794506,
            "Horror": 0.005186574067920446,
            "Interest": 0.0997435674071312,
            "Joy": 0.017009997740387917,
            "Love": 0.004646960645914078,
            "Nostalgia": 0.0010994316544383764,
            "Pain": 0.0017832686426118016,
            "Pride": 0.029227886348962784,
            "Realization": 0.08979657292366028,
            "Relief": 0.010008851997554302,
            "Romance": 0.0025377636775374413,
            "Sadness": 0.005011985544115305,
            "Satisfaction": 0.012688816525042057,
            "Shame": 0.012996562756597996,
            "Surprise (negative)": 0.11186207085847855,
            "Surprise (positive)": 0.05169135332107544,
            "Sympathy": 0.009055930189788342,
            "Tiredness": 0.0019388069631531835,
            "Triumph": 0.013518871739506721
        },
        "lang": {
            "Admiration": 0.013340490427799523,
            "Adoration": 0.004849467152962461,
            "Aesthetic Appreciation": 0.005616567831020802,
            "Amusement": 0.03397547979839146,
            "Anger": 0.04142910294467583,
            "Annoyance": 0.15163633227348328,
            "Anxiety": 0.008319849311374129,
            "Awe": 0.0052924854680895805,
            "Awkwardness": 0.035306884720921514,
            "Boredom": 0.04622222115285694,
            "Calmness": 0.1836487425491214,
            "Concentration": 0.022850254364311696,
            "Confusion": 0.05887844897806645,
            "Contemplation": 0.026883167400956153,
            "Contempt": 0.046001242287456987,
            "Contentment": 0.03932558503001928,
            "Craving": 0.0005706697585992516,
            "Desire": 0.001318059119512327,
            "Determination": 0.03444432346150279,
            "Disappointment": 0.06043345551006496,
            "Disapproval": 0.14545992952771486,
            "Disgust": 0.007335855555720627,
            "Distress": 0.013948342285584659,
            "Doubt": 0.035348044335842134,
            "Ecstasy": 0.0015230281016556547,
            "Embarrassment": 0.005936746613588184,
            "Empathic Pain": 0.0036074268631637097,
            "Enthusiasm": 0.02785338945686817,
            "Entrancement": 0.0035608471604064106,
            "Envy": 0.0014724021952133627,
            "Excitement": 0.012945848726667463,
            "Fear": 0.005374736431986093,
            "Gratitude": 0.0036026975489221514,
            "Guilt": 0.0029118342557922007,
            "Horror": 0.0014748504356248305,
            "Interest": 0.06932392194867135,
            "Joy": 0.014655415597371758,
            "Love": 0.004102421039715409,
            "Nostalgia": 0.0011966907943133265,
            "Pain": 0.0016684773378074168,
            "Pride": 0.017342228442430496,
            "Realization": 0.1043845072388649,
            "Relief": 0.008319707494229079,
            "Romance": 0.001129710947861895,
            "Sadness": 0.007014263886958361,
            "Sarcasm": 0.026953181251883507,
            "Satisfaction": 0.03807381987571716,
            "Shame": 0.006566954136360437,
            "Surprise (negative)": 0.09683522004634142,
            "Surprise (positive)": 0.044928536750376225,
            "Sympathy": 0.008511878410354256,
            "Tiredness": 0.0058800871949642895,
            "Triumph": 0.020127896405756473
        }
    }
}