{
    "metadata": {
        "dialogue_id": "755",
        "time_start": "00-00-47.256",
        "time_end": "00-00-54.345",
        "speaker": "Leader",
        "emotion": "neutral",
        "sentiment": "neutral",
        "file_name": "755_00-00-47.256_00-00-54.345_Leader_neutral_neutral"
    },
    "predicted": {
        "face": {
            "Admiration": 0.27495476603507996,
            "Adoration": 0.316375195980072,
            "Aesthetic Appreciation": 0.11847434937953949,
            "Amusement": 0.7057765126228333,
            "Anger": 0.018383899703621864,
            "Anxiety": 0.055553559213876724,
            "Awe": 0.09079384803771973,
            "Awkwardness": 0.19973796606063843,
            "Boredom": 0.11639600992202759,
            "Calmness": 0.32429924607276917,
            "Concentration": 0.21138226985931396,
            "Confusion": 0.1158495545387268,
            "Contemplation": 0.11237750202417374,
            "Contempt": 0.07904212921857834,
            "Contentment": 0.3211962580680847,
            "Craving": 0.06643160432577133,
            "Desire": 0.09145487844944,
            "Determination": 0.07180637866258621,
            "Disappointment": 0.07887833565473557,
            "Disgust": 0.026285097002983093,
            "Distress": 0.05464326962828636,
            "Doubt": 0.10397186875343323,
            "Ecstasy": 0.11449971050024033,
            "Embarrassment": 0.09010277688503265,
            "Empathic Pain": 0.029620859771966934,
            "Entrancement": 0.11971224099397659,
            "Envy": 0.03526065871119499,
            "Excitement": 0.367933452129364,
            "Fear": 0.03369072824716568,
            "Guilt": 0.03192576393485069,
            "Horror": 0.017181111499667168,
            "Interest": 0.5450882315635681,
            "Joy": 0.6510220766067505,
            "Love": 0.5149228572845459,
            "Nostalgia": 0.08913513273000717,
            "Pain": 0.03363076597452164,
            "Pride": 0.14864878356456757,
            "Realization": 0.11849630624055862,
            "Relief": 0.10958275198936462,
            "Romance": 0.14216600358486176,
            "Sadness": 0.04572313278913498,
            "Satisfaction": 0.41564711928367615,
            "Shame": 0.03970758616924286,
            "Surprise (negative)": 0.020380960777401924,
            "Surprise (positive)": 0.040363989770412445,
            "Sympathy": 0.07757001370191574,
            "Tiredness": 0.06878253817558289,
            "Triumph": 0.08934187889099121
        },
        "prosody": {
            "Admiration": 0.13437403738498688,
            "Adoration": 0.059311091899871826,
            "Aesthetic Appreciation": 0.07469300925731659,
            "Amusement": 0.2654840648174286,
            "Anger": 0.007030485197901726,
            "Anxiety": 0.015146725811064243,
            "Awe": 0.01393118966370821,
            "Awkwardness": 0.3003771901130676,
            "Boredom": 0.02330162562429905,
            "Calmness": 0.061182767152786255,
            "Concentration": 0.01002459041774273,
            "Confusion": 0.017040209844708443,
            "Contemplation": 0.017511410638689995,
            "Contempt": 0.026752129197120667,
            "Contentment": 0.12987685203552246,
            "Craving": 0.023706987500190735,
            "Desire": 0.008508863858878613,
            "Determination": 0.016868725419044495,
            "Disappointment": 0.07399087399244308,
            "Disgust": 0.014381279237568378,
            "Distress": 0.022061847150325775,
            "Doubt": 0.04666533321142197,
            "Ecstasy": 0.026956772431731224,
            "Embarrassment": 0.09536637365818024,
            "Empathic Pain": 0.13075153529644012,
            "Entrancement": 0.007933514192700386,
            "Envy": 0.040761493146419525,
            "Excitement": 0.282166063785553,
            "Fear": 0.003677977481856942,
            "Guilt": 0.13537399470806122,
            "Horror": 0.007615210022777319,
            "Interest": 0.19113653898239136,
            "Joy": 0.1695588231086731,
            "Love": 0.021964112296700478,
            "Nostalgia": 0.009347748011350632,
            "Pain": 0.007479761727154255,
            "Pride": 0.07919378578662872,
            "Realization": 0.046905115246772766,
            "Relief": 0.1337062269449234,
            "Romance": 0.007704711984843016,
            "Sadness": 0.023792600259184837,
            "Satisfaction": 0.2420850247144699,
            "Shame": 0.039365172386169434,
            "Surprise (negative)": 0.012090804986655712,
            "Surprise (positive)": 0.04927732050418854,
            "Sympathy": 0.611221194267273,
            "Tiredness": 0.021511510014533997,
            "Triumph": 0.054619405418634415
        },
        "lang": {
            "Admiration": 0.03267969207705131,
            "Adoration": 0.01256896831494357,
            "Aesthetic Appreciation": 0.02297054836526513,
            "Amusement": 0.020972517651638815,
            "Anger": 0.001983960749514933,
            "Annoyance": 0.03023557411506772,
            "Anxiety": 0.024654913327789733,
            "Awe": 0.005350809045402067,
            "Awkwardness": 0.1438462393624442,
            "Boredom": 0.0644759541111333,
            "Calmness": 0.18683009488242014,
            "Concentration": 0.05593695278678622,
            "Confusion": 0.12878223348941123,
            "Contemplation": 0.10408237629703113,
            "Contempt": 0.021149666314678534,
            "Contentment": 0.05864223701480244,
            "Craving": 0.00167124776635319,
            "Desire": 0.0028083302064000498,
            "Determination": 0.02844909325774227,
            "Disappointment": 0.04035542346537113,
            "Disapproval": 0.04081476350048823,
            "Disgust": 0.003998671708229397,
            "Distress": 0.0342850908969662,
            "Doubt": 0.048959552576499324,
            "Ecstasy": 0.001533940076894526,
            "Embarrassment": 0.039446197117545774,
            "Empathic Pain": 0.1459941540046462,
            "Enthusiasm": 0.01695817308167794,
            "Entrancement": 0.01007176237180829,
            "Envy": 0.0015685819255720293,
            "Excitement": 0.0027268246464830425,
            "Fear": 0.0074246168535734925,
            "Gratitude": 0.029154141633106128,
            "Guilt": 0.04953145239103053,
            "Horror": 0.0018885314452096022,
            "Interest": 0.06835250742733479,
            "Joy": 0.01137282301871372,
            "Love": 0.01637343636580876,
            "Nostalgia": 0.009926502692646213,
            "Pain": 0.016519295384309123,
            "Pride": 0.015308108845991748,
            "Realization": 0.05283118837646076,
            "Relief": 0.016122741757759025,
            "Romance": 0.0045423604481454405,
            "Sadness": 0.08802194610637214,
            "Sarcasm": 0.032539618467645984,
            "Satisfaction": 0.04288490855001977,
            "Shame": 0.052320320425289016,
            "Surprise (negative)": 0.015972198120185306,
            "Surprise (positive)": 0.006796663610397705,
            "Sympathy": 0.21493968021656787,
            "Tiredness": 0.021599316969513893,
            "Triumph": 0.008746331457846932
        }
    }
}