{
    "metadata": {
        "dialogue_id": "759",
        "time_start": "00-00-34.576",
        "time_end": "00-00-35.993",
        "speaker": "Janice",
        "emotion": "anger",
        "sentiment": "negative",
        "text_content": "Who's party is it?",
        "file_name": "759_00-00-34.576_00-00-35.993_Janice_anger_negative"
    },
    "predicted": {
        "face": {
            "Admiration": 0.029845818877220154,
            "Adoration": 0.025826044380664825,
            "Aesthetic Appreciation": 0.02302057109773159,
            "Amusement": 0.05891420692205429,
            "Anger": 0.1165439710021019,
            "Anxiety": 0.3724694550037384,
            "Awe": 0.03591817244887352,
            "Awkwardness": 0.1664634346961975,
            "Boredom": 0.1717071235179901,
            "Calmness": 0.14671580493450165,
            "Concentration": 0.2774159908294678,
            "Confusion": 0.424957275390625,
            "Contemplation": 0.18629373610019684,
            "Contempt": 0.1046648696064949,
            "Contentment": 0.04740520566701889,
            "Craving": 0.024442169815301895,
            "Desire": 0.02767382562160492,
            "Determination": 0.08202151209115982,
            "Disappointment": 0.5233399271965027,
            "Disgust": 0.11023785173892975,
            "Distress": 0.5720330476760864,
            "Doubt": 0.2841760218143463,
            "Ecstasy": 0.020429061725735664,
            "Embarrassment": 0.2074517011642456,
            "Empathic Pain": 0.1378953903913498,
            "Entrancement": 0.05410176143050194,
            "Envy": 0.02118999883532524,
            "Excitement": 0.03237735480070114,
            "Fear": 0.11341523379087448,
            "Guilt": 0.20558656752109528,
            "Horror": 0.04641871154308319,
            "Interest": 0.10186029970645905,
            "Joy": 0.039946697652339935,
            "Love": 0.039814021438360214,
            "Nostalgia": 0.04207976534962654,
            "Pain": 0.31434550881385803,
            "Pride": 0.029826190322637558,
            "Realization": 0.16448692977428436,
            "Relief": 0.06676072627305984,
            "Romance": 0.022940607741475105,
            "Sadness": 0.3162349462509155,
            "Satisfaction": 0.0525222010910511,
            "Shame": 0.185904860496521,
            "Surprise (negative)": 0.047500841319561005,
            "Surprise (positive)": 0.01964823342859745,
            "Sympathy": 0.04509029537439346,
            "Tiredness": 0.3339904844760895,
            "Triumph": 0.016452357172966003
        },
        "prosody": {
            "Admiration": 0.033763039857149124,
            "Adoration": 0.01216215267777443,
            "Aesthetic Appreciation": 0.027147497981786728,
            "Amusement": 0.16387896239757538,
            "Anger": 0.04121249541640282,
            "Anxiety": 0.027682002633810043,
            "Awe": 0.02362959273159504,
            "Awkwardness": 0.037466783076524734,
            "Boredom": 0.041672635823488235,
            "Calmness": 0.09791062027215958,
            "Concentration": 0.05317683517932892,
            "Confusion": 0.16503764688968658,
            "Contemplation": 0.0916435495018959,
            "Contempt": 0.0932551845908165,
            "Contentment": 0.06462478637695312,
            "Craving": 0.0017861374653875828,
            "Desire": 0.0028561404906213284,
            "Determination": 0.04197390750050545,
            "Disappointment": 0.07323868572711945,
            "Disgust": 0.038363147526979446,
            "Distress": 0.031048955395817757,
            "Doubt": 0.07873332500457764,
            "Ecstasy": 0.014422830194234848,
            "Embarrassment": 0.016634291037917137,
            "Empathic Pain": 0.006824993994086981,
            "Entrancement": 0.008365965448319912,
            "Envy": 0.049338892102241516,
            "Excitement": 0.08476768434047699,
            "Fear": 0.009980946779251099,
            "Guilt": 0.009007307700812817,
            "Horror": 0.011058272793889046,
            "Interest": 0.17912894487380981,
            "Joy": 0.03794287145137787,
            "Love": 0.007547290064394474,
            "Nostalgia": 0.033195603638887405,
            "Pain": 0.004557269625365734,
            "Pride": 0.055197034031152725,
            "Realization": 0.20982812345027924,
            "Relief": 0.027057461440563202,
            "Romance": 0.004468121100217104,
            "Sadness": 0.01284419558942318,
            "Satisfaction": 0.06894931197166443,
            "Shame": 0.008314807899296284,
            "Surprise (negative)": 0.057856328785419464,
            "Surprise (positive)": 0.06746325641870499,
            "Sympathy": 0.01083253975957632,
            "Tiredness": 0.008036715909838676,
            "Triumph": 0.024476150050759315
        },
        "lang": {}
    }
}