{
    "metadata": {
        "dialogue_id": "760",
        "time_start": "00-00-00.000",
        "time_end": "00-00-03.294",
        "speaker": "Chandler",
        "emotion": "joy",
        "sentiment": "positive",
        "text_content": "Great story again! The yarns that you weave! Woo-hoo-hoo!",
        "file_name": "760_00-00-00.000_00-00-03.294_Chandler_joy_positive"
    },
    "predicted": {
        "face": {
            "Admiration": 0.1294548660516739,
            "Adoration": 0.1181858479976654,
            "Aesthetic Appreciation": 0.077105313539505,
            "Amusement": 0.22395256161689758,
            "Anger": 0.09794007241725922,
            "Anxiety": 0.15039074420928955,
            "Awe": 0.12813705205917358,
            "Awkwardness": 0.17797937989234924,
            "Boredom": 0.24857103824615479,
            "Calmness": 0.34414172172546387,
            "Concentration": 0.36643192172050476,
            "Confusion": 0.3202231526374817,
            "Contemplation": 0.2112628072500229,
            "Contempt": 0.15548591315746307,
            "Contentment": 0.16404427587985992,
            "Craving": 0.06312346458435059,
            "Desire": 0.08598489314317703,
            "Determination": 0.12172386795282364,
            "Disappointment": 0.26478928327560425,
            "Disgust": 0.11633305996656418,
            "Distress": 0.21733421087265015,
            "Doubt": 0.26322153210639954,
            "Ecstasy": 0.06987293809652328,
            "Embarrassment": 0.1019326001405716,
            "Empathic Pain": 0.10700122267007828,
            "Entrancement": 0.12802988290786743,
            "Envy": 0.0469994992017746,
            "Excitement": 0.13777939975261688,
            "Fear": 0.13020093739032745,
            "Guilt": 0.08655577898025513,
            "Horror": 0.07106394320726395,
            "Interest": 0.2964637875556946,
            "Joy": 0.18973462283611298,
            "Love": 0.16504639387130737,
            "Nostalgia": 0.08133120834827423,
            "Pain": 0.1974659413099289,
            "Pride": 0.09020662307739258,
            "Realization": 0.17311513423919678,
            "Relief": 0.10311975330114365,
            "Romance": 0.06510066986083984,
            "Sadness": 0.249953955411911,
            "Satisfaction": 0.20163992047309875,
            "Shame": 0.07756078988313675,
            "Surprise (negative)": 0.07465013861656189,
            "Surprise (positive)": 0.0671902596950531,
            "Sympathy": 0.0676623061299324,
            "Tiredness": 0.20219846069812775,
            "Triumph": 0.0599232092499733
        },
        "prosody": {
            "Admiration": 0.21136179566383362,
            "Adoration": 0.06420290470123291,
            "Aesthetic Appreciation": 0.06682515889406204,
            "Amusement": 0.17211219668388367,
            "Anger": 0.06892923265695572,
            "Anxiety": 0.003476789453998208,
            "Awe": 0.09454533457756042,
            "Awkwardness": 0.018154649063944817,
            "Boredom": 0.005550678353756666,
            "Calmness": 0.025420663878321648,
            "Concentration": 0.024398675188422203,
            "Confusion": 0.031365469098091125,
            "Contemplation": 0.04505698382854462,
            "Contempt": 0.11260564625263214,
            "Contentment": 0.0903441533446312,
            "Craving": 0.00623540673404932,
            "Desire": 0.003735082922503352,
            "Determination": 0.03749716654419899,
            "Disappointment": 0.0470273457467556,
            "Disgust": 0.040654249489307404,
            "Distress": 0.011855981312692165,
            "Doubt": 0.006528397090733051,
            "Ecstasy": 0.0502411350607872,
            "Embarrassment": 0.004034513141959906,
            "Empathic Pain": 0.007307824213057756,
            "Entrancement": 0.06387007236480713,
            "Envy": 0.025366540998220444,
            "Excitement": 0.17906908690929413,
            "Fear": 0.002299756510183215,
            "Guilt": 0.001412473968230188,
            "Horror": 0.007842892780900002,
            "Interest": 0.21629025042057037,
            "Joy": 0.206716850399971,
            "Love": 0.014076359570026398,
            "Nostalgia": 0.08290214091539383,
            "Pain": 0.001743280328810215,
            "Pride": 0.08178523182868958,
            "Realization": 0.045388832688331604,
            "Relief": 0.02102840319275856,
            "Romance": 0.012476878240704536,
            "Sadness": 0.008781389333307743,
            "Satisfaction": 0.246664360165596,
            "Shame": 0.0029665830079466105,
            "Surprise (negative)": 0.017458803951740265,
            "Surprise (positive)": 0.11342369019985199,
            "Sympathy": 0.017829181626439095,
            "Tiredness": 0.0016865245997905731,
            "Triumph": 0.09500390291213989
        },
        "lang": {}
    }
}