{
    "metadata": {
        "dialogue_id": "761",
        "time_start": "00-00-20.854",
        "time_end": "00-00-21.937",
        "speaker": "Phoebe",
        "emotion": "anger",
        "sentiment": "negative",
        "file_name": "761_00-00-20.854_00-00-21.937_Phoebe_anger_negative"
    },
    "predicted": {
        "face": {
            "Admiration": 0.13959045708179474,
            "Adoration": 0.15259401500225067,
            "Aesthetic Appreciation": 0.08144967257976532,
            "Amusement": 0.2981894314289093,
            "Anger": 0.05374446138739586,
            "Anxiety": 0.11493311822414398,
            "Awe": 0.07540509849786758,
            "Awkwardness": 0.210887610912323,
            "Boredom": 0.33281466364860535,
            "Calmness": 0.46433600783348083,
            "Concentration": 0.28894978761672974,
            "Confusion": 0.2367495894432068,
            "Contemplation": 0.16828054189682007,
            "Contempt": 0.1507730334997177,
            "Contentment": 0.2553355395793915,
            "Craving": 0.05350355803966522,
            "Desire": 0.08049715310335159,
            "Determination": 0.08892922848463058,
            "Disappointment": 0.28469815850257874,
            "Disgust": 0.07771895080804825,
            "Distress": 0.1676032394170761,
            "Doubt": 0.22092266380786896,
            "Ecstasy": 0.06801608204841614,
            "Embarrassment": 0.1279342770576477,
            "Empathic Pain": 0.08585158735513687,
            "Entrancement": 0.10967396199703217,
            "Envy": 0.04081132262945175,
            "Excitement": 0.1300864815711975,
            "Fear": 0.06485182791948318,
            "Guilt": 0.0806235820055008,
            "Horror": 0.030280904844403267,
            "Interest": 0.30118900537490845,
            "Joy": 0.2677161395549774,
            "Love": 0.2528176009654999,
            "Nostalgia": 0.09253787994384766,
            "Pain": 0.14107394218444824,
            "Pride": 0.1102825328707695,
            "Realization": 0.14296793937683105,
            "Relief": 0.14253434538841248,
            "Romance": 0.0854475349187851,
            "Sadness": 0.22059284150600433,
            "Satisfaction": 0.29275932908058167,
            "Shame": 0.09276850521564484,
            "Surprise (negative)": 0.03448708355426788,
            "Surprise (positive)": 0.03500660881400108,
            "Sympathy": 0.08000544458627701,
            "Tiredness": 0.2587433457374573,
            "Triumph": 0.05663905665278435
        },
        "prosody": {
            "Admiration": 0,
            "Adoration": 0,
            "Aesthetic Appreciation": 0,
            "Amusement": 0,
            "Anger": 0,
            "Annoyance": 0,
            "Anxiety": 0,
            "Awe": 0,
            "Awkwardness": 0,
            "Boredom": 0,
            "Calmness": 0,
            "Concentration": 0,
            "Confusion": 0,
            "Contemplation": 0,
            "Contempt": 0,
            "Contentment": 0,
            "Craving": 0,
            "Desire": 0,
            "Determination": 0,
            "Disappointment": 0,
            "Disapproval": 0,
            "Disgust": 0,
            "Distress": 0,
            "Doubt": 0,
            "Ecstasy": 0,
            "Embarrassment": 0,
            "Empathic Pain": 0,
            "Enthusiasm": 0,
            "Entrancement": 0,
            "Envy": 0,
            "Excitement": 0,
            "Fear": 0,
            "Gratitude": 0,
            "Guilt": 0,
            "Horror": 0,
            "Interest": 0,
            "Joy": 0,
            "Love": 0,
            "Nostalgia": 0,
            "Pain": 0,
            "Pride": 0,
            "Realization": 0,
            "Relief": 0,
            "Romance": 0,
            "Sadness": 0,
            "Sarcasm": 0,
            "Satisfaction": 0,
            "Shame": 0,
            "Surprise (negative)": 0,
            "Surprise (positive)": 0,
            "Sympathy": 0,
            "Tiredness": 0,
            "Triumph": 0
        },
        "lang": {
            "Admiration": 0.010105137364007533,
            "Adoration": 0.006632446536968928,
            "Aesthetic Appreciation": 0.005087404410005547,
            "Amusement": 0.03121990617364645,
            "Anger": 0.12273310456657782,
            "Annoyance": 0.33382598310709,
            "Anxiety": 0.02941076154820621,
            "Awe": 0.01269302396394778,
            "Awkwardness": 0.08096574107185006,
            "Boredom": 0.012985875480808318,
            "Calmness": 0.019140777556458488,
            "Concentration": 0.018328393838601187,
            "Confusion": 0.0425630162935704,
            "Contemplation": 0.014013158855959773,
            "Contempt": 0.08383468282409012,
            "Contentment": 0.026246106965118088,
            "Craving": 0.002587403512734454,
            "Desire": 0.0016635808206046931,
            "Determination": 0.051334225689060986,
            "Disappointment": 0.09300761495251209,
            "Disapproval": 0.21018622437259182,
            "Disgust": 0.04950076523527969,
            "Distress": 0.05519545220886357,
            "Doubt": 0.024800150655210018,
            "Ecstasy": 0.007484894053050084,
            "Embarrassment": 0.04895029525505379,
            "Empathic Pain": 0.006842750721261837,
            "Enthusiasm": 0.22601859585847706,
            "Entrancement": 0.005013638568925671,
            "Envy": 0.0030123628821456805,
            "Excitement": 0.1966401887475513,
            "Fear": 0.010585701311356388,
            "Gratitude": 0.017561887958436273,
            "Guilt": 0.01375622986961389,
            "Horror": 0.008546212811779696,
            "Interest": 0.08470141934230924,
            "Joy": 0.0507956509682117,
            "Love": 0.004373721720185131,
            "Nostalgia": 0.0009347989507659804,
            "Pain": 0.005063322121714009,
            "Pride": 0.010870339989196509,
            "Realization": 0.11626218445599079,
            "Relief": 0.027583334085647948,
            "Romance": 0.0013575534467236139,
            "Sadness": 0.008843679173878627,
            "Sarcasm": 0.05824301647953689,
            "Satisfaction": 0.057232392544392496,
            "Shame": 0.02886480191955343,
            "Surprise (negative)": 0.21468929876573384,
            "Surprise (positive)": 0.20609461853746325,
            "Sympathy": 0.007152708887588233,
            "Tiredness": 0.009079631243366748,
            "Triumph": 0.0321272560977377
        }
    }
}