{
    "metadata": {
        "dialogue_id": "763",
        "time_start": "00-00-23.649",
        "time_end": "00-00-25.291",
        "speaker": "Chandler",
        "emotion": "neutral",
        "sentiment": "neutral",
        "text_content": "Ohh.",
        "file_name": "763_00-00-23.649_00-00-25.291_Chandler_neutral_neutral"
    },
    "predicted": {
        "face": {
            "Admiration": 0.05118343234062195,
            "Adoration": 0.04289807379245758,
            "Aesthetic Appreciation": 0.04147005081176758,
            "Amusement": 0.06992234289646149,
            "Anger": 0.11403366923332214,
            "Anxiety": 0.20725877583026886,
            "Awe": 0.051184460520744324,
            "Awkwardness": 0.16553983092308044,
            "Boredom": 0.2919333875179291,
            "Calmness": 0.28777533769607544,
            "Concentration": 0.3730638325214386,
            "Confusion": 0.4907529950141907,
            "Contemplation": 0.2320879101753235,
            "Contempt": 0.18521977961063385,
            "Contentment": 0.08238612115383148,
            "Craving": 0.03795807808637619,
            "Desire": 0.045999910682439804,
            "Determination": 0.10408998280763626,
            "Disappointment": 0.3929385244846344,
            "Disgust": 0.15403534471988678,
            "Distress": 0.319812536239624,
            "Doubt": 0.37117692828178406,
            "Ecstasy": 0.023488763719797134,
            "Embarrassment": 0.11204927414655685,
            "Empathic Pain": 0.12656082212924957,
            "Entrancement": 0.08560538291931152,
            "Envy": 0.038191892206668854,
            "Excitement": 0.034893691539764404,
            "Fear": 0.09936845302581787,
            "Guilt": 0.11384480446577072,
            "Horror": 0.041819870471954346,
            "Interest": 0.16851750016212463,
            "Joy": 0.04819217324256897,
            "Love": 0.05679485946893692,
            "Nostalgia": 0.05977332219481468,
            "Pain": 0.24462959170341492,
            "Pride": 0.044802114367485046,
            "Realization": 0.14299315214157104,
            "Relief": 0.06301458179950714,
            "Romance": 0.030577223747968674,
            "Sadness": 0.32355329394340515,
            "Satisfaction": 0.08041395992040634,
            "Shame": 0.10326656699180603,
            "Surprise (negative)": 0.044805511832237244,
            "Surprise (positive)": 0.022258268669247627,
            "Sympathy": 0.05775357782840729,
            "Tiredness": 0.28930309414863586,
            "Triumph": 0.02089250087738037
        },
        "prosody": {
            "Admiration": 0.008266005665063858,
            "Adoration": 0.006386107765138149,
            "Aesthetic Appreciation": 0.007549702655524015,
            "Amusement": 0.053656306117773056,
            "Anger": 0.02109270915389061,
            "Anxiety": 0.07595621049404144,
            "Awe": 0.04196275398135185,
            "Awkwardness": 0.11646845191717148,
            "Boredom": 0.011517698876559734,
            "Calmness": 0.02585960179567337,
            "Concentration": 0.022440366446971893,
            "Confusion": 0.21491143107414246,
            "Contemplation": 0.028708690777420998,
            "Contempt": 0.015672052279114723,
            "Contentment": 0.026448220014572144,
            "Craving": 0.005528771318495274,
            "Desire": 0.01233991514891386,
            "Determination": 0.07160017639398575,
            "Disappointment": 0.020970415323972702,
            "Disgust": 0.022517124190926552,
            "Distress": 0.09020702540874481,
            "Doubt": 0.08953282237052917,
            "Ecstasy": 0.010327831842005253,
            "Embarrassment": 0.03339115157723427,
            "Empathic Pain": 0.006439981050789356,
            "Entrancement": 0.013135424815118313,
            "Envy": 0.004669465124607086,
            "Excitement": 0.06011132150888443,
            "Fear": 0.05408831685781479,
            "Guilt": 0.013204525224864483,
            "Horror": 0.02128269337117672,
            "Interest": 0.04647383838891983,
            "Joy": 0.017554476857185364,
            "Love": 0.0055459546856582165,
            "Nostalgia": 0.011046957224607468,
            "Pain": 0.016862520948052406,
            "Pride": 0.017953848466277122,
            "Realization": 0.08949630707502365,
            "Relief": 0.014305614866316319,
            "Romance": 0.006871450692415237,
            "Sadness": 0.0133500462397933,
            "Satisfaction": 0.017705226317048073,
            "Shame": 0.02098814584314823,
            "Surprise (negative)": 0.07488589733839035,
            "Surprise (positive)": 0.08349189907312393,
            "Sympathy": 0.004813052713871002,
            "Tiredness": 0.012703155167400837,
            "Triumph": 0.01379153598099947
        },
        "lang": {}
    }
}