{
    "metadata": {
        "dialogue_id": "763",
        "time_start": "00-00-20.938",
        "time_end": "00-00-21.540",
        "speaker": "Chandler",
        "emotion": "surprise",
        "sentiment": "positive",
        "text_content": "Really?",
        "file_name": "763_00-00-20.938_00-00-21.540_Chandler_surprise_positive"
    },
    "predicted": {
        "face": {
            "Admiration": 0.12400812655687332,
            "Adoration": 0.07655523717403412,
            "Aesthetic Appreciation": 0.07501661032438278,
            "Amusement": 0.14019012451171875,
            "Anger": 0.14324700832366943,
            "Anxiety": 0.14668366312980652,
            "Awe": 0.16292129456996918,
            "Awkwardness": 0.19691644608974457,
            "Boredom": 0.23730692267417908,
            "Calmness": 0.31797587871551514,
            "Concentration": 0.4747030735015869,
            "Confusion": 0.4607217609882355,
            "Contemplation": 0.2267126739025116,
            "Contempt": 0.20788104832172394,
            "Contentment": 0.09850600361824036,
            "Craving": 0.06592704355716705,
            "Desire": 0.05990391597151756,
            "Determination": 0.18472245335578918,
            "Disappointment": 0.2603042721748352,
            "Disgust": 0.11422272771596909,
            "Distress": 0.16516266763210297,
            "Doubt": 0.3669528663158417,
            "Ecstasy": 0.034374043345451355,
            "Embarrassment": 0.09079395234584808,
            "Empathic Pain": 0.06763681024312973,
            "Entrancement": 0.1481979787349701,
            "Envy": 0.06452873349189758,
            "Excitement": 0.08852362632751465,
            "Fear": 0.1086277887225151,
            "Guilt": 0.06749492883682251,
            "Horror": 0.060445886105298996,
            "Interest": 0.3571542501449585,
            "Joy": 0.07810331135988235,
            "Love": 0.07893943786621094,
            "Nostalgia": 0.05908995866775513,
            "Pain": 0.07779276371002197,
            "Pride": 0.07657817751169205,
            "Realization": 0.20713739097118378,
            "Relief": 0.061896152794361115,
            "Romance": 0.04176522046327591,
            "Sadness": 0.1242889016866684,
            "Satisfaction": 0.09607721865177155,
            "Shame": 0.05615731328725815,
            "Surprise (negative)": 0.09554228186607361,
            "Surprise (positive)": 0.09445961564779282,
            "Sympathy": 0.05217286944389343,
            "Tiredness": 0.14696472883224487,
            "Triumph": 0.04325639083981514
        },
        "prosody": {
            "Admiration": 0.0208286102861166,
            "Adoration": 0.012732281349599361,
            "Aesthetic Appreciation": 0.018407896161079407,
            "Amusement": 0.15747928619384766,
            "Anger": 0.000978641677647829,
            "Anxiety": 0.03272155672311783,
            "Awe": 0.16194294393062592,
            "Awkwardness": 0.07619310170412064,
            "Boredom": 0.025170600041747093,
            "Calmness": 0.030816908925771713,
            "Concentration": 0.0047551412135362625,
            "Confusion": 0.3346549868583679,
            "Contemplation": 0.2147015929222107,
            "Contempt": 0.0051880162209272385,
            "Contentment": 0.06096535921096802,
            "Craving": 0.018230991438031197,
            "Desire": 0.009247050620615482,
            "Determination": 0.004274159669876099,
            "Disappointment": 0.056976642459630966,
            "Disgust": 0.006027563475072384,
            "Distress": 0.040552884340286255,
            "Doubt": 0.3959030508995056,
            "Ecstasy": 0.013722035102546215,
            "Embarrassment": 0.04362567141652107,
            "Empathic Pain": 0.012707680463790894,
            "Entrancement": 0.017197806388139725,
            "Envy": 0.013175716623663902,
            "Excitement": 0.030995158478617668,
            "Fear": 0.004799935035407543,
            "Guilt": 0.01820605807006359,
            "Horror": 0.004935403820127249,
            "Interest": 0.1969131976366043,
            "Joy": 0.017334066331386566,
            "Love": 0.010202196426689625,
            "Nostalgia": 0.008946947753429413,
            "Pain": 0.007065489888191223,
            "Pride": 0.007926267571747303,
            "Realization": 0.5164636373519897,
            "Relief": 0.18682271242141724,
            "Romance": 0.01196097582578659,
            "Sadness": 0.014220249839127064,
            "Satisfaction": 0.04519197344779968,
            "Shame": 0.03595517948269844,
            "Surprise (negative)": 0.18500466644763947,
            "Surprise (positive)": 0.7394824624061584,
            "Sympathy": 0.0414530374109745,
            "Tiredness": 0.02822815626859665,
            "Triumph": 0.014508429914712906
        },
        "lang": {}
    }
}