{
    "metadata": {
        "dialogue_id": "767",
        "time_start": "00-00-22.189",
        "time_end": "00-00-23.398",
        "speaker": "Rachel",
        "emotion": "joy",
        "sentiment": "positive",
        "text_content": "What uh-oh?",
        "file_name": "767_00-00-22.189_00-00-23.398_Rachel_joy_positive"
    },
    "predicted": {
        "face": {
            "Admiration": 0.03353354334831238,
            "Adoration": 0.033528875559568405,
            "Aesthetic Appreciation": 0.02937164157629013,
            "Amusement": 0.05004417523741722,
            "Anger": 0.04621320962905884,
            "Anxiety": 0.3363364338874817,
            "Awe": 0.03215299919247627,
            "Awkwardness": 0.14408312737941742,
            "Boredom": 0.32312870025634766,
            "Calmness": 0.2756960391998291,
            "Concentration": 0.3954237699508667,
            "Confusion": 0.3217865228652954,
            "Contemplation": 0.2759133577346802,
            "Contempt": 0.07657454162836075,
            "Contentment": 0.063740074634552,
            "Craving": 0.030534474179148674,
            "Desire": 0.038639284670352936,
            "Determination": 0.07287634909152985,
            "Disappointment": 0.5441678166389465,
            "Disgust": 0.05624019354581833,
            "Distress": 0.5046259164810181,
            "Doubt": 0.26939070224761963,
            "Ecstasy": 0.017698217183351517,
            "Embarrassment": 0.21955913305282593,
            "Empathic Pain": 0.14421743154525757,
            "Entrancement": 0.07609152793884277,
            "Envy": 0.01968863606452942,
            "Excitement": 0.022011034190654755,
            "Fear": 0.09142746031284332,
            "Guilt": 0.27418971061706543,
            "Horror": 0.028587527573108673,
            "Interest": 0.11799361556768417,
            "Joy": 0.03202121704816818,
            "Love": 0.05398949235677719,
            "Nostalgia": 0.06340189278125763,
            "Pain": 0.2903348207473755,
            "Pride": 0.023875411599874496,
            "Realization": 0.16646011173725128,
            "Relief": 0.07518068701028824,
            "Romance": 0.03678921237587929,
            "Sadness": 0.4748254418373108,
            "Satisfaction": 0.060523636639118195,
            "Shame": 0.2640877664089203,
            "Surprise (negative)": 0.03028438240289688,
            "Surprise (positive)": 0.014238697476685047,
            "Sympathy": 0.061892248690128326,
            "Tiredness": 0.5632915496826172,
            "Triumph": 0.010162848979234695
        },
        "prosody": {
            "Admiration": 0,
            "Adoration": 0,
            "Aesthetic Appreciation": 0,
            "Amusement": 0,
            "Anger": 0,
            "Annoyance": 0,
            "Anxiety": 0,
            "Awe": 0,
            "Awkwardness": 0,
            "Boredom": 0,
            "Calmness": 0,
            "Concentration": 0,
            "Confusion": 0,
            "Contemplation": 0,
            "Contempt": 0,
            "Contentment": 0,
            "Craving": 0,
            "Desire": 0,
            "Determination": 0,
            "Disappointment": 0,
            "Disapproval": 0,
            "Disgust": 0,
            "Distress": 0,
            "Doubt": 0,
            "Ecstasy": 0,
            "Embarrassment": 0,
            "Empathic Pain": 0,
            "Enthusiasm": 0,
            "Entrancement": 0,
            "Envy": 0,
            "Excitement": 0,
            "Fear": 0,
            "Gratitude": 0,
            "Guilt": 0,
            "Horror": 0,
            "Interest": 0,
            "Joy": 0,
            "Love": 0,
            "Nostalgia": 0,
            "Pain": 0,
            "Pride": 0,
            "Realization": 0,
            "Relief": 0,
            "Romance": 0,
            "Sadness": 0,
            "Sarcasm": 0,
            "Satisfaction": 0,
            "Shame": 0,
            "Surprise (negative)": 0,
            "Surprise (positive)": 0,
            "Sympathy": 0,
            "Tiredness": 0,
            "Triumph": 0
        },
        "lang": {}
    }
}