{
    "metadata": {
        "dialogue_id": "768",
        "time_start": "00-00-24.149",
        "time_end": "00-00-28.653",
        "speaker": "Monica",
        "emotion": "joy",
        "sentiment": "positive",
        "file_name": "768_00-00-24.149_00-00-28.653_Monica_joy_positive"
    },
    "predicted": {
        "face": {
            "Admiration": 0.061631426215171814,
            "Adoration": 0.0482674278318882,
            "Aesthetic Appreciation": 0.04939913749694824,
            "Amusement": 0.09910643100738525,
            "Anger": 0.10731342434883118,
            "Anxiety": 0.182814821600914,
            "Awe": 0.05050983279943466,
            "Awkwardness": 0.23580209910869598,
            "Boredom": 0.4121507406234741,
            "Calmness": 0.3642631471157074,
            "Concentration": 0.44435492157936096,
            "Confusion": 0.5128026008605957,
            "Contemplation": 0.23283882439136505,
            "Contempt": 0.22965805232524872,
            "Contentment": 0.10283507406711578,
            "Craving": 0.040593042969703674,
            "Desire": 0.03750183433294296,
            "Determination": 0.11529750376939774,
            "Disappointment": 0.44372615218162537,
            "Disgust": 0.17542089521884918,
            "Distress": 0.26195138692855835,
            "Doubt": 0.43069007992744446,
            "Ecstasy": 0.019740071147680283,
            "Embarrassment": 0.13469459116458893,
            "Empathic Pain": 0.12043598294258118,
            "Entrancement": 0.08911296725273132,
            "Envy": 0.050411444157361984,
            "Excitement": 0.038067590445280075,
            "Fear": 0.076358862221241,
            "Guilt": 0.11564284563064575,
            "Horror": 0.032844506204128265,
            "Interest": 0.23349805176258087,
            "Joy": 0.06088310107588768,
            "Love": 0.06163468211889267,
            "Nostalgia": 0.062352970242500305,
            "Pain": 0.1757434755563736,
            "Pride": 0.05473465099930763,
            "Realization": 0.13901500403881073,
            "Relief": 0.05386071279644966,
            "Romance": 0.030545301735401154,
            "Sadness": 0.3276260495185852,
            "Satisfaction": 0.08279526978731155,
            "Shame": 0.11965891718864441,
            "Surprise (negative)": 0.04335055127739906,
            "Surprise (positive)": 0.024561792612075806,
            "Sympathy": 0.07985377311706543,
            "Tiredness": 0.2693709135055542,
            "Triumph": 0.020754128694534302
        },
        "prosody": {
            "Admiration": 0.051574841141700745,
            "Adoration": 0.025903984904289246,
            "Aesthetic Appreciation": 0.021395908668637276,
            "Amusement": 0.631426215171814,
            "Anger": 0.2596457600593567,
            "Anxiety": 0.11381737142801285,
            "Awe": 0.06402194499969482,
            "Awkwardness": 0.11284244805574417,
            "Boredom": 0.0012422081781551242,
            "Calmness": 0.0047812857665121555,
            "Concentration": 0.009163789451122284,
            "Confusion": 0.07335011661052704,
            "Contemplation": 0.021426718682050705,
            "Contempt": 0.10765393823385239,
            "Contentment": 0.021220620721578598,
            "Craving": 0.008540152572095394,
            "Desire": 0.015588056296110153,
            "Determination": 0.04021274670958519,
            "Disappointment": 0.05433265492320061,
            "Disgust": 0.04712666943669319,
            "Distress": 0.1733110547065735,
            "Doubt": 0.015661675482988358,
            "Ecstasy": 0.12197478860616684,
            "Embarrassment": 0.07483851164579391,
            "Empathic Pain": 0.014972083270549774,
            "Entrancement": 0.022501042112708092,
            "Envy": 0.03183276951313019,
            "Excitement": 0.5589632987976074,
            "Fear": 0.047604501247406006,
            "Guilt": 0.017544765025377274,
            "Horror": 0.0254809632897377,
            "Interest": 0.2650317847728729,
            "Joy": 0.11483027786016464,
            "Love": 0.006288792006671429,
            "Nostalgia": 0.013406982645392418,
            "Pain": 0.00845034047961235,
            "Pride": 0.027511663734912872,
            "Realization": 0.09835592657327652,
            "Relief": 0.015091981738805771,
            "Romance": 0.005506107583642006,
            "Sadness": 0.007319049444049597,
            "Satisfaction": 0.10083220154047012,
            "Shame": 0.014848059043288231,
            "Surprise (negative)": 0.09036388993263245,
            "Surprise (positive)": 0.25997886061668396,
            "Sympathy": 0.019258208572864532,
            "Tiredness": 0.0020283302292227745,
            "Triumph": 0.04983300715684891
        },
        "lang": {
            "Admiration": 0.012849972046052035,
            "Adoration": 0.009223663973478744,
            "Aesthetic Appreciation": 0.02504065575507971,
            "Amusement": 0.23888064691653618,
            "Anger": 0.005997636077853923,
            "Annoyance": 0.09940776185920605,
            "Anxiety": 0.06909960241934571,
            "Awe": 0.013543013662386399,
            "Awkwardness": 0.06883863936393307,
            "Boredom": 0.03078249954761794,
            "Calmness": 0.04429566602294262,
            "Concentration": 0.015546003087925224,
            "Confusion": 0.05733132005955737,
            "Contemplation": 0.05658983281598641,
            "Contempt": 0.018916467347970374,
            "Contentment": 0.06903259857342793,
            "Craving": 0.015203312693092112,
            "Desire": 0.01136872592794064,
            "Determination": 0.017364373752990596,
            "Disappointment": 0.06827451881522742,
            "Disapproval": 0.018743397775464334,
            "Disgust": 0.011248651085994564,
            "Distress": 0.06838194879058462,
            "Doubt": 0.021559949901599724,
            "Ecstasy": 0.03757732196782644,
            "Embarrassment": 0.0281263581262185,
            "Empathic Pain": 0.01223169753435426,
            "Enthusiasm": 0.20845270060146084,
            "Entrancement": 0.013489555854063768,
            "Envy": 0.009705221249113003,
            "Excitement": 0.1937716118633174,
            "Fear": 0.03957015683856578,
            "Gratitude": 0.0335765728691163,
            "Guilt": 0.005452228582446248,
            "Horror": 0.008667213143780828,
            "Interest": 0.06785512815874356,
            "Joy": 0.23395870479110342,
            "Love": 0.011561828257981688,
            "Nostalgia": 0.03118323415177516,
            "Pain": 0.05038906641913435,
            "Pride": 0.009804301787740909,
            "Realization": 0.07367946107227069,
            "Relief": 0.040261006340957604,
            "Romance": 0.004544113350745577,
            "Sadness": 0.02243114473262372,
            "Sarcasm": 0.14945039045638764,
            "Satisfaction": 0.1081471574994234,
            "Shame": 0.008993502095108852,
            "Surprise (negative)": 0.05465709534473717,
            "Surprise (positive)": 0.09875934714308152,
            "Sympathy": 0.006340901053940447,
            "Tiredness": 0.02108246952187843,
            "Triumph": 0.02257335762708233
        }
    }
}