{
    "metadata": {
        "dialogue_id": "76",
        "time_start": "00-00-03.837",
        "time_end": "00-00-09.800",
        "speaker": "Ross",
        "emotion": "neutral",
        "sentiment": "neutral",
        "file_name": "76_00-00-03.837_00-00-09.800_Ross_neutral_neutral"
    },
    "predicted": {
        "face": {
            "Admiration": 0.2348206341266632,
            "Adoration": 0.36358195543289185,
            "Aesthetic Appreciation": 0.10131169110536575,
            "Amusement": 0.5550541281700134,
            "Anger": 0.017025163397192955,
            "Anxiety": 0.07944575697183609,
            "Awe": 0.0826466754078865,
            "Awkwardness": 0.1927535980939865,
            "Boredom": 0.14511263370513916,
            "Calmness": 0.33039823174476624,
            "Concentration": 0.1854783296585083,
            "Confusion": 0.10597061365842819,
            "Contemplation": 0.11385954171419144,
            "Contempt": 0.06841310858726501,
            "Contentment": 0.29749545454978943,
            "Craving": 0.06769200414419174,
            "Desire": 0.12964823842048645,
            "Determination": 0.05270477756857872,
            "Disappointment": 0.1337229311466217,
            "Disgust": 0.031156843528151512,
            "Distress": 0.09480313211679459,
            "Doubt": 0.09611465781927109,
            "Ecstasy": 0.11368666589260101,
            "Embarrassment": 0.18849922716617584,
            "Empathic Pain": 0.04973820596933365,
            "Entrancement": 0.1215735524892807,
            "Envy": 0.03072286769747734,
            "Excitement": 0.25976747274398804,
            "Fear": 0.04162406548857689,
            "Guilt": 0.06981225311756134,
            "Horror": 0.0185649786144495,
            "Interest": 0.3727250099182129,
            "Joy": 0.5380062460899353,
            "Love": 0.7115076780319214,
            "Nostalgia": 0.11032470315694809,
            "Pain": 0.07652037590742111,
            "Pride": 0.09908697754144669,
            "Realization": 0.13090358674526215,
            "Relief": 0.143125519156456,
            "Romance": 0.2511143386363983,
            "Sadness": 0.10685248672962189,
            "Satisfaction": 0.39700278639793396,
            "Shame": 0.10561651736497879,
            "Surprise (negative)": 0.01957698166370392,
            "Surprise (positive)": 0.03129347786307335,
            "Sympathy": 0.07411498576402664,
            "Tiredness": 0.14152655005455017,
            "Triumph": 0.05957011133432388
        },
        "prosody": {
            "Admiration": 0.045108180958777666,
            "Adoration": 0.036291782977059484,
            "Aesthetic Appreciation": 0.04620232526212931,
            "Amusement": 0.43114159256219864,
            "Anger": 0.030254293233156204,
            "Anxiety": 0.050508213229477406,
            "Awe": 0.04662731569260359,
            "Awkwardness": 0.10931463539600372,
            "Boredom": 0.026236695237457752,
            "Calmness": 0.01980360597372055,
            "Concentration": 0.019988412968814373,
            "Confusion": 0.061933526769280434,
            "Contemplation": 0.025985832326114178,
            "Contempt": 0.03486422169953585,
            "Contentment": 0.02923197951167822,
            "Craving": 0.004414366791024804,
            "Desire": 0.007015939336270094,
            "Determination": 0.011044484796002507,
            "Disappointment": 0.0762829789891839,
            "Disgust": 0.03739943262189627,
            "Distress": 0.07847473863512278,
            "Doubt": 0.041630073450505733,
            "Ecstasy": 0.029691806063055992,
            "Embarrassment": 0.07737090904265642,
            "Empathic Pain": 0.019767869380302727,
            "Entrancement": 0.013806041330099106,
            "Envy": 0.012149334885179996,
            "Excitement": 0.1773950383067131,
            "Fear": 0.031633697682991624,
            "Guilt": 0.02193679241463542,
            "Horror": 0.019767584977671504,
            "Interest": 0.21066380571573973,
            "Joy": 0.11080352868884802,
            "Love": 0.019120940938591957,
            "Nostalgia": 0.04300210252404213,
            "Pain": 0.024388674122747034,
            "Pride": 0.031565796583890915,
            "Realization": 0.06926466897130013,
            "Relief": 0.02808626275509596,
            "Romance": 0.015200610272586346,
            "Sadness": 0.02422741148620844,
            "Satisfaction": 0.05651194090023637,
            "Shame": 0.027650873991660774,
            "Surprise (negative)": 0.06265199929475784,
            "Surprise (positive)": 0.2629440762102604,
            "Sympathy": 0.014452432515099645,
            "Tiredness": 0.020975629333406687,
            "Triumph": 0.027909439988434315
        },
        "lang": {
            "Admiration": 0.004817529472832879,
            "Adoration": 0.0013111843591711173,
            "Aesthetic Appreciation": 0.0038840139207119745,
            "Amusement": 0.021725332892189423,
            "Anger": 0.054042703658342364,
            "Annoyance": 0.30681162774562837,
            "Anxiety": 0.03507252105822166,
            "Awe": 0.004304282312902311,
            "Awkwardness": 0.06099113080029686,
            "Boredom": 0.023472197198619444,
            "Calmness": 0.06405499943842491,
            "Concentration": 0.1830211689074834,
            "Confusion": 0.11155903960267703,
            "Contemplation": 0.1895869677265485,
            "Contempt": 0.15692809025446575,
            "Contentment": 0.006032815994694829,
            "Craving": 0.0016575722450700898,
            "Desire": 0.0008808719498726229,
            "Determination": 0.16599911637604237,
            "Disappointment": 0.04752060168733199,
            "Disapproval": 0.23589152072866756,
            "Disgust": 0.03273700509841244,
            "Distress": 0.0289974973226587,
            "Doubt": 0.11090517006814479,
            "Ecstasy": 0.00034922965763447184,
            "Embarrassment": 0.01475387286239614,
            "Empathic Pain": 0.00776794902049005,
            "Enthusiasm": 0.03388700435558955,
            "Entrancement": 0.006779698220392068,
            "Envy": 0.003248875952946643,
            "Excitement": 0.009542950863639514,
            "Fear": 0.01761372359469533,
            "Gratitude": 0.0030587250366806984,
            "Guilt": 0.003879848541691899,
            "Horror": 0.004202174946355323,
            "Interest": 0.1402255324025949,
            "Joy": 0.0013105354291231682,
            "Love": 0.0006158270873129368,
            "Nostalgia": 0.003989909154673417,
            "Pain": 0.0033594118198379875,
            "Pride": 0.00746062487984697,
            "Realization": 0.10301544566949208,
            "Relief": 0.0023476868984289466,
            "Romance": 0.00048199280863627794,
            "Sadness": 0.004889528593048453,
            "Sarcasm": 0.11017606146633625,
            "Satisfaction": 0.009304621008535225,
            "Shame": 0.011735799365366499,
            "Surprise (negative)": 0.0446828690978388,
            "Surprise (positive)": 0.01006955187379693,
            "Sympathy": 0.006884641852229834,
            "Tiredness": 0.010606896908332905,
            "Triumph": 0.008116106161226828
        }
    }
}