{
    "metadata": {
        "dialogue_id": "774",
        "time_start": "00-00-08.425",
        "time_end": "00-00-10.885",
        "speaker": "Rachel",
        "emotion": "fear",
        "sentiment": "negative",
        "text_content": "Mom, c'mon, stop worrying.",
        "file_name": "774_00-00-08.425_00-00-10.885_Rachel_fear_negative"
    },
    "predicted": {
        "face": {
            "Admiration": 0.05286012217402458,
            "Adoration": 0.05895879864692688,
            "Aesthetic Appreciation": 0.038935787975788116,
            "Amusement": 0.14389286935329437,
            "Anger": 0.04629480093717575,
            "Anxiety": 0.18542414903640747,
            "Awe": 0.07662193477153778,
            "Awkwardness": 0.15985551476478577,
            "Boredom": 0.1865316927433014,
            "Calmness": 0.18263857066631317,
            "Concentration": 0.15649107098579407,
            "Confusion": 0.2829791009426117,
            "Contemplation": 0.10213518887758255,
            "Contempt": 0.08385178446769714,
            "Contentment": 0.09055603295564651,
            "Craving": 0.06415975093841553,
            "Desire": 0.15443162620067596,
            "Determination": 0.04751403257250786,
            "Disappointment": 0.255599707365036,
            "Disgust": 0.11163836717605591,
            "Distress": 0.36366742849349976,
            "Doubt": 0.16548259556293488,
            "Ecstasy": 0.0899520069360733,
            "Embarrassment": 0.11548452824354172,
            "Empathic Pain": 0.1696172058582306,
            "Entrancement": 0.08516629040241241,
            "Envy": 0.021516524255275726,
            "Excitement": 0.09380489587783813,
            "Fear": 0.1953413188457489,
            "Guilt": 0.10285015404224396,
            "Horror": 0.09853363037109375,
            "Interest": 0.13689664006233215,
            "Joy": 0.11232505738735199,
            "Love": 0.10219321399927139,
            "Nostalgia": 0.0678647980093956,
            "Pain": 0.5382347106933594,
            "Pride": 0.036108292639255524,
            "Realization": 0.1321921944618225,
            "Relief": 0.10642731189727783,
            "Romance": 0.05461807921528816,
            "Sadness": 0.48214834928512573,
            "Satisfaction": 0.1674463003873825,
            "Shame": 0.09282034635543823,
            "Surprise (negative)": 0.06714802980422974,
            "Surprise (positive)": 0.032705262303352356,
            "Sympathy": 0.05426716431975365,
            "Tiredness": 0.3014681935310364,
            "Triumph": 0.033950578421354294
        },
        "prosody": {
            "Admiration": 0.006388120353221893,
            "Adoration": 0.011376776732504368,
            "Aesthetic Appreciation": 0.001035233261063695,
            "Amusement": 0.01364851277321577,
            "Anger": 0.02793966419994831,
            "Anxiety": 0.591614305973053,
            "Awe": 0.0019942871294915676,
            "Awkwardness": 0.1634667068719864,
            "Boredom": 0.009784138761460781,
            "Calmness": 0.0045153298415243626,
            "Concentration": 0.0023159945849329233,
            "Confusion": 0.031803350895643234,
            "Contemplation": 0.005022749770432711,
            "Contempt": 0.004740078933537006,
            "Contentment": 0.0012362832203507423,
            "Craving": 0.07677045464515686,
            "Desire": 0.007362650707364082,
            "Determination": 0.025467524304986,
            "Disappointment": 0.1559533029794693,
            "Disgust": 0.010584687814116478,
            "Distress": 0.5172833204269409,
            "Doubt": 0.019509976729750633,
            "Ecstasy": 0.006121532991528511,
            "Embarrassment": 0.08910106867551804,
            "Empathic Pain": 0.2677185833454132,
            "Entrancement": 0.002847809810191393,
            "Envy": 0.006008445750921965,
            "Excitement": 0.056706808507442474,
            "Fear": 0.17527788877487183,
            "Guilt": 0.03690185025334358,
            "Horror": 0.025273144245147705,
            "Interest": 0.036407992243766785,
            "Joy": 0.010574053972959518,
            "Love": 0.02694004215300083,
            "Nostalgia": 0.005004917271435261,
            "Pain": 0.1027597039937973,
            "Pride": 0.0012309761950746179,
            "Realization": 0.0097997160628438,
            "Relief": 0.003926683682948351,
            "Romance": 0.005170563701540232,
            "Sadness": 0.15190920233726501,
            "Satisfaction": 0.0010318498825654387,
            "Shame": 0.05666287988424301,
            "Surprise (negative)": 0.0314379446208477,
            "Surprise (positive)": 0.007102704606950283,
            "Sympathy": 0.5727583169937134,
            "Tiredness": 0.04444682598114014,
            "Triumph": 0.0015597649617120624
        },
        "lang": {}
    }
}