{
    "metadata": {
        "dialogue_id": "775",
        "time_start": "00-00-20.979",
        "time_end": "00-00-23.898",
        "speaker": "Monica",
        "emotion": "surprise",
        "sentiment": "negative",
        "file_name": "775_00-00-20.979_00-00-23.898_Monica_surprise_negative"
    },
    "predicted": {
        "face": {
            "Admiration": 0.1616339385509491,
            "Adoration": 0.14475387334823608,
            "Aesthetic Appreciation": 0.0991879403591156,
            "Amusement": 0.1843859851360321,
            "Anger": 0.06046488508582115,
            "Anxiety": 0.13066141307353973,
            "Awe": 0.07707015424966812,
            "Awkwardness": 0.19587798416614532,
            "Boredom": 0.362430214881897,
            "Calmness": 0.4725486934185028,
            "Concentration": 0.49728503823280334,
            "Confusion": 0.3123966157436371,
            "Contemplation": 0.3291822075843811,
            "Contempt": 0.19115832448005676,
            "Contentment": 0.1823204904794693,
            "Craving": 0.09314095973968506,
            "Desire": 0.10556796193122864,
            "Determination": 0.15330708026885986,
            "Disappointment": 0.2763942778110504,
            "Disgust": 0.07188107818365097,
            "Distress": 0.15095965564250946,
            "Doubt": 0.33440694212913513,
            "Ecstasy": 0.035872094333171844,
            "Embarrassment": 0.09680728614330292,
            "Empathic Pain": 0.07318621873855591,
            "Entrancement": 0.14294880628585815,
            "Envy": 0.059626273810863495,
            "Excitement": 0.07455449551343918,
            "Fear": 0.06993561238050461,
            "Guilt": 0.08277923613786697,
            "Horror": 0.024011101573705673,
            "Interest": 0.3972657024860382,
            "Joy": 0.12641237676143646,
            "Love": 0.18003912270069122,
            "Nostalgia": 0.10009762644767761,
            "Pain": 0.08961021155118942,
            "Pride": 0.09804054349660873,
            "Realization": 0.1582990288734436,
            "Relief": 0.07234212756156921,
            "Romance": 0.09378227591514587,
            "Sadness": 0.2096834033727646,
            "Satisfaction": 0.1826530247926712,
            "Shame": 0.07957085967063904,
            "Surprise (negative)": 0.02856697514653206,
            "Surprise (positive)": 0.024775931611657143,
            "Sympathy": 0.07516440749168396,
            "Tiredness": 0.18347954750061035,
            "Triumph": 0.040603507310152054
        },
        "prosody": {
            "Admiration": 0.05590270087122917,
            "Adoration": 0.043033089488744736,
            "Aesthetic Appreciation": 0.05711136758327484,
            "Amusement": 0.41060420870780945,
            "Anger": 0.02693515457212925,
            "Anxiety": 0.029263246804475784,
            "Awe": 0.2563367784023285,
            "Awkwardness": 0.03823162615299225,
            "Boredom": 0.004599955398589373,
            "Calmness": 0.0012130127288401127,
            "Concentration": 0.0066384123638272285,
            "Confusion": 0.32339438796043396,
            "Contemplation": 0.007414635736495256,
            "Contempt": 0.02996738627552986,
            "Contentment": 0.004682448226958513,
            "Craving": 0.004554965067654848,
            "Desire": 0.011710111051797867,
            "Determination": 0.02113129198551178,
            "Disappointment": 0.05004606768488884,
            "Disgust": 0.0502912737429142,
            "Distress": 0.04366372898221016,
            "Doubt": 0.04044921696186066,
            "Ecstasy": 0.05909087881445885,
            "Embarrassment": 0.031361278146505356,
            "Empathic Pain": 0.004747954197227955,
            "Entrancement": 0.01871505007147789,
            "Envy": 0.03117149882018566,
            "Excitement": 0.3039965331554413,
            "Fear": 0.009363696910440922,
            "Guilt": 0.0052242586389184,
            "Horror": 0.03032761812210083,
            "Interest": 0.4921928942203522,
            "Joy": 0.08702884614467621,
            "Love": 0.0117833586409688,
            "Nostalgia": 0.00398283964022994,
            "Pain": 0.0013713098596781492,
            "Pride": 0.026976650580763817,
            "Realization": 0.18298421800136566,
            "Relief": 0.009300010278820992,
            "Romance": 0.010750084184110165,
            "Sadness": 0.0014472495531663299,
            "Satisfaction": 0.015019513666629791,
            "Shame": 0.002632531337440014,
            "Surprise (negative)": 0.25596100091934204,
            "Surprise (positive)": 0.7011860609054565,
            "Sympathy": 0.013371862471103668,
            "Tiredness": 0.002246690448373556,
            "Triumph": 0.021721357479691505
        },
        "lang": {
            "Admiration": 0.01798278959468007,
            "Adoration": 0.011053496692329644,
            "Aesthetic Appreciation": 0.009542072657495737,
            "Amusement": 0.06254486478865147,
            "Anger": 0.019172831997275354,
            "Annoyance": 0.07498271912336349,
            "Anxiety": 0.04536031644092873,
            "Awe": 0.09946175869554282,
            "Awkwardness": 0.04315967159345746,
            "Boredom": 0.00711412854725495,
            "Calmness": 0.007006201415788382,
            "Concentration": 0.007889610645361245,
            "Confusion": 0.12288344409316779,
            "Contemplation": 0.026641758857294917,
            "Contempt": 0.017804439552128314,
            "Contentment": 0.004026557947508991,
            "Craving": 0.0015754214080516249,
            "Desire": 0.003043618123047054,
            "Determination": 0.003368410130497068,
            "Disappointment": 0.056038855016231535,
            "Disapproval": 0.055731463991105554,
            "Disgust": 0.02373785525560379,
            "Distress": 0.07671649302355946,
            "Doubt": 0.024023661762475966,
            "Ecstasy": 0.010576592269353568,
            "Embarrassment": 0.021274909912608563,
            "Empathic Pain": 0.010659675789065659,
            "Enthusiasm": 0.06545804627239704,
            "Entrancement": 0.021726945601403713,
            "Envy": 0.0027834551699925216,
            "Excitement": 0.12977455779910088,
            "Fear": 0.05159773688064888,
            "Gratitude": 0.0028964973287656905,
            "Guilt": 0.005299785902025178,
            "Horror": 0.06663440552074462,
            "Interest": 0.13461591564118863,
            "Joy": 0.019667871203273533,
            "Love": 0.004715861985459924,
            "Nostalgia": 0.0037185878143645825,
            "Pain": 0.008289924130076542,
            "Pride": 0.002910661417990923,
            "Realization": 0.15166358575224875,
            "Relief": 0.0042269508820027115,
            "Romance": 0.0025293346610851587,
            "Sadness": 0.011323844583239406,
            "Sarcasm": 0.043213275354355575,
            "Satisfaction": 0.00904368977062404,
            "Shame": 0.011962278315331787,
            "Surprise (negative)": 0.6361370921134949,
            "Surprise (positive)": 0.44952969402074816,
            "Sympathy": 0.007894584117457271,
            "Tiredness": 0.0032132803346030412,
            "Triumph": 0.004778506979346275
        }
    }
}