{
    "metadata": {
        "dialogue_id": "781",
        "time_start": "00-00-00.000",
        "time_end": "00-00-03.836",
        "speaker": "Phoebe",
        "emotion": "neutral",
        "sentiment": "neutral",
        "text_content": "Okay, and then this is the coffee house. This is where I play my music.",
        "file_name": "781_00-00-00.000_00-00-03.836_Phoebe_neutral_neutral"
    },
    "predicted": {
        "face": {
            "Admiration": 0.0613652765750885,
            "Adoration": 0.05645010620355606,
            "Aesthetic Appreciation": 0.04504014179110527,
            "Amusement": 0.0916048139333725,
            "Anger": 0.06719290465116501,
            "Anxiety": 0.22069625556468964,
            "Awe": 0.059997133910655975,
            "Awkwardness": 0.1383596509695053,
            "Boredom": 0.2216305136680603,
            "Calmness": 0.22806090116500854,
            "Concentration": 0.39320576190948486,
            "Confusion": 0.3595570921897888,
            "Contemplation": 0.29231783747673035,
            "Contempt": 0.11358930915594101,
            "Contentment": 0.07841601222753525,
            "Craving": 0.05315988510847092,
            "Desire": 0.07027226686477661,
            "Determination": 0.0962749794125557,
            "Disappointment": 0.29835087060928345,
            "Disgust": 0.11134682595729828,
            "Distress": 0.33048394322395325,
            "Doubt": 0.2987912893295288,
            "Ecstasy": 0.031761083751916885,
            "Embarrassment": 0.10616976767778397,
            "Empathic Pain": 0.1380101591348648,
            "Entrancement": 0.09577908366918564,
            "Envy": 0.03322024270892143,
            "Excitement": 0.051023613661527634,
            "Fear": 0.14157719910144806,
            "Guilt": 0.13053500652313232,
            "Horror": 0.05549478158354759,
            "Interest": 0.20009532570838928,
            "Joy": 0.06448937207460403,
            "Love": 0.07877455651760101,
            "Nostalgia": 0.06940451264381409,
            "Pain": 0.28481176495552063,
            "Pride": 0.03744066506624222,
            "Realization": 0.14993658661842346,
            "Relief": 0.04890475794672966,
            "Romance": 0.04387662187218666,
            "Sadness": 0.3900245726108551,
            "Satisfaction": 0.09000271558761597,
            "Shame": 0.10835359990596771,
            "Surprise (negative)": 0.047280631959438324,
            "Surprise (positive)": 0.025907358154654503,
            "Sympathy": 0.06371697783470154,
            "Tiredness": 0.2111823856830597,
            "Triumph": 0.02165934070944786
        },
        "prosody": {
            "Admiration": 0.05148918926715851,
            "Adoration": 0.06577032804489136,
            "Aesthetic Appreciation": 0.048192404210567474,
            "Amusement": 0.6063004732131958,
            "Anger": 0.002129790373146534,
            "Anxiety": 0.013357418589293957,
            "Awe": 0.040657300502061844,
            "Awkwardness": 0.04570181295275688,
            "Boredom": 0.00825094897300005,
            "Calmness": 0.054180435836315155,
            "Concentration": 0.023976560682058334,
            "Confusion": 0.020941851660609245,
            "Contemplation": 0.01572854071855545,
            "Contempt": 0.00235780724324286,
            "Contentment": 0.16797715425491333,
            "Craving": 0.017648346722126007,
            "Desire": 0.009096392430365086,
            "Determination": 0.07601134479045868,
            "Disappointment": 0.005054124165326357,
            "Disgust": 0.0027769559528678656,
            "Distress": 0.014482975006103516,
            "Doubt": 0.0059537021443247795,
            "Ecstasy": 0.15490040183067322,
            "Embarrassment": 0.00531949196010828,
            "Empathic Pain": 0.0020376502070575953,
            "Entrancement": 0.017384879291057587,
            "Envy": 0.005973988212645054,
            "Excitement": 0.6538641452789307,
            "Fear": 0.003223375417292118,
            "Guilt": 0.0016581759555265307,
            "Horror": 0.0018177845049649477,
            "Interest": 0.41044992208480835,
            "Joy": 0.6184845566749573,
            "Love": 0.0401805117726326,
            "Nostalgia": 0.04045993834733963,
            "Pain": 0.0037319858092814684,
            "Pride": 0.287858784198761,
            "Realization": 0.019866453483700752,
            "Relief": 0.05122939497232437,
            "Romance": 0.01781190000474453,
            "Sadness": 0.008745553903281689,
            "Satisfaction": 0.30783602595329285,
            "Shame": 0.0016706445021554828,
            "Surprise (negative)": 0.004362358711659908,
            "Surprise (positive)": 0.10485220700502396,
            "Sympathy": 0.003592684166505933,
            "Tiredness": 0.007816944271326065,
            "Triumph": 0.16191396117210388
        },
        "lang": {}
    }
}