{
    "metadata": {
        "dialogue_id": "783",
        "time_start": "00-00-20.604",
        "time_end": "00-00-26.192",
        "speaker": "Phoebe",
        "emotion": "joy",
        "sentiment": "positive",
        "file_name": "783_00-00-20.604_00-00-26.192_Phoebe_joy_positive"
    },
    "predicted": {
        "face": {
            "Admiration": 0.17509838938713074,
            "Adoration": 0.2462952435016632,
            "Aesthetic Appreciation": 0.08558548986911774,
            "Amusement": 0.5320229530334473,
            "Anger": 0.024847768247127533,
            "Anxiety": 0.08638903498649597,
            "Awe": 0.07080104202032089,
            "Awkwardness": 0.20298422873020172,
            "Boredom": 0.15732918679714203,
            "Calmness": 0.34326523542404175,
            "Concentration": 0.19529089331626892,
            "Confusion": 0.13881422579288483,
            "Contemplation": 0.10480178892612457,
            "Contempt": 0.07828182727098465,
            "Contentment": 0.2895541489124298,
            "Craving": 0.05411319434642792,
            "Desire": 0.0997096598148346,
            "Determination": 0.056346699595451355,
            "Disappointment": 0.15290413796901703,
            "Disgust": 0.04300125688314438,
            "Distress": 0.11710138618946075,
            "Doubt": 0.11279857903718948,
            "Ecstasy": 0.10969805717468262,
            "Embarrassment": 0.15395520627498627,
            "Empathic Pain": 0.060424286872148514,
            "Entrancement": 0.10563865303993225,
            "Envy": 0.029043514281511307,
            "Excitement": 0.25135383009910583,
            "Fear": 0.047714125365018845,
            "Guilt": 0.06616097688674927,
            "Horror": 0.022982148453593254,
            "Interest": 0.3446846008300781,
            "Joy": 0.5286362767219543,
            "Love": 0.48952069878578186,
            "Nostalgia": 0.09320066124200821,
            "Pain": 0.10482820123434067,
            "Pride": 0.0999162346124649,
            "Realization": 0.12193527817726135,
            "Relief": 0.1453399658203125,
            "Romance": 0.14841684699058533,
            "Sadness": 0.1308158040046692,
            "Satisfaction": 0.37798818945884705,
            "Shame": 0.08873036503791809,
            "Surprise (negative)": 0.024400196969509125,
            "Surprise (positive)": 0.033646900206804276,
            "Sympathy": 0.07729323208332062,
            "Tiredness": 0.15738753974437714,
            "Triumph": 0.061856988817453384
        },
        "prosody": {
            "Admiration": 0.01764035993255675,
            "Adoration": 0.01719396747648716,
            "Aesthetic Appreciation": 0.011848542839288712,
            "Amusement": 0.07712399028241634,
            "Anger": 0.2112976536154747,
            "Anxiety": 0.09887815453112125,
            "Awe": 0.012094801408238709,
            "Awkwardness": 0.0674505652859807,
            "Boredom": 0.0414691548794508,
            "Calmness": 0.01553204096853733,
            "Concentration": 0.053572832606732845,
            "Confusion": 0.020919566974043846,
            "Contemplation": 0.05317358300089836,
            "Contempt": 0.15158603340387344,
            "Contentment": 0.01217076787725091,
            "Craving": 0.034987377002835274,
            "Desire": 0.01221251836977899,
            "Determination": 0.0673883818089962,
            "Disappointment": 0.08460696414113045,
            "Disgust": 0.10145898163318634,
            "Distress": 0.12955620139837265,
            "Doubt": 0.024880765937268734,
            "Ecstasy": 0.016364339739084244,
            "Embarrassment": 0.04514952190220356,
            "Empathic Pain": 0.05643654614686966,
            "Entrancement": 0.006261044065468013,
            "Envy": 0.06136669963598251,
            "Excitement": 0.06105908192694187,
            "Fear": 0.02471503335982561,
            "Guilt": 0.0421412643045187,
            "Horror": 0.019778202287852764,
            "Interest": 0.06748717464506626,
            "Joy": 0.0225215507671237,
            "Love": 0.020047537283971906,
            "Nostalgia": 0.018507299944758415,
            "Pain": 0.06251981668174267,
            "Pride": 0.013783980160951614,
            "Realization": 0.06565502472221851,
            "Relief": 0.011746794916689396,
            "Romance": 0.011722175404429436,
            "Sadness": 0.07645506039261818,
            "Satisfaction": 0.01313021732494235,
            "Shame": 0.03633482754230499,
            "Surprise (negative)": 0.02138314303010702,
            "Surprise (positive)": 0.012578645721077919,
            "Sympathy": 0.05126272886991501,
            "Tiredness": 0.04872042499482632,
            "Triumph": 0.013578633777797222
        },
        "lang": {
            "Admiration": 0.06723243345999542,
            "Adoration": 0.05844504558412796,
            "Aesthetic Appreciation": 0.039779006914400006,
            "Amusement": 0.057072943240842396,
            "Anger": 0.0025608858011443823,
            "Annoyance": 0.050721201607409644,
            "Anxiety": 0.06321633464711554,
            "Awe": 0.011526168519220151,
            "Awkwardness": 0.29519717044690075,
            "Boredom": 0.079705023795695,
            "Calmness": 0.028484528774724287,
            "Concentration": 0.010626001009608017,
            "Confusion": 0.08904089252738391,
            "Contemplation": 0.08620386417297755,
            "Contempt": 0.03789076526813647,
            "Contentment": 0.01719180669854669,
            "Craving": 0.02235681941623197,
            "Desire": 0.06653282435795785,
            "Determination": 0.020713468753349257,
            "Disappointment": 0.02914661741541589,
            "Disapproval": 0.053316962960011816,
            "Disgust": 0.005423391456989681,
            "Distress": 0.013932521728908314,
            "Doubt": 0.14723298611009822,
            "Ecstasy": 0.004334586152467904,
            "Embarrassment": 0.025436275912558332,
            "Empathic Pain": 0.0171109291670077,
            "Enthusiasm": 0.10977893084397211,
            "Entrancement": 0.019520495306043065,
            "Envy": 0.02294859425712596,
            "Excitement": 0.06228330732761499,
            "Fear": 0.015627273125573993,
            "Gratitude": 0.0213072007001542,
            "Guilt": 0.003670990378048052,
            "Horror": 0.0010121944702833013,
            "Interest": 0.14115075350684278,
            "Joy": 0.03136098272550632,
            "Love": 0.05188502195661011,
            "Nostalgia": 0.0026430700501591407,
            "Pain": 0.003434161244727233,
            "Pride": 0.010023271510897972,
            "Realization": 0.07215675119968022,
            "Relief": 0.006314328358070377,
            "Romance": 0.06136586177779142,
            "Sadness": 0.007718152859631707,
            "Sarcasm": 0.1015116329140523,
            "Satisfaction": 0.02565122689531349,
            "Shame": 0.011304756270392853,
            "Surprise (negative)": 0.016065098345279694,
            "Surprise (positive)": 0.035299512393334335,
            "Sympathy": 0.02367934223045321,
            "Tiredness": 0.0096140834639835,
            "Triumph": 0.003760833724621026
        }
    }
}