{
    "metadata": {
        "dialogue_id": "784",
        "time_start": "00-00-11.095",
        "time_end": "00-00-18.518",
        "speaker": "Rachel",
        "emotion": "sadness",
        "sentiment": "negative",
        "file_name": "784_00-00-11.095_00-00-18.518_Rachel_sadness_negative"
    },
    "predicted": {
        "face": {
            "Admiration": 0.06154542416334152,
            "Adoration": 0.062267616391181946,
            "Aesthetic Appreciation": 0.036365408450365067,
            "Amusement": 0.13776443898677826,
            "Anger": 0.06259792298078537,
            "Anxiety": 0.3569756746292114,
            "Awe": 0.06865581125020981,
            "Awkwardness": 0.1843091994524002,
            "Boredom": 0.2529965341091156,
            "Calmness": 0.1764461249113083,
            "Concentration": 0.22017133235931396,
            "Confusion": 0.36542952060699463,
            "Contemplation": 0.1702766716480255,
            "Contempt": 0.07937681674957275,
            "Contentment": 0.08357322961091995,
            "Craving": 0.03267175331711769,
            "Desire": 0.0421418622136116,
            "Determination": 0.059795625507831573,
            "Disappointment": 0.45357975363731384,
            "Disgust": 0.07775634527206421,
            "Distress": 0.5644629001617432,
            "Doubt": 0.25875645875930786,
            "Ecstasy": 0.04106184467673302,
            "Embarrassment": 0.23876337707042694,
            "Empathic Pain": 0.1753559559583664,
            "Entrancement": 0.06821504235267639,
            "Envy": 0.022362610325217247,
            "Excitement": 0.06968574225902557,
            "Fear": 0.19059164822101593,
            "Guilt": 0.19097420573234558,
            "Horror": 0.08302093297243118,
            "Interest": 0.14012576639652252,
            "Joy": 0.10186415165662766,
            "Love": 0.09804947674274445,
            "Nostalgia": 0.0677332803606987,
            "Pain": 0.41492852568626404,
            "Pride": 0.04143592342734337,
            "Realization": 0.18296925723552704,
            "Relief": 0.1065477579832077,
            "Romance": 0.04566327482461929,
            "Sadness": 0.5060006380081177,
            "Satisfaction": 0.09958788007497787,
            "Shame": 0.1754339337348938,
            "Surprise (negative)": 0.07061167061328888,
            "Surprise (positive)": 0.03829370439052582,
            "Sympathy": 0.06773647665977478,
            "Tiredness": 0.35448941588401794,
            "Triumph": 0.02640213444828987
        },
        "prosody": {
            "Admiration": 0.024348133243620396,
            "Adoration": 0.009199438150972128,
            "Aesthetic Appreciation": 0.028024084866046906,
            "Amusement": 0.11405245307832956,
            "Anger": 0.4458089917898178,
            "Anxiety": 0.058274284936487675,
            "Awe": 0.016101786866784096,
            "Awkwardness": 0.04013153165578842,
            "Boredom": 0.03450632863678038,
            "Calmness": 0.023032591270748526,
            "Concentration": 0.026977295987308025,
            "Confusion": 0.0363340824842453,
            "Contemplation": 0.016714930185116827,
            "Contempt": 0.245599202811718,
            "Contentment": 0.007583980041090399,
            "Craving": 0.01735845347866416,
            "Desire": 0.01020397525280714,
            "Determination": 0.015672809444367886,
            "Disappointment": 0.12233249843120575,
            "Disgust": 0.2797301113605499,
            "Distress": 0.1763613186776638,
            "Doubt": 0.00921568600460887,
            "Ecstasy": 0.011110309278592467,
            "Embarrassment": 0.03277730755507946,
            "Empathic Pain": 0.016237290110439062,
            "Entrancement": 0.007717106956988573,
            "Envy": 0.08675673184916377,
            "Excitement": 0.03274997044354677,
            "Fear": 0.065673116594553,
            "Guilt": 0.015514866448938847,
            "Horror": 0.1089164987206459,
            "Interest": 0.017844960559159517,
            "Joy": 0.006980525096878409,
            "Love": 0.004855203442275524,
            "Nostalgia": 0.042810031212866306,
            "Pain": 0.03238388244062662,
            "Pride": 0.009860615129582584,
            "Realization": 0.014541411306709051,
            "Relief": 0.004077555553521961,
            "Romance": 0.009255407145246863,
            "Sadness": 0.03262341255322099,
            "Satisfaction": 0.009367334889248013,
            "Shame": 0.01673543080687523,
            "Surprise (negative)": 0.17360927164554596,
            "Surprise (positive)": 0.011849864851683378,
            "Sympathy": 0.011767813237383962,
            "Tiredness": 0.015515446662902832,
            "Triumph": 0.00606501754373312
        },
        "lang": {
            "Admiration": 0.12295903623453341,
            "Adoration": 0.04936727420135867,
            "Aesthetic Appreciation": 0.12569701462052763,
            "Amusement": 0.04502266913186759,
            "Anger": 0.015200189242023043,
            "Annoyance": 0.06671763601480052,
            "Anxiety": 0.005812042974866927,
            "Awe": 0.11521278784493916,
            "Awkwardness": 0.03456465364433825,
            "Boredom": 0.01863681519171223,
            "Calmness": 0.025514931490761228,
            "Concentration": 0.07486619883275125,
            "Confusion": 0.0339300561172422,
            "Contemplation": 0.06351045053452253,
            "Contempt": 0.11616899282671511,
            "Contentment": 0.006516686713439412,
            "Craving": 0.015639023848052602,
            "Desire": 0.07867828557209577,
            "Determination": 0.021508756020921282,
            "Disappointment": 0.04281138113583438,
            "Disapproval": 0.13289360812632367,
            "Disgust": 0.19923155898868572,
            "Distress": 0.013187032454879954,
            "Doubt": 0.011576367847737856,
            "Ecstasy": 0.0049007305005943635,
            "Embarrassment": 0.06722745150909759,
            "Empathic Pain": 0.006739694159477949,
            "Enthusiasm": 0.043642522825393826,
            "Entrancement": 0.08498468190373387,
            "Envy": 0.05967301639611833,
            "Excitement": 0.028188614181999583,
            "Fear": 0.004703898879597546,
            "Gratitude": 0.002065437573037343,
            "Guilt": 0.01662070774636959,
            "Horror": 0.012947071649250574,
            "Interest": 0.28234797273762524,
            "Joy": 0.007936193040222861,
            "Love": 0.0066231837481609546,
            "Nostalgia": 0.0041587488012737595,
            "Pain": 0.004642056148441043,
            "Pride": 0.012945824186317623,
            "Realization": 0.09624468069523573,
            "Relief": 0.0010331511621188838,
            "Romance": 0.011632212772383355,
            "Sadness": 0.01737194166162226,
            "Sarcasm": 0.09743998205522075,
            "Satisfaction": 0.018065511307213455,
            "Shame": 0.12830417670556926,
            "Surprise (negative)": 0.04526728892233223,
            "Surprise (positive)": 0.08167791557207238,
            "Sympathy": 0.005929942031798419,
            "Tiredness": 0.0055359900688927155,
            "Triumph": 0.004923719476209953
        }
    }
}