{
    "metadata": {
        "dialogue_id": "787",
        "time_start": "00-00-23.023",
        "time_end": "00-00-27.944",
        "speaker": "Joey",
        "emotion": "neutral",
        "sentiment": "neutral",
        "file_name": "787_00-00-23.023_00-00-27.944_Joey_neutral_neutral"
    },
    "predicted": {
        "face": {
            "Admiration": 0.07070840150117874,
            "Adoration": 0.061279382556676865,
            "Aesthetic Appreciation": 0.05031401664018631,
            "Amusement": 0.12327127903699875,
            "Anger": 0.08544579148292542,
            "Anxiety": 0.15779700875282288,
            "Awe": 0.14064443111419678,
            "Awkwardness": 0.17263709008693695,
            "Boredom": 0.2730183005332947,
            "Calmness": 0.2839212417602539,
            "Concentration": 0.27024099230766296,
            "Confusion": 0.3042025864124298,
            "Contemplation": 0.1388281136751175,
            "Contempt": 0.12654288113117218,
            "Contentment": 0.09647846966981888,
            "Craving": 0.0569007471203804,
            "Desire": 0.09577008336782455,
            "Determination": 0.08726056665182114,
            "Disappointment": 0.3156757652759552,
            "Disgust": 0.11783493310213089,
            "Distress": 0.25474339723587036,
            "Doubt": 0.21598996222019196,
            "Ecstasy": 0.05915607511997223,
            "Embarrassment": 0.1278352439403534,
            "Empathic Pain": 0.10940954834222794,
            "Entrancement": 0.1152116060256958,
            "Envy": 0.03361625224351883,
            "Excitement": 0.0874791219830513,
            "Fear": 0.13661129772663116,
            "Guilt": 0.09823556244373322,
            "Horror": 0.08618442714214325,
            "Interest": 0.1791459619998932,
            "Joy": 0.08146561682224274,
            "Love": 0.0890527218580246,
            "Nostalgia": 0.059813350439071655,
            "Pain": 0.22226496040821075,
            "Pride": 0.04699799418449402,
            "Realization": 0.18144536018371582,
            "Relief": 0.1038198173046112,
            "Romance": 0.04737596958875656,
            "Sadness": 0.23817437887191772,
            "Satisfaction": 0.1352086067199707,
            "Shame": 0.10082073509693146,
            "Surprise (negative)": 0.1073746308684349,
            "Surprise (positive)": 0.08217471092939377,
            "Sympathy": 0.04952327907085419,
            "Tiredness": 0.3634905517101288,
            "Triumph": 0.03737461194396019
        },
        "prosody": {
            "Admiration": 0.009757498900095621,
            "Adoration": 0.004642390723650654,
            "Aesthetic Appreciation": 0.00646626817372938,
            "Amusement": 0.029530765488743782,
            "Anger": 0.0748175826544563,
            "Anxiety": 0.12206739808122317,
            "Awe": 0.00975967695315679,
            "Awkwardness": 0.2194924888511499,
            "Boredom": 0.07963758396605651,
            "Calmness": 0.06934547734757264,
            "Concentration": 0.025069845219453175,
            "Confusion": 0.14017059033115706,
            "Contemplation": 0.01654788323988517,
            "Contempt": 0.04834602555880944,
            "Contentment": 0.023108863426993292,
            "Craving": 0.005585776486744483,
            "Desire": 0.009222158541282019,
            "Determination": 0.05369333984951178,
            "Disappointment": 0.07415799610316753,
            "Disgust": 0.0509181876356403,
            "Distress": 0.1440714088579019,
            "Doubt": 0.06165286029378573,
            "Ecstasy": 0.006084794954707225,
            "Embarrassment": 0.05107779738803705,
            "Empathic Pain": 0.014615642838180065,
            "Entrancement": 0.0057341659752031164,
            "Envy": 0.006112090311944485,
            "Excitement": 0.0225619828949372,
            "Fear": 0.074439554164807,
            "Guilt": 0.02707913238555193,
            "Horror": 0.0216252359872063,
            "Interest": 0.035937536507844925,
            "Joy": 0.013018665136769414,
            "Love": 0.006230061873793602,
            "Nostalgia": 0.005800224530200164,
            "Pain": 0.035688212141394615,
            "Pride": 0.005846223173042138,
            "Realization": 0.041821064427495,
            "Relief": 0.04586904061337312,
            "Romance": 0.008420988451689482,
            "Sadness": 0.024686590457955997,
            "Satisfaction": 0.022384908360739548,
            "Shame": 0.028610538691282272,
            "Surprise (negative)": 0.06165528235336145,
            "Surprise (positive)": 0.020813565080364544,
            "Sympathy": 0.014131105815370878,
            "Tiredness": 0.04023531824350357,
            "Triumph": 0.007046973332762718
        },
        "lang": {
            "Admiration": 0.0058776444862954896,
            "Adoration": 0.0028621276768927392,
            "Aesthetic Appreciation": 0.006806676777509542,
            "Amusement": 0.012979330244259192,
            "Anger": 0.012655041583527166,
            "Annoyance": 0.140352263330267,
            "Anxiety": 0.024635343472115122,
            "Awe": 0.002146799018821464,
            "Awkwardness": 0.029819280124054506,
            "Boredom": 0.052046969783707306,
            "Calmness": 0.24147503479168966,
            "Concentration": 0.22494043725041243,
            "Confusion": 0.019062888701088153,
            "Contemplation": 0.0399549026042223,
            "Contempt": 0.043310049634713396,
            "Contentment": 0.1293394323438406,
            "Craving": 0.007130181587014634,
            "Desire": 0.003687068363293432,
            "Determination": 0.4575139910269242,
            "Disappointment": 0.010533395832261214,
            "Disapproval": 0.02165295951999724,
            "Disgust": 0.002925756517260407,
            "Distress": 0.011385255681279186,
            "Doubt": 0.015934626303183343,
            "Ecstasy": 0.005140922842726398,
            "Embarrassment": 0.002992863151191089,
            "Empathic Pain": 0.007347430021931918,
            "Enthusiasm": 0.2810666220119366,
            "Entrancement": 0.004539648402267351,
            "Envy": 0.001023900634698713,
            "Excitement": 0.11144958414997046,
            "Fear": 0.0041047875509740645,
            "Gratitude": 0.024388457863376692,
            "Guilt": 0.002519471655922154,
            "Horror": 0.0003291044900274406,
            "Interest": 0.1562807336449623,
            "Joy": 0.025072168343915388,
            "Love": 0.003643088320341821,
            "Nostalgia": 0.0007295069204141888,
            "Pain": 0.002066260017902375,
            "Pride": 0.02855331343240463,
            "Realization": 0.03836569204353369,
            "Relief": 0.05279563138118157,
            "Romance": 0.0012239553392506563,
            "Sadness": 0.0011611435956393296,
            "Sarcasm": 0.019999242602632597,
            "Satisfaction": 0.17004027504187363,
            "Shame": 0.0021682827343913512,
            "Surprise (negative)": 0.008862402003545027,
            "Surprise (positive)": 0.019983685181404535,
            "Sympathy": 0.010456527368380474,
            "Tiredness": 0.05524397394261681,
            "Triumph": 0.07803362880188686
        }
    }
}