{
    "metadata": {
        "dialogue_id": "796",
        "time_start": "00-01-12.113",
        "time_end": "00-01-14.531",
        "speaker": "Chandler",
        "emotion": "neutral",
        "sentiment": "neutral",
        "file_name": "796_00-01-12.113_00-01-14.531_Chandler_neutral_neutral"
    },
    "predicted": {
        "face": {
            "Admiration": 0.1856965720653534,
            "Adoration": 0.14805471897125244,
            "Aesthetic Appreciation": 0.07547563314437866,
            "Amusement": 0.6903795003890991,
            "Anger": 0.06115845590829849,
            "Anxiety": 0.06278633326292038,
            "Awe": 0.28858664631843567,
            "Awkwardness": 0.14864613115787506,
            "Boredom": 0.08988995850086212,
            "Calmness": 0.14220711588859558,
            "Concentration": 0.13175123929977417,
            "Confusion": 0.1438239961862564,
            "Contemplation": 0.06079619750380516,
            "Contempt": 0.07120776176452637,
            "Contentment": 0.16334453225135803,
            "Craving": 0.052370235323905945,
            "Desire": 0.059166327118873596,
            "Determination": 0.0824206992983818,
            "Disappointment": 0.0718379020690918,
            "Disgust": 0.038998786360025406,
            "Distress": 0.07163044810295105,
            "Doubt": 0.09338412433862686,
            "Ecstasy": 0.2534806430339813,
            "Embarrassment": 0.054029032588005066,
            "Empathic Pain": 0.03006637468934059,
            "Entrancement": 0.11107008159160614,
            "Envy": 0.032255835831165314,
            "Excitement": 0.663296639919281,
            "Fear": 0.08842577785253525,
            "Guilt": 0.020285556092858315,
            "Horror": 0.08763076364994049,
            "Interest": 0.38398507237434387,
            "Joy": 0.5991827845573425,
            "Love": 0.21360304951667786,
            "Nostalgia": 0.04930677264928818,
            "Pain": 0.04522440582513809,
            "Pride": 0.138201504945755,
            "Realization": 0.15474878251552582,
            "Relief": 0.09933944046497345,
            "Romance": 0.045953571796417236,
            "Sadness": 0.031072475016117096,
            "Satisfaction": 0.2894291579723358,
            "Shame": 0.02033870853483677,
            "Surprise (negative)": 0.10269895195960999,
            "Surprise (positive)": 0.26906725764274597,
            "Sympathy": 0.04024059325456619,
            "Tiredness": 0.06662535667419434,
            "Triumph": 0.19154301285743713
        },
        "prosody": {
            "Admiration": 0.010090591385960579,
            "Adoration": 0.0044428505934774876,
            "Aesthetic Appreciation": 0.005379881244152784,
            "Amusement": 0.04207729548215866,
            "Anger": 0.23562020063400269,
            "Anxiety": 0.04185936972498894,
            "Awe": 0.010017378255724907,
            "Awkwardness": 0.04270033538341522,
            "Boredom": 0.010471987538039684,
            "Calmness": 0.056465309113264084,
            "Concentration": 0.2822527587413788,
            "Confusion": 0.0840294137597084,
            "Contemplation": 0.04543009772896767,
            "Contempt": 0.13376261293888092,
            "Contentment": 0.009458453394472599,
            "Craving": 0.007780806627124548,
            "Desire": 0.0036728838458657265,
            "Determination": 0.42857781052589417,
            "Disappointment": 0.062294039875268936,
            "Disgust": 0.0658307895064354,
            "Distress": 0.035959143191576004,
            "Doubt": 0.09329637140035629,
            "Ecstasy": 0.008595413528382778,
            "Embarrassment": 0.008088145405054092,
            "Empathic Pain": 0.0052869985811412334,
            "Entrancement": 0.003706384217366576,
            "Envy": 0.013097258284687996,
            "Excitement": 0.10989821702241898,
            "Fear": 0.027389125898480415,
            "Guilt": 0.01132353488355875,
            "Horror": 0.007641126401722431,
            "Interest": 0.21004225313663483,
            "Joy": 0.012784074060618877,
            "Love": 0.0027242882642894983,
            "Nostalgia": 0.003403945593163371,
            "Pain": 0.00578315369784832,
            "Pride": 0.031200286000967026,
            "Realization": 0.03464560583233833,
            "Relief": 0.009362637996673584,
            "Romance": 0.004215077962726355,
            "Sadness": 0.0037643059622496367,
            "Satisfaction": 0.017523648217320442,
            "Shame": 0.007206489332020283,
            "Surprise (negative)": 0.027706367895007133,
            "Surprise (positive)": 0.014166776090860367,
            "Sympathy": 0.018113646656274796,
            "Tiredness": 0.010788887739181519,
            "Triumph": 0.03534837067127228
        },
        "lang": {
            "Admiration": 0.005931438645347953,
            "Adoration": 0.007730497140437364,
            "Aesthetic Appreciation": 0.003649496822617948,
            "Amusement": 0.0034064192790538073,
            "Anger": 0.01394506050273776,
            "Annoyance": 0.16394038274884223,
            "Anxiety": 0.013367049628868699,
            "Awe": 0.0037896197522059084,
            "Awkwardness": 0.016245059110224246,
            "Boredom": 0.05115673542022705,
            "Calmness": 0.5647569417953491,
            "Concentration": 0.22675227820873262,
            "Confusion": 0.017812552116811275,
            "Contemplation": 0.08500542864203453,
            "Contempt": 0.038628595694899556,
            "Contentment": 0.05809229612350464,
            "Craving": 0.007613176014274359,
            "Desire": 0.004789338260889053,
            "Determination": 0.32765919268131255,
            "Disappointment": 0.008954009879380465,
            "Disapproval": 0.018836078606545924,
            "Disgust": 0.0023881245637312532,
            "Distress": 0.010150248929858208,
            "Doubt": 0.011029477510601283,
            "Ecstasy": 0.0009044151986017824,
            "Embarrassment": 0.0009366432088427246,
            "Empathic Pain": 0.008031720202416182,
            "Enthusiasm": 0.042137109115719794,
            "Entrancement": 0.007580758864060044,
            "Envy": 0.0012712860596366226,
            "Excitement": 0.013230339484289288,
            "Fear": 0.0020604002987965942,
            "Gratitude": 0.01693772366270423,
            "Guilt": 0.0024868947686627505,
            "Horror": 0.00020178783815936186,
            "Interest": 0.1506779447197914,
            "Joy": 0.005198719049803913,
            "Love": 0.01303191059269011,
            "Nostalgia": 0.002685203915461898,
            "Pain": 0.001777227979619056,
            "Pride": 0.01483642915263772,
            "Realization": 0.09353554546833039,
            "Relief": 0.01841819388791919,
            "Romance": 0.008370372676290571,
            "Sadness": 0.0024721453548409043,
            "Sarcasm": 0.007430883217602968,
            "Satisfaction": 0.0444184310734272,
            "Shame": 0.0017504234449006618,
            "Surprise (negative)": 0.006744648911990225,
            "Surprise (positive)": 0.009801749000325799,
            "Sympathy": 0.01441398672759533,
            "Tiredness": 0.03445295169949532,
            "Triumph": 0.01563879745081067
        }
    }
}