{
    "metadata": {
        "dialogue_id": "799",
        "time_start": "00-00-27.527",
        "time_end": "00-00-32.365",
        "speaker": "Monica",
        "emotion": "neutral",
        "sentiment": "neutral",
        "text_content": "My brother, the PhD would like to know if there's any way to treat this orally.",
        "file_name": "799_00-00-27.527_00-00-32.365_Monica_neutral_neutral"
    },
    "predicted": {
        "face": {
            "Admiration": 0.13999632000923157,
            "Adoration": 0.212835893034935,
            "Aesthetic Appreciation": 0.06595060974359512,
            "Amusement": 0.3965494930744171,
            "Anger": 0.03494996577501297,
            "Anxiety": 0.14708587527275085,
            "Awe": 0.05725875496864319,
            "Awkwardness": 0.2233840525150299,
            "Boredom": 0.17849396169185638,
            "Calmness": 0.299089252948761,
            "Concentration": 0.17009781301021576,
            "Confusion": 0.14999394118785858,
            "Contemplation": 0.11452504992485046,
            "Contempt": 0.08241110295057297,
            "Contentment": 0.2426336407661438,
            "Craving": 0.042487457394599915,
            "Desire": 0.07287845760583878,
            "Determination": 0.05506855249404907,
            "Disappointment": 0.31367814540863037,
            "Disgust": 0.05030018091201782,
            "Distress": 0.22952260076999664,
            "Doubt": 0.13262023031711578,
            "Ecstasy": 0.08505642414093018,
            "Embarrassment": 0.32475438714027405,
            "Empathic Pain": 0.09932636469602585,
            "Entrancement": 0.08473233878612518,
            "Envy": 0.026593953371047974,
            "Excitement": 0.1669740378856659,
            "Fear": 0.057755064219236374,
            "Guilt": 0.1444503515958786,
            "Horror": 0.025061968713998795,
            "Interest": 0.22038528323173523,
            "Joy": 0.3768819570541382,
            "Love": 0.4422410726547241,
            "Nostalgia": 0.10181772708892822,
            "Pain": 0.21037529408931732,
            "Pride": 0.09364067018032074,
            "Realization": 0.15329556167125702,
            "Relief": 0.19015447795391083,
            "Romance": 0.15094967186450958,
            "Sadness": 0.2471773475408554,
            "Satisfaction": 0.31276604533195496,
            "Shame": 0.20424458384513855,
            "Surprise (negative)": 0.024895068258047104,
            "Surprise (positive)": 0.024970991536974907,
            "Sympathy": 0.0789947360754013,
            "Tiredness": 0.2674354910850525,
            "Triumph": 0.05348208546638489
        },
        "prosody": {
            "Admiration": 0.03795905155129731,
            "Adoration": 0.01632593059912324,
            "Aesthetic Appreciation": 0.017416851711459458,
            "Amusement": 0.03412346076220274,
            "Anger": 0.09154484141618013,
            "Anxiety": 0.084857321344316,
            "Awe": 0.029577065259218216,
            "Awkwardness": 0.026643812656402588,
            "Boredom": 0.013886205852031708,
            "Calmness": 0.04768670815974474,
            "Concentration": 0.12020326405763626,
            "Confusion": 0.03055412322282791,
            "Contemplation": 0.14534323289990425,
            "Contempt": 0.09665967337787151,
            "Contentment": 0.026060683419927955,
            "Craving": 0.021172203589230776,
            "Desire": 0.0039985558250918984,
            "Determination": 0.23166203498840332,
            "Disappointment": 0.13189084501937032,
            "Disgust": 0.06547660194337368,
            "Distress": 0.11602783994749188,
            "Doubt": 0.07150255516171455,
            "Ecstasy": 0.01233688520733267,
            "Embarrassment": 0.014631527941673994,
            "Empathic Pain": 0.03824560920475051,
            "Entrancement": 0.027260607574135065,
            "Envy": 0.01942315325140953,
            "Excitement": 0.07984881289303303,
            "Fear": 0.015799141488969326,
            "Guilt": 0.014329443220049143,
            "Horror": 0.006046601105481386,
            "Interest": 0.22156354784965515,
            "Joy": 0.014365887502208352,
            "Love": 0.009212530101649463,
            "Nostalgia": 0.03897305903956294,
            "Pain": 0.012602331349626184,
            "Pride": 0.07758239563554525,
            "Realization": 0.1020108088850975,
            "Relief": 0.0027914197416976094,
            "Romance": 0.005171050783246756,
            "Sadness": 0.033588766236789525,
            "Satisfaction": 0.033717255922965705,
            "Shame": 0.01527381467167288,
            "Surprise (negative)": 0.01814747741445899,
            "Surprise (positive)": 0.08346833381801844,
            "Sympathy": 0.10050905670505017,
            "Tiredness": 0.01203331456054002,
            "Triumph": 0.015842239605262876
        },
        "lang": {}
    }
}