{
    "metadata": {
        "dialogue_id": "800",
        "time_start": "00-00-00.000",
        "time_end": "00-00-01.668",
        "speaker": "Ross",
        "emotion": "fear",
        "sentiment": "negative",
        "file_name": "800_00-00-00.000_00-00-01.668_Ross_fear_negative"
    },
    "predicted": {
        "face": {
            "Admiration": 0.03915148228406906,
            "Adoration": 0.04445730149745941,
            "Aesthetic Appreciation": 0.033798519521951675,
            "Amusement": 0.11083497852087021,
            "Anger": 0.066663958132267,
            "Anxiety": 0.17666472494602203,
            "Awe": 0.0444391705095768,
            "Awkwardness": 0.1839061826467514,
            "Boredom": 0.255096971988678,
            "Calmness": 0.2685249447822571,
            "Concentration": 0.17796945571899414,
            "Confusion": 0.2648281157016754,
            "Contemplation": 0.10320376604795456,
            "Contempt": 0.13452930748462677,
            "Contentment": 0.11160804331302643,
            "Craving": 0.035232413560152054,
            "Desire": 0.0666562095284462,
            "Determination": 0.047779571264982224,
            "Disappointment": 0.36515238881111145,
            "Disgust": 0.19049526751041412,
            "Distress": 0.36771440505981445,
            "Doubt": 0.18271222710609436,
            "Ecstasy": 0.053708456456661224,
            "Embarrassment": 0.1471424102783203,
            "Empathic Pain": 0.17717815935611725,
            "Entrancement": 0.06808573007583618,
            "Envy": 0.024148929864168167,
            "Excitement": 0.054747819900512695,
            "Fear": 0.11532611399888992,
            "Guilt": 0.12231405079364777,
            "Horror": 0.05860189348459244,
            "Interest": 0.10380025207996368,
            "Joy": 0.08949313312768936,
            "Love": 0.0828687995672226,
            "Nostalgia": 0.06539028882980347,
            "Pain": 0.5129449367523193,
            "Pride": 0.040719661861658096,
            "Realization": 0.11417955905199051,
            "Relief": 0.11586154997348785,
            "Romance": 0.036598674952983856,
            "Sadness": 0.46163809299468994,
            "Satisfaction": 0.14655844867229462,
            "Shame": 0.13249735534191132,
            "Surprise (negative)": 0.043969132006168365,
            "Surprise (positive)": 0.01955835521221161,
            "Sympathy": 0.060428980737924576,
            "Tiredness": 0.3849943280220032,
            "Triumph": 0.026695189997553825
        },
        "prosody": {
            "Admiration": 0,
            "Adoration": 0,
            "Aesthetic Appreciation": 0,
            "Amusement": 0,
            "Anger": 0,
            "Annoyance": 0,
            "Anxiety": 0,
            "Awe": 0,
            "Awkwardness": 0,
            "Boredom": 0,
            "Calmness": 0,
            "Concentration": 0,
            "Confusion": 0,
            "Contemplation": 0,
            "Contempt": 0,
            "Contentment": 0,
            "Craving": 0,
            "Desire": 0,
            "Determination": 0,
            "Disappointment": 0,
            "Disapproval": 0,
            "Disgust": 0,
            "Distress": 0,
            "Doubt": 0,
            "Ecstasy": 0,
            "Embarrassment": 0,
            "Empathic Pain": 0,
            "Enthusiasm": 0,
            "Entrancement": 0,
            "Envy": 0,
            "Excitement": 0,
            "Fear": 0,
            "Gratitude": 0,
            "Guilt": 0,
            "Horror": 0,
            "Interest": 0,
            "Joy": 0,
            "Love": 0,
            "Nostalgia": 0,
            "Pain": 0,
            "Pride": 0,
            "Realization": 0,
            "Relief": 0,
            "Romance": 0,
            "Sadness": 0,
            "Sarcasm": 0,
            "Satisfaction": 0,
            "Shame": 0,
            "Surprise (negative)": 0,
            "Surprise (positive)": 0,
            "Sympathy": 0,
            "Tiredness": 0,
            "Triumph": 0
        },
        "lang": {
            "Admiration": 0.030214373022317886,
            "Adoration": 0.038399588316679,
            "Aesthetic Appreciation": 0.021214982494711876,
            "Amusement": 0.05977961793541908,
            "Anger": 0.011738081462681293,
            "Annoyance": 0.10322023183107376,
            "Anxiety": 0.026521090418100357,
            "Awe": 0.05252635478973389,
            "Awkwardness": 0.130254864692688,
            "Boredom": 0.017155302688479424,
            "Calmness": 0.021347086876630783,
            "Concentration": 0.005099660251289606,
            "Confusion": 0.10311037302017212,
            "Contemplation": 0.019871070981025696,
            "Contempt": 0.016185708343982697,
            "Contentment": 0.01005147211253643,
            "Craving": 0.006866173818707466,
            "Desire": 0.01804140955209732,
            "Determination": 0.002813946921378374,
            "Disappointment": 0.11671116948127747,
            "Disapproval": 0.058080267161130905,
            "Disgust": 0.014584151096642017,
            "Distress": 0.04825418069958687,
            "Doubt": 0.024813102558255196,
            "Ecstasy": 0.007164812181144953,
            "Embarrassment": 0.03689682111144066,
            "Empathic Pain": 0.015925653278827667,
            "Enthusiasm": 0.039138659834861755,
            "Entrancement": 0.027536185458302498,
            "Envy": 0.006192090455442667,
            "Excitement": 0.049528416246175766,
            "Fear": 0.016311366111040115,
            "Gratitude": 0.006317173130810261,
            "Guilt": 0.007023055572062731,
            "Horror": 0.01321303192526102,
            "Interest": 0.08159109205007553,
            "Joy": 0.03408484160900116,
            "Love": 0.030516527593135834,
            "Nostalgia": 0.005448564887046814,
            "Pain": 0.015317849814891815,
            "Pride": 0.0027400131803005934,
            "Realization": 0.18911994993686676,
            "Relief": 0.005886704195290804,
            "Romance": 0.02620711363852024,
            "Sadness": 0.028846880421042442,
            "Sarcasm": 0.04210572689771652,
            "Satisfaction": 0.014696993865072727,
            "Shame": 0.017810886725783348,
            "Surprise (negative)": 0.5067734718322754,
            "Surprise (positive)": 0.30406492948532104,
            "Sympathy": 0.015014435164630413,
            "Tiredness": 0.0036260713823139668,
            "Triumph": 0.0025550215505063534
        }
    }
}