{
    "metadata": {
        "dialogue_id": "806",
        "time_start": "00-00-23.065",
        "time_end": "00-00-24.920",
        "speaker": "Joey",
        "emotion": "neutral",
        "sentiment": "neutral",
        "text_content": "Yeah. What-what did Tag say?",
        "file_name": "806_00-00-23.065_00-00-24.920_Joey_neutral_neutral"
    },
    "predicted": {
        "face": {
            "Admiration": 0.09496483206748962,
            "Adoration": 0.04829615354537964,
            "Aesthetic Appreciation": 0.06020107865333557,
            "Amusement": 0.10080308467149734,
            "Anger": 0.09144260734319687,
            "Anxiety": 0.19269141554832458,
            "Awe": 0.27112555503845215,
            "Awkwardness": 0.23578894138336182,
            "Boredom": 0.28980544209480286,
            "Calmness": 0.28413626551628113,
            "Concentration": 0.44980311393737793,
            "Confusion": 0.573688805103302,
            "Contemplation": 0.2100326418876648,
            "Contempt": 0.15599484741687775,
            "Contentment": 0.06610459089279175,
            "Craving": 0.059884604066610336,
            "Desire": 0.04275038093328476,
            "Determination": 0.1264924556016922,
            "Disappointment": 0.23786313831806183,
            "Disgust": 0.09647650271654129,
            "Distress": 0.18725678324699402,
            "Doubt": 0.4173635244369507,
            "Ecstasy": 0.027187708765268326,
            "Embarrassment": 0.10284720361232758,
            "Empathic Pain": 0.07030759751796722,
            "Entrancement": 0.1512993723154068,
            "Envy": 0.054295480251312256,
            "Excitement": 0.07122877985239029,
            "Fear": 0.2602485716342926,
            "Guilt": 0.07377992570400238,
            "Horror": 0.17001095414161682,
            "Interest": 0.30845239758491516,
            "Joy": 0.0450768880546093,
            "Love": 0.043091870844364166,
            "Nostalgia": 0.04850205406546593,
            "Pain": 0.06594771146774292,
            "Pride": 0.04058275371789932,
            "Realization": 0.22260010242462158,
            "Relief": 0.04050466790795326,
            "Romance": 0.026420485228300095,
            "Sadness": 0.12452101707458496,
            "Satisfaction": 0.056199487298727036,
            "Shame": 0.055145762860774994,
            "Surprise (negative)": 0.24971900880336761,
            "Surprise (positive)": 0.19816403090953827,
            "Sympathy": 0.05250007286667824,
            "Tiredness": 0.1434400975704193,
            "Triumph": 0.023648522794246674
        },
        "prosody": {
            "Admiration": 0.046212177723646164,
            "Adoration": 0.0184727031737566,
            "Aesthetic Appreciation": 0.037425775080919266,
            "Amusement": 0.08761312812566757,
            "Anger": 0.004126596264541149,
            "Anxiety": 0.06723062694072723,
            "Awe": 0.0676916316151619,
            "Awkwardness": 0.19225168228149414,
            "Boredom": 0.04931703954935074,
            "Calmness": 0.08655254542827606,
            "Concentration": 0.02732394076883793,
            "Confusion": 0.11419601738452911,
            "Contemplation": 0.04997070133686066,
            "Contempt": 0.011038296855986118,
            "Contentment": 0.02382667362689972,
            "Craving": 0.028366833925247192,
            "Desire": 0.07068696618080139,
            "Determination": 0.039076607674360275,
            "Disappointment": 0.031109226867556572,
            "Disgust": 0.008467801846563816,
            "Distress": 0.04297307878732681,
            "Doubt": 0.059476107358932495,
            "Ecstasy": 0.030335742980241776,
            "Embarrassment": 0.02363606169819832,
            "Empathic Pain": 0.02230706438422203,
            "Entrancement": 0.05474519357085228,
            "Envy": 0.01422794722020626,
            "Excitement": 0.11044618487358093,
            "Fear": 0.07189859449863434,
            "Guilt": 0.018499845638871193,
            "Horror": 0.0327799990773201,
            "Interest": 0.22127072513103485,
            "Joy": 0.033752843737602234,
            "Love": 0.019518528133630753,
            "Nostalgia": 0.024045737460255623,
            "Pain": 0.01805208995938301,
            "Pride": 0.009521951898932457,
            "Realization": 0.06015463173389435,
            "Relief": 0.04211907088756561,
            "Romance": 0.04459938406944275,
            "Sadness": 0.02348497323691845,
            "Satisfaction": 0.04480656236410141,
            "Shame": 0.021845022216439247,
            "Surprise (negative)": 0.034840431064367294,
            "Surprise (positive)": 0.13170182704925537,
            "Sympathy": 0.06394192576408386,
            "Tiredness": 0.03637488931417465,
            "Triumph": 0.023163679987192154
        },
        "lang": {}
    }
}