{
    "metadata": {
        "dialogue_id": "806",
        "time_start": "00-00-51.009",
        "time_end": "00-00-52.343",
        "speaker": "Rachel",
        "emotion": "surprise",
        "sentiment": "negative",
        "file_name": "806_00-00-51.009_00-00-52.343_Rachel_surprise_negative"
    },
    "predicted": {
        "face": {
            "Admiration": 0.048523176461458206,
            "Adoration": 0.04565192386507988,
            "Aesthetic Appreciation": 0.03757982328534126,
            "Amusement": 0.10893601924180984,
            "Anger": 0.06904057413339615,
            "Anxiety": 0.20311948657035828,
            "Awe": 0.07387975603342056,
            "Awkwardness": 0.19467724859714508,
            "Boredom": 0.2111988663673401,
            "Calmness": 0.1800716370344162,
            "Concentration": 0.20409323275089264,
            "Confusion": 0.44468724727630615,
            "Contemplation": 0.1288008689880371,
            "Contempt": 0.1305464804172516,
            "Contentment": 0.06994673609733582,
            "Craving": 0.060499563813209534,
            "Desire": 0.10238487273454666,
            "Determination": 0.06193158030509949,
            "Disappointment": 0.322428822517395,
            "Disgust": 0.16600301861763,
            "Distress": 0.37513378262519836,
            "Doubt": 0.2678340971469879,
            "Ecstasy": 0.04739242047071457,
            "Embarrassment": 0.12426802515983582,
            "Empathic Pain": 0.17751343548297882,
            "Entrancement": 0.07764148712158203,
            "Envy": 0.02829666994512081,
            "Excitement": 0.06261805444955826,
            "Fear": 0.18690261244773865,
            "Guilt": 0.10840299725532532,
            "Horror": 0.09455312788486481,
            "Interest": 0.14937178790569305,
            "Joy": 0.06988994777202606,
            "Love": 0.06668789684772491,
            "Nostalgia": 0.05916571617126465,
            "Pain": 0.46300917863845825,
            "Pride": 0.034858766943216324,
            "Realization": 0.13610851764678955,
            "Relief": 0.07072561979293823,
            "Romance": 0.03815027326345444,
            "Sadness": 0.4743671119213104,
            "Satisfaction": 0.10409389436244965,
            "Shame": 0.09923949837684631,
            "Surprise (negative)": 0.07961847633123398,
            "Surprise (positive)": 0.03349301964044571,
            "Sympathy": 0.06107134371995926,
            "Tiredness": 0.27005648612976074,
            "Triumph": 0.026398900896310806
        },
        "prosody": {
            "Admiration": 0.0019531246507540345,
            "Adoration": 0.0008893884369172156,
            "Aesthetic Appreciation": 0.0019989865832030773,
            "Amusement": 0.015603604726493359,
            "Anger": 0.04499570280313492,
            "Anxiety": 0.02592264860868454,
            "Awe": 0.004087201785296202,
            "Awkwardness": 0.14632301032543182,
            "Boredom": 0.020175155252218246,
            "Calmness": 0.01798471063375473,
            "Concentration": 0.016453316435217857,
            "Confusion": 0.2004597932100296,
            "Contemplation": 0.011987495236098766,
            "Contempt": 0.05783075466752052,
            "Contentment": 0.007245396263897419,
            "Craving": 0.0007960692746564746,
            "Desire": 0.002278049010783434,
            "Determination": 0.024393487721681595,
            "Disappointment": 0.06904029101133347,
            "Disgust": 0.033003371208906174,
            "Distress": 0.05629367753863335,
            "Doubt": 0.13643771409988403,
            "Ecstasy": 0.0006529218517243862,
            "Embarrassment": 0.05632695555686951,
            "Empathic Pain": 0.002313573146238923,
            "Entrancement": 0.0007504072273150086,
            "Envy": 0.0024663328658789396,
            "Excitement": 0.002750176703557372,
            "Fear": 0.006744681857526302,
            "Guilt": 0.007521137595176697,
            "Horror": 0.007243577390909195,
            "Interest": 0.010004624724388123,
            "Joy": 0.00113319989759475,
            "Love": 0.0006224174285307527,
            "Nostalgia": 0.0013991162413731217,
            "Pain": 0.002766476711258292,
            "Pride": 0.009096094407141209,
            "Realization": 0.041443437337875366,
            "Relief": 0.009619347751140594,
            "Romance": 0.0019576088525354862,
            "Sadness": 0.00559324212372303,
            "Satisfaction": 0.005328284110873938,
            "Shame": 0.01622408628463745,
            "Surprise (negative)": 0.1739986389875412,
            "Surprise (positive)": 0.009395207278430462,
            "Sympathy": 0.004608458839356899,
            "Tiredness": 0.0114927738904953,
            "Triumph": 0.003029933199286461
        },
        "lang": {
            "Admiration": 0.0023522862466052175,
            "Adoration": 0.001029064558679238,
            "Aesthetic Appreciation": 0.0016010440012905747,
            "Amusement": 0.01101320143789053,
            "Anger": 0.01847671077121049,
            "Annoyance": 0.0865731118246913,
            "Anxiety": 0.02432781271636486,
            "Awe": 0.004641557461582124,
            "Awkwardness": 0.023744200356304646,
            "Boredom": 0.02411406021565199,
            "Calmness": 0.27996563352644444,
            "Concentration": 0.034994445741176605,
            "Confusion": 0.23564702458679676,
            "Contemplation": 0.10733650997281075,
            "Contempt": 0.04576750658452511,
            "Contentment": 0.1760393283329904,
            "Craving": 0.0012601884664036334,
            "Desire": 0.0003800643389695324,
            "Determination": 0.0666361479088664,
            "Disappointment": 0.023831025580875576,
            "Disapproval": 0.026631859131157398,
            "Disgust": 0.006284525792580098,
            "Distress": 0.019453875487670302,
            "Doubt": 0.14250492211431265,
            "Ecstasy": 0.0009030936344061047,
            "Embarrassment": 0.0032375453738495708,
            "Empathic Pain": 0.004117979551665485,
            "Enthusiasm": 0.01758119952864945,
            "Entrancement": 0.003161818254739046,
            "Envy": 0.002043988148216158,
            "Excitement": 0.00730141787789762,
            "Fear": 0.009343440993689,
            "Gratitude": 0.016460151877254248,
            "Guilt": 0.00346179713960737,
            "Horror": 0.002230748166766716,
            "Interest": 0.047911894507706165,
            "Joy": 0.007521165418438613,
            "Love": 0.001547727093566209,
            "Nostalgia": 0.0005994667299091816,
            "Pain": 0.0025459665339440107,
            "Pride": 0.03312067699152976,
            "Realization": 0.0859360471367836,
            "Relief": 0.03438186924904585,
            "Romance": 0.0003970125690102577,
            "Sadness": 0.00713145243935287,
            "Sarcasm": 0.08882649429142475,
            "Satisfaction": 0.1058890821877867,
            "Shame": 0.005407352116890252,
            "Surprise (negative)": 0.20396358979633078,
            "Surprise (positive)": 0.049313637893646955,
            "Sympathy": 0.006329165073111653,
            "Tiredness": 0.02382311364635825,
            "Triumph": 0.03331430838443339
        }
    }
}