{
    "metadata": {
        "dialogue_id": "806",
        "time_start": "00-00-41.125",
        "time_end": "00-00-43.793",
        "speaker": "Monica",
        "emotion": "neutral",
        "sentiment": "neutral",
        "file_name": "806_00-00-41.125_00-00-43.793_Monica_neutral_neutral"
    },
    "predicted": {
        "face": {
            "Admiration": 0.0767650455236435,
            "Adoration": 0.05222952365875244,
            "Aesthetic Appreciation": 0.05731287598609924,
            "Amusement": 0.10695039480924606,
            "Anger": 0.1031956896185875,
            "Anxiety": 0.19221647083759308,
            "Awe": 0.10770569741725922,
            "Awkwardness": 0.2568061053752899,
            "Boredom": 0.280167818069458,
            "Calmness": 0.24775949120521545,
            "Concentration": 0.38160768151283264,
            "Confusion": 0.4834458529949188,
            "Contemplation": 0.20000426471233368,
            "Contempt": 0.20874245464801788,
            "Contentment": 0.06838279962539673,
            "Craving": 0.11797797679901123,
            "Desire": 0.13890892267227173,
            "Determination": 0.1347397416830063,
            "Disappointment": 0.2817070782184601,
            "Disgust": 0.1616678535938263,
            "Distress": 0.21582047641277313,
            "Doubt": 0.3617938160896301,
            "Ecstasy": 0.03248731791973114,
            "Embarrassment": 0.10893761366605759,
            "Empathic Pain": 0.09141608327627182,
            "Entrancement": 0.1206396222114563,
            "Envy": 0.05562847852706909,
            "Excitement": 0.06137840822339058,
            "Fear": 0.16818422079086304,
            "Guilt": 0.08793552219867706,
            "Horror": 0.07804377377033234,
            "Interest": 0.2782227098941803,
            "Joy": 0.0500028170645237,
            "Love": 0.06016217917203903,
            "Nostalgia": 0.05361378937959671,
            "Pain": 0.12662744522094727,
            "Pride": 0.0442446768283844,
            "Realization": 0.153642475605011,
            "Relief": 0.03910437226295471,
            "Romance": 0.048809923231601715,
            "Sadness": 0.20893901586532593,
            "Satisfaction": 0.08123449981212616,
            "Shame": 0.07726867496967316,
            "Surprise (negative)": 0.09403474628925323,
            "Surprise (positive)": 0.050741881132125854,
            "Sympathy": 0.051066502928733826,
            "Tiredness": 0.16218872368335724,
            "Triumph": 0.027506060898303986
        },
        "prosody": {
            "Admiration": 0.0072918422520160675,
            "Adoration": 0.010324381291866302,
            "Aesthetic Appreciation": 0.0038005721289664507,
            "Amusement": 0.024561768397688866,
            "Anger": 0.07897236198186874,
            "Anxiety": 0.26259303092956543,
            "Awe": 0.01519678719341755,
            "Awkwardness": 0.07101212441921234,
            "Boredom": 0.0037884910125285387,
            "Calmness": 0.002478561131283641,
            "Concentration": 0.006916050799190998,
            "Confusion": 0.6777347326278687,
            "Contemplation": 0.02818198874592781,
            "Contempt": 0.029281435534358025,
            "Contentment": 0.0023819790221750736,
            "Craving": 0.0033789349254220724,
            "Desire": 0.0033509107306599617,
            "Determination": 0.005060753785073757,
            "Disappointment": 0.14208893477916718,
            "Disgust": 0.023175589740276337,
            "Distress": 0.24936538934707642,
            "Doubt": 0.40519487857818604,
            "Ecstasy": 0.003034723922610283,
            "Embarrassment": 0.05366062745451927,
            "Empathic Pain": 0.03521465137600899,
            "Entrancement": 0.0015687434934079647,
            "Envy": 0.013283347710967064,
            "Excitement": 0.011020003817975521,
            "Fear": 0.08036451786756516,
            "Guilt": 0.09104518592357635,
            "Horror": 0.02431762032210827,
            "Interest": 0.06157630681991577,
            "Joy": 0.004644488450139761,
            "Love": 0.010009871795773506,
            "Nostalgia": 0.007505049929022789,
            "Pain": 0.028603386133909225,
            "Pride": 0.0025087385438382626,
            "Realization": 0.09229432791471481,
            "Relief": 0.00242243311367929,
            "Romance": 0.02041635289788246,
            "Sadness": 0.06329967081546783,
            "Satisfaction": 0.0026889126747846603,
            "Shame": 0.0371345654129982,
            "Surprise (negative)": 0.2071312814950943,
            "Surprise (positive)": 0.06005176156759262,
            "Sympathy": 0.04490012302994728,
            "Tiredness": 0.012216631323099136,
            "Triumph": 0.0016388151561841369
        },
        "lang": {
            "Admiration": 0.004376657320083016,
            "Adoration": 0.0017463226039480004,
            "Aesthetic Appreciation": 0.0032599171843483215,
            "Amusement": 0.019835668098595407,
            "Anger": 0.06162555899936706,
            "Annoyance": 0.3975183897548252,
            "Anxiety": 0.03602517473821839,
            "Awe": 0.0037893991943241823,
            "Awkwardness": 0.047892803222768836,
            "Boredom": 0.07527394799722566,
            "Calmness": 0.053352880084680185,
            "Concentration": 0.01977136130962107,
            "Confusion": 0.10877107953031857,
            "Contemplation": 0.09589486651950413,
            "Contempt": 0.15088946144613954,
            "Contentment": 0.018842248608254723,
            "Craving": 0.0025051350692390567,
            "Desire": 0.0014690875864794685,
            "Determination": 0.028315203057395086,
            "Disappointment": 0.09386646540628539,
            "Disapproval": 0.23061797954142094,
            "Disgust": 0.02559875306259427,
            "Distress": 0.028198085259646177,
            "Doubt": 0.18772260886099604,
            "Ecstasy": 0.0005743725519601463,
            "Embarrassment": 0.0064521534368395805,
            "Empathic Pain": 0.008418861285058988,
            "Enthusiasm": 0.016282488591969013,
            "Entrancement": 0.0031810669073214135,
            "Envy": 0.007863872555188008,
            "Excitement": 0.007522558896905846,
            "Fear": 0.012071653954788215,
            "Gratitude": 0.002751919738430944,
            "Guilt": 0.0035019289158905544,
            "Horror": 0.0014146724715828896,
            "Interest": 0.06791360800464948,
            "Joy": 0.0043253621616814696,
            "Love": 0.002113814899025278,
            "Nostalgia": 0.002418370891569389,
            "Pain": 0.005311704667595525,
            "Pride": 0.005651752438603176,
            "Realization": 0.09550820932620102,
            "Relief": 0.008615616036372052,
            "Romance": 0.0013114168088779682,
            "Sadness": 0.01196611077628202,
            "Sarcasm": 0.1257053181115124,
            "Satisfaction": 0.017291529026503365,
            "Shame": 0.00879832295080026,
            "Surprise (negative)": 0.07611846282250351,
            "Surprise (positive)": 0.02748919174902969,
            "Sympathy": 0.010735146390895048,
            "Tiredness": 0.031054997609721288,
            "Triumph": 0.0071760397533782655
        }
    }
}