{
    "metadata": {
        "dialogue_id": "809",
        "time_start": "00-00-26.694",
        "time_end": "00-00-27.986",
        "speaker": "Joey",
        "emotion": "neutral",
        "sentiment": "neutral",
        "file_name": "809_00-00-26.694_00-00-27.986_Joey_neutral_neutral"
    },
    "predicted": {
        "face": {
            "Admiration": 0.21470090746879578,
            "Adoration": 0.32673540711402893,
            "Aesthetic Appreciation": 0.0860782042145729,
            "Amusement": 0.6179293394088745,
            "Anger": 0.019596140831708908,
            "Anxiety": 0.08524204790592194,
            "Awe": 0.07213373482227325,
            "Awkwardness": 0.2051454484462738,
            "Boredom": 0.1073366105556488,
            "Calmness": 0.26710188388824463,
            "Concentration": 0.14414526522159576,
            "Confusion": 0.11243424564599991,
            "Contemplation": 0.08826706558465958,
            "Contempt": 0.06615549325942993,
            "Contentment": 0.28294244408607483,
            "Craving": 0.04525940492749214,
            "Desire": 0.07793691754341125,
            "Determination": 0.045676566660404205,
            "Disappointment": 0.13869696855545044,
            "Disgust": 0.033390313386917114,
            "Distress": 0.1094723492860794,
            "Doubt": 0.09237775206565857,
            "Ecstasy": 0.11416471749544144,
            "Embarrassment": 0.21572323143482208,
            "Empathic Pain": 0.05251491442322731,
            "Entrancement": 0.09458620101213455,
            "Envy": 0.02673635631799698,
            "Excitement": 0.28577420115470886,
            "Fear": 0.042189668864011765,
            "Guilt": 0.06912976503372192,
            "Horror": 0.019946953281760216,
            "Interest": 0.32778069376945496,
            "Joy": 0.6046778559684753,
            "Love": 0.6453771591186523,
            "Nostalgia": 0.0988958328962326,
            "Pain": 0.09000031650066376,
            "Pride": 0.10774464160203934,
            "Realization": 0.12985049188137054,
            "Relief": 0.1567176729440689,
            "Romance": 0.19188150763511658,
            "Sadness": 0.1021346002817154,
            "Satisfaction": 0.37465542554855347,
            "Shame": 0.10253544896841049,
            "Surprise (negative)": 0.020699601620435715,
            "Surprise (positive)": 0.029981592670083046,
            "Sympathy": 0.07644909620285034,
            "Tiredness": 0.12390851229429245,
            "Triumph": 0.06560613960027695
        },
        "prosody": {
            "Admiration": 0,
            "Adoration": 0,
            "Aesthetic Appreciation": 0,
            "Amusement": 0,
            "Anger": 0,
            "Annoyance": 0,
            "Anxiety": 0,
            "Awe": 0,
            "Awkwardness": 0,
            "Boredom": 0,
            "Calmness": 0,
            "Concentration": 0,
            "Confusion": 0,
            "Contemplation": 0,
            "Contempt": 0,
            "Contentment": 0,
            "Craving": 0,
            "Desire": 0,
            "Determination": 0,
            "Disappointment": 0,
            "Disapproval": 0,
            "Disgust": 0,
            "Distress": 0,
            "Doubt": 0,
            "Ecstasy": 0,
            "Embarrassment": 0,
            "Empathic Pain": 0,
            "Enthusiasm": 0,
            "Entrancement": 0,
            "Envy": 0,
            "Excitement": 0,
            "Fear": 0,
            "Gratitude": 0,
            "Guilt": 0,
            "Horror": 0,
            "Interest": 0,
            "Joy": 0,
            "Love": 0,
            "Nostalgia": 0,
            "Pain": 0,
            "Pride": 0,
            "Realization": 0,
            "Relief": 0,
            "Romance": 0,
            "Sadness": 0,
            "Sarcasm": 0,
            "Satisfaction": 0,
            "Shame": 0,
            "Surprise (negative)": 0,
            "Surprise (positive)": 0,
            "Sympathy": 0,
            "Tiredness": 0,
            "Triumph": 0
        },
        "lang": {
            "Admiration": 0.00486228046938777,
            "Adoration": 0.0018917230423539876,
            "Aesthetic Appreciation": 0.01397305466234684,
            "Amusement": 0.030738811939954758,
            "Anger": 0.0051424426957964895,
            "Annoyance": 0.12044361829757691,
            "Anxiety": 0.02861051606014371,
            "Awe": 0.0033644743263721464,
            "Awkwardness": 0.08747638426721097,
            "Boredom": 0.2136431910097599,
            "Calmness": 0.21418907940387727,
            "Concentration": 0.13220910504460334,
            "Confusion": 0.03163506556302309,
            "Contemplation": 0.036483163759112355,
            "Contempt": 0.035405437275767324,
            "Contentment": 0.08150484710931778,
            "Craving": 0.00713975562248379,
            "Desire": 0.0028997371438890694,
            "Determination": 0.12820167429745197,
            "Disappointment": 0.04599396027624607,
            "Disapproval": 0.02126101655885577,
            "Disgust": 0.004986079153604805,
            "Distress": 0.014781020488590002,
            "Doubt": 0.016501166671514512,
            "Ecstasy": 0.004086866718716919,
            "Embarrassment": 0.01107469918206334,
            "Empathic Pain": 0.0035698238294571637,
            "Enthusiasm": 0.17719673179090023,
            "Entrancement": 0.007160621136426926,
            "Envy": 0.0012524914694949985,
            "Excitement": 0.14248263658955693,
            "Fear": 0.006303172372281551,
            "Gratitude": 0.031273791752755645,
            "Guilt": 0.002125956257805228,
            "Horror": 0.0009685889614047483,
            "Interest": 0.1510556846857071,
            "Joy": 0.016319628059864043,
            "Love": 0.0013308977708220483,
            "Nostalgia": 0.0008215578331146389,
            "Pain": 0.0037482707877643405,
            "Pride": 0.009427716676145791,
            "Realization": 0.05632933638989925,
            "Relief": 0.07115010693669319,
            "Romance": 0.001301086088642478,
            "Sadness": 0.0050537542439997194,
            "Sarcasm": 0.06230862755328417,
            "Satisfaction": 0.11292671933770179,
            "Shame": 0.004832126165274531,
            "Surprise (negative)": 0.029017103370279074,
            "Surprise (positive)": 0.03895335905253887,
            "Sympathy": 0.0047814468387514355,
            "Tiredness": 0.03674464812502265,
            "Triumph": 0.0332164365798235
        }
    }
}