{
    "metadata": {
        "dialogue_id": "809",
        "time_start": "00-01-01.854",
        "time_end": "00-01-05.607",
        "speaker": "Chandler",
        "emotion": "fear",
        "sentiment": "negative",
        "file_name": "809_00-01-01.854_00-01-05.607_Chandler_fear_negative"
    },
    "predicted": {
        "face": {
            "Admiration": 0.034526728093624115,
            "Adoration": 0.022929634898900986,
            "Aesthetic Appreciation": 0.02975926734507084,
            "Amusement": 0.06908824294805527,
            "Anger": 0.22078530490398407,
            "Anxiety": 0.18364158272743225,
            "Awe": 0.059701740741729736,
            "Awkwardness": 0.27452707290649414,
            "Boredom": 0.24783027172088623,
            "Calmness": 0.15742941200733185,
            "Concentration": 0.2810021638870239,
            "Confusion": 0.7388591170310974,
            "Contemplation": 0.13536523282527924,
            "Contempt": 0.3602108359336853,
            "Contentment": 0.04686716943979263,
            "Craving": 0.03268105536699295,
            "Desire": 0.027059242129325867,
            "Determination": 0.09304159879684448,
            "Disappointment": 0.38663673400878906,
            "Disgust": 0.4926367700099945,
            "Distress": 0.2782481014728546,
            "Doubt": 0.46887677907943726,
            "Ecstasy": 0.015286947600543499,
            "Embarrassment": 0.12716549634933472,
            "Empathic Pain": 0.11277197301387787,
            "Entrancement": 0.05771692097187042,
            "Envy": 0.05331013724207878,
            "Excitement": 0.033874791115522385,
            "Fear": 0.10494724661111832,
            "Guilt": 0.07707736641168594,
            "Horror": 0.0732797309756279,
            "Interest": 0.15126989781856537,
            "Joy": 0.03354582190513611,
            "Love": 0.026674874126911163,
            "Nostalgia": 0.033925965428352356,
            "Pain": 0.16881321370601654,
            "Pride": 0.03601536899805069,
            "Realization": 0.11342369019985199,
            "Relief": 0.02680331841111183,
            "Romance": 0.014489144086837769,
            "Sadness": 0.18816904723644257,
            "Satisfaction": 0.042006269097328186,
            "Shame": 0.0885239988565445,
            "Surprise (negative)": 0.09147732704877853,
            "Surprise (positive)": 0.032298967242240906,
            "Sympathy": 0.051081351935863495,
            "Tiredness": 0.1560027003288269,
            "Triumph": 0.018415119498968124
        },
        "prosody": {
            "Admiration": 0.016418689861893654,
            "Adoration": 0.008257181383669376,
            "Aesthetic Appreciation": 0.015063649974763393,
            "Amusement": 0.2333451360464096,
            "Anger": 0.3093407154083252,
            "Anxiety": 0.021169232204556465,
            "Awe": 0.01430027186870575,
            "Awkwardness": 0.061944521963596344,
            "Boredom": 0.007900109514594078,
            "Calmness": 0.01366737112402916,
            "Concentration": 0.05521497502923012,
            "Confusion": 0.02084318920969963,
            "Contemplation": 0.03301015496253967,
            "Contempt": 0.3183521032333374,
            "Contentment": 0.022554202005267143,
            "Craving": 0.005792710464447737,
            "Desire": 0.007069279905408621,
            "Determination": 0.2316160798072815,
            "Disappointment": 0.1972382813692093,
            "Disgust": 0.1358460783958435,
            "Distress": 0.042840566486120224,
            "Doubt": 0.04972042515873909,
            "Ecstasy": 0.014920959249138832,
            "Embarrassment": 0.040988627821207047,
            "Empathic Pain": 0.015380068682134151,
            "Entrancement": 0.0034488276578485966,
            "Envy": 0.02624322846531868,
            "Excitement": 0.11727145314216614,
            "Fear": 0.011122195050120354,
            "Guilt": 0.013973093591630459,
            "Horror": 0.009956654161214828,
            "Interest": 0.05877256765961647,
            "Joy": 0.012424986809492111,
            "Love": 0.0047099352814257145,
            "Nostalgia": 0.013967505656182766,
            "Pain": 0.006070793606340885,
            "Pride": 0.08731696754693985,
            "Realization": 0.38882479071617126,
            "Relief": 0.026494957506656647,
            "Romance": 0.00602666987106204,
            "Sadness": 0.007107448298484087,
            "Satisfaction": 0.053930964320898056,
            "Shame": 0.036561883985996246,
            "Surprise (negative)": 0.07760333269834518,
            "Surprise (positive)": 0.040338870137929916,
            "Sympathy": 0.023126864805817604,
            "Tiredness": 0.0039201779291033745,
            "Triumph": 0.0711997002363205
        },
        "lang": {
            "Admiration": 0.020793358038645238,
            "Adoration": 0.004054379263834562,
            "Aesthetic Appreciation": 0.009633807130740024,
            "Amusement": 0.08845610427670181,
            "Anger": 0.038972907699644566,
            "Annoyance": 0.3095262264832854,
            "Anxiety": 0.003084933814534452,
            "Awe": 0.018543880083598197,
            "Awkwardness": 0.019521110923960805,
            "Boredom": 0.010783034842461348,
            "Calmness": 0.016667341231368482,
            "Concentration": 0.023592562414705753,
            "Confusion": 0.12453972734510899,
            "Contemplation": 0.08002260909415781,
            "Contempt": 0.28568043024279177,
            "Contentment": 0.007352055195951834,
            "Craving": 0.0006301602843450382,
            "Desire": 0.0019802348397206515,
            "Determination": 0.0159127491642721,
            "Disappointment": 0.05402976111508906,
            "Disapproval": 0.2995675557758659,
            "Disgust": 0.07193151485989802,
            "Distress": 0.005228105103014968,
            "Doubt": 0.07193229184485972,
            "Ecstasy": 0.0006283544007601449,
            "Embarrassment": 0.0095610100106569,
            "Empathic Pain": 0.0026448706921655685,
            "Enthusiasm": 0.01982344768475741,
            "Entrancement": 0.00740979055990465,
            "Envy": 0.017937027223524638,
            "Excitement": 0.009468498101341538,
            "Fear": 0.001644270680117188,
            "Gratitude": 0.0035480060178088024,
            "Guilt": 0.0011233724217163399,
            "Horror": 0.0020242606915417127,
            "Interest": 0.08853373932652175,
            "Joy": 0.0034053718263749033,
            "Love": 0.0012082332095815218,
            "Nostalgia": 0.0016040447517298162,
            "Pain": 0.000665804556774674,
            "Pride": 0.013760392845142633,
            "Realization": 0.12710453709587455,
            "Relief": 0.004459183423023205,
            "Romance": 0.0007529669314862986,
            "Sadness": 0.0023094133648555726,
            "Sarcasm": 0.41108944453299046,
            "Satisfaction": 0.018678431981243193,
            "Shame": 0.010491461041965522,
            "Surprise (negative)": 0.12498782225884497,
            "Surprise (positive)": 0.07099703256972134,
            "Sympathy": 0.003733024474058766,
            "Tiredness": 0.004517935594776645,
            "Triumph": 0.013430054910713807
        }
    }
}