{
    "metadata": {
        "dialogue_id": "810",
        "time_start": "00-00-00.000",
        "time_end": "00-00-01.125",
        "speaker": "Monica",
        "emotion": "surprise",
        "sentiment": "negative",
        "file_name": "810_00-00-00.000_00-00-01.125_Monica_surprise_negative"
    },
    "predicted": {
        "face": {},
        "prosody": {
            "Admiration": 0.003692598780617118,
            "Adoration": 0.005334726069122553,
            "Aesthetic Appreciation": 0.004371277987957001,
            "Amusement": 0.07676524668931961,
            "Anger": 0.36086174845695496,
            "Anxiety": 0.11014001071453094,
            "Awe": 0.033043939620256424,
            "Awkwardness": 0.09133932739496231,
            "Boredom": 0.002009551739320159,
            "Calmness": 0.0008321088971570134,
            "Concentration": 0.002102371770888567,
            "Confusion": 0.6672676801681519,
            "Contemplation": 0.001968841999769211,
            "Contempt": 0.04987449198961258,
            "Contentment": 0.0017144919838756323,
            "Craving": 0.0013744775205850601,
            "Desire": 0.0030397900845855474,
            "Determination": 0.005575093440711498,
            "Disappointment": 0.08591609448194504,
            "Disgust": 0.16536380350589752,
            "Distress": 0.32911112904548645,
            "Doubt": 0.07443313300609589,
            "Ecstasy": 0.010933158919215202,
            "Embarrassment": 0.058683089911937714,
            "Empathic Pain": 0.011505438014864922,
            "Entrancement": 0.0028097829781472683,
            "Envy": 0.01410379633307457,
            "Excitement": 0.05605420842766762,
            "Fear": 0.09132714569568634,
            "Guilt": 0.01245138980448246,
            "Horror": 0.09566383808851242,
            "Interest": 0.1005559042096138,
            "Joy": 0.012714999727904797,
            "Love": 0.002547910902649164,
            "Nostalgia": 0.001126607065089047,
            "Pain": 0.029357505962252617,
            "Pride": 0.0028394702821969986,
            "Realization": 0.0361812449991703,
            "Relief": 0.0020945509895682335,
            "Romance": 0.0028287824243307114,
            "Sadness": 0.011386986821889877,
            "Satisfaction": 0.0017056928481906652,
            "Shame": 0.012155075557529926,
            "Surprise (negative)": 0.48699334263801575,
            "Surprise (positive)": 0.1711999475955963,
            "Sympathy": 0.004526211880147457,
            "Tiredness": 0.0030424650758504868,
            "Triumph": 0.0049326359294354916
        },
        "lang": {
            "Admiration": 0.007871639914810658,
            "Adoration": 0.002552826151562234,
            "Aesthetic Appreciation": 0.005025918983543913,
            "Amusement": 0.021783020347356796,
            "Anger": 0.039284933203210436,
            "Annoyance": 0.05787912694116434,
            "Anxiety": 0.08050273172557354,
            "Awe": 0.015687518597890932,
            "Awkwardness": 0.02425214151541392,
            "Boredom": 0.013848197103167573,
            "Calmness": 0.0338894163724035,
            "Concentration": 0.0706461990873019,
            "Confusion": 0.5525470077991486,
            "Contemplation": 0.0798866090675195,
            "Contempt": 0.020159615203738213,
            "Contentment": 0.008837969158776104,
            "Craving": 0.0018150647326062124,
            "Desire": 0.0009300295496359468,
            "Determination": 0.018000692905237276,
            "Disappointment": 0.008480834309011698,
            "Disapproval": 0.025214555983742077,
            "Disgust": 0.009932336552689472,
            "Distress": 0.07032457979706426,
            "Doubt": 0.10586393376191457,
            "Ecstasy": 0.002978942395808796,
            "Embarrassment": 0.004177256176869075,
            "Empathic Pain": 0.002118144475389272,
            "Enthusiasm": 0.03703957051038742,
            "Entrancement": 0.011039240596195063,
            "Envy": 0.0019315526587888598,
            "Excitement": 0.06226429964105288,
            "Fear": 0.10206153453327715,
            "Gratitude": 0.002821179572492838,
            "Guilt": 0.0014402598802310724,
            "Horror": 0.04056918751060342,
            "Interest": 0.14300752182801565,
            "Joy": 0.006858971047525604,
            "Love": 0.0008681930776219815,
            "Nostalgia": 0.0018853378714993596,
            "Pain": 0.0016914071359982092,
            "Pride": 0.005080413383742173,
            "Realization": 0.048533366372187935,
            "Relief": 0.0035679658564428487,
            "Romance": 0.0005617874849122018,
            "Sadness": 0.0015782414314647515,
            "Sarcasm": 0.02233493948976199,
            "Satisfaction": 0.011163732347389063,
            "Shame": 0.003250180666024486,
            "Surprise (negative)": 0.16146347112953663,
            "Surprise (positive)": 0.09141976820925872,
            "Sympathy": 0.002109669925024112,
            "Tiredness": 0.004565119549321632,
            "Triumph": 0.010572131102283796
        }
    }
}