{
    "metadata": {
        "dialogue_id": "813",
        "time_start": "00-00-39.582",
        "time_end": "00-00-39.874",
        "speaker": "Mrs.-Chatracus",
        "emotion": "neutral",
        "sentiment": "neutral",
        "file_name": "813_00-00-39.582_00-00-39.874_Mrs.-Chatracus_neutral_neutral"
    },
    "predicted": {
        "face": {
            "Admiration": 0.12020047754049301,
            "Adoration": 0.11573020368814468,
            "Aesthetic Appreciation": 0.0702061578631401,
            "Amusement": 0.23974072933197021,
            "Anger": 0.08468451350927353,
            "Anxiety": 0.1640576869249344,
            "Awe": 0.11346884816884995,
            "Awkwardness": 0.1747380495071411,
            "Boredom": 0.22751735150814056,
            "Calmness": 0.2978419363498688,
            "Concentration": 0.3392818868160248,
            "Confusion": 0.3148671090602875,
            "Contemplation": 0.20668688416481018,
            "Contempt": 0.13031773269176483,
            "Contentment": 0.15396738052368164,
            "Craving": 0.061833951622247696,
            "Desire": 0.08691466599702835,
            "Determination": 0.10789962112903595,
            "Disappointment": 0.25586026906967163,
            "Disgust": 0.10499057173728943,
            "Distress": 0.24201056361198425,
            "Doubt": 0.25201934576034546,
            "Ecstasy": 0.07277857512235641,
            "Embarrassment": 0.1056298166513443,
            "Empathic Pain": 0.11555776745080948,
            "Entrancement": 0.114381343126297,
            "Envy": 0.04066689312458038,
            "Excitement": 0.1482645720243454,
            "Fear": 0.1418565958738327,
            "Guilt": 0.09183570742607117,
            "Horror": 0.07568106055259705,
            "Interest": 0.2866041362285614,
            "Joy": 0.2078326940536499,
            "Love": 0.16789835691452026,
            "Nostalgia": 0.0786982849240303,
            "Pain": 0.23049305379390717,
            "Pride": 0.08116953074932098,
            "Realization": 0.16518634557724,
            "Relief": 0.09709819406270981,
            "Romance": 0.06455674022436142,
            "Sadness": 0.27954405546188354,
            "Satisfaction": 0.19944697618484497,
            "Shame": 0.0800226479768753,
            "Surprise (negative)": 0.07178879529237747,
            "Surprise (positive)": 0.0627475157380104,
            "Sympathy": 0.06910058110952377,
            "Tiredness": 0.1919040083885193,
            "Triumph": 0.056782063096761703
        },
        "prosody": {
            "Admiration": 0,
            "Adoration": 0,
            "Aesthetic Appreciation": 0,
            "Amusement": 0,
            "Anger": 0,
            "Annoyance": 0,
            "Anxiety": 0,
            "Awe": 0,
            "Awkwardness": 0,
            "Boredom": 0,
            "Calmness": 0,
            "Concentration": 0,
            "Confusion": 0,
            "Contemplation": 0,
            "Contempt": 0,
            "Contentment": 0,
            "Craving": 0,
            "Desire": 0,
            "Determination": 0,
            "Disappointment": 0,
            "Disapproval": 0,
            "Disgust": 0,
            "Distress": 0,
            "Doubt": 0,
            "Ecstasy": 0,
            "Embarrassment": 0,
            "Empathic Pain": 0,
            "Enthusiasm": 0,
            "Entrancement": 0,
            "Envy": 0,
            "Excitement": 0,
            "Fear": 0,
            "Gratitude": 0,
            "Guilt": 0,
            "Horror": 0,
            "Interest": 0,
            "Joy": 0,
            "Love": 0,
            "Nostalgia": 0,
            "Pain": 0,
            "Pride": 0,
            "Realization": 0,
            "Relief": 0,
            "Romance": 0,
            "Sadness": 0,
            "Sarcasm": 0,
            "Satisfaction": 0,
            "Shame": 0,
            "Surprise (negative)": 0,
            "Surprise (positive)": 0,
            "Sympathy": 0,
            "Tiredness": 0,
            "Triumph": 0
        },
        "lang": {
            "Admiration": 0.09034665208309889,
            "Adoration": 0.2768826731480658,
            "Aesthetic Appreciation": 0.032209061086177826,
            "Amusement": 0.046645667403936386,
            "Anger": 0.0006594081642106175,
            "Annoyance": 0.006034780060872436,
            "Anxiety": 0.002336930250748992,
            "Awe": 0.051118921022862196,
            "Awkwardness": 0.039914657827466726,
            "Boredom": 0.03174642368685454,
            "Calmness": 0.1470387578010559,
            "Concentration": 0.01190487272106111,
            "Confusion": 0.022309532156214118,
            "Contemplation": 0.0157279334962368,
            "Contempt": 0.010315049206838012,
            "Contentment": 0.09170423820614815,
            "Craving": 0.017145532445283607,
            "Desire": 0.10900475829839706,
            "Determination": 0.006628323346376419,
            "Disappointment": 0.0011945496953558177,
            "Disapproval": 0.002628081594593823,
            "Disgust": 0.0008758570766076446,
            "Distress": 0.0011286452354397625,
            "Doubt": 0.0045384380500763655,
            "Ecstasy": 0.06477518985047936,
            "Embarrassment": 0.002313476987183094,
            "Empathic Pain": 0.0015055319527164102,
            "Enthusiasm": 0.14177708327770233,
            "Entrancement": 0.0809103799983859,
            "Envy": 0.0015636416210327297,
            "Excitement": 0.12556037679314613,
            "Fear": 0.0009451794903725386,
            "Gratitude": 0.026764770038425922,
            "Guilt": 0.0005339188646757975,
            "Horror": 0.00025124960666289553,
            "Interest": 0.19473271816968918,
            "Joy": 0.25294968485832214,
            "Love": 0.41851513646543026,
            "Nostalgia": 0.0061911867232993245,
            "Pain": 0.0006385165579558816,
            "Pride": 0.015755747444927692,
            "Realization": 0.027168854605406523,
            "Relief": 0.006134501658380032,
            "Romance": 0.28465899964794517,
            "Sadness": 0.000525668881891761,
            "Sarcasm": 0.009790438110940158,
            "Satisfaction": 0.08046577125787735,
            "Shame": 0.001113578793592751,
            "Surprise (negative)": 0.008767201448790729,
            "Surprise (positive)": 0.1291786376386881,
            "Sympathy": 0.0025562947848811746,
            "Tiredness": 0.0022532350849360228,
            "Triumph": 0.009233447024598718
        }
    }
}