{
    "metadata": {
        "dialogue_id": "814",
        "time_start": "00-00-27.110",
        "time_end": "00-00-29.361",
        "speaker": "Ross",
        "emotion": "joy",
        "sentiment": "positive",
        "text_content": "Lift!! And slide!",
        "file_name": "814_00-00-27.110_00-00-29.361_Ross_joy_positive"
    },
    "predicted": {
        "face": {
            "Admiration": 0.12342491745948792,
            "Adoration": 0.07349143922328949,
            "Aesthetic Appreciation": 0.07318899780511856,
            "Amusement": 0.13526345789432526,
            "Anger": 0.08650244027376175,
            "Anxiety": 0.19314756989479065,
            "Awe": 0.21750590205192566,
            "Awkwardness": 0.22998817265033722,
            "Boredom": 0.24316711723804474,
            "Calmness": 0.29827117919921875,
            "Concentration": 0.4545370936393738,
            "Confusion": 0.5345103144645691,
            "Contemplation": 0.2398701310157776,
            "Contempt": 0.16124963760375977,
            "Contentment": 0.08722259849309921,
            "Craving": 0.07271256297826767,
            "Desire": 0.055392201989889145,
            "Determination": 0.14033442735671997,
            "Disappointment": 0.24926728010177612,
            "Disgust": 0.09122094511985779,
            "Distress": 0.2040727734565735,
            "Doubt": 0.41556334495544434,
            "Ecstasy": 0.03428351506590843,
            "Embarrassment": 0.10998431593179703,
            "Empathic Pain": 0.08246221393346786,
            "Entrancement": 0.154420867562294,
            "Envy": 0.05748140811920166,
            "Excitement": 0.08778044581413269,
            "Fear": 0.2207019031047821,
            "Guilt": 0.08442080020904541,
            "Horror": 0.11788380891084671,
            "Interest": 0.35173115134239197,
            "Joy": 0.06827487796545029,
            "Love": 0.06988861411809921,
            "Nostalgia": 0.06386803090572357,
            "Pain": 0.08833823353052139,
            "Pride": 0.05685451999306679,
            "Realization": 0.22644789516925812,
            "Relief": 0.05437128618359566,
            "Romance": 0.03928136080503464,
            "Sadness": 0.16237878799438477,
            "Satisfaction": 0.08167636394500732,
            "Shame": 0.06447987258434296,
            "Surprise (negative)": 0.15548254549503326,
            "Surprise (positive)": 0.13564980030059814,
            "Sympathy": 0.06331780552864075,
            "Tiredness": 0.14144949615001678,
            "Triumph": 0.03197621926665306
        },
        "prosody": {
            "Admiration": 0,
            "Adoration": 0,
            "Aesthetic Appreciation": 0,
            "Amusement": 0,
            "Anger": 0,
            "Annoyance": 0,
            "Anxiety": 0,
            "Awe": 0,
            "Awkwardness": 0,
            "Boredom": 0,
            "Calmness": 0,
            "Concentration": 0,
            "Confusion": 0,
            "Contemplation": 0,
            "Contempt": 0,
            "Contentment": 0,
            "Craving": 0,
            "Desire": 0,
            "Determination": 0,
            "Disappointment": 0,
            "Disapproval": 0,
            "Disgust": 0,
            "Distress": 0,
            "Doubt": 0,
            "Ecstasy": 0,
            "Embarrassment": 0,
            "Empathic Pain": 0,
            "Enthusiasm": 0,
            "Entrancement": 0,
            "Envy": 0,
            "Excitement": 0,
            "Fear": 0,
            "Gratitude": 0,
            "Guilt": 0,
            "Horror": 0,
            "Interest": 0,
            "Joy": 0,
            "Love": 0,
            "Nostalgia": 0,
            "Pain": 0,
            "Pride": 0,
            "Realization": 0,
            "Relief": 0,
            "Romance": 0,
            "Sadness": 0,
            "Sarcasm": 0,
            "Satisfaction": 0,
            "Shame": 0,
            "Surprise (negative)": 0,
            "Surprise (positive)": 0,
            "Sympathy": 0,
            "Tiredness": 0,
            "Triumph": 0
        },
        "lang": {}
    }
}