{
    "metadata": {
        "dialogue_id": "81",
        "time_start": "00-00-32.241",
        "time_end": "00-00-36.869",
        "speaker": "Phoebe",
        "emotion": "anger",
        "sentiment": "negative",
        "text_content": "I was the last one to know when Chandler got bitten by the peacock at the zoo.",
        "file_name": "81_00-00-32.241_00-00-36.869_Phoebe_anger_negative"
    },
    "predicted": {
        "face": {
            "Admiration": 0.04555731639266014,
            "Adoration": 0.03776121512055397,
            "Aesthetic Appreciation": 0.031220482662320137,
            "Amusement": 0.18448090553283691,
            "Anger": 0.12858165800571442,
            "Anxiety": 0.11465054750442505,
            "Awe": 0.20662173628807068,
            "Awkwardness": 0.15132537484169006,
            "Boredom": 0.24538563191890717,
            "Calmness": 0.10745757073163986,
            "Concentration": 0.08335629850625992,
            "Confusion": 0.16384220123291016,
            "Contemplation": 0.03952055051922798,
            "Contempt": 0.08842035382986069,
            "Contentment": 0.06633802503347397,
            "Craving": 0.0640413761138916,
            "Desire": 0.15973317623138428,
            "Determination": 0.06201493740081787,
            "Disappointment": 0.21667049825191498,
            "Disgust": 0.11022010445594788,
            "Distress": 0.2196931391954422,
            "Doubt": 0.08999769389629364,
            "Ecstasy": 0.17535430192947388,
            "Embarrassment": 0.09686361998319626,
            "Empathic Pain": 0.07613126933574677,
            "Entrancement": 0.07620753347873688,
            "Envy": 0.02029792219400406,
            "Excitement": 0.21545368432998657,
            "Fear": 0.1414877325296402,
            "Guilt": 0.04493003338575363,
            "Horror": 0.17051158845424652,
            "Interest": 0.10055519640445709,
            "Joy": 0.11580368876457214,
            "Love": 0.06573744863271713,
            "Nostalgia": 0.033503156155347824,
            "Pain": 0.24945314228534698,
            "Pride": 0.05258121341466904,
            "Realization": 0.143390953540802,
            "Relief": 0.12345243990421295,
            "Romance": 0.03330850601196289,
            "Sadness": 0.10511460900306702,
            "Satisfaction": 0.1893598586320877,
            "Shame": 0.05417778342962265,
            "Surprise (negative)": 0.182586669921875,
            "Surprise (positive)": 0.13831889629364014,
            "Sympathy": 0.022464293986558914,
            "Tiredness": 0.4273104965686798,
            "Triumph": 0.0988505482673645
        },
        "prosody": {
            "Admiration": 0.009195307269692421,
            "Adoration": 0.01765238307416439,
            "Aesthetic Appreciation": 0.01727578602731228,
            "Amusement": 0.1156616285443306,
            "Anger": 0.05509918928146362,
            "Anxiety": 0.08678708970546722,
            "Awe": 0.010933950543403625,
            "Awkwardness": 0.06805571913719177,
            "Boredom": 0.009260376915335655,
            "Calmness": 0.023657647892832756,
            "Concentration": 0.016315534710884094,
            "Confusion": 0.23842471837997437,
            "Contemplation": 0.03753918409347534,
            "Contempt": 0.013277523219585419,
            "Contentment": 0.008030262775719166,
            "Craving": 0.017585011199116707,
            "Desire": 0.0076211076229810715,
            "Determination": 0.00610742811113596,
            "Disappointment": 0.17000479996204376,
            "Disgust": 0.02592194266617298,
            "Distress": 0.3157121539115906,
            "Doubt": 0.02652176097035408,
            "Ecstasy": 0.011336161755025387,
            "Embarrassment": 0.08422951400279999,
            "Empathic Pain": 0.035986125469207764,
            "Entrancement": 0.0032490945886820555,
            "Envy": 0.03661096468567848,
            "Excitement": 0.05079350620508194,
            "Fear": 0.05683891102671623,
            "Guilt": 0.058852650225162506,
            "Horror": 0.05737652629613876,
            "Interest": 0.028819099068641663,
            "Joy": 0.02562202326953411,
            "Love": 0.0090986592695117,
            "Nostalgia": 0.16859903931617737,
            "Pain": 0.08507811278104782,
            "Pride": 0.014680334366858006,
            "Realization": 0.10854505747556686,
            "Relief": 0.011921520344913006,
            "Romance": 0.012615542858839035,
            "Sadness": 0.26232728362083435,
            "Satisfaction": 0.017398903146386147,
            "Shame": 0.04499490559101105,
            "Surprise (negative)": 0.199091836810112,
            "Surprise (positive)": 0.04351213946938515,
            "Sympathy": 0.009009985253214836,
            "Tiredness": 0.008727164939045906,
            "Triumph": 0.010237555019557476
        },
        "lang": {}
    }
}