{
    "metadata": {
        "dialogue_id": "821",
        "time_start": "00-00-04.838",
        "time_end": "00-00-09.133",
        "speaker": "Ross",
        "emotion": "surprise",
        "sentiment": "positive",
        "file_name": "821_00-00-04.838_00-00-09.133_Ross_surprise_positive"
    },
    "predicted": {
        "face": {
            "Admiration": 0.07955864071846008,
            "Adoration": 0.07355475425720215,
            "Aesthetic Appreciation": 0.05337611585855484,
            "Amusement": 0.19381797313690186,
            "Anger": 0.06002874672412872,
            "Anxiety": 0.17867474257946014,
            "Awe": 0.12478382140398026,
            "Awkwardness": 0.14948183298110962,
            "Boredom": 0.22701257467269897,
            "Calmness": 0.20670990645885468,
            "Concentration": 0.258512020111084,
            "Confusion": 0.23261088132858276,
            "Contemplation": 0.1675804853439331,
            "Contempt": 0.08104849606752396,
            "Contentment": 0.1038287878036499,
            "Craving": 0.08141128718852997,
            "Desire": 0.1761770397424698,
            "Determination": 0.08931607007980347,
            "Disappointment": 0.1935913860797882,
            "Disgust": 0.07037051022052765,
            "Distress": 0.2308475822210312,
            "Doubt": 0.17511463165283203,
            "Ecstasy": 0.103271484375,
            "Embarrassment": 0.09713731706142426,
            "Empathic Pain": 0.08200620114803314,
            "Entrancement": 0.11613538861274719,
            "Envy": 0.026866218075156212,
            "Excitement": 0.154778391122818,
            "Fear": 0.1504194587469101,
            "Guilt": 0.07617665082216263,
            "Horror": 0.08942896127700806,
            "Interest": 0.21669450402259827,
            "Joy": 0.1418440043926239,
            "Love": 0.11781561374664307,
            "Nostalgia": 0.05673906207084656,
            "Pain": 0.18270254135131836,
            "Pride": 0.051070842891931534,
            "Realization": 0.1634652018547058,
            "Relief": 0.0948369950056076,
            "Romance": 0.06716818362474442,
            "Sadness": 0.1558406800031662,
            "Satisfaction": 0.19112235307693481,
            "Shame": 0.06949607282876968,
            "Surprise (negative)": 0.08517487347126007,
            "Surprise (positive)": 0.0736364796757698,
            "Sympathy": 0.04086754843592644,
            "Tiredness": 0.24516044557094574,
            "Triumph": 0.052487462759017944
        },
        "prosody": {
            "Admiration": 0.019925322383642197,
            "Adoration": 0.008803737349808216,
            "Aesthetic Appreciation": 0.008148029446601868,
            "Amusement": 0.22846311330795288,
            "Anger": 0.06244144216179848,
            "Anxiety": 0.039192523807287216,
            "Awe": 0.01582285389304161,
            "Awkwardness": 0.22279693186283112,
            "Boredom": 0.0027410981711000204,
            "Calmness": 0.0036319911014288664,
            "Concentration": 0.003803305560722947,
            "Confusion": 0.18224668502807617,
            "Contemplation": 0.03026064671576023,
            "Contempt": 0.05234925076365471,
            "Contentment": 0.006841533351689577,
            "Craving": 0.0024759385269135237,
            "Desire": 0.005652818363159895,
            "Determination": 0.016344889998435974,
            "Disappointment": 0.26694005727767944,
            "Disgust": 0.06041238084435463,
            "Distress": 0.06285616755485535,
            "Doubt": 0.03679191693663597,
            "Ecstasy": 0.005911569111049175,
            "Embarrassment": 0.11646389961242676,
            "Empathic Pain": 0.009586679749190807,
            "Entrancement": 0.008600188419222832,
            "Envy": 0.019503626972436905,
            "Excitement": 0.031813040375709534,
            "Fear": 0.0025972158182412386,
            "Guilt": 0.018941020593047142,
            "Horror": 0.007849845103919506,
            "Interest": 0.035303570330142975,
            "Joy": 0.020771417766809464,
            "Love": 0.014205527491867542,
            "Nostalgia": 0.003805809887126088,
            "Pain": 0.0046852631494402885,
            "Pride": 0.022507384419441223,
            "Realization": 0.07469391822814941,
            "Relief": 0.0031832526437938213,
            "Romance": 0.012465300969779491,
            "Sadness": 0.021042926236987114,
            "Satisfaction": 0.015079580247402191,
            "Shame": 0.034258969128131866,
            "Surprise (negative)": 0.08963736891746521,
            "Surprise (positive)": 0.035843685269355774,
            "Sympathy": 0.04330971837043762,
            "Tiredness": 0.016880745068192482,
            "Triumph": 0.008676142431795597
        },
        "lang": {
            "Admiration": 0.011556462939971915,
            "Adoration": 0.005960966424586682,
            "Aesthetic Appreciation": 0.0028067110643650475,
            "Amusement": 0.03995783455096758,
            "Anger": 0.08202518623035687,
            "Annoyance": 0.21112735426196685,
            "Anxiety": 0.013895031494589953,
            "Awe": 0.03012672424889528,
            "Awkwardness": 0.04678623270816528,
            "Boredom": 0.003975978618165335,
            "Calmness": 0.009306160912204247,
            "Concentration": 0.007827801217969794,
            "Confusion": 0.2202440293935629,
            "Contemplation": 0.02516003454533907,
            "Contempt": 0.05467664822936058,
            "Contentment": 0.007833759013849955,
            "Craving": 0.0009283816370253379,
            "Desire": 0.0021322364762174683,
            "Determination": 0.010468322712068375,
            "Disappointment": 0.03339491397715532,
            "Disapproval": 0.07163312300466575,
            "Disgust": 0.018119472759560898,
            "Distress": 0.02117766855427852,
            "Doubt": 0.04056094909230104,
            "Ecstasy": 0.005252411436791031,
            "Embarrassment": 0.01564330759888085,
            "Empathic Pain": 0.005601254721673636,
            "Enthusiasm": 0.05014852420068704,
            "Entrancement": 0.007237193550771246,
            "Envy": 0.003997892902519267,
            "Excitement": 0.05873760058043095,
            "Fear": 0.006310018146625505,
            "Gratitude": 0.0062612420610653665,
            "Guilt": 0.005326416853886957,
            "Horror": 0.005729766419300666,
            "Interest": 0.06592334892887336,
            "Joy": 0.021473127166525677,
            "Love": 0.003175378208442663,
            "Nostalgia": 0.0011355830960942863,
            "Pain": 0.0027250274209878766,
            "Pride": 0.023121352110487912,
            "Realization": 0.10708877530235511,
            "Relief": 0.00774338861139348,
            "Romance": 0.0016566103978010898,
            "Sadness": 0.0035989137294773874,
            "Sarcasm": 0.12257350150209206,
            "Satisfaction": 0.019353536029274646,
            "Shame": 0.00996789250236291,
            "Surprise (negative)": 0.36375760917480177,
            "Surprise (positive)": 0.2792532885303864,
            "Sympathy": 0.00626489376792541,
            "Tiredness": 0.004255985935182812,
            "Triumph": 0.027627767708439093
        }
    }
}