{
    "metadata": {
        "dialogue_id": "827",
        "time_start": "00-00-09.218",
        "time_end": "00-00-11.469",
        "speaker": "Phoebe",
        "emotion": "neutral",
        "sentiment": "neutral",
        "file_name": "827_00-00-09.218_00-00-11.469_Phoebe_neutral_neutral"
    },
    "predicted": {
        "face": {
            "Admiration": 0.206034854054451,
            "Adoration": 0.2491040825843811,
            "Aesthetic Appreciation": 0.11212051659822464,
            "Amusement": 0.45029008388519287,
            "Anger": 0.020454084500670433,
            "Anxiety": 0.041674159467220306,
            "Awe": 0.15013068914413452,
            "Awkwardness": 0.08161935955286026,
            "Boredom": 0.11507536470890045,
            "Calmness": 0.3564387559890747,
            "Concentration": 0.12691162526607513,
            "Confusion": 0.07392451912164688,
            "Contemplation": 0.08677995949983597,
            "Contempt": 0.06181010603904724,
            "Contentment": 0.3467560410499573,
            "Craving": 0.06629016995429993,
            "Desire": 0.2039075493812561,
            "Determination": 0.056936249136924744,
            "Disappointment": 0.06419777870178223,
            "Disgust": 0.01812564954161644,
            "Distress": 0.06441568583250046,
            "Doubt": 0.051322732120752335,
            "Ecstasy": 0.42022690176963806,
            "Embarrassment": 0.03484345227479935,
            "Empathic Pain": 0.026553884148597717,
            "Entrancement": 0.17637662589550018,
            "Envy": 0.02039305493235588,
            "Excitement": 0.33682945370674133,
            "Fear": 0.03881651535630226,
            "Guilt": 0.01856602542102337,
            "Horror": 0.02050570398569107,
            "Interest": 0.23245114088058472,
            "Joy": 0.5717525482177734,
            "Love": 0.4290412664413452,
            "Nostalgia": 0.10536497831344604,
            "Pain": 0.06915993243455887,
            "Pride": 0.17472945153713226,
            "Realization": 0.15376624464988708,
            "Relief": 0.5025229454040527,
            "Romance": 0.12766259908676147,
            "Sadness": 0.040494054555892944,
            "Satisfaction": 0.7694334387779236,
            "Shame": 0.020324831828475,
            "Surprise (negative)": 0.017560936510562897,
            "Surprise (positive)": 0.0330783911049366,
            "Sympathy": 0.028906315565109253,
            "Tiredness": 0.1687200665473938,
            "Triumph": 0.20059612393379211
        },
        "prosody": {
            "Admiration": 0.07921508699655533,
            "Adoration": 0.060445819050073624,
            "Aesthetic Appreciation": 0.04309670254588127,
            "Amusement": 0.268346905708313,
            "Anger": 0.07975006848573685,
            "Anxiety": 0.10063174366950989,
            "Awe": 0.06135409325361252,
            "Awkwardness": 0.09325907379388809,
            "Boredom": 0.028207886964082718,
            "Calmness": 0.017642026767134666,
            "Concentration": 0.018194476142525673,
            "Confusion": 0.05946812033653259,
            "Contemplation": 0.014872439205646515,
            "Contempt": 0.032830867916345596,
            "Contentment": 0.03141002729535103,
            "Craving": 0.020174665376544,
            "Desire": 0.01682034507393837,
            "Determination": 0.03506746515631676,
            "Disappointment": 0.09726811945438385,
            "Disgust": 0.057669222354888916,
            "Distress": 0.19783423840999603,
            "Doubt": 0.02052818052470684,
            "Ecstasy": 0.035274941474199295,
            "Embarrassment": 0.052365440875291824,
            "Empathic Pain": 0.020056573674082756,
            "Entrancement": 0.01716179959475994,
            "Envy": 0.01837022975087166,
            "Excitement": 0.1611419916152954,
            "Fear": 0.1960517019033432,
            "Guilt": 0.0323760099709034,
            "Horror": 0.08116031438112259,
            "Interest": 0.0627095177769661,
            "Joy": 0.06306694447994232,
            "Love": 0.030822772532701492,
            "Nostalgia": 0.03914285823702812,
            "Pain": 0.02673840895295143,
            "Pride": 0.05068686231970787,
            "Realization": 0.05475715175271034,
            "Relief": 0.02190266363322735,
            "Romance": 0.035266440361738205,
            "Sadness": 0.06842263042926788,
            "Satisfaction": 0.06135296821594238,
            "Shame": 0.02926098369061947,
            "Surprise (negative)": 0.1316623091697693,
            "Surprise (positive)": 0.0417223758995533,
            "Sympathy": 0.014185813255608082,
            "Tiredness": 0.008318373002111912,
            "Triumph": 0.021334201097488403
        },
        "lang": {
            "Admiration": 0.004218115156982094,
            "Adoration": 0.0016462008381495253,
            "Aesthetic Appreciation": 0.010971602355130016,
            "Amusement": 0.013247179333120584,
            "Anger": 0.005844805925153196,
            "Annoyance": 0.16987669374793768,
            "Anxiety": 0.008318599849008023,
            "Awe": 0.004388211516197771,
            "Awkwardness": 0.020470072515308857,
            "Boredom": 0.2157333716750145,
            "Calmness": 0.43144980669021604,
            "Concentration": 0.09542228356003761,
            "Confusion": 0.06256565293297171,
            "Contemplation": 0.0768989495933056,
            "Contempt": 0.03308882713317871,
            "Contentment": 0.06373046003282071,
            "Craving": 0.0010811444779392331,
            "Desire": 0.00110983508056961,
            "Determination": 0.02249093819409609,
            "Disappointment": 0.04110038797371089,
            "Disapproval": 0.025361867528408764,
            "Disgust": 0.004095151694491506,
            "Distress": 0.008544253802392631,
            "Doubt": 0.012781395949423313,
            "Ecstasy": 0.0007651567662833259,
            "Embarrassment": 0.003957318339962513,
            "Empathic Pain": 0.004407290765084326,
            "Enthusiasm": 0.02025090523529798,
            "Entrancement": 0.006220972549635917,
            "Envy": 0.0007202879554824903,
            "Excitement": 0.011022833234164864,
            "Fear": 0.0020793402014533057,
            "Gratitude": 0.015662044077180325,
            "Guilt": 0.0024001707381103186,
            "Horror": 0.0007775195517751854,
            "Interest": 0.11685058511793614,
            "Joy": 0.004817488614935428,
            "Love": 0.0011524738685693592,
            "Nostalgia": 0.006055093416944146,
            "Pain": 0.0017131232336396352,
            "Pride": 0.003956633666530251,
            "Realization": 0.16863802038133144,
            "Relief": 0.044212530460208656,
            "Romance": 0.0008485225334879942,
            "Sadness": 0.006015355000272393,
            "Sarcasm": 0.021353491954505442,
            "Satisfaction": 0.06211657207459211,
            "Shame": 0.0036163119599223136,
            "Surprise (negative)": 0.03780050175264478,
            "Surprise (positive)": 0.027009619865566492,
            "Sympathy": 0.00670397428330034,
            "Tiredness": 0.03807107619941234,
            "Triumph": 0.009618235426023603
        }
    }
}