{
    "metadata": {
        "dialogue_id": "839",
        "time_start": "00-00-41.584",
        "time_end": "00-00-43.751",
        "speaker": "Phoebe",
        "emotion": "disgust",
        "sentiment": "negative",
        "text_content": "Especially you  with that!",
        "file_name": "839_00-00-41.584_00-00-43.751_Phoebe_disgust_negative"
    },
    "predicted": {
        "face": {
            "Admiration": 0.04412074387073517,
            "Adoration": 0.03146246448159218,
            "Aesthetic Appreciation": 0.030974622815847397,
            "Amusement": 0.1292772889137268,
            "Anger": 0.3859573304653168,
            "Anxiety": 0.16726133227348328,
            "Awe": 0.08393211662769318,
            "Awkwardness": 0.265053927898407,
            "Boredom": 0.1496971845626831,
            "Calmness": 0.10917869210243225,
            "Concentration": 0.1628672480583191,
            "Confusion": 0.3684186339378357,
            "Contemplation": 0.06854397803544998,
            "Contempt": 0.31321582198143005,
            "Contentment": 0.056371599435806274,
            "Craving": 0.044175852090120316,
            "Desire": 0.04057573899626732,
            "Determination": 0.1233302429318428,
            "Disappointment": 0.28310564160346985,
            "Disgust": 0.4253224730491638,
            "Distress": 0.2389359176158905,
            "Doubt": 0.23253700137138367,
            "Ecstasy": 0.03927350044250488,
            "Embarrassment": 0.11645663529634476,
            "Empathic Pain": 0.0962495431303978,
            "Entrancement": 0.052459366619586945,
            "Envy": 0.04956677928566933,
            "Excitement": 0.10156015306711197,
            "Fear": 0.13992340862751007,
            "Guilt": 0.05757780373096466,
            "Horror": 0.12291830778121948,
            "Interest": 0.1488490104675293,
            "Joy": 0.08025797456502914,
            "Love": 0.043246228247880936,
            "Nostalgia": 0.030739881098270416,
            "Pain": 0.1753925383090973,
            "Pride": 0.06527511030435562,
            "Realization": 0.10291808843612671,
            "Relief": 0.03038942627608776,
            "Romance": 0.018699144944548607,
            "Sadness": 0.11685334146022797,
            "Satisfaction": 0.07435711473226547,
            "Shame": 0.06552202999591827,
            "Surprise (negative)": 0.12582886219024658,
            "Surprise (positive)": 0.05354885011911392,
            "Sympathy": 0.037203121930360794,
            "Tiredness": 0.10863248258829117,
            "Triumph": 0.0580117404460907
        },
        "prosody": {
            "Admiration": 0.017041772603988647,
            "Adoration": 0.00795638095587492,
            "Aesthetic Appreciation": 0.005284367129206657,
            "Amusement": 0.0535011887550354,
            "Anger": 0.8191640973091125,
            "Anxiety": 0.008751645684242249,
            "Awe": 0.015384090133011341,
            "Awkwardness": 0.01977156288921833,
            "Boredom": 0.0017020528903231025,
            "Calmness": 0.0013487042160704732,
            "Concentration": 0.006544053088873625,
            "Confusion": 0.019127916544675827,
            "Contemplation": 0.003916785586625338,
            "Contempt": 0.6126115322113037,
            "Contentment": 0.006324335932731628,
            "Craving": 0.0015560610918328166,
            "Desire": 0.004785286728292704,
            "Determination": 0.07971427589654922,
            "Disappointment": 0.14088308811187744,
            "Disgust": 0.4851815104484558,
            "Distress": 0.0430513396859169,
            "Doubt": 0.008641407825052738,
            "Ecstasy": 0.012832101434469223,
            "Embarrassment": 0.022320084273815155,
            "Empathic Pain": 0.005134302191436291,
            "Entrancement": 0.003532730508595705,
            "Envy": 0.05782388895750046,
            "Excitement": 0.05183139443397522,
            "Fear": 0.0038519357331097126,
            "Guilt": 0.004720339551568031,
            "Horror": 0.008902490139007568,
            "Interest": 0.017266791313886642,
            "Joy": 0.015207646414637566,
            "Love": 0.0050101992674171925,
            "Nostalgia": 0.0016365626361221075,
            "Pain": 0.004535142332315445,
            "Pride": 0.06241573020815849,
            "Realization": 0.11649835854768753,
            "Relief": 0.009403043426573277,
            "Romance": 0.0038138008676469326,
            "Sadness": 0.004310821183025837,
            "Satisfaction": 0.01876061223447323,
            "Shame": 0.008316745050251484,
            "Surprise (negative)": 0.09923622012138367,
            "Surprise (positive)": 0.01647341437637806,
            "Sympathy": 0.00506687443703413,
            "Tiredness": 0.0017188612837344408,
            "Triumph": 0.024266529828310013
        },
        "lang": {}
    }
}