{
    "metadata": {
        "dialogue_id": "840",
        "time_start": "00-01-10.154",
        "time_end": "00-01-14.699",
        "speaker": "Rachel",
        "emotion": "surprise",
        "sentiment": "positive",
        "file_name": "840_00-01-10.154_00-01-14.699_Rachel_surprise_positive"
    },
    "predicted": {
        "face": {
            "Admiration": 0.030411601066589355,
            "Adoration": 0.025745093822479248,
            "Aesthetic Appreciation": 0.028714697808027267,
            "Amusement": 0.04040500521659851,
            "Anger": 0.08194846659898758,
            "Anxiety": 0.25056517124176025,
            "Awe": 0.03464331477880478,
            "Awkwardness": 0.15565937757492065,
            "Boredom": 0.2871859669685364,
            "Calmness": 0.2508237361907959,
            "Concentration": 0.3675850033760071,
            "Confusion": 0.4128449857234955,
            "Contemplation": 0.23237158358097076,
            "Contempt": 0.13909386098384857,
            "Contentment": 0.05434716120362282,
            "Craving": 0.029491500928997993,
            "Desire": 0.02783026732504368,
            "Determination": 0.0799703523516655,
            "Disappointment": 0.47541365027427673,
            "Disgust": 0.14113323390483856,
            "Distress": 0.40953943133354187,
            "Doubt": 0.3326965570449829,
            "Ecstasy": 0.014047825708985329,
            "Embarrassment": 0.15205731987953186,
            "Empathic Pain": 0.16946671903133392,
            "Entrancement": 0.0710078775882721,
            "Envy": 0.029831435531377792,
            "Excitement": 0.0178481824696064,
            "Fear": 0.1026378720998764,
            "Guilt": 0.1857958734035492,
            "Horror": 0.0367792509496212,
            "Interest": 0.1196981891989708,
            "Joy": 0.02376558817923069,
            "Love": 0.03418751433491707,
            "Nostalgia": 0.05960480868816376,
            "Pain": 0.33949601650238037,
            "Pride": 0.02611667849123478,
            "Realization": 0.13000303506851196,
            "Relief": 0.04372392222285271,
            "Romance": 0.021492337808012962,
            "Sadness": 0.5423038601875305,
            "Satisfaction": 0.045721422880887985,
            "Shame": 0.17846819758415222,
            "Surprise (negative)": 0.03565012291073799,
            "Surprise (positive)": 0.013645848259329796,
            "Sympathy": 0.0678754672408104,
            "Tiredness": 0.3595357835292816,
            "Triumph": 0.01065514050424099
        },
        "prosody": {
            "Admiration": 0.1864629266783595,
            "Adoration": 0.06609980436041951,
            "Aesthetic Appreciation": 0.04501358326524496,
            "Amusement": 0.1623891070485115,
            "Anger": 0.09267358668148518,
            "Anxiety": 0.019754734763409942,
            "Awe": 0.10772054176777601,
            "Awkwardness": 0.03823609522078186,
            "Boredom": 0.024183258414268494,
            "Calmness": 0.02943026600405574,
            "Concentration": 0.019656135700643063,
            "Confusion": 0.030082600307650864,
            "Contemplation": 0.012388729024678469,
            "Contempt": 0.041855948977172375,
            "Contentment": 0.08559505641460419,
            "Craving": 0.005674625630490482,
            "Desire": 0.00444800709374249,
            "Determination": 0.1664992906153202,
            "Disappointment": 0.024261963553726673,
            "Disgust": 0.020910436287522316,
            "Distress": 0.024862492457032204,
            "Doubt": 0.012402845197357237,
            "Ecstasy": 0.06450850423425436,
            "Embarrassment": 0.012158315745182335,
            "Empathic Pain": 0.0043981492053717375,
            "Entrancement": 0.014649865217506886,
            "Envy": 0.07132268324494362,
            "Excitement": 0.21854554489254951,
            "Fear": 0.021082627630676143,
            "Guilt": 0.005761038570199162,
            "Horror": 0.007978196605108678,
            "Interest": 0.10384646616876125,
            "Joy": 0.10851327329874039,
            "Love": 0.01497814105823636,
            "Nostalgia": 0.0456180227920413,
            "Pain": 0.008526666380930692,
            "Pride": 0.24290539231151342,
            "Realization": 0.14209439419209957,
            "Relief": 0.05108756385743618,
            "Romance": 0.008671916322782636,
            "Sadness": 0.014938427601009607,
            "Satisfaction": 0.26495970971882343,
            "Shame": 0.006002359965350479,
            "Surprise (negative)": 0.028583974577486515,
            "Surprise (positive)": 0.2585984691977501,
            "Sympathy": 0.010111300507560372,
            "Tiredness": 0.010490303160622716,
            "Triumph": 0.2367583210580051
        },
        "lang": {
            "Admiration": 0.050534113484900445,
            "Adoration": 0.05759931393341893,
            "Aesthetic Appreciation": 0.042370740457304885,
            "Amusement": 0.03448306755828006,
            "Anger": 0.007552270731788927,
            "Annoyance": 0.10759333677456848,
            "Anxiety": 0.009082611375820957,
            "Awe": 0.02147765480081684,
            "Awkwardness": 0.04502578438924892,
            "Boredom": 0.06468197535390832,
            "Calmness": 0.14680886521403277,
            "Concentration": 0.04310995031015149,
            "Confusion": 0.0627804110658222,
            "Contemplation": 0.0661777351051569,
            "Contempt": 0.04411437448912433,
            "Contentment": 0.1843427856053625,
            "Craving": 0.10827484393874849,
            "Desire": 0.003238751245329955,
            "Determination": 0.035326058843306134,
            "Disappointment": 0.03325980168301612,
            "Disapproval": 0.028208357527286614,
            "Disgust": 0.003981405806760969,
            "Distress": 0.007576729977569942,
            "Doubt": 0.035994758600801494,
            "Ecstasy": 0.04823592228889798,
            "Embarrassment": 0.010849107239794518,
            "Empathic Pain": 0.0038568582801547435,
            "Enthusiasm": 0.1491816635908825,
            "Entrancement": 0.021727126075087914,
            "Envy": 0.0035478027628934278,
            "Excitement": 0.08371595595963299,
            "Fear": 0.0020793023369541125,
            "Gratitude": 0.07967311679385602,
            "Guilt": 0.0029421240282577594,
            "Horror": 0.0004004959612627447,
            "Interest": 0.06107458725039448,
            "Joy": 0.141435761237517,
            "Love": 0.04896155079352736,
            "Nostalgia": 0.008607582941684606,
            "Pain": 0.002316468969053988,
            "Pride": 0.03610687200645251,
            "Realization": 0.19113633409142494,
            "Relief": 0.041287258466971774,
            "Romance": 0.0031090436116625953,
            "Sadness": 0.004540035043776568,
            "Sarcasm": 0.06054644180195672,
            "Satisfaction": 0.2796604001362409,
            "Shame": 0.0074432977209133765,
            "Surprise (negative)": 0.02093534211495093,
            "Surprise (positive)": 0.06381095872659769,
            "Sympathy": 0.00549572505821873,
            "Tiredness": 0.03340666481692876,
            "Triumph": 0.04967166303790042
        }
    }
}