{
    "metadata": {
        "dialogue_id": "844",
        "time_start": "00-00-06.006",
        "time_end": "00-00-12.970",
        "speaker": "Ross",
        "emotion": "neutral",
        "sentiment": "neutral",
        "text_content": "I\u0092m having lunch right here, with my good friend Joey, if he\u0092ll sit with me.",
        "file_name": "844_00-00-06.006_00-00-12.970_Ross_neutral_neutral"
    },
    "predicted": {
        "face": {
            "Admiration": 0.0536872074007988,
            "Adoration": 0.03983951359987259,
            "Aesthetic Appreciation": 0.04141693934798241,
            "Amusement": 0.06566139310598373,
            "Anger": 0.07517138123512268,
            "Anxiety": 0.3447226285934448,
            "Awe": 0.05812346190214157,
            "Awkwardness": 0.16408471763134003,
            "Boredom": 0.38946816325187683,
            "Calmness": 0.2840959131717682,
            "Concentration": 0.4776390790939331,
            "Confusion": 0.5160885453224182,
            "Contemplation": 0.33341625332832336,
            "Contempt": 0.11192720383405685,
            "Contentment": 0.0697450041770935,
            "Craving": 0.03606594353914261,
            "Desire": 0.03634718805551529,
            "Determination": 0.11345608532428741,
            "Disappointment": 0.46316003799438477,
            "Disgust": 0.06897396594285965,
            "Distress": 0.44583871960639954,
            "Doubt": 0.41639265418052673,
            "Ecstasy": 0.020072009414434433,
            "Embarrassment": 0.14972609281539917,
            "Empathic Pain": 0.12478315830230713,
            "Entrancement": 0.09615512192249298,
            "Envy": 0.03086506575345993,
            "Excitement": 0.03146350756287575,
            "Fear": 0.12787646055221558,
            "Guilt": 0.17431509494781494,
            "Horror": 0.0445028617978096,
            "Interest": 0.1855001151561737,
            "Joy": 0.039328433573246,
            "Love": 0.0494205541908741,
            "Nostalgia": 0.06329952925443649,
            "Pain": 0.2126345932483673,
            "Pride": 0.03873785212635994,
            "Realization": 0.19746066629886627,
            "Relief": 0.0726843848824501,
            "Romance": 0.03142394870519638,
            "Sadness": 0.3652285039424896,
            "Satisfaction": 0.06201113015413284,
            "Shame": 0.136919304728508,
            "Surprise (negative)": 0.05271071940660477,
            "Surprise (positive)": 0.029079381376504898,
            "Sympathy": 0.0633881613612175,
            "Tiredness": 0.3936087489128113,
            "Triumph": 0.0168740376830101
        },
        "prosody": {
            "Admiration": 0.009370323813830813,
            "Adoration": 0.008285774538914362,
            "Aesthetic Appreciation": 0.01729251112556085,
            "Amusement": 0.016523961598674457,
            "Anger": 0.2891237639511625,
            "Anxiety": 0.05895227318008741,
            "Awe": 0.03119365901996692,
            "Awkwardness": 0.028222480478386085,
            "Boredom": 0.06482697029908498,
            "Calmness": 0.0569443783412377,
            "Concentration": 0.0611826345945398,
            "Confusion": 0.04710957004378239,
            "Contemplation": 0.06663378141820431,
            "Contempt": 0.035271648007134594,
            "Contentment": 0.05413718614727259,
            "Craving": 0.014159439674889049,
            "Desire": 0.006340623988459508,
            "Determination": 0.08206379786133766,
            "Disappointment": 0.24345480867971978,
            "Disgust": 0.031145806269099314,
            "Distress": 0.17176118617256483,
            "Doubt": 0.017132505774497986,
            "Ecstasy": 0.03228153521195054,
            "Embarrassment": 0.011458021093858406,
            "Empathic Pain": 0.0014916045280794303,
            "Entrancement": 0.025488260279720027,
            "Envy": 0.006717095073933403,
            "Excitement": 0.1421403456479311,
            "Fear": 0.026286921774347622,
            "Guilt": 0.003892467347516989,
            "Horror": 0.008622534728298584,
            "Interest": 0.058037096401676536,
            "Joy": 0.03450984166314205,
            "Love": 0.00686559845538189,
            "Nostalgia": 0.014514914403359095,
            "Pain": 0.051066713756881654,
            "Pride": 0.037720789201557636,
            "Realization": 0.08573221073796351,
            "Relief": 0.024683556829889614,
            "Romance": 0.005964460006604592,
            "Sadness": 0.045451997934530176,
            "Satisfaction": 0.04960310055563847,
            "Shame": 0.012758662400301546,
            "Surprise (negative)": 0.06622850615531206,
            "Surprise (positive)": 0.05166244336093465,
            "Sympathy": 0.0007901526890539875,
            "Tiredness": 0.09081075883780916,
            "Triumph": 0.03823649107168118
        },
        "lang": {}
    }
}