{
    "metadata": {
        "dialogue_id": "84",
        "time_start": "00-00-11.011",
        "time_end": "00-00-26.942",
        "speaker": "Rachel",
        "emotion": "neutral",
        "sentiment": "neutral",
        "text_content": "Okay, you guys, just relax.  I doooo.",
        "file_name": "84_00-00-11.011_00-00-26.942_Rachel_neutral_neutral"
    },
    "predicted": {
        "face": {
            "Admiration": 0.09942275285720825,
            "Adoration": 0.05467689037322998,
            "Aesthetic Appreciation": 0.04967885464429855,
            "Amusement": 0.1369878649711609,
            "Anger": 0.09790781140327454,
            "Anxiety": 0.1702633649110794,
            "Awe": 0.43295764923095703,
            "Awkwardness": 0.18094021081924438,
            "Boredom": 0.16687485575675964,
            "Calmness": 0.11946748197078705,
            "Concentration": 0.20937727391719818,
            "Confusion": 0.4451928436756134,
            "Contemplation": 0.12245850265026093,
            "Contempt": 0.11001118272542953,
            "Contentment": 0.04848165437579155,
            "Craving": 0.06463056057691574,
            "Desire": 0.04893423989415169,
            "Determination": 0.09505656361579895,
            "Disappointment": 0.21075107157230377,
            "Disgust": 0.09137330204248428,
            "Distress": 0.22669264674186707,
            "Doubt": 0.27564001083374023,
            "Ecstasy": 0.051966626197099686,
            "Embarrassment": 0.09689244627952576,
            "Empathic Pain": 0.08946350961923599,
            "Entrancement": 0.11599710583686829,
            "Envy": 0.03983331471681595,
            "Excitement": 0.13327650725841522,
            "Fear": 0.35151830315589905,
            "Guilt": 0.06204671785235405,
            "Horror": 0.29661867022514343,
            "Interest": 0.22477389872074127,
            "Joy": 0.06083812564611435,
            "Love": 0.04645795002579689,
            "Nostalgia": 0.049061406403779984,
            "Pain": 0.13603360950946808,
            "Pride": 0.04622029513120651,
            "Realization": 0.23989693820476532,
            "Relief": 0.04763159155845642,
            "Romance": 0.02435729093849659,
            "Sadness": 0.1554369032382965,
            "Satisfaction": 0.06671794503927231,
            "Shame": 0.04786718264222145,
            "Surprise (negative)": 0.34149032831192017,
            "Surprise (positive)": 0.2740701735019684,
            "Sympathy": 0.04615060240030289,
            "Tiredness": 0.13828760385513306,
            "Triumph": 0.0477118082344532
        },
        "prosody": {
            "Admiration": 0.011782415676862001,
            "Adoration": 0.00817331502912566,
            "Aesthetic Appreciation": 0.008838661597110331,
            "Amusement": 0.09704262344166636,
            "Anger": 0.05195768363773823,
            "Anxiety": 0.07276467978954315,
            "Awe": 0.022314851405099034,
            "Awkwardness": 0.08190715266391635,
            "Boredom": 0.017848895979113877,
            "Calmness": 0.03962377889547497,
            "Concentration": 0.0560722948575858,
            "Confusion": 0.028442683164030313,
            "Contemplation": 0.015395433059893548,
            "Contempt": 0.02633186778984964,
            "Contentment": 0.031220592791214585,
            "Craving": 0.007142496993765235,
            "Desire": 0.008505869889631867,
            "Determination": 0.20294729620218277,
            "Disappointment": 0.035246722283773124,
            "Disgust": 0.018191049224697053,
            "Distress": 0.10935847088694572,
            "Doubt": 0.018844946986064315,
            "Ecstasy": 0.0701075759716332,
            "Embarrassment": 0.022876204340718687,
            "Empathic Pain": 0.013597274664789438,
            "Entrancement": 0.013011128874495625,
            "Envy": 0.006801746814744547,
            "Excitement": 0.2501100841909647,
            "Fear": 0.040368480142205954,
            "Guilt": 0.01192817057017237,
            "Horror": 0.026745318667963147,
            "Interest": 0.05134337628260255,
            "Joy": 0.10700232372619212,
            "Love": 0.006985245374380611,
            "Nostalgia": 0.008541972609236836,
            "Pain": 0.02201028063427657,
            "Pride": 0.037698140600696206,
            "Realization": 0.05005168356001377,
            "Relief": 0.04829566087573767,
            "Romance": 0.005393115454353392,
            "Sadness": 0.01794799929484725,
            "Satisfaction": 0.04657063074409962,
            "Shame": 0.01625327847432345,
            "Surprise (negative)": 0.04278417490422726,
            "Surprise (positive)": 0.07508116494864225,
            "Sympathy": 0.014487894368357956,
            "Tiredness": 0.027115657809190452,
            "Triumph": 0.08780826209113002
        },
        "lang": {}
    }
}