{
    "metadata": {
        "dialogue_id": "851",
        "time_start": "00-00-06.640",
        "time_end": "00-00-07.527",
        "speaker": "Kristen",
        "emotion": "neutral",
        "sentiment": "neutral",
        "file_name": "851_00-00-06.640_00-00-07.527_Kristen_neutral_neutral"
    },
    "predicted": {
        "face": {
            "Admiration": 0.0654381588101387,
            "Adoration": 0.04232948273420334,
            "Aesthetic Appreciation": 0.048700641840696335,
            "Amusement": 0.07745204865932465,
            "Anger": 0.18589100241661072,
            "Anxiety": 0.20266033709049225,
            "Awe": 0.0816582515835762,
            "Awkwardness": 0.20363110303878784,
            "Boredom": 0.2866101562976837,
            "Calmness": 0.2814874053001404,
            "Concentration": 0.45169034600257874,
            "Confusion": 0.594222903251648,
            "Contemplation": 0.23166076838970184,
            "Contempt": 0.24981287121772766,
            "Contentment": 0.0720452293753624,
            "Craving": 0.04405719041824341,
            "Desire": 0.030824869871139526,
            "Determination": 0.15518519282341003,
            "Disappointment": 0.37352442741394043,
            "Disgust": 0.18976035714149475,
            "Distress": 0.26241201162338257,
            "Doubt": 0.46512043476104736,
            "Ecstasy": 0.01855391263961792,
            "Embarrassment": 0.10500422865152359,
            "Empathic Pain": 0.11574581265449524,
            "Entrancement": 0.09954129159450531,
            "Envy": 0.06105107069015503,
            "Excitement": 0.039965663105249405,
            "Fear": 0.1330818384885788,
            "Guilt": 0.09766969084739685,
            "Horror": 0.061808742582798004,
            "Interest": 0.2372657060623169,
            "Joy": 0.04364898055791855,
            "Love": 0.04437040537595749,
            "Nostalgia": 0.056163638830184937,
            "Pain": 0.15966875851154327,
            "Pride": 0.05428715795278549,
            "Realization": 0.1530592441558838,
            "Relief": 0.03821788728237152,
            "Romance": 0.023362264037132263,
            "Sadness": 0.2915174067020416,
            "Satisfaction": 0.05733797699213028,
            "Shame": 0.08055276423692703,
            "Surprise (negative)": 0.07639075070619583,
            "Surprise (positive)": 0.042241036891937256,
            "Sympathy": 0.06440850347280502,
            "Tiredness": 0.17978081107139587,
            "Triumph": 0.02412383444607258
        },
        "prosody": {
            "Admiration": 0,
            "Adoration": 0,
            "Aesthetic Appreciation": 0,
            "Amusement": 0,
            "Anger": 0,
            "Annoyance": 0,
            "Anxiety": 0,
            "Awe": 0,
            "Awkwardness": 0,
            "Boredom": 0,
            "Calmness": 0,
            "Concentration": 0,
            "Confusion": 0,
            "Contemplation": 0,
            "Contempt": 0,
            "Contentment": 0,
            "Craving": 0,
            "Desire": 0,
            "Determination": 0,
            "Disappointment": 0,
            "Disapproval": 0,
            "Disgust": 0,
            "Distress": 0,
            "Doubt": 0,
            "Ecstasy": 0,
            "Embarrassment": 0,
            "Empathic Pain": 0,
            "Enthusiasm": 0,
            "Entrancement": 0,
            "Envy": 0,
            "Excitement": 0,
            "Fear": 0,
            "Gratitude": 0,
            "Guilt": 0,
            "Horror": 0,
            "Interest": 0,
            "Joy": 0,
            "Love": 0,
            "Nostalgia": 0,
            "Pain": 0,
            "Pride": 0,
            "Realization": 0,
            "Relief": 0,
            "Romance": 0,
            "Sadness": 0,
            "Sarcasm": 0,
            "Satisfaction": 0,
            "Shame": 0,
            "Surprise (negative)": 0,
            "Surprise (positive)": 0,
            "Sympathy": 0,
            "Tiredness": 0,
            "Triumph": 0
        },
        "lang": {
            "Admiration": 0.0019795920234173536,
            "Adoration": 0.0011714983265846968,
            "Aesthetic Appreciation": 0.002135118469595909,
            "Amusement": 0.002526547759771347,
            "Anger": 0.08455449342727661,
            "Annoyance": 0.38155484199523926,
            "Anxiety": 0.010826551355421543,
            "Awe": 0.0012471646768972278,
            "Awkwardness": 0.03572199493646622,
            "Boredom": 0.062152016907930374,
            "Calmness": 0.09360717982053757,
            "Concentration": 0.0476040318608284,
            "Confusion": 0.03585682064294815,
            "Contemplation": 0.010170230641961098,
            "Contempt": 0.07906552404165268,
            "Contentment": 0.00852066371589899,
            "Craving": 0.0006225553224794567,
            "Desire": 0.0024452642537653446,
            "Determination": 0.11054252088069916,
            "Disappointment": 0.05433603376150131,
            "Disapproval": 0.25829869508743286,
            "Disgust": 0.02492038905620575,
            "Distress": 0.025039222091436386,
            "Doubt": 0.042198773473501205,
            "Ecstasy": 0.00027991991373710334,
            "Embarrassment": 0.0035293372347950935,
            "Empathic Pain": 0.003659989684820175,
            "Enthusiasm": 0.010465429164469242,
            "Entrancement": 0.002115808892995119,
            "Envy": 0.0010817527072504163,
            "Excitement": 0.0022410915698856115,
            "Fear": 0.00664907693862915,
            "Gratitude": 0.0007155163330025971,
            "Guilt": 0.0020230687223374844,
            "Horror": 0.0015495233237743378,
            "Interest": 0.02409656159579754,
            "Joy": 0.0008603226742707193,
            "Love": 0.0018463906599208713,
            "Nostalgia": 0.0002793920284602791,
            "Pain": 0.0035218612756580114,
            "Pride": 0.003253105329349637,
            "Realization": 0.021884344518184662,
            "Relief": 0.0017621907172724605,
            "Romance": 0.001084563322365284,
            "Sadness": 0.004179064184427261,
            "Sarcasm": 0.010286317206919193,
            "Satisfaction": 0.005446683615446091,
            "Shame": 0.0060931057669222355,
            "Surprise (negative)": 0.05747023597359657,
            "Surprise (positive)": 0.004185060504823923,
            "Sympathy": 0.006418886594474316,
            "Tiredness": 0.036607056856155396,
            "Triumph": 0.0045106480829417706
        }
    }
}