{
    "metadata": {
        "dialogue_id": "860",
        "time_start": "00-00-22.523",
        "time_end": "00-00-27.026",
        "speaker": "Jim",
        "emotion": "neutral",
        "sentiment": "neutral",
        "text_content": "I write erotic novels, for children.",
        "file_name": "860_00-00-22.523_00-00-27.026_Jim_neutral_neutral"
    },
    "predicted": {
        "face": {
            "Admiration": 0.1390760838985443,
            "Adoration": 0.0906689316034317,
            "Aesthetic Appreciation": 0.07849275320768356,
            "Amusement": 0.16599057614803314,
            "Anger": 0.06192260608077049,
            "Anxiety": 0.15984156727790833,
            "Awe": 0.29604414105415344,
            "Awkwardness": 0.20560967922210693,
            "Boredom": 0.2996019721031189,
            "Calmness": 0.2513255774974823,
            "Concentration": 0.31428661942481995,
            "Confusion": 0.4486622214317322,
            "Contemplation": 0.20932963490486145,
            "Contempt": 0.1381794810295105,
            "Contentment": 0.09741589426994324,
            "Craving": 0.0874333456158638,
            "Desire": 0.10380750149488449,
            "Determination": 0.10245448350906372,
            "Disappointment": 0.22061525285243988,
            "Disgust": 0.07873133569955826,
            "Distress": 0.19084469974040985,
            "Doubt": 0.3085780143737793,
            "Ecstasy": 0.06323022395372391,
            "Embarrassment": 0.09154009819030762,
            "Empathic Pain": 0.07007361948490143,
            "Entrancement": 0.16137264668941498,
            "Envy": 0.045373402535915375,
            "Excitement": 0.1168307363986969,
            "Fear": 0.20472189784049988,
            "Guilt": 0.061723560094833374,
            "Horror": 0.12488396465778351,
            "Interest": 0.291978657245636,
            "Joy": 0.09465829282999039,
            "Love": 0.08711568266153336,
            "Nostalgia": 0.06817211955785751,
            "Pain": 0.10025448352098465,
            "Pride": 0.0622529536485672,
            "Realization": 0.24286648631095886,
            "Relief": 0.09107953310012817,
            "Romance": 0.051164157688617706,
            "Sadness": 0.13509103655815125,
            "Satisfaction": 0.12863527238368988,
            "Shame": 0.05236341059207916,
            "Surprise (negative)": 0.1529754400253296,
            "Surprise (positive)": 0.13450713455677032,
            "Sympathy": 0.048153504729270935,
            "Tiredness": 0.19389434158802032,
            "Triumph": 0.0487612746655941
        },
        "prosody": {
            "Admiration": 0.02352231026937564,
            "Adoration": 0.016906376617650192,
            "Aesthetic Appreciation": 0.019038169489552576,
            "Amusement": 0.060101925084988274,
            "Anger": 0.05449081088105837,
            "Anxiety": 0.012262455187737942,
            "Awe": 0.04130752012133598,
            "Awkwardness": 0.031976823695003986,
            "Boredom": 0.026495797093957663,
            "Calmness": 0.08120287582278252,
            "Concentration": 0.11200792839129765,
            "Confusion": 0.030787367063264053,
            "Contemplation": 0.05049932996431986,
            "Contempt": 0.04193339993556341,
            "Contentment": 0.041603477050860725,
            "Craving": 0.006658480192224185,
            "Desire": 0.008712490399678549,
            "Determination": 0.2311058317621549,
            "Disappointment": 0.015289557787279287,
            "Disgust": 0.02071009064093232,
            "Distress": 0.014892502532651028,
            "Doubt": 0.03461611705521742,
            "Ecstasy": 0.022119661482671898,
            "Embarrassment": 0.010566085499400893,
            "Empathic Pain": 0.003698252975785484,
            "Entrancement": 0.013846810596684614,
            "Envy": 0.010844150402893623,
            "Excitement": 0.14391101027528444,
            "Fear": 0.00940015671464304,
            "Guilt": 0.0076892766713475185,
            "Horror": 0.00860200923246642,
            "Interest": 0.18434751282135645,
            "Joy": 0.04839759351064762,
            "Love": 0.007979165141781172,
            "Nostalgia": 0.014490273781120777,
            "Pain": 0.0027029199603324137,
            "Pride": 0.07664077977339427,
            "Realization": 0.062306939313809075,
            "Relief": 0.02418076153844595,
            "Romance": 0.005127602412054936,
            "Sadness": 0.005314922212467839,
            "Satisfaction": 0.07453062509497006,
            "Shame": 0.008714487620939812,
            "Surprise (negative)": 0.018295210010061663,
            "Surprise (positive)": 0.11304934912671645,
            "Sympathy": 0.011410553202343484,
            "Tiredness": 0.007598546178390582,
            "Triumph": 0.05432412028312683
        },
        "lang": {}
    }
}