{
    "metadata": {
        "dialogue_id": "860",
        "time_start": "00-00-29.697",
        "time_end": "00-00-30.379",
        "speaker": "Phoebe",
        "emotion": "surprise",
        "sentiment": "negative",
        "file_name": "860_00-00-29.697_00-00-30.379_Phoebe_surprise_negative"
    },
    "predicted": {
        "face": {
            "Admiration": 0.06605477631092072,
            "Adoration": 0.05213551223278046,
            "Aesthetic Appreciation": 0.04620911926031113,
            "Amusement": 0.1337192952632904,
            "Anger": 0.12101658433675766,
            "Anxiety": 0.19864311814308167,
            "Awe": 0.08386953175067902,
            "Awkwardness": 0.2804846167564392,
            "Boredom": 0.23779907822608948,
            "Calmness": 0.21224722266197205,
            "Concentration": 0.28411778807640076,
            "Confusion": 0.5770267844200134,
            "Contemplation": 0.1442510336637497,
            "Contempt": 0.2326137125492096,
            "Contentment": 0.07940497994422913,
            "Craving": 0.05900145322084427,
            "Desire": 0.06745511293411255,
            "Determination": 0.09070109575986862,
            "Disappointment": 0.3222360610961914,
            "Disgust": 0.2888345718383789,
            "Distress": 0.29502925276756287,
            "Doubt": 0.373304545879364,
            "Ecstasy": 0.031655240803956985,
            "Embarrassment": 0.13291382789611816,
            "Empathic Pain": 0.13757304847240448,
            "Entrancement": 0.08255261182785034,
            "Envy": 0.04952423274517059,
            "Excitement": 0.06908812373876572,
            "Fear": 0.1762140989303589,
            "Guilt": 0.09315447509288788,
            "Horror": 0.09519413858652115,
            "Interest": 0.22859014570713043,
            "Joy": 0.0808037519454956,
            "Love": 0.06815192103385925,
            "Nostalgia": 0.05322173982858658,
            "Pain": 0.24135565757751465,
            "Pride": 0.046275682747364044,
            "Realization": 0.13137006759643555,
            "Relief": 0.04344526678323746,
            "Romance": 0.035424113273620605,
            "Sadness": 0.309727281332016,
            "Satisfaction": 0.08551865816116333,
            "Shame": 0.09015179425477982,
            "Surprise (negative)": 0.09875926375389099,
            "Surprise (positive)": 0.045157480984926224,
            "Sympathy": 0.06726425886154175,
            "Tiredness": 0.16243749856948853,
            "Triumph": 0.02771422453224659
        },
        "prosody": {
            "Admiration": 0,
            "Adoration": 0,
            "Aesthetic Appreciation": 0,
            "Amusement": 0,
            "Anger": 0,
            "Annoyance": 0,
            "Anxiety": 0,
            "Awe": 0,
            "Awkwardness": 0,
            "Boredom": 0,
            "Calmness": 0,
            "Concentration": 0,
            "Confusion": 0,
            "Contemplation": 0,
            "Contempt": 0,
            "Contentment": 0,
            "Craving": 0,
            "Desire": 0,
            "Determination": 0,
            "Disappointment": 0,
            "Disapproval": 0,
            "Disgust": 0,
            "Distress": 0,
            "Doubt": 0,
            "Ecstasy": 0,
            "Embarrassment": 0,
            "Empathic Pain": 0,
            "Enthusiasm": 0,
            "Entrancement": 0,
            "Envy": 0,
            "Excitement": 0,
            "Fear": 0,
            "Gratitude": 0,
            "Guilt": 0,
            "Horror": 0,
            "Interest": 0,
            "Joy": 0,
            "Love": 0,
            "Nostalgia": 0,
            "Pain": 0,
            "Pride": 0,
            "Realization": 0,
            "Relief": 0,
            "Romance": 0,
            "Sadness": 0,
            "Sarcasm": 0,
            "Satisfaction": 0,
            "Shame": 0,
            "Surprise (negative)": 0,
            "Surprise (positive)": 0,
            "Sympathy": 0,
            "Tiredness": 0,
            "Triumph": 0
        },
        "lang": {
            "Admiration": 0.010478858835995197,
            "Adoration": 0.004358078818768263,
            "Aesthetic Appreciation": 0.004366068169474602,
            "Amusement": 0.02316451631486416,
            "Anger": 0.08096208423376083,
            "Annoyance": 0.1316186487674713,
            "Anxiety": 0.03519202396273613,
            "Awe": 0.05729351565241814,
            "Awkwardness": 0.01591254025697708,
            "Boredom": 0.0012036364059895277,
            "Calmness": 0.0014098896645009518,
            "Concentration": 0.01017988845705986,
            "Confusion": 0.40179523825645447,
            "Contemplation": 0.017198985442519188,
            "Contempt": 0.01839534193277359,
            "Contentment": 0.001221220358274877,
            "Craving": 0.0011924552964046597,
            "Desire": 0.0007342009339481592,
            "Determination": 0.009132688865065575,
            "Disappointment": 0.03699076548218727,
            "Disapproval": 0.056527331471443176,
            "Disgust": 0.02113104984164238,
            "Distress": 0.08593136072158813,
            "Doubt": 0.04397520422935486,
            "Ecstasy": 0.005040982738137245,
            "Embarrassment": 0.007957768626511097,
            "Empathic Pain": 0.003541459096595645,
            "Enthusiasm": 0.04450150579214096,
            "Entrancement": 0.010955163277685642,
            "Envy": 0.0018778422381728888,
            "Excitement": 0.06884393095970154,
            "Fear": 0.03769262135028839,
            "Gratitude": 0.0013680632691830397,
            "Guilt": 0.002737402217462659,
            "Horror": 0.04633865877985954,
            "Interest": 0.0867941603064537,
            "Joy": 0.006285374518483877,
            "Love": 0.0009792139753699303,
            "Nostalgia": 0.000562601606361568,
            "Pain": 0.0032963729463517666,
            "Pride": 0.0033252439461648464,
            "Realization": 0.09283185005187988,
            "Relief": 0.0018940974259749055,
            "Romance": 0.00033220191835425794,
            "Sadness": 0.003879305673763156,
            "Sarcasm": 0.0176370982080698,
            "Satisfaction": 0.0043161530047655106,
            "Shame": 0.005847665946930647,
            "Surprise (negative)": 0.6865472793579102,
            "Surprise (positive)": 0.3609011769294739,
            "Sympathy": 0.00303424964658916,
            "Tiredness": 0.0010935738682746887,
            "Triumph": 0.00641801068559289
        }
    }
}