{
    "metadata": {
        "dialogue_id": "865",
        "time_start": "00-00-14.223",
        "time_end": "00-00-19.185",
        "speaker": "Monica",
        "emotion": "anger",
        "sentiment": "negative",
        "text_content": "Used to work with her. Used to! I\u0092m a relative and I didn\u0092t get invited! A",
        "file_name": "865_00-00-14.223_00-00-19.185_Monica_anger_negative"
    },
    "predicted": {
        "face": {
            "Admiration": 0.2957313358783722,
            "Adoration": 0.32544973492622375,
            "Aesthetic Appreciation": 0.13756515085697174,
            "Amusement": 0.5346791744232178,
            "Anger": 0.021962113678455353,
            "Anxiety": 0.057353146374225616,
            "Awe": 0.09621726721525192,
            "Awkwardness": 0.19540351629257202,
            "Boredom": 0.19626259803771973,
            "Calmness": 0.43172207474708557,
            "Concentration": 0.270697683095932,
            "Confusion": 0.1557532399892807,
            "Contemplation": 0.15931105613708496,
            "Contempt": 0.11774517595767975,
            "Contentment": 0.32680535316467285,
            "Craving": 0.09156262874603271,
            "Desire": 0.14765194058418274,
            "Determination": 0.08687693625688553,
            "Disappointment": 0.1067018061876297,
            "Disgust": 0.033854544162750244,
            "Distress": 0.060689523816108704,
            "Doubt": 0.14627981185913086,
            "Ecstasy": 0.09020046889781952,
            "Embarrassment": 0.07958108186721802,
            "Empathic Pain": 0.03229539096355438,
            "Entrancement": 0.14230869710445404,
            "Envy": 0.04378698021173477,
            "Excitement": 0.23918914794921875,
            "Fear": 0.032493263483047485,
            "Guilt": 0.03396633639931679,
            "Horror": 0.014618974179029465,
            "Interest": 0.535698652267456,
            "Joy": 0.4724138677120209,
            "Love": 0.48917022347450256,
            "Nostalgia": 0.10128486156463623,
            "Pain": 0.03659854084253311,
            "Pride": 0.15006770193576813,
            "Realization": 0.12902027368545532,
            "Relief": 0.12735648453235626,
            "Romance": 0.1726284921169281,
            "Sadness": 0.05922164022922516,
            "Satisfaction": 0.4203425645828247,
            "Shame": 0.04245372489094734,
            "Surprise (negative)": 0.018815714865922928,
            "Surprise (positive)": 0.030562162399291992,
            "Sympathy": 0.07118596881628036,
            "Tiredness": 0.10521332919597626,
            "Triumph": 0.07935000956058502
        },
        "prosody": {
            "Admiration": 0.04463565722107887,
            "Adoration": 0.021419092547148466,
            "Aesthetic Appreciation": 0.007015682058408856,
            "Amusement": 0.14834249764680862,
            "Anger": 0.11606816947460175,
            "Anxiety": 0.09775019437074661,
            "Awe": 0.023432714864611626,
            "Awkwardness": 0.07824883982539177,
            "Boredom": 0.0024212966673076153,
            "Calmness": 0.0025317856343463063,
            "Concentration": 0.010923325084149837,
            "Confusion": 0.05178723856806755,
            "Contemplation": 0.01333684055134654,
            "Contempt": 0.04717322066426277,
            "Contentment": 0.021420399425551295,
            "Craving": 0.007675572065636516,
            "Desire": 0.007572087924927473,
            "Determination": 0.08104697614908218,
            "Disappointment": 0.07070317678153515,
            "Disgust": 0.04157534800469875,
            "Distress": 0.12621716782450676,
            "Doubt": 0.01910180877894163,
            "Ecstasy": 0.0706779845058918,
            "Embarrassment": 0.052753426134586334,
            "Empathic Pain": 0.01001955330139026,
            "Entrancement": 0.008803323726169765,
            "Envy": 0.05303813889622688,
            "Excitement": 0.27078376710414886,
            "Fear": 0.018320979084819555,
            "Guilt": 0.03093147650361061,
            "Horror": 0.010604002512991428,
            "Interest": 0.06216082721948624,
            "Joy": 0.06400737818330526,
            "Love": 0.016588586615398526,
            "Nostalgia": 0.030458329245448112,
            "Pain": 0.011678478447720408,
            "Pride": 0.07839485444128513,
            "Realization": 0.13124728575348854,
            "Relief": 0.022805545246228576,
            "Romance": 0.013662566896528006,
            "Sadness": 0.020202004350721836,
            "Satisfaction": 0.0626808675006032,
            "Shame": 0.02540041133761406,
            "Surprise (negative)": 0.05335575807839632,
            "Surprise (positive)": 0.14097355119884014,
            "Sympathy": 0.02691605023574084,
            "Tiredness": 0.004960908438079059,
            "Triumph": 0.07746322732418776
        },
        "lang": {}
    }
}