{
    "metadata": {
        "dialogue_id": "866",
        "time_start": "00-00-15.265",
        "time_end": "00-00-22.730",
        "speaker": "Monica",
        "emotion": "neutral",
        "sentiment": "neutral",
        "text_content": "And the musicians, look, they can go over here , okay? And the chairs can face this way , and\u0085  You go.",
        "file_name": "866_00-00-15.265_00-00-22.730_Monica_neutral_neutral"
    },
    "predicted": {
        "face": {
            "Admiration": 0.135717511177063,
            "Adoration": 0.11744462698698044,
            "Aesthetic Appreciation": 0.0841328501701355,
            "Amusement": 0.2558819651603699,
            "Anger": 0.06812997162342072,
            "Anxiety": 0.12152966856956482,
            "Awe": 0.13003027439117432,
            "Awkwardness": 0.22486728429794312,
            "Boredom": 0.33726873993873596,
            "Calmness": 0.4261198937892914,
            "Concentration": 0.36435630917549133,
            "Confusion": 0.36310696601867676,
            "Contemplation": 0.17937630414962769,
            "Contempt": 0.17259293794631958,
            "Contentment": 0.18355372548103333,
            "Craving": 0.06316038966178894,
            "Desire": 0.09060795605182648,
            "Determination": 0.10700986534357071,
            "Disappointment": 0.24719737470149994,
            "Disgust": 0.10161338746547699,
            "Distress": 0.16121742129325867,
            "Doubt": 0.28411146998405457,
            "Ecstasy": 0.06318724900484085,
            "Embarrassment": 0.10265958309173584,
            "Empathic Pain": 0.07843721657991409,
            "Entrancement": 0.13470059633255005,
            "Envy": 0.047508515417575836,
            "Excitement": 0.13629776239395142,
            "Fear": 0.09013308584690094,
            "Guilt": 0.06714221835136414,
            "Horror": 0.05120867118239403,
            "Interest": 0.3598141074180603,
            "Joy": 0.19253839552402496,
            "Love": 0.16409508883953094,
            "Nostalgia": 0.07381042838096619,
            "Pain": 0.11043375730514526,
            "Pride": 0.08740463107824326,
            "Realization": 0.17182046175003052,
            "Relief": 0.11894281953573227,
            "Romance": 0.06642738729715347,
            "Sadness": 0.1657656580209732,
            "Satisfaction": 0.20789653062820435,
            "Shame": 0.06711947917938232,
            "Surprise (negative)": 0.07263299822807312,
            "Surprise (positive)": 0.07950103282928467,
            "Sympathy": 0.0718301385641098,
            "Tiredness": 0.23234117031097412,
            "Triumph": 0.051385167986154556
        },
        "prosody": {
            "Admiration": 0.015350794730087122,
            "Adoration": 0.0098567435828348,
            "Aesthetic Appreciation": 0.016299542039632797,
            "Amusement": 0.1205714742342631,
            "Anger": 0.04580082496007284,
            "Anxiety": 0.08259008700648944,
            "Awe": 0.02298002503812313,
            "Awkwardness": 0.04612029064446688,
            "Boredom": 0.006965258507989347,
            "Calmness": 0.01582824531942606,
            "Concentration": 0.05591178685426712,
            "Confusion": 0.0695637467627724,
            "Contemplation": 0.01918829542895158,
            "Contempt": 0.028942580024401348,
            "Contentment": 0.026484522347648937,
            "Craving": 0.006620415486395359,
            "Desire": 0.005206702820335825,
            "Determination": 0.1739314744869868,
            "Disappointment": 0.02379111448923747,
            "Disgust": 0.014292875304818153,
            "Distress": 0.06460712694873412,
            "Doubt": 0.02690968398625652,
            "Ecstasy": 0.026846668993433315,
            "Embarrassment": 0.011516444462661942,
            "Empathic Pain": 0.01061087439302355,
            "Entrancement": 0.007649650486807029,
            "Envy": 0.009046540750811497,
            "Excitement": 0.3034873306751251,
            "Fear": 0.03506924615552028,
            "Guilt": 0.004956599945823352,
            "Horror": 0.019123985121647518,
            "Interest": 0.16365893185138702,
            "Joy": 0.05296984687447548,
            "Love": 0.00997643987648189,
            "Nostalgia": 0.01750806129227082,
            "Pain": 0.011849175440147519,
            "Pride": 0.03849448884526888,
            "Realization": 0.07130714009205501,
            "Relief": 0.02438572607934475,
            "Romance": 0.011186740516374508,
            "Sadness": 0.008965773546757797,
            "Satisfaction": 0.049111234645048775,
            "Shame": 0.005333246081136167,
            "Surprise (negative)": 0.05562355803946654,
            "Surprise (positive)": 0.04376666620373726,
            "Sympathy": 0.010192708034689227,
            "Tiredness": 0.007075837347656488,
            "Triumph": 0.0501134612907966
        },
        "lang": {}
    }
}