{
    "metadata": {
        "dialogue_id": "869",
        "time_start": "00-00-13.931",
        "time_end": "00-00-18.309",
        "speaker": "Chandler",
        "emotion": "neutral",
        "sentiment": "neutral",
        "text_content": "Well, why don't you send her a musical bug, op, no you already did that.",
        "file_name": "869_00-00-13.931_00-00-18.309_Chandler_neutral_neutral"
    },
    "predicted": {
        "face": {
            "Admiration": 0.06458616256713867,
            "Adoration": 0.05288686603307724,
            "Aesthetic Appreciation": 0.04383968561887741,
            "Amusement": 0.15543943643569946,
            "Anger": 0.19991788268089294,
            "Anxiety": 0.162289559841156,
            "Awe": 0.1347329169511795,
            "Awkwardness": 0.17796316742897034,
            "Boredom": 0.20449233055114746,
            "Calmness": 0.18086834251880646,
            "Concentration": 0.1987863928079605,
            "Confusion": 0.31302523612976074,
            "Contemplation": 0.09318443387746811,
            "Contempt": 0.16476330161094666,
            "Contentment": 0.08711196482181549,
            "Craving": 0.05984562635421753,
            "Desire": 0.09773734211921692,
            "Determination": 0.11543021351099014,
            "Disappointment": 0.28033727407455444,
            "Disgust": 0.18010757863521576,
            "Distress": 0.2697867453098297,
            "Doubt": 0.19387274980545044,
            "Ecstasy": 0.08625611662864685,
            "Embarrassment": 0.09936555474996567,
            "Empathic Pain": 0.11101002991199493,
            "Entrancement": 0.09134061634540558,
            "Envy": 0.036823444068431854,
            "Excitement": 0.13835133612155914,
            "Fear": 0.15667444467544556,
            "Guilt": 0.07032058387994766,
            "Horror": 0.11819025874137878,
            "Interest": 0.1689317673444748,
            "Joy": 0.11404941231012344,
            "Love": 0.0797668918967247,
            "Nostalgia": 0.04728741943836212,
            "Pain": 0.27777379751205444,
            "Pride": 0.06934134662151337,
            "Realization": 0.15056288242340088,
            "Relief": 0.08892905712127686,
            "Romance": 0.03627042472362518,
            "Sadness": 0.19122149050235748,
            "Satisfaction": 0.14843173325061798,
            "Shame": 0.06717997789382935,
            "Surprise (negative)": 0.12565553188323975,
            "Surprise (positive)": 0.08381249755620956,
            "Sympathy": 0.03834287077188492,
            "Tiredness": 0.25007838010787964,
            "Triumph": 0.073321133852005
        },
        "prosody": {
            "Admiration": 0.030279827769845724,
            "Adoration": 0.018772064242511988,
            "Aesthetic Appreciation": 0.02971841488033533,
            "Amusement": 0.3710024952888489,
            "Anger": 0.03492698632180691,
            "Anxiety": 0.048816511407494545,
            "Awe": 0.08249793201684952,
            "Awkwardness": 0.1047806665301323,
            "Boredom": 0.007527542766183615,
            "Calmness": 0.0186859923414886,
            "Concentration": 0.008896146668121219,
            "Confusion": 0.17962942086160183,
            "Contemplation": 0.022702543763443828,
            "Contempt": 0.049274975433945656,
            "Contentment": 0.01572162564843893,
            "Craving": 0.003872319357469678,
            "Desire": 0.005678666289895773,
            "Determination": 0.019110938534140587,
            "Disappointment": 0.05287431739270687,
            "Disgust": 0.038572847843170166,
            "Distress": 0.08695337176322937,
            "Doubt": 0.030941828154027462,
            "Ecstasy": 0.025265165604650974,
            "Embarrassment": 0.03609360847622156,
            "Empathic Pain": 0.01867250958457589,
            "Entrancement": 0.01925047393888235,
            "Envy": 0.037536218762397766,
            "Excitement": 0.16951589658856392,
            "Fear": 0.027963805943727493,
            "Guilt": 0.013070333050563931,
            "Horror": 0.034038446843624115,
            "Interest": 0.1834104284644127,
            "Joy": 0.04330085124820471,
            "Love": 0.010246951365843415,
            "Nostalgia": 0.017779256217181683,
            "Pain": 0.0077115393942222,
            "Pride": 0.02315753698348999,
            "Realization": 0.2782369442284107,
            "Relief": 0.033134123776108027,
            "Romance": 0.010515093803405762,
            "Sadness": 0.01013493025675416,
            "Satisfaction": 0.04054850898683071,
            "Shame": 0.01097013894468546,
            "Surprise (negative)": 0.21420983970165253,
            "Surprise (positive)": 0.24007663875818253,
            "Sympathy": 0.02972102165222168,
            "Tiredness": 0.003347547841258347,
            "Triumph": 0.0287588220089674
        },
        "lang": {}
    }
}