{
    "metadata": {
        "dialogue_id": "872",
        "time_start": "00-00-31.031",
        "time_end": "00-00-36.535",
        "speaker": "Mr.-Geller",
        "emotion": "neutral",
        "sentiment": "neutral",
        "file_name": "872_00-00-31.031_00-00-36.535_Mr.-Geller_neutral_neutral"
    },
    "predicted": {
        "face": {
            "Admiration": 0.38128846883773804,
            "Adoration": 0.40471044182777405,
            "Aesthetic Appreciation": 0.16333086788654327,
            "Amusement": 0.5327373743057251,
            "Anger": 0.016574852168560028,
            "Anxiety": 0.04876904934644699,
            "Awe": 0.1044393852353096,
            "Awkwardness": 0.16634777188301086,
            "Boredom": 0.21241970360279083,
            "Calmness": 0.45447707176208496,
            "Concentration": 0.28766313195228577,
            "Confusion": 0.16032999753952026,
            "Contemplation": 0.22909726202487946,
            "Contempt": 0.12337782233953476,
            "Contentment": 0.3752816319465637,
            "Craving": 0.07160861045122147,
            "Desire": 0.09866070002317429,
            "Determination": 0.08845531940460205,
            "Disappointment": 0.09637930244207382,
            "Disgust": 0.024215765297412872,
            "Distress": 0.050206929445266724,
            "Doubt": 0.17304536700248718,
            "Ecstasy": 0.07429265975952148,
            "Embarrassment": 0.0602385550737381,
            "Empathic Pain": 0.02523938938975334,
            "Entrancement": 0.1498079001903534,
            "Envy": 0.04593924432992935,
            "Excitement": 0.21349333226680756,
            "Fear": 0.02473418414592743,
            "Guilt": 0.025397716090083122,
            "Horror": 0.010458068922162056,
            "Interest": 0.5857178568840027,
            "Joy": 0.46941161155700684,
            "Love": 0.5030480027198792,
            "Nostalgia": 0.12044401466846466,
            "Pain": 0.024450646713376045,
            "Pride": 0.19350646436214447,
            "Realization": 0.14573237299919128,
            "Relief": 0.13487455248832703,
            "Romance": 0.15868878364562988,
            "Sadness": 0.04423835873603821,
            "Satisfaction": 0.4489583969116211,
            "Shame": 0.03061510995030403,
            "Surprise (negative)": 0.01344704907387495,
            "Surprise (positive)": 0.02483014017343521,
            "Sympathy": 0.07466581463813782,
            "Tiredness": 0.09022657573223114,
            "Triumph": 0.08723890781402588
        },
        "prosody": {
            "Admiration": 0.02681945078074932,
            "Adoration": 0.041686028242111206,
            "Aesthetic Appreciation": 0.0022499242331832647,
            "Amusement": 0.33303552865982056,
            "Anger": 0.4201231598854065,
            "Anxiety": 0.035537239164114,
            "Awe": 0.0030479212291538715,
            "Awkwardness": 0.10483035445213318,
            "Boredom": 0.0014658753061667085,
            "Calmness": 0.009196347557008266,
            "Concentration": 0.0013733678497374058,
            "Confusion": 0.042775385081768036,
            "Contemplation": 0.013293547555804253,
            "Contempt": 0.2855072021484375,
            "Contentment": 0.006199232302606106,
            "Craving": 0.002128300489857793,
            "Desire": 0.002553387312218547,
            "Determination": 0.0064444574527442455,
            "Disappointment": 0.5443552136421204,
            "Disgust": 0.12954753637313843,
            "Distress": 0.2871314585208893,
            "Doubt": 0.009467489086091518,
            "Ecstasy": 0.002874061930924654,
            "Embarrassment": 0.048243582248687744,
            "Empathic Pain": 0.2437729686498642,
            "Entrancement": 0.002424553269520402,
            "Envy": 0.09819649904966354,
            "Excitement": 0.010999123565852642,
            "Fear": 0.0053641232661902905,
            "Guilt": 0.032092902809381485,
            "Horror": 0.015531212091445923,
            "Interest": 0.006220696959644556,
            "Joy": 0.023922918364405632,
            "Love": 0.05825861915946007,
            "Nostalgia": 0.12030957639217377,
            "Pain": 0.04764629900455475,
            "Pride": 0.01247481256723404,
            "Realization": 0.16932539641857147,
            "Relief": 0.006241463590413332,
            "Romance": 0.012260014191269875,
            "Sadness": 0.18897955119609833,
            "Satisfaction": 0.009432252496480942,
            "Shame": 0.04764571040868759,
            "Surprise (negative)": 0.15222637355327606,
            "Surprise (positive)": 0.026068424805998802,
            "Sympathy": 0.11782333254814148,
            "Tiredness": 0.0038366899825632572,
            "Triumph": 0.008296391926705837
        },
        "lang": {
            "Admiration": 0.059710510981906405,
            "Adoration": 0.03055986923496484,
            "Aesthetic Appreciation": 0.03109165230814956,
            "Amusement": 0.05380317603090876,
            "Anger": 0.016155311059647876,
            "Annoyance": 0.08658787613048365,
            "Anxiety": 0.004459250503905902,
            "Awe": 0.03211509404507907,
            "Awkwardness": 0.06139815951648511,
            "Boredom": 0.015510530603167257,
            "Calmness": 0.04214144772604892,
            "Concentration": 0.013293927706974117,
            "Confusion": 0.057158048999936956,
            "Contemplation": 0.21659373629250026,
            "Contempt": 0.16059468186607487,
            "Contentment": 0.01541145769634137,
            "Craving": 0.0031105437879695706,
            "Desire": 0.004536639603381781,
            "Determination": 0.007925531538938614,
            "Disappointment": 0.06017670623565975,
            "Disapproval": 0.22940608819848612,
            "Disgust": 0.09197848410296597,
            "Distress": 0.011186289760333142,
            "Doubt": 0.042296145895594044,
            "Ecstasy": 0.0006675979499337508,
            "Embarrassment": 0.04059591342842108,
            "Empathic Pain": 0.09996291432578705,
            "Enthusiasm": 0.012916442043589134,
            "Entrancement": 0.013668595776452045,
            "Envy": 0.02947204110310658,
            "Excitement": 0.003028319231050677,
            "Fear": 0.001666372384581911,
            "Gratitude": 0.009754686591852652,
            "Guilt": 0.006955876811652591,
            "Horror": 0.005888945421534835,
            "Interest": 0.06324104631417676,
            "Joy": 0.01247662001926648,
            "Love": 0.02391443742855795,
            "Nostalgia": 0.2970546387675169,
            "Pain": 0.01738411064970454,
            "Pride": 0.01840176678409702,
            "Realization": 0.13686547212694822,
            "Relief": 0.0038440124817976824,
            "Romance": 0.007232618778576388,
            "Sadness": 0.055627447994131794,
            "Sarcasm": 0.09111929773107956,
            "Satisfaction": 0.01344333269241217,
            "Shame": 0.04439077732202254,
            "Surprise (negative)": 0.040967259237444716,
            "Surprise (positive)": 0.019044313101882215,
            "Sympathy": 0.10442190122251448,
            "Tiredness": 0.007093721951701139,
            "Triumph": 0.0066970104572216145
        }
    }
}