{
    "metadata": {
        "dialogue_id": "872",
        "time_start": "00-00-14.181",
        "time_end": "00-00-17.850",
        "speaker": "Mrs.-Geller",
        "emotion": "joy",
        "sentiment": "positive",
        "file_name": "872_00-00-14.181_00-00-17.850_Mrs.-Geller_joy_positive"
    },
    "predicted": {
        "face": {
            "Admiration": 0.11864371597766876,
            "Adoration": 0.1193334311246872,
            "Aesthetic Appreciation": 0.07227311283349991,
            "Amusement": 0.1578712910413742,
            "Anger": 0.07416608184576035,
            "Anxiety": 0.17467275261878967,
            "Awe": 0.07412195205688477,
            "Awkwardness": 0.18598031997680664,
            "Boredom": 0.3674459159374237,
            "Calmness": 0.43084418773651123,
            "Concentration": 0.42799970507621765,
            "Confusion": 0.3141213655471802,
            "Contemplation": 0.25844070315361023,
            "Contempt": 0.15663963556289673,
            "Contentment": 0.16855043172836304,
            "Craving": 0.05345284938812256,
            "Desire": 0.06654224544763565,
            "Determination": 0.11418062448501587,
            "Disappointment": 0.3597681522369385,
            "Disgust": 0.09562598168849945,
            "Distress": 0.24863754212856293,
            "Doubt": 0.289966344833374,
            "Ecstasy": 0.038583483546972275,
            "Embarrassment": 0.14008957147598267,
            "Empathic Pain": 0.1135806068778038,
            "Entrancement": 0.123154416680336,
            "Envy": 0.04554525762796402,
            "Excitement": 0.07315389066934586,
            "Fear": 0.09624793380498886,
            "Guilt": 0.12700355052947998,
            "Horror": 0.03782805800437927,
            "Interest": 0.2847783863544464,
            "Joy": 0.13444530963897705,
            "Love": 0.1762777715921402,
            "Nostalgia": 0.09355555474758148,
            "Pain": 0.1914350688457489,
            "Pride": 0.07302027195692062,
            "Realization": 0.16004478931427002,
            "Relief": 0.08739084005355835,
            "Romance": 0.07789333164691925,
            "Sadness": 0.34330394864082336,
            "Satisfaction": 0.1630694717168808,
            "Shame": 0.12689438462257385,
            "Surprise (negative)": 0.0412377268075943,
            "Surprise (positive)": 0.03142142295837402,
            "Sympathy": 0.0790429413318634,
            "Tiredness": 0.2843250036239624,
            "Triumph": 0.0341126024723053
        },
        "prosody": {
            "Admiration": 0.17622652649879456,
            "Adoration": 0.18765589594841003,
            "Aesthetic Appreciation": 0.09408744424581528,
            "Amusement": 0.5911094546318054,
            "Anger": 0.007769329007714987,
            "Anxiety": 0.012004030868411064,
            "Awe": 0.05663998797535896,
            "Awkwardness": 0.04869426041841507,
            "Boredom": 0.0025797951966524124,
            "Calmness": 0.014919419772922993,
            "Concentration": 0.006105371285229921,
            "Confusion": 0.02192840352654457,
            "Contemplation": 0.05787232145667076,
            "Contempt": 0.023541193455457687,
            "Contentment": 0.015267111361026764,
            "Craving": 0.005873076617717743,
            "Desire": 0.0861082673072815,
            "Determination": 0.005141190253198147,
            "Disappointment": 0.025681881234049797,
            "Disgust": 0.024208012968301773,
            "Distress": 0.01835029572248459,
            "Doubt": 0.006290083285421133,
            "Ecstasy": 0.07530947029590607,
            "Embarrassment": 0.011514515615999699,
            "Empathic Pain": 0.026492025703191757,
            "Entrancement": 0.04781849682331085,
            "Envy": 0.295860230922699,
            "Excitement": 0.19332048296928406,
            "Fear": 0.00960501842200756,
            "Guilt": 0.010095277801156044,
            "Horror": 0.014413341879844666,
            "Interest": 0.22690826654434204,
            "Joy": 0.11977127194404602,
            "Love": 0.07624701410531998,
            "Nostalgia": 0.053247928619384766,
            "Pain": 0.004679274745285511,
            "Pride": 0.055425532162189484,
            "Realization": 0.1022631898522377,
            "Relief": 0.018111148849129677,
            "Romance": 0.12362493574619293,
            "Sadness": 0.024066194891929626,
            "Satisfaction": 0.04100680351257324,
            "Shame": 0.00853203609585762,
            "Surprise (negative)": 0.042492590844631195,
            "Surprise (positive)": 0.21430745720863342,
            "Sympathy": 0.09408904612064362,
            "Tiredness": 0.0007500248029828072,
            "Triumph": 0.032970547676086426
        },
        "lang": {
            "Admiration": 0.03389034149170454,
            "Adoration": 0.004409277799173391,
            "Aesthetic Appreciation": 0.006128069096510964,
            "Amusement": 0.018279505361403738,
            "Anger": 0.014288566989957221,
            "Annoyance": 0.11789876781404018,
            "Anxiety": 0.010644384493519152,
            "Awe": 0.00579833280893841,
            "Awkwardness": 0.03450400734852467,
            "Boredom": 0.0335150641954637,
            "Calmness": 0.049254845694771836,
            "Concentration": 0.007739190490350926,
            "Confusion": 0.04540019030017512,
            "Contemplation": 0.11344133290861334,
            "Contempt": 0.13498250182185853,
            "Contentment": 0.042754981999418566,
            "Craving": 0.0021414159689032075,
            "Desire": 0.0027193771301036967,
            "Determination": 0.005935829964333347,
            "Disappointment": 0.1471841103796448,
            "Disapproval": 0.10994445133422102,
            "Disgust": 0.03842852384384189,
            "Distress": 0.012784721163500632,
            "Doubt": 0.07163787081039377,
            "Ecstasy": 0.0005102676680378084,
            "Embarrassment": 0.0147971102435674,
            "Empathic Pain": 0.055514477692278366,
            "Enthusiasm": 0.0061528312508016825,
            "Entrancement": 0.0022955751878076364,
            "Envy": 0.03222164009431643,
            "Excitement": 0.0020729898242279887,
            "Fear": 0.0022163279271418495,
            "Gratitude": 0.07961698906728998,
            "Guilt": 0.007411103333911991,
            "Horror": 0.0013103406152887537,
            "Interest": 0.02181946113705635,
            "Joy": 0.006271014488967401,
            "Love": 0.0031853771298691364,
            "Nostalgia": 0.007840331519089107,
            "Pain": 0.010791638799543892,
            "Pride": 0.007616226744305875,
            "Realization": 0.10436124567474638,
            "Relief": 0.20061342707569046,
            "Romance": 0.0019563835105925265,
            "Sadness": 0.05990680979032602,
            "Sarcasm": 0.12017307909471649,
            "Satisfaction": 0.05265173678552466,
            "Shame": 0.026111279714054296,
            "Surprise (negative)": 0.029703863829906498,
            "Surprise (positive)": 0.017325452928032194,
            "Sympathy": 0.11381112880605672,
            "Tiredness": 0.016281839792749712,
            "Triumph": 0.008903980487957597
        }
    }
}