{
    "metadata": {
        "dialogue_id": "879",
        "time_start": "00-00-00.000",
        "time_end": "00-00-03.419",
        "speaker": "Tag",
        "emotion": "neutral",
        "sentiment": "neutral",
        "text_content": "I got asked out twice today when I was at lunch\u0085by guys.",
        "file_name": "879_00-00-00.000_00-00-03.419_Tag_neutral_neutral"
    },
    "predicted": {
        "face": {
            "Admiration": 0.11103585362434387,
            "Adoration": 0.11684577167034149,
            "Aesthetic Appreciation": 0.05872410535812378,
            "Amusement": 0.3250218331813812,
            "Anger": 0.07491878420114517,
            "Anxiety": 0.12682002782821655,
            "Awe": 0.16743336617946625,
            "Awkwardness": 0.17191827297210693,
            "Boredom": 0.21387143433094025,
            "Calmness": 0.19909842312335968,
            "Concentration": 0.17083585262298584,
            "Confusion": 0.22859910130500793,
            "Contemplation": 0.09249135106801987,
            "Contempt": 0.09049174189567566,
            "Contentment": 0.13473978638648987,
            "Craving": 0.06667691469192505,
            "Desire": 0.12743113934993744,
            "Determination": 0.07451095432043076,
            "Disappointment": 0.22583219408988953,
            "Disgust": 0.08095204830169678,
            "Distress": 0.2104293555021286,
            "Doubt": 0.1497042030096054,
            "Ecstasy": 0.13999375700950623,
            "Embarrassment": 0.12691673636436462,
            "Empathic Pain": 0.09285610914230347,
            "Entrancement": 0.10846006870269775,
            "Envy": 0.03104390762746334,
            "Excitement": 0.244797945022583,
            "Fear": 0.1294030100107193,
            "Guilt": 0.07246679812669754,
            "Horror": 0.09336430579423904,
            "Interest": 0.23435086011886597,
            "Joy": 0.26858723163604736,
            "Love": 0.20089982450008392,
            "Nostalgia": 0.06351828575134277,
            "Pain": 0.22757643461227417,
            "Pride": 0.07349969446659088,
            "Realization": 0.1647869497537613,
            "Relief": 0.12599126994609833,
            "Romance": 0.07496204972267151,
            "Sadness": 0.19746509194374084,
            "Satisfaction": 0.24199114739894867,
            "Shame": 0.07974526286125183,
            "Surprise (negative)": 0.09993839263916016,
            "Surprise (positive)": 0.1116490513086319,
            "Sympathy": 0.048575446009635925,
            "Tiredness": 0.26401394605636597,
            "Triumph": 0.08025592565536499
        },
        "prosody": {
            "Admiration": 0.005960003938525915,
            "Adoration": 0.007507686968892813,
            "Aesthetic Appreciation": 0.015808170661330223,
            "Amusement": 0.1714469939470291,
            "Anger": 0.02426351234316826,
            "Anxiety": 0.008497976697981358,
            "Awe": 0.013705207966268063,
            "Awkwardness": 0.02053973823785782,
            "Boredom": 0.06395412236452103,
            "Calmness": 0.12664398550987244,
            "Concentration": 0.022947678342461586,
            "Confusion": 0.05256997421383858,
            "Contemplation": 0.31960850954055786,
            "Contempt": 0.02287977747619152,
            "Contentment": 0.18919536471366882,
            "Craving": 0.0467030331492424,
            "Desire": 0.00713458051905036,
            "Determination": 0.02558586560189724,
            "Disappointment": 0.07384046167135239,
            "Disgust": 0.007785425987094641,
            "Distress": 0.009645877406001091,
            "Doubt": 0.009054760448634624,
            "Ecstasy": 0.046653978526592255,
            "Embarrassment": 0.0131871672347188,
            "Empathic Pain": 0.0007128159049898386,
            "Entrancement": 0.005719832144677639,
            "Envy": 0.04155438393354416,
            "Excitement": 0.1233256459236145,
            "Fear": 0.0023067619185894728,
            "Guilt": 0.010903412476181984,
            "Horror": 0.0009871748043224216,
            "Interest": 0.12529952824115753,
            "Joy": 0.1384112685918808,
            "Love": 0.00653142249211669,
            "Nostalgia": 0.1604989618062973,
            "Pain": 0.007883070036768913,
            "Pride": 0.08329398930072784,
            "Realization": 0.16655418276786804,
            "Relief": 0.03891740366816521,
            "Romance": 0.009709008038043976,
            "Sadness": 0.023044951260089874,
            "Satisfaction": 0.20680828392505646,
            "Shame": 0.008729971945285797,
            "Surprise (negative)": 0.03932414948940277,
            "Surprise (positive)": 0.10278434306383133,
            "Sympathy": 0.000865778187289834,
            "Tiredness": 0.017756130546331406,
            "Triumph": 0.06260809302330017
        },
        "lang": {}
    }
}