{
    "metadata": {
        "dialogue_id": "881",
        "time_start": "00-00-00.000",
        "time_end": "00-00-04.712",
        "speaker": "Tag",
        "emotion": "joy",
        "sentiment": "positive",
        "file_name": "881_00-00-00.000_00-00-04.712_Tag_joy_positive"
    },
    "predicted": {
        "face": {
            "Admiration": 0.25502848625183105,
            "Adoration": 0.26006144285202026,
            "Aesthetic Appreciation": 0.12853743135929108,
            "Amusement": 0.6156284809112549,
            "Anger": 0.019918709993362427,
            "Anxiety": 0.05604875832796097,
            "Awe": 0.09036601334810257,
            "Awkwardness": 0.222802996635437,
            "Boredom": 0.20533648133277893,
            "Calmness": 0.5184376835823059,
            "Concentration": 0.3178235590457916,
            "Confusion": 0.15071405470371246,
            "Contemplation": 0.1335679590702057,
            "Contempt": 0.10451284050941467,
            "Contentment": 0.36557573080062866,
            "Craving": 0.0722351223230362,
            "Desire": 0.10041235387325287,
            "Determination": 0.08519735187292099,
            "Disappointment": 0.09381759911775589,
            "Disgust": 0.03099818527698517,
            "Distress": 0.05362052842974663,
            "Doubt": 0.13697493076324463,
            "Ecstasy": 0.0870208740234375,
            "Embarrassment": 0.07642371952533722,
            "Empathic Pain": 0.030516766011714935,
            "Entrancement": 0.1398041695356369,
            "Envy": 0.04140487313270569,
            "Excitement": 0.2837459444999695,
            "Fear": 0.03189423307776451,
            "Guilt": 0.03126542642712593,
            "Horror": 0.016236713156104088,
            "Interest": 0.6110410690307617,
            "Joy": 0.5358838438987732,
            "Love": 0.39573079347610474,
            "Nostalgia": 0.08676210045814514,
            "Pain": 0.027933385223150253,
            "Pride": 0.14405162632465363,
            "Realization": 0.12173731625080109,
            "Relief": 0.11980314552783966,
            "Romance": 0.12121549993753433,
            "Sadness": 0.04946611076593399,
            "Satisfaction": 0.4110140800476074,
            "Shame": 0.036125559359788895,
            "Surprise (negative)": 0.02358877845108509,
            "Surprise (positive)": 0.04624248668551445,
            "Sympathy": 0.0880926102399826,
            "Tiredness": 0.10078129172325134,
            "Triumph": 0.0720660537481308
        },
        "prosody": {
            "Admiration": 0.07194217422511429,
            "Adoration": 0.03732254356145859,
            "Aesthetic Appreciation": 0.021431690896861255,
            "Amusement": 0.05314872274175286,
            "Anger": 0.08821416879072785,
            "Anxiety": 0.0259007066488266,
            "Awe": 0.018292682245373726,
            "Awkwardness": 0.05325746536254883,
            "Boredom": 0.008220699615776539,
            "Calmness": 0.028407134115695953,
            "Concentration": 0.029282241128385067,
            "Confusion": 0.10600163973867893,
            "Contemplation": 0.07888523815199733,
            "Contempt": 0.08575012348592281,
            "Contentment": 0.023701090132817626,
            "Craving": 0.06546837789937854,
            "Desire": 0.024546609492972493,
            "Determination": 0.07198559492826462,
            "Disappointment": 0.11153203621506691,
            "Disgust": 0.06549856020137668,
            "Distress": 0.04876171937212348,
            "Doubt": 0.05209702532738447,
            "Ecstasy": 0.013860649254638702,
            "Embarrassment": 0.02403265517205,
            "Empathic Pain": 0.008773608831688762,
            "Entrancement": 0.010563191724941134,
            "Envy": 0.05766699928790331,
            "Excitement": 0.0381355102872476,
            "Fear": 0.012454882031306624,
            "Guilt": 0.010741906240582466,
            "Horror": 0.0080307173775509,
            "Interest": 0.08776159374974668,
            "Joy": 0.02153334068134427,
            "Love": 0.04974249436054379,
            "Nostalgia": 0.04321855626767501,
            "Pain": 0.0050147040747106075,
            "Pride": 0.07987407734617591,
            "Realization": 0.1071428470313549,
            "Relief": 0.009798638289794326,
            "Romance": 0.037533567170612514,
            "Sadness": 0.011714957654476166,
            "Satisfaction": 0.042629299918189645,
            "Shame": 0.016431414056569338,
            "Surprise (negative)": 0.13728392194025218,
            "Surprise (positive)": 0.0249925022944808,
            "Sympathy": 0.02600390138104558,
            "Tiredness": 0.004722943180240691,
            "Triumph": 0.017106388229876757
        },
        "lang": {
            "Admiration": 0.004338129737880081,
            "Adoration": 0.0045687358050296705,
            "Aesthetic Appreciation": 0.0041170382096121705,
            "Amusement": 0.0051510663703083995,
            "Anger": 0.03868716743309051,
            "Annoyance": 0.12649780462185542,
            "Anxiety": 0.0970833959368368,
            "Awe": 0.002034083555918187,
            "Awkwardness": 0.2299338672310114,
            "Boredom": 0.009137567474196355,
            "Calmness": 0.08275767068068186,
            "Concentration": 0.014363430999219417,
            "Confusion": 0.09083310241500536,
            "Contemplation": 0.1818536435564359,
            "Contempt": 0.08590865458051364,
            "Contentment": 0.032744398216406505,
            "Craving": 0.0033010326655736814,
            "Desire": 0.021821308893656046,
            "Determination": 0.042719669407233596,
            "Disappointment": 0.12341538711140553,
            "Disapproval": 0.2561540193234881,
            "Disgust": 0.03935175266427298,
            "Distress": 0.08611848051659762,
            "Doubt": 0.16189474761486053,
            "Ecstasy": 0.0005367724467456961,
            "Embarrassment": 0.06861448972485959,
            "Empathic Pain": 0.10280411392062282,
            "Enthusiasm": 0.00488347540764759,
            "Entrancement": 0.005013324444492658,
            "Envy": 0.004388213479736199,
            "Excitement": 0.001538827084004879,
            "Fear": 0.0549708018777892,
            "Gratitude": 0.005250062265743812,
            "Guilt": 0.0735792544282352,
            "Horror": 0.005302894521203901,
            "Interest": 0.028857917773226896,
            "Joy": 0.002641604629267628,
            "Love": 0.030033005834169065,
            "Nostalgia": 0.004169812557908396,
            "Pain": 0.04441687524861967,
            "Pride": 0.014135792141314597,
            "Realization": 0.24584730416536332,
            "Relief": 0.012753847396622102,
            "Romance": 0.04121754727675579,
            "Sadness": 0.11712746032668898,
            "Sarcasm": 0.019456518224130075,
            "Satisfaction": 0.022779653687030076,
            "Shame": 0.10195276395728191,
            "Surprise (negative)": 0.0539227613247931,
            "Surprise (positive)": 0.008613327991527815,
            "Sympathy": 0.09549243566580116,
            "Tiredness": 0.011107891254747907,
            "Triumph": 0.006365027232095599
        }
    }
}