{
    "metadata": {
        "dialogue_id": "886",
        "time_start": "00-00-20.063",
        "time_end": "00-00-20.750",
        "speaker": "Phoebe",
        "emotion": "joy",
        "sentiment": "positive",
        "file_name": "886_00-00-20.063_00-00-20.750_Phoebe_joy_positive"
    },
    "predicted": {
        "face": {
            "Admiration": 0.09694179892539978,
            "Adoration": 0.10409962385892868,
            "Aesthetic Appreciation": 0.05607035383582115,
            "Amusement": 0.20548151433467865,
            "Anger": 0.06847281008958817,
            "Anxiety": 0.20445039868354797,
            "Awe": 0.08709252625703812,
            "Awkwardness": 0.17328253388404846,
            "Boredom": 0.19589215517044067,
            "Calmness": 0.2551136612892151,
            "Concentration": 0.29497018456459045,
            "Confusion": 0.30779457092285156,
            "Contemplation": 0.20452313125133514,
            "Contempt": 0.10515967011451721,
            "Contentment": 0.134867861866951,
            "Craving": 0.04637780040502548,
            "Desire": 0.06802282482385635,
            "Determination": 0.0831301137804985,
            "Disappointment": 0.327899694442749,
            "Disgust": 0.09764301776885986,
            "Distress": 0.3257303535938263,
            "Doubt": 0.24770347774028778,
            "Ecstasy": 0.061379238963127136,
            "Embarrassment": 0.16325613856315613,
            "Empathic Pain": 0.13960307836532593,
            "Entrancement": 0.09700975567102432,
            "Envy": 0.032556649297475815,
            "Excitement": 0.11270401626825333,
            "Fear": 0.1348615139722824,
            "Guilt": 0.13841265439987183,
            "Horror": 0.06430195271968842,
            "Interest": 0.22199755907058716,
            "Joy": 0.17743220925331116,
            "Love": 0.16944286227226257,
            "Nostalgia": 0.07961895316839218,
            "Pain": 0.30665260553359985,
            "Pride": 0.06250928342342377,
            "Realization": 0.177626833319664,
            "Relief": 0.10578024387359619,
            "Romance": 0.06686243414878845,
            "Sadness": 0.36739209294319153,
            "Satisfaction": 0.16807274520397186,
            "Shame": 0.13089115917682648,
            "Surprise (negative)": 0.06146879866719246,
            "Surprise (positive)": 0.04727426916360855,
            "Sympathy": 0.07210057973861694,
            "Tiredness": 0.23840439319610596,
            "Triumph": 0.04078288376331329
        },
        "prosody": {
            "Admiration": 0,
            "Adoration": 0,
            "Aesthetic Appreciation": 0,
            "Amusement": 0,
            "Anger": 0,
            "Annoyance": 0,
            "Anxiety": 0,
            "Awe": 0,
            "Awkwardness": 0,
            "Boredom": 0,
            "Calmness": 0,
            "Concentration": 0,
            "Confusion": 0,
            "Contemplation": 0,
            "Contempt": 0,
            "Contentment": 0,
            "Craving": 0,
            "Desire": 0,
            "Determination": 0,
            "Disappointment": 0,
            "Disapproval": 0,
            "Disgust": 0,
            "Distress": 0,
            "Doubt": 0,
            "Ecstasy": 0,
            "Embarrassment": 0,
            "Empathic Pain": 0,
            "Enthusiasm": 0,
            "Entrancement": 0,
            "Envy": 0,
            "Excitement": 0,
            "Fear": 0,
            "Gratitude": 0,
            "Guilt": 0,
            "Horror": 0,
            "Interest": 0,
            "Joy": 0,
            "Love": 0,
            "Nostalgia": 0,
            "Pain": 0,
            "Pride": 0,
            "Realization": 0,
            "Relief": 0,
            "Romance": 0,
            "Sadness": 0,
            "Sarcasm": 0,
            "Satisfaction": 0,
            "Shame": 0,
            "Surprise (negative)": 0,
            "Surprise (positive)": 0,
            "Sympathy": 0,
            "Tiredness": 0,
            "Triumph": 0
        },
        "lang": {
            "Admiration": 0.033265404403209686,
            "Adoration": 0.029147537425160408,
            "Aesthetic Appreciation": 0.011984435841441154,
            "Amusement": 0.05798667296767235,
            "Anger": 0.0013379445299506187,
            "Annoyance": 0.008255191147327423,
            "Anxiety": 0.0021128528751432896,
            "Awe": 0.012796024791896343,
            "Awkwardness": 0.03578123822808266,
            "Boredom": 0.008954238146543503,
            "Calmness": 0.05620647966861725,
            "Concentration": 0.012540125288069248,
            "Confusion": 0.014647727832198143,
            "Contemplation": 0.008517327718436718,
            "Contempt": 0.008332614786922932,
            "Contentment": 0.034082863479852676,
            "Craving": 0.0007982434472069144,
            "Desire": 0.001064607291482389,
            "Determination": 0.010430710390210152,
            "Disappointment": 0.000926263106521219,
            "Disapproval": 0.003749252064153552,
            "Disgust": 0.0006795551744289696,
            "Distress": 0.0010762149468064308,
            "Doubt": 0.0031143322121351957,
            "Ecstasy": 0.005974492058157921,
            "Embarrassment": 0.002265608636662364,
            "Empathic Pain": 0.0011291707633063197,
            "Enthusiasm": 0.46522432565689087,
            "Entrancement": 0.007078723516315222,
            "Envy": 0.0006569507531821728,
            "Excitement": 0.3085343837738037,
            "Fear": 0.0005627802456729114,
            "Gratitude": 0.013272211886942387,
            "Guilt": 0.0005550815840251744,
            "Horror": 0.000176497022039257,
            "Interest": 0.311052143573761,
            "Joy": 0.2085357904434204,
            "Love": 0.018361227586865425,
            "Nostalgia": 0.0024752169847488403,
            "Pain": 0.00010955686593661085,
            "Pride": 0.01218167133629322,
            "Realization": 0.02789771743118763,
            "Relief": 0.0031812102533876896,
            "Romance": 0.002459949580952525,
            "Sadness": 0.00017136757378466427,
            "Sarcasm": 0.006226162891834974,
            "Satisfaction": 0.04173930734395981,
            "Shame": 0.0007571260211989284,
            "Surprise (negative)": 0.011142963543534279,
            "Surprise (positive)": 0.2110307812690735,
            "Sympathy": 0.0025493314024060965,
            "Tiredness": 0.000625094398856163,
            "Triumph": 0.010163111612200737
        }
    }
}