{
    "metadata": {
        "dialogue_id": "888",
        "time_start": "00-00-28.821",
        "time_end": "00-00-29.043",
        "speaker": "Ross",
        "emotion": "neutral",
        "sentiment": "neutral",
        "file_name": "888_00-00-28.821_00-00-29.043_Ross_neutral_neutral"
    },
    "predicted": {
        "face": {
            "Admiration": 0.042369402945041656,
            "Adoration": 0.03285903111100197,
            "Aesthetic Appreciation": 0.03639351204037666,
            "Amusement": 0.06569046527147293,
            "Anger": 0.09502504020929337,
            "Anxiety": 0.21768149733543396,
            "Awe": 0.07107438892126083,
            "Awkwardness": 0.20123514533042908,
            "Boredom": 0.29044589400291443,
            "Calmness": 0.24634340405464172,
            "Concentration": 0.32957202196121216,
            "Confusion": 0.548944890499115,
            "Contemplation": 0.1727440059185028,
            "Contempt": 0.166701078414917,
            "Contentment": 0.060740768909454346,
            "Craving": 0.040692273527383804,
            "Desire": 0.04770103469491005,
            "Determination": 0.08314351737499237,
            "Disappointment": 0.4124322831630707,
            "Disgust": 0.18127770721912384,
            "Distress": 0.352688193321228,
            "Doubt": 0.3695068061351776,
            "Ecstasy": 0.02228812873363495,
            "Embarrassment": 0.1436791867017746,
            "Empathic Pain": 0.15489639341831207,
            "Entrancement": 0.0830717384815216,
            "Envy": 0.03550931438803673,
            "Excitement": 0.03418496623635292,
            "Fear": 0.1328282207250595,
            "Guilt": 0.13186980783939362,
            "Horror": 0.06744544953107834,
            "Interest": 0.15649506449699402,
            "Joy": 0.03522729128599167,
            "Love": 0.042004987597465515,
            "Nostalgia": 0.05342106521129608,
            "Pain": 0.2915395498275757,
            "Pride": 0.03159993141889572,
            "Realization": 0.15344080328941345,
            "Relief": 0.05852864682674408,
            "Romance": 0.026090092957019806,
            "Sadness": 0.38690268993377686,
            "Satisfaction": 0.060215193778276443,
            "Shame": 0.12548644840717316,
            "Surprise (negative)": 0.08202686160802841,
            "Surprise (positive)": 0.0375547781586647,
            "Sympathy": 0.06516829878091812,
            "Tiredness": 0.3306967616081238,
            "Triumph": 0.01661629229784012
        },
        "prosody": {
            "Admiration": 0,
            "Adoration": 0,
            "Aesthetic Appreciation": 0,
            "Amusement": 0,
            "Anger": 0,
            "Annoyance": 0,
            "Anxiety": 0,
            "Awe": 0,
            "Awkwardness": 0,
            "Boredom": 0,
            "Calmness": 0,
            "Concentration": 0,
            "Confusion": 0,
            "Contemplation": 0,
            "Contempt": 0,
            "Contentment": 0,
            "Craving": 0,
            "Desire": 0,
            "Determination": 0,
            "Disappointment": 0,
            "Disapproval": 0,
            "Disgust": 0,
            "Distress": 0,
            "Doubt": 0,
            "Ecstasy": 0,
            "Embarrassment": 0,
            "Empathic Pain": 0,
            "Enthusiasm": 0,
            "Entrancement": 0,
            "Envy": 0,
            "Excitement": 0,
            "Fear": 0,
            "Gratitude": 0,
            "Guilt": 0,
            "Horror": 0,
            "Interest": 0,
            "Joy": 0,
            "Love": 0,
            "Nostalgia": 0,
            "Pain": 0,
            "Pride": 0,
            "Realization": 0,
            "Relief": 0,
            "Romance": 0,
            "Sadness": 0,
            "Sarcasm": 0,
            "Satisfaction": 0,
            "Shame": 0,
            "Surprise (negative)": 0,
            "Surprise (positive)": 0,
            "Sympathy": 0,
            "Tiredness": 0,
            "Triumph": 0
        },
        "lang": {
            "Admiration": 0.006012238096445799,
            "Adoration": 0.0017345048254355788,
            "Aesthetic Appreciation": 0.001862016855739057,
            "Amusement": 0.044360026717185974,
            "Anger": 0.019656473770737648,
            "Annoyance": 0.12712201476097107,
            "Anxiety": 0.006460456643253565,
            "Awe": 0.019072160124778748,
            "Awkwardness": 0.025306854397058487,
            "Boredom": 0.011504204012453556,
            "Calmness": 0.023094123229384422,
            "Concentration": 0.006126572377979755,
            "Confusion": 0.22892896831035614,
            "Contemplation": 0.062212467193603516,
            "Contempt": 0.06267997622489929,
            "Contentment": 0.010326862335205078,
            "Craving": 0.0005066480371169746,
            "Desire": 0.0006177232717163861,
            "Determination": 0.004117872565984726,
            "Disappointment": 0.03724469244480133,
            "Disapproval": 0.07309219986200333,
            "Disgust": 0.014301448129117489,
            "Distress": 0.00959069188684225,
            "Doubt": 0.12122956663370132,
            "Ecstasy": 0.001166048925369978,
            "Embarrassment": 0.003318493254482746,
            "Empathic Pain": 0.004358365666121244,
            "Enthusiasm": 0.014943454414606094,
            "Entrancement": 0.00487246410921216,
            "Envy": 0.003073950530961156,
            "Excitement": 0.011259578168392181,
            "Fear": 0.004020906984806061,
            "Gratitude": 0.0031154388561844826,
            "Guilt": 0.0009077330469153821,
            "Horror": 0.0027873229701071978,
            "Interest": 0.06871463358402252,
            "Joy": 0.007669519167393446,
            "Love": 0.001364807947538793,
            "Nostalgia": 0.0009952987311407924,
            "Pain": 0.0023041078820824623,
            "Pride": 0.004593839403241873,
            "Realization": 0.07954423874616623,
            "Relief": 0.0066629680804908276,
            "Romance": 0.0006305102724581957,
            "Sadness": 0.0061619458720088005,
            "Sarcasm": 0.4081209897994995,
            "Satisfaction": 0.011474588885903358,
            "Shame": 0.0036311722360551357,
            "Surprise (negative)": 0.37696823477745056,
            "Surprise (positive)": 0.19336697459220886,
            "Sympathy": 0.005752715282142162,
            "Tiredness": 0.005773658398538828,
            "Triumph": 0.00688544474542141
        }
    }
}