{
    "metadata": {
        "dialogue_id": "888",
        "time_start": "00-00-18.477",
        "time_end": "00-00-23.189",
        "speaker": "Emily",
        "emotion": "neutral",
        "sentiment": "neutral",
        "text_content": "No. That\u0092s not what I\u0092m saying. I just may know a few things that might help you inflict some pain.",
        "file_name": "888_00-00-18.477_00-00-23.189_Emily_neutral_neutral"
    },
    "predicted": {
        "face": {
            "Admiration": 0.07380203902721405,
            "Adoration": 0.06405475735664368,
            "Aesthetic Appreciation": 0.04661502316594124,
            "Amusement": 0.13222497701644897,
            "Anger": 0.0888594388961792,
            "Anxiety": 0.18964138627052307,
            "Awe": 0.1138368621468544,
            "Awkwardness": 0.14546243846416473,
            "Boredom": 0.2558102011680603,
            "Calmness": 0.18887610733509064,
            "Concentration": 0.24958793818950653,
            "Confusion": 0.31674593687057495,
            "Contemplation": 0.1683482676744461,
            "Contempt": 0.11018569767475128,
            "Contentment": 0.08089317381381989,
            "Craving": 0.05715214088559151,
            "Desire": 0.06754083931446075,
            "Determination": 0.09473162889480591,
            "Disappointment": 0.29576095938682556,
            "Disgust": 0.0926475077867508,
            "Distress": 0.3071303069591522,
            "Doubt": 0.24601417779922485,
            "Ecstasy": 0.05168120935559273,
            "Embarrassment": 0.10307793319225311,
            "Empathic Pain": 0.13860762119293213,
            "Entrancement": 0.09151752293109894,
            "Envy": 0.032762497663497925,
            "Excitement": 0.09059596061706543,
            "Fear": 0.18710775673389435,
            "Guilt": 0.10010163486003876,
            "Horror": 0.10145813226699829,
            "Interest": 0.18921777606010437,
            "Joy": 0.09059060364961624,
            "Love": 0.08475904166698456,
            "Nostalgia": 0.06797667592763901,
            "Pain": 0.3079940378665924,
            "Pride": 0.05305752903223038,
            "Realization": 0.15187853574752808,
            "Relief": 0.06362186372280121,
            "Romance": 0.039240512996912,
            "Sadness": 0.3835086226463318,
            "Satisfaction": 0.11129387468099594,
            "Shame": 0.08529728651046753,
            "Surprise (negative)": 0.08734114468097687,
            "Surprise (positive)": 0.057638924568891525,
            "Sympathy": 0.06005072593688965,
            "Tiredness": 0.25117042660713196,
            "Triumph": 0.041701797395944595
        },
        "prosody": {
            "Admiration": 0.01125550176948309,
            "Adoration": 0.006444745231419802,
            "Aesthetic Appreciation": 0.004077518824487925,
            "Amusement": 0.09155187755823135,
            "Anger": 0.24411357939243317,
            "Anxiety": 0.07949391007423401,
            "Awe": 0.004032099153846502,
            "Awkwardness": 0.030979467555880547,
            "Boredom": 0.0032923126127570868,
            "Calmness": 0.019620710983872414,
            "Concentration": 0.07856588065624237,
            "Confusion": 0.03371424227952957,
            "Contemplation": 0.044802986085414886,
            "Contempt": 0.17628361284732819,
            "Contentment": 0.00610045250505209,
            "Craving": 0.016975507140159607,
            "Desire": 0.007808619644492865,
            "Determination": 0.1975013017654419,
            "Disappointment": 0.1296512335538864,
            "Disgust": 0.04804905876517296,
            "Distress": 0.2189784198999405,
            "Doubt": 0.11160068958997726,
            "Ecstasy": 0.0019034490687772632,
            "Embarrassment": 0.04678545519709587,
            "Empathic Pain": 0.20799973607063293,
            "Entrancement": 0.0034323446452617645,
            "Envy": 0.10503494739532471,
            "Excitement": 0.01554142963141203,
            "Fear": 0.032468415796756744,
            "Guilt": 0.04826393350958824,
            "Horror": 0.007423686794936657,
            "Interest": 0.07363581657409668,
            "Joy": 0.006915978621691465,
            "Love": 0.008260274305939674,
            "Nostalgia": 0.0036853188648819923,
            "Pain": 0.04900519177317619,
            "Pride": 0.03466004878282547,
            "Realization": 0.08488170057535172,
            "Relief": 0.007271616254001856,
            "Romance": 0.008644754998385906,
            "Sadness": 0.0781768411397934,
            "Satisfaction": 0.013773664832115173,
            "Shame": 0.034623757004737854,
            "Surprise (negative)": 0.0352378711104393,
            "Surprise (positive)": 0.007706488016992807,
            "Sympathy": 0.3580913245677948,
            "Tiredness": 0.004660550504922867,
            "Triumph": 0.0052800592966377735
        },
        "lang": {}
    }
}