{
    "metadata": {
        "dialogue_id": "890",
        "time_start": "00-00-09.218",
        "time_end": "00-00-12.220",
        "speaker": "Rachel",
        "emotion": "surprise",
        "sentiment": "negative",
        "file_name": "890_00-00-09.218_00-00-12.220_Rachel_surprise_negative"
    },
    "predicted": {
        "face": {
            "Admiration": 0.02941993996500969,
            "Adoration": 0.02456355094909668,
            "Aesthetic Appreciation": 0.024889163672924042,
            "Amusement": 0.06626191735267639,
            "Anger": 0.12602804601192474,
            "Anxiety": 0.20610205829143524,
            "Awe": 0.04873471334576607,
            "Awkwardness": 0.2282252162694931,
            "Boredom": 0.19327019155025482,
            "Calmness": 0.12022996693849564,
            "Concentration": 0.1908242404460907,
            "Confusion": 0.5268964767456055,
            "Contemplation": 0.12205006927251816,
            "Contempt": 0.22838282585144043,
            "Contentment": 0.04228191450238228,
            "Craving": 0.0346207357943058,
            "Desire": 0.03155647963285446,
            "Determination": 0.058234743773937225,
            "Disappointment": 0.43380799889564514,
            "Disgust": 0.40825405716896057,
            "Distress": 0.4099304676055908,
            "Doubt": 0.3426033556461334,
            "Ecstasy": 0.018727049231529236,
            "Embarrassment": 0.1598532348871231,
            "Empathic Pain": 0.1987665891647339,
            "Entrancement": 0.048189789056777954,
            "Envy": 0.03724540397524834,
            "Excitement": 0.03150440752506256,
            "Fear": 0.1489424705505371,
            "Guilt": 0.12609072029590607,
            "Horror": 0.0860021710395813,
            "Interest": 0.10568826645612717,
            "Joy": 0.0332234688103199,
            "Love": 0.03149954974651337,
            "Nostalgia": 0.04655984789133072,
            "Pain": 0.4390014708042145,
            "Pride": 0.028721489012241364,
            "Realization": 0.1108965203166008,
            "Relief": 0.03223749250173569,
            "Romance": 0.01720614545047283,
            "Sadness": 0.47923821210861206,
            "Satisfaction": 0.045206669718027115,
            "Shame": 0.14069466292858124,
            "Surprise (negative)": 0.07180175930261612,
            "Surprise (positive)": 0.021506376564502716,
            "Sympathy": 0.06631559133529663,
            "Tiredness": 0.1987396478652954,
            "Triumph": 0.01657085306942463
        },
        "prosody": {
            "Admiration": 0.009997152897994965,
            "Adoration": 0.011455022788140923,
            "Aesthetic Appreciation": 0.006135925941634923,
            "Amusement": 0.0802957322448492,
            "Anger": 0.07536282460205257,
            "Anxiety": 0.0906526930630207,
            "Awe": 0.046445897314697504,
            "Awkwardness": 0.07102213427424431,
            "Boredom": 0.006919923005625606,
            "Calmness": 0.004206872312352061,
            "Concentration": 0.0035857739858329296,
            "Confusion": 0.21055717766284943,
            "Contemplation": 0.016061692556831986,
            "Contempt": 0.011092489585280418,
            "Contentment": 0.012392694363370538,
            "Craving": 0.0054531635250896215,
            "Desire": 0.004524107906036079,
            "Determination": 0.01885122014209628,
            "Disappointment": 0.08155198395252228,
            "Disgust": 0.024283772334456444,
            "Distress": 0.1780659332871437,
            "Doubt": 0.10808134637773037,
            "Ecstasy": 0.018705946393311024,
            "Embarrassment": 0.047936596907675266,
            "Empathic Pain": 0.012176805641502142,
            "Entrancement": 0.006241485185455531,
            "Envy": 0.009493180899880826,
            "Excitement": 0.09215879812836647,
            "Fear": 0.053335375152528286,
            "Guilt": 0.022214618511497974,
            "Horror": 0.05488776043057442,
            "Interest": 0.09501276421360672,
            "Joy": 0.024693329818546772,
            "Love": 0.007565525243990123,
            "Nostalgia": 0.018125101923942566,
            "Pain": 0.032008115435019135,
            "Pride": 0.010510123567655683,
            "Realization": 0.11719110049307346,
            "Relief": 0.018961715511977673,
            "Romance": 0.007370185223408043,
            "Sadness": 0.028602068312466145,
            "Satisfaction": 0.017176299123093486,
            "Shame": 0.03670847415924072,
            "Surprise (negative)": 0.25345898419618607,
            "Surprise (positive)": 0.19189193844795227,
            "Sympathy": 0.01723832101561129,
            "Tiredness": 0.006351802963763475,
            "Triumph": 0.012056159786880016
        },
        "lang": {
            "Admiration": 0.04895134211983532,
            "Adoration": 0.046228141407482326,
            "Aesthetic Appreciation": 0.016289925668388605,
            "Amusement": 0.028013894334435463,
            "Anger": 0.030667226295918226,
            "Annoyance": 0.0750479616690427,
            "Anxiety": 0.010343815432861447,
            "Awe": 0.037969938246533275,
            "Awkwardness": 0.04942969884723425,
            "Boredom": 0.027698975463863462,
            "Calmness": 0.11358713579829782,
            "Concentration": 0.006759621552191675,
            "Confusion": 0.06000238750129938,
            "Contemplation": 0.028877897653728724,
            "Contempt": 0.03159685479477048,
            "Contentment": 0.04693240247434005,
            "Craving": 0.0018405355222057551,
            "Desire": 0.007177566847531125,
            "Determination": 0.005790704570244998,
            "Disappointment": 0.15467427298426628,
            "Disapproval": 0.081346106948331,
            "Disgust": 0.019910835137125105,
            "Distress": 0.048474913579411805,
            "Doubt": 0.01631409500259906,
            "Ecstasy": 0.008028878190089017,
            "Embarrassment": 0.023392160888761282,
            "Empathic Pain": 0.030881451908499002,
            "Enthusiasm": 0.0383064360357821,
            "Entrancement": 0.012198643409647048,
            "Envy": 0.01163779548369348,
            "Excitement": 0.044564598705619574,
            "Fear": 0.010479115240741521,
            "Gratitude": 0.007916065340396017,
            "Guilt": 0.007280303165316582,
            "Horror": 0.022865766019094735,
            "Interest": 0.07464640308171511,
            "Joy": 0.09774059464689344,
            "Love": 0.0745617671054788,
            "Nostalgia": 0.017874397221021354,
            "Pain": 0.03458005073480308,
            "Pride": 0.039040886564180255,
            "Realization": 0.11163165979087353,
            "Relief": 0.00945552927441895,
            "Romance": 0.03848981755436398,
            "Sadness": 0.11955128004774451,
            "Sarcasm": 0.036630796967074275,
            "Satisfaction": 0.038376538548618555,
            "Shame": 0.028879585675895214,
            "Surprise (negative)": 0.28631613589823246,
            "Surprise (positive)": 0.11117538157850504,
            "Sympathy": 0.03935337392613292,
            "Tiredness": 0.0070178762543946505,
            "Triumph": 0.01786593784345314
        }
    }
}