{
    "metadata": {
        "dialogue_id": "892",
        "time_start": "00-00-24.653",
        "time_end": "00-00-27.282",
        "speaker": "Chandler",
        "emotion": "neutral",
        "sentiment": "neutral",
        "text_content": "That\u0092s what I do now.",
        "file_name": "892_00-00-24.653_00-00-27.282_Chandler_neutral_neutral"
    },
    "predicted": {
        "face": {
            "Admiration": 0.11649206280708313,
            "Adoration": 0.08622515946626663,
            "Aesthetic Appreciation": 0.08176442980766296,
            "Amusement": 0.12446509301662445,
            "Anger": 0.08066567778587341,
            "Anxiety": 0.14134037494659424,
            "Awe": 0.07686279714107513,
            "Awkwardness": 0.19765065610408783,
            "Boredom": 0.5541097521781921,
            "Calmness": 0.554652214050293,
            "Concentration": 0.5286986827850342,
            "Confusion": 0.39359670877456665,
            "Contemplation": 0.29230016469955444,
            "Contempt": 0.21716710925102234,
            "Contentment": 0.15499132871627808,
            "Craving": 0.05815926566720009,
            "Desire": 0.05489753559231758,
            "Determination": 0.15208013355731964,
            "Disappointment": 0.3240970969200134,
            "Disgust": 0.07988113909959793,
            "Distress": 0.16383789479732513,
            "Doubt": 0.37662601470947266,
            "Ecstasy": 0.02532830834388733,
            "Embarrassment": 0.08423850685358047,
            "Empathic Pain": 0.07463310658931732,
            "Entrancement": 0.13761749863624573,
            "Envy": 0.05827474594116211,
            "Excitement": 0.04954224079847336,
            "Fear": 0.0693906843662262,
            "Guilt": 0.07609228044748306,
            "Horror": 0.026272816583514214,
            "Interest": 0.3441248834133148,
            "Joy": 0.08288049697875977,
            "Love": 0.09701789170503616,
            "Nostalgia": 0.08193065226078033,
            "Pain": 0.08594348281621933,
            "Pride": 0.08444395661354065,
            "Realization": 0.15722186863422394,
            "Relief": 0.07279171049594879,
            "Romance": 0.04833181947469711,
            "Sadness": 0.21884791553020477,
            "Satisfaction": 0.12437577545642853,
            "Shame": 0.06818780303001404,
            "Surprise (negative)": 0.03734573349356651,
            "Surprise (positive)": 0.029978428035974503,
            "Sympathy": 0.07299255579710007,
            "Tiredness": 0.2616269588470459,
            "Triumph": 0.030512049794197083
        },
        "prosody": {
            "Admiration": 0.011418274603784084,
            "Adoration": 0.003974413964897394,
            "Aesthetic Appreciation": 0.010886665433645248,
            "Amusement": 0.03904712572693825,
            "Anger": 0.13496184349060059,
            "Anxiety": 0.09777691215276718,
            "Awe": 0.01369079016149044,
            "Awkwardness": 0.05420157313346863,
            "Boredom": 0.02585817128419876,
            "Calmness": 0.04325267672538757,
            "Concentration": 0.03572734445333481,
            "Confusion": 0.07839646935462952,
            "Contemplation": 0.036151643842458725,
            "Contempt": 0.04107339307665825,
            "Contentment": 0.035611506551504135,
            "Craving": 0.005159053485840559,
            "Desire": 0.003868251573294401,
            "Determination": 0.2035798728466034,
            "Disappointment": 0.11570340394973755,
            "Disgust": 0.027405375614762306,
            "Distress": 0.1204218938946724,
            "Doubt": 0.047033075243234634,
            "Ecstasy": 0.011966968886554241,
            "Embarrassment": 0.07374173402786255,
            "Empathic Pain": 0.008132798597216606,
            "Entrancement": 0.005209889262914658,
            "Envy": 0.0063912533223629,
            "Excitement": 0.04398706182837486,
            "Fear": 0.043131791055202484,
            "Guilt": 0.02021898329257965,
            "Horror": 0.02300386130809784,
            "Interest": 0.02911890670657158,
            "Joy": 0.016789834946393967,
            "Love": 0.00516971480101347,
            "Nostalgia": 0.008290725760161877,
            "Pain": 0.0672965720295906,
            "Pride": 0.05073019117116928,
            "Realization": 0.16676832735538483,
            "Relief": 0.02837332896888256,
            "Romance": 0.006094984244555235,
            "Sadness": 0.050193022936582565,
            "Satisfaction": 0.028493724763393402,
            "Shame": 0.03828878700733185,
            "Surprise (negative)": 0.059755589812994,
            "Surprise (positive)": 0.02288401871919632,
            "Sympathy": 0.004935764707624912,
            "Tiredness": 0.036707572638988495,
            "Triumph": 0.030064942315220833
        },
        "lang": {}
    }
}