{
    "metadata": {
        "dialogue_id": "897",
        "time_start": "00-00-25.567",
        "time_end": "00-00-27.777",
        "speaker": "Monica",
        "emotion": "joy",
        "sentiment": "positive",
        "file_name": "897_00-00-25.567_00-00-27.777_Monica_joy_positive"
    },
    "predicted": {
        "face": {
            "Admiration": 0.05835678428411484,
            "Adoration": 0.04513036832213402,
            "Aesthetic Appreciation": 0.04311534762382507,
            "Amusement": 0.1349475085735321,
            "Anger": 0.15999484062194824,
            "Anxiety": 0.15024134516716003,
            "Awe": 0.12777286767959595,
            "Awkwardness": 0.23387379944324493,
            "Boredom": 0.27349749207496643,
            "Calmness": 0.16927947103977203,
            "Concentration": 0.23322424292564392,
            "Confusion": 0.43848955631256104,
            "Contemplation": 0.12090815603733063,
            "Contempt": 0.22595596313476562,
            "Contentment": 0.06734682619571686,
            "Craving": 0.06769343465566635,
            "Desire": 0.09557703137397766,
            "Determination": 0.09757079184055328,
            "Disappointment": 0.3144407570362091,
            "Disgust": 0.29945677518844604,
            "Distress": 0.24688853323459625,
            "Doubt": 0.28951025009155273,
            "Ecstasy": 0.04766520485281944,
            "Embarrassment": 0.12034748494625092,
            "Empathic Pain": 0.11153221875429153,
            "Entrancement": 0.08379581570625305,
            "Envy": 0.04588306322693825,
            "Excitement": 0.09051316231489182,
            "Fear": 0.13523119688034058,
            "Guilt": 0.07350528240203857,
            "Horror": 0.10733138769865036,
            "Interest": 0.18328118324279785,
            "Joy": 0.07199928164482117,
            "Love": 0.05933162569999695,
            "Nostalgia": 0.04336906224489212,
            "Pain": 0.22380772233009338,
            "Pride": 0.049188029021024704,
            "Realization": 0.1435283124446869,
            "Relief": 0.054294172674417496,
            "Romance": 0.03358183056116104,
            "Sadness": 0.19887271523475647,
            "Satisfaction": 0.09772157669067383,
            "Shame": 0.08473727107048035,
            "Surprise (negative)": 0.13160841166973114,
            "Surprise (positive)": 0.07629217207431793,
            "Sympathy": 0.045145660638809204,
            "Tiredness": 0.22880518436431885,
            "Triumph": 0.04227396100759506
        },
        "prosody": {
            "Admiration": 0.05611380934715271,
            "Adoration": 0.025583423674106598,
            "Aesthetic Appreciation": 0.029211871325969696,
            "Amusement": 0.28174716234207153,
            "Anger": 0.06027887016534805,
            "Anxiety": 0.024289119988679886,
            "Awe": 0.04769077152013779,
            "Awkwardness": 0.048453059047460556,
            "Boredom": 0.021731410175561905,
            "Calmness": 0.0730222836136818,
            "Concentration": 0.05279190093278885,
            "Confusion": 0.04327414557337761,
            "Contemplation": 0.047066282480955124,
            "Contempt": 0.12662945687770844,
            "Contentment": 0.10475970804691315,
            "Craving": 0.006924348883330822,
            "Desire": 0.021936044096946716,
            "Determination": 0.10196679830551147,
            "Disappointment": 0.05797836184501648,
            "Disgust": 0.038595281541347504,
            "Distress": 0.030677147209644318,
            "Doubt": 0.05118687078356743,
            "Ecstasy": 0.023740310221910477,
            "Embarrassment": 0.03283432126045227,
            "Empathic Pain": 0.0184826347976923,
            "Entrancement": 0.016454007476568222,
            "Envy": 0.03515852987766266,
            "Excitement": 0.06279284507036209,
            "Fear": 0.00851212814450264,
            "Guilt": 0.022967088967561722,
            "Horror": 0.01204691268503666,
            "Interest": 0.13259194791316986,
            "Joy": 0.02763945423066616,
            "Love": 0.026797421276569366,
            "Nostalgia": 0.019427161663770676,
            "Pain": 0.013763398863375187,
            "Pride": 0.04551802948117256,
            "Realization": 0.2703540325164795,
            "Relief": 0.07674869894981384,
            "Romance": 0.015861498191952705,
            "Sadness": 0.011406498961150646,
            "Satisfaction": 0.09738719463348389,
            "Shame": 0.027166137471795082,
            "Surprise (negative)": 0.03673458471894264,
            "Surprise (positive)": 0.0799955502152443,
            "Sympathy": 0.04080221801996231,
            "Tiredness": 0.022166525945067406,
            "Triumph": 0.06005372479557991
        },
        "lang": {
            "Admiration": 0.022856909409165384,
            "Adoration": 0.009592606755904853,
            "Aesthetic Appreciation": 0.019250014703720807,
            "Amusement": 0.012321152072399855,
            "Anger": 0.003636271134018898,
            "Annoyance": 0.04073223490267992,
            "Anxiety": 0.0053252091631293295,
            "Awe": 0.01568313632160425,
            "Awkwardness": 0.018491119518876074,
            "Boredom": 0.035015668533742425,
            "Calmness": 0.231109556555748,
            "Concentration": 0.08916670233011245,
            "Confusion": 0.11316279713064432,
            "Contemplation": 0.18014704696834088,
            "Contempt": 0.03461180329322815,
            "Contentment": 0.05607323348522186,
            "Craving": 0.002566962066339329,
            "Desire": 0.014788595191203058,
            "Determination": 0.04169869348406792,
            "Disappointment": 0.013696976751089097,
            "Disapproval": 0.03343397676944733,
            "Disgust": 0.0029605518793687224,
            "Distress": 0.003910527494736016,
            "Doubt": 0.08355975225567817,
            "Ecstasy": 0.005198218883015216,
            "Embarrassment": 0.0018962918082252144,
            "Empathic Pain": 0.006646799994632602,
            "Enthusiasm": 0.018956809863448144,
            "Entrancement": 0.02000480629503727,
            "Envy": 0.0027857430977746844,
            "Excitement": 0.009002242935821414,
            "Fear": 0.003081594314426184,
            "Gratitude": 0.008675686595961452,
            "Guilt": 0.0009734483086504042,
            "Horror": 0.000833701848750934,
            "Interest": 0.11905167996883392,
            "Joy": 0.011663186503574252,
            "Love": 0.00823813682072796,
            "Nostalgia": 0.0018542418023571373,
            "Pain": 0.0014294674678239972,
            "Pride": 0.01041447715833783,
            "Realization": 0.29900381043553353,
            "Relief": 0.02340975534170866,
            "Romance": 0.010234508372377604,
            "Sadness": 0.0020776082994416354,
            "Sarcasm": 0.023386301659047603,
            "Satisfaction": 0.0645913079380989,
            "Shame": 0.0029581803595647217,
            "Surprise (negative)": 0.038749019429087636,
            "Surprise (positive)": 0.04594101682305336,
            "Sympathy": 0.013806140795350075,
            "Tiredness": 0.007464840915054083,
            "Triumph": 0.021836552023887634
        }
    }
}