{
    "metadata": {
        "dialogue_id": "902",
        "time_start": "00-00-05.505",
        "time_end": "00-00-14.930",
        "speaker": "Ross",
        "emotion": "surprise",
        "sentiment": "positive",
        "text_content": "You\u0092re drunk! Mom and dad are gonna be maaaaadd! Maybe I\u0092m a little drunk.",
        "file_name": "902_00-00-05.505_00-00-14.930_Ross_surprise_positive"
    },
    "predicted": {
        "face": {
            "Admiration": 0.191543847322464,
            "Adoration": 0.1768335998058319,
            "Aesthetic Appreciation": 0.09887408465147018,
            "Amusement": 0.39415544271469116,
            "Anger": 0.05277537181973457,
            "Anxiety": 0.10829375684261322,
            "Awe": 0.13855183124542236,
            "Awkwardness": 0.2340136617422104,
            "Boredom": 0.2218061089515686,
            "Calmness": 0.371212363243103,
            "Concentration": 0.31937313079833984,
            "Confusion": 0.35058754682540894,
            "Contemplation": 0.16108523309230804,
            "Contempt": 0.15474070608615875,
            "Contentment": 0.21237611770629883,
            "Craving": 0.06884752213954926,
            "Desire": 0.10009719431400299,
            "Determination": 0.09605604410171509,
            "Disappointment": 0.18679741024971008,
            "Disgust": 0.09573738276958466,
            "Distress": 0.1402682662010193,
            "Doubt": 0.2545563578605652,
            "Ecstasy": 0.08086252212524414,
            "Embarrassment": 0.10219717025756836,
            "Empathic Pain": 0.06851509213447571,
            "Entrancement": 0.13943366706371307,
            "Envy": 0.049272678792476654,
            "Excitement": 0.21053993701934814,
            "Fear": 0.08699972182512283,
            "Guilt": 0.05620398372411728,
            "Horror": 0.047166094183921814,
            "Interest": 0.45141997933387756,
            "Joy": 0.3158595860004425,
            "Love": 0.25120580196380615,
            "Nostalgia": 0.07873460650444031,
            "Pain": 0.0945579782128334,
            "Pride": 0.10173984616994858,
            "Realization": 0.17402051389217377,
            "Relief": 0.11983020603656769,
            "Romance": 0.08801254630088806,
            "Sadness": 0.12937000393867493,
            "Satisfaction": 0.2542915940284729,
            "Shame": 0.05701480060815811,
            "Surprise (negative)": 0.06389506161212921,
            "Surprise (positive)": 0.08256109803915024,
            "Sympathy": 0.07468278706073761,
            "Tiredness": 0.14681938290596008,
            "Triumph": 0.0645809918642044
        },
        "prosody": {
            "Admiration": 0.03248455204690496,
            "Adoration": 0.06704733318959673,
            "Aesthetic Appreciation": 0.012837301551674804,
            "Amusement": 0.3665020565191905,
            "Anger": 0.02735231661548217,
            "Anxiety": 0.07822020103534062,
            "Awe": 0.028339729954799015,
            "Awkwardness": 0.07825455069541931,
            "Boredom": 0.04346730808417002,
            "Calmness": 0.02159216037640969,
            "Concentration": 0.01127391867339611,
            "Confusion": 0.027704904476801556,
            "Contemplation": 0.018056355882436037,
            "Contempt": 0.03501894216363629,
            "Contentment": 0.01880285454293092,
            "Craving": 0.010479518057157597,
            "Desire": 0.025958455478151638,
            "Determination": 0.04915091395378113,
            "Disappointment": 0.06583824381232262,
            "Disgust": 0.03272802165398995,
            "Distress": 0.10704468563199043,
            "Doubt": 0.03839575468252102,
            "Ecstasy": 0.07253733339409034,
            "Embarrassment": 0.04419270592431227,
            "Empathic Pain": 0.04935248692830404,
            "Entrancement": 0.016568387392908335,
            "Envy": 0.0170151200145483,
            "Excitement": 0.25234044219056767,
            "Fear": 0.07757172795633475,
            "Guilt": 0.031605073250830173,
            "Horror": 0.04236346545318762,
            "Interest": 0.05600918953617414,
            "Joy": 0.20735964427391687,
            "Love": 0.06213779095560312,
            "Nostalgia": 0.034932179686923824,
            "Pain": 0.07633173714081447,
            "Pride": 0.037941821540395416,
            "Realization": 0.03358060121536255,
            "Relief": 0.02204312818745772,
            "Romance": 0.02444717970987161,
            "Sadness": 0.11042192702492078,
            "Satisfaction": 0.042446975906689964,
            "Shame": 0.03592618958403667,
            "Surprise (negative)": 0.026698708223799866,
            "Surprise (positive)": 0.040008739878733955,
            "Sympathy": 0.04906018326679865,
            "Tiredness": 0.0695167522256573,
            "Triumph": 0.041512638330459595
        },
        "lang": {}
    }
}