{
    "metadata": {
        "dialogue_id": "909",
        "time_start": "00-00-23.982",
        "time_end": "00-00-24.744",
        "speaker": "Trudie-Styler",
        "emotion": "neutral",
        "sentiment": "neutral",
        "text_content": "I\u0092m Trudie.",
        "file_name": "909_00-00-23.982_00-00-24.744_Trudie-Styler_neutral_neutral"
    },
    "predicted": {
        "face": {
            "Admiration": 0.07798278331756592,
            "Adoration": 0.08361219614744186,
            "Aesthetic Appreciation": 0.03974071145057678,
            "Amusement": 0.4557545781135559,
            "Anger": 0.1054682582616806,
            "Anxiety": 0.15006820857524872,
            "Awe": 0.10108961910009384,
            "Awkwardness": 0.14648380875587463,
            "Boredom": 0.09204817563295364,
            "Calmness": 0.09884371608495712,
            "Concentration": 0.09080543369054794,
            "Confusion": 0.15346264839172363,
            "Contemplation": 0.04856909438967705,
            "Contempt": 0.0693567767739296,
            "Contentment": 0.11549700796604156,
            "Craving": 0.050368960946798325,
            "Desire": 0.07250115275382996,
            "Determination": 0.06565231829881668,
            "Disappointment": 0.14394599199295044,
            "Disgust": 0.08702436834573746,
            "Distress": 0.270903080701828,
            "Doubt": 0.09076419472694397,
            "Ecstasy": 0.2204115390777588,
            "Embarrassment": 0.08335701376199722,
            "Empathic Pain": 0.13244876265525818,
            "Entrancement": 0.06508833169937134,
            "Envy": 0.022882524877786636,
            "Excitement": 0.39343440532684326,
            "Fear": 0.23903799057006836,
            "Guilt": 0.05855322256684303,
            "Horror": 0.16739411652088165,
            "Interest": 0.1795404851436615,
            "Joy": 0.42178887128829956,
            "Love": 0.1581006944179535,
            "Nostalgia": 0.056273721158504486,
            "Pain": 0.458580881357193,
            "Pride": 0.08953190594911575,
            "Realization": 0.10332372039556503,
            "Relief": 0.085594043135643,
            "Romance": 0.03900705277919769,
            "Sadness": 0.29090288281440735,
            "Satisfaction": 0.23139841854572296,
            "Shame": 0.04660029336810112,
            "Surprise (negative)": 0.08724208921194077,
            "Surprise (positive)": 0.07380958646535873,
            "Sympathy": 0.04990223050117493,
            "Tiredness": 0.10569046437740326,
            "Triumph": 0.13102924823760986
        },
        "prosody": {
            "Admiration": 0.02033456787467003,
            "Adoration": 0.010901856236159801,
            "Aesthetic Appreciation": 0.012342394329607487,
            "Amusement": 0.023903850466012955,
            "Anger": 0.03145867586135864,
            "Anxiety": 0.017500014975667,
            "Awe": 0.009888358414173126,
            "Awkwardness": 0.03402820602059364,
            "Boredom": 0.05994897708296776,
            "Calmness": 0.22020967304706573,
            "Concentration": 0.08289464563131332,
            "Confusion": 0.02249978668987751,
            "Contemplation": 0.06069425493478775,
            "Contempt": 0.0469675287604332,
            "Contentment": 0.0700293481349945,
            "Craving": 0.007944024167954922,
            "Desire": 0.016071146354079247,
            "Determination": 0.17543958127498627,
            "Disappointment": 0.033696457743644714,
            "Disgust": 0.020584389567375183,
            "Distress": 0.026502534747123718,
            "Doubt": 0.013349759392440319,
            "Ecstasy": 0.009937628172338009,
            "Embarrassment": 0.012581434100866318,
            "Empathic Pain": 0.0035594620276242495,
            "Entrancement": 0.013417862355709076,
            "Envy": 0.01672486960887909,
            "Excitement": 0.027670934796333313,
            "Fear": 0.008753917180001736,
            "Guilt": 0.011270483955740929,
            "Horror": 0.004594346974045038,
            "Interest": 0.029126375913619995,
            "Joy": 0.019132209941744804,
            "Love": 0.014895963482558727,
            "Nostalgia": 0.012269767932593822,
            "Pain": 0.008928072638809681,
            "Pride": 0.08309388160705566,
            "Realization": 0.062892384827137,
            "Relief": 0.037130508571863174,
            "Romance": 0.012261912226676941,
            "Sadness": 0.019807612523436546,
            "Satisfaction": 0.05091191083192825,
            "Shame": 0.015062651596963406,
            "Surprise (negative)": 0.009775732643902302,
            "Surprise (positive)": 0.020501339808106422,
            "Sympathy": 0.0047005778178572655,
            "Tiredness": 0.02666170336306095,
            "Triumph": 0.02983790449798107
        },
        "lang": {}
    }
}