{
    "metadata": {
        "dialogue_id": "910",
        "time_start": "00-00-43.293",
        "time_end": "00-00-46.712",
        "speaker": "Rachel",
        "emotion": "joy",
        "sentiment": "positive",
        "file_name": "910_00-00-43.293_00-00-46.712_Rachel_joy_positive"
    },
    "predicted": {
        "face": {
            "Admiration": 0.2818561792373657,
            "Adoration": 0.2774110436439514,
            "Aesthetic Appreciation": 0.12239576876163483,
            "Amusement": 0.5654277205467224,
            "Anger": 0.03469894081354141,
            "Anxiety": 0.08346135914325714,
            "Awe": 0.13882170617580414,
            "Awkwardness": 0.2350645363330841,
            "Boredom": 0.13115033507347107,
            "Calmness": 0.27094000577926636,
            "Concentration": 0.24770553410053253,
            "Confusion": 0.20636433362960815,
            "Contemplation": 0.1453237533569336,
            "Contempt": 0.11435087770223618,
            "Contentment": 0.23313084244728088,
            "Craving": 0.10323555767536163,
            "Desire": 0.1304221898317337,
            "Determination": 0.09448335319757462,
            "Disappointment": 0.10230183601379395,
            "Disgust": 0.0514618456363678,
            "Distress": 0.08272460103034973,
            "Doubt": 0.16560497879981995,
            "Ecstasy": 0.10648869723081589,
            "Embarrassment": 0.09187082946300507,
            "Empathic Pain": 0.03965900093317032,
            "Entrancement": 0.14033369719982147,
            "Envy": 0.04884420335292816,
            "Excitement": 0.3247374892234802,
            "Fear": 0.0706031322479248,
            "Guilt": 0.0391727015376091,
            "Horror": 0.03516710177063942,
            "Interest": 0.5440428256988525,
            "Joy": 0.47732847929000854,
            "Love": 0.3824537694454193,
            "Nostalgia": 0.08538004010915756,
            "Pain": 0.04875018075108528,
            "Pride": 0.1304609775543213,
            "Realization": 0.14488446712493896,
            "Relief": 0.08714980632066727,
            "Romance": 0.13294799625873566,
            "Sadness": 0.06339094787836075,
            "Satisfaction": 0.3174481987953186,
            "Shame": 0.041882142424583435,
            "Surprise (negative)": 0.037294283509254456,
            "Surprise (positive)": 0.056586023420095444,
            "Sympathy": 0.06311924755573273,
            "Tiredness": 0.06485006958246231,
            "Triumph": 0.08886301517486572
        },
        "prosody": {
            "Admiration": 0.009074320085346699,
            "Adoration": 0.006388439331203699,
            "Aesthetic Appreciation": 0.00544348731637001,
            "Amusement": 0.06800188682973385,
            "Anger": 0.20861639827489853,
            "Anxiety": 0.07377881929278374,
            "Awe": 0.022357656620442867,
            "Awkwardness": 0.054006307385861874,
            "Boredom": 0.00859548756852746,
            "Calmness": 0.009042509132996202,
            "Concentration": 0.0054503282299265265,
            "Confusion": 0.0988924652338028,
            "Contemplation": 0.017364937346428633,
            "Contempt": 0.1137172020971775,
            "Contentment": 0.01786135695874691,
            "Craving": 0.0023478871444240212,
            "Desire": 0.00459548644721508,
            "Determination": 0.03945627203211188,
            "Disappointment": 0.23280663043260574,
            "Disgust": 0.14125621784478426,
            "Distress": 0.13702235370874405,
            "Doubt": 0.07031344063580036,
            "Ecstasy": 0.008200066164135933,
            "Embarrassment": 0.06957147270441055,
            "Empathic Pain": 0.018158871680498123,
            "Entrancement": 0.0024356257054023445,
            "Envy": 0.027687469497323036,
            "Excitement": 0.025532775092869997,
            "Fear": 0.013999860733747482,
            "Guilt": 0.01597317773848772,
            "Horror": 0.019360024482011795,
            "Interest": 0.023982872255146503,
            "Joy": 0.012390523450449109,
            "Love": 0.003910227096639574,
            "Nostalgia": 0.004758092574775219,
            "Pain": 0.025683110114187002,
            "Pride": 0.014608324156142771,
            "Realization": 0.26215246319770813,
            "Relief": 0.020090412348508835,
            "Romance": 0.003897328395396471,
            "Sadness": 0.027413272764533758,
            "Satisfaction": 0.013725891709327698,
            "Shame": 0.022380930371582508,
            "Surprise (negative)": 0.24793405085802078,
            "Surprise (positive)": 0.05751677416265011,
            "Sympathy": 0.014046706259250641,
            "Tiredness": 0.008257827954366803,
            "Triumph": 0.013274738332256675
        },
        "lang": {
            "Admiration": 0.007287353253923356,
            "Adoration": 0.0012541979318484663,
            "Aesthetic Appreciation": 0.0017742252559401095,
            "Amusement": 0.009121665079146624,
            "Anger": 0.05001727128401399,
            "Annoyance": 0.251781190931797,
            "Anxiety": 0.028158309776335953,
            "Awe": 0.009040565055329353,
            "Awkwardness": 0.035086833592504266,
            "Boredom": 0.0421179597498849,
            "Calmness": 0.04052266003564,
            "Concentration": 0.03039106894284487,
            "Confusion": 0.08911620192229748,
            "Contemplation": 0.07340662181377411,
            "Contempt": 0.13812466748058796,
            "Contentment": 0.00919879637658596,
            "Craving": 0.0004079106613062322,
            "Desire": 0.0008978923986433073,
            "Determination": 0.09384312313050032,
            "Disappointment": 0.1123075719922781,
            "Disapproval": 0.3356745637953281,
            "Disgust": 0.027874855883419515,
            "Distress": 0.026493238843977453,
            "Doubt": 0.4212221957743168,
            "Ecstasy": 0.00046380274870898574,
            "Embarrassment": 0.007698707631789148,
            "Empathic Pain": 0.007914751290809364,
            "Enthusiasm": 0.016052098805084826,
            "Entrancement": 0.003710285760462284,
            "Envy": 0.006499246670864522,
            "Excitement": 0.0061095796758309,
            "Fear": 0.029898342723026872,
            "Gratitude": 0.0011366515915142371,
            "Guilt": 0.002502321335487068,
            "Horror": 0.003317634161794558,
            "Interest": 0.032282058894634244,
            "Joy": 0.0013026274158619345,
            "Love": 0.0007893987087300048,
            "Nostalgia": 0.0005759437612141482,
            "Pain": 0.002843298006337136,
            "Pride": 0.014025235618464648,
            "Realization": 0.10863726809620858,
            "Relief": 0.005360188125632703,
            "Romance": 0.000493295188061893,
            "Sadness": 0.00881759966723621,
            "Sarcasm": 0.07125362455844879,
            "Satisfaction": 0.009965982800349594,
            "Shame": 0.014746366720646619,
            "Surprise (negative)": 0.16546892784535885,
            "Surprise (positive)": 0.028876242507249118,
            "Sympathy": 0.013823598460294306,
            "Tiredness": 0.021183060202747583,
            "Triumph": 0.018643783079460262
        }
    }
}