{
    "metadata": {
        "dialogue_id": "914",
        "time_start": "00-00-00.000",
        "time_end": "00-00-09.550",
        "speaker": "Monica",
        "emotion": "joy",
        "sentiment": "positive",
        "text_content": "Hey, Rach. How was it with your friends?  Okay! How would you like some Tiki Death Punch?",
        "file_name": "914_00-00-00.000_00-00-09.550_Monica_joy_positive"
    },
    "predicted": {
        "face": {
            "Admiration": 0.06182466447353363,
            "Adoration": 0.04431853070855141,
            "Aesthetic Appreciation": 0.04908840358257294,
            "Amusement": 0.07946092635393143,
            "Anger": 0.13893282413482666,
            "Anxiety": 0.19448316097259521,
            "Awe": 0.07133226841688156,
            "Awkwardness": 0.1990009844303131,
            "Boredom": 0.2864725589752197,
            "Calmness": 0.280913770198822,
            "Concentration": 0.4371442198753357,
            "Confusion": 0.5966788530349731,
            "Contemplation": 0.24590450525283813,
            "Contempt": 0.23517222702503204,
            "Contentment": 0.07575017213821411,
            "Craving": 0.04899952560663223,
            "Desire": 0.04673555865883827,
            "Determination": 0.1314411461353302,
            "Disappointment": 0.37469661235809326,
            "Disgust": 0.20010660588741302,
            "Distress": 0.2786087095737457,
            "Doubt": 0.45073026418685913,
            "Ecstasy": 0.02191023714840412,
            "Embarrassment": 0.11195777356624603,
            "Empathic Pain": 0.12330068647861481,
            "Entrancement": 0.10075777769088745,
            "Envy": 0.05404827743768692,
            "Excitement": 0.04011901840567589,
            "Fear": 0.11404947191476822,
            "Guilt": 0.1033860594034195,
            "Horror": 0.05228500813245773,
            "Interest": 0.22552627325057983,
            "Joy": 0.04688611999154091,
            "Love": 0.05162283405661583,
            "Nostalgia": 0.05948134511709213,
            "Pain": 0.1964147686958313,
            "Pride": 0.0494224950671196,
            "Realization": 0.1551508903503418,
            "Relief": 0.048735953867435455,
            "Romance": 0.02977488562464714,
            "Sadness": 0.29913702607154846,
            "Satisfaction": 0.06926988810300827,
            "Shame": 0.0936063677072525,
            "Surprise (negative)": 0.06434711813926697,
            "Surprise (positive)": 0.03411465510725975,
            "Sympathy": 0.06454039365053177,
            "Tiredness": 0.2198459804058075,
            "Triumph": 0.02305416390299797
        },
        "prosody": {
            "Admiration": 0.007156857522204518,
            "Adoration": 0.015374601352959871,
            "Aesthetic Appreciation": 0.012560189934447408,
            "Amusement": 0.5416764616966248,
            "Anger": 0.21738696098327637,
            "Anxiety": 0.08029889687895775,
            "Awe": 0.013726992066949606,
            "Awkwardness": 0.13531947880983353,
            "Boredom": 0.00654840562492609,
            "Calmness": 0.003419415093958378,
            "Concentration": 0.012132901581935585,
            "Confusion": 0.22641684114933014,
            "Contemplation": 0.006143828155472875,
            "Contempt": 0.1068516094237566,
            "Contentment": 0.010424020932987332,
            "Craving": 0.035367439268156886,
            "Desire": 0.026015333307441324,
            "Determination": 0.02740629483014345,
            "Disappointment": 0.058965131640434265,
            "Disgust": 0.09261854737997055,
            "Distress": 0.09912094660103321,
            "Doubt": 0.03217988647520542,
            "Ecstasy": 0.05350903980433941,
            "Embarrassment": 0.038349615409970284,
            "Empathic Pain": 0.011598202167078853,
            "Entrancement": 0.0077863739570602775,
            "Envy": 0.03496099077165127,
            "Excitement": 0.3527657836675644,
            "Fear": 0.015427061822265387,
            "Guilt": 0.014668058138340712,
            "Horror": 0.016266323626041412,
            "Interest": 0.4975634925067425,
            "Joy": 0.0705905482172966,
            "Love": 0.008931606775149703,
            "Nostalgia": 0.0056569144944660366,
            "Pain": 0.009268494322896004,
            "Pride": 0.023317961022257805,
            "Realization": 0.04567556409165263,
            "Relief": 0.01094579859636724,
            "Romance": 0.006896217120811343,
            "Sadness": 0.012058274587616324,
            "Satisfaction": 0.025900653563439846,
            "Shame": 0.013107788749039173,
            "Surprise (negative)": 0.1316615529358387,
            "Surprise (positive)": 0.13983242958784103,
            "Sympathy": 0.01825300883501768,
            "Tiredness": 0.004282131209038198,
            "Triumph": 0.02097320556640625
        },
        "lang": {}
    }
}