{
    "metadata": {
        "dialogue_id": "923",
        "time_start": "00-00-39.456",
        "time_end": "00-00-47.504",
        "speaker": "Janice",
        "emotion": "surprise",
        "sentiment": "positive",
        "file_name": "923_00-00-39.456_00-00-47.504_Janice_surprise_positive"
    },
    "predicted": {
        "face": {
            "Admiration": 0.043306704610586166,
            "Adoration": 0.025944022461771965,
            "Aesthetic Appreciation": 0.03321906179189682,
            "Amusement": 0.08931785821914673,
            "Anger": 0.1458359658718109,
            "Anxiety": 0.19274845719337463,
            "Awe": 0.15488457679748535,
            "Awkwardness": 0.28464701771736145,
            "Boredom": 0.22503474354743958,
            "Calmness": 0.14745236933231354,
            "Concentration": 0.25975170731544495,
            "Confusion": 0.7457644939422607,
            "Contemplation": 0.10656910389661789,
            "Contempt": 0.22283302247524261,
            "Contentment": 0.04120113328099251,
            "Craving": 0.04892541095614433,
            "Desire": 0.05020439997315407,
            "Determination": 0.08340388536453247,
            "Disappointment": 0.29378676414489746,
            "Disgust": 0.3420374393463135,
            "Distress": 0.2745680809020996,
            "Doubt": 0.4025231599807739,
            "Ecstasy": 0.02488010562956333,
            "Embarrassment": 0.12501980364322662,
            "Empathic Pain": 0.11194770038127899,
            "Entrancement": 0.0787070095539093,
            "Envy": 0.044089242815971375,
            "Excitement": 0.05931178480386734,
            "Fear": 0.21709398925304413,
            "Guilt": 0.07155460864305496,
            "Horror": 0.18097490072250366,
            "Interest": 0.18333761394023895,
            "Joy": 0.037276167422533035,
            "Love": 0.02805180475115776,
            "Nostalgia": 0.031975626945495605,
            "Pain": 0.16332341730594635,
            "Pride": 0.027990499511361122,
            "Realization": 0.1509934514760971,
            "Relief": 0.030427545309066772,
            "Romance": 0.017668623477220535,
            "Sadness": 0.17387118935585022,
            "Satisfaction": 0.04523259028792381,
            "Shame": 0.06887762993574142,
            "Surprise (negative)": 0.25375181436538696,
            "Surprise (positive)": 0.11028340458869934,
            "Sympathy": 0.04882052540779114,
            "Tiredness": 0.16273155808448792,
            "Triumph": 0.020817168056964874
        },
        "prosody": {
            "Admiration": 0.014360658669223389,
            "Adoration": 0.009589961729943752,
            "Aesthetic Appreciation": 0.011518329381942749,
            "Amusement": 0.09375788892308871,
            "Anger": 0.016885937967648108,
            "Anxiety": 0.10537238481144111,
            "Awe": 0.03576908571024736,
            "Awkwardness": 0.22569889202713966,
            "Boredom": 0.01011665357509628,
            "Calmness": 0.008062900742515922,
            "Concentration": 0.004293020077360173,
            "Confusion": 0.22161389390627542,
            "Contemplation": 0.01599632374321421,
            "Contempt": 0.01288146742930015,
            "Contentment": 0.013999867563446363,
            "Craving": 0.008571993404378494,
            "Desire": 0.007866147750367722,
            "Determination": 0.015667423295478027,
            "Disappointment": 0.06089077517390251,
            "Disgust": 0.01830987725406885,
            "Distress": 0.1608209324379762,
            "Doubt": 0.06809132546186447,
            "Ecstasy": 0.013512525397042433,
            "Embarrassment": 0.18380441144108772,
            "Empathic Pain": 0.016951233769456547,
            "Entrancement": 0.006175326183438301,
            "Envy": 0.012488721249004206,
            "Excitement": 0.10060090757906437,
            "Fear": 0.020423485276599724,
            "Guilt": 0.03233508796741565,
            "Horror": 0.034862953859070935,
            "Interest": 0.11311862897127867,
            "Joy": 0.025528965207437675,
            "Love": 0.005778420716524124,
            "Nostalgia": 0.003396713019659122,
            "Pain": 0.014002046392609676,
            "Pride": 0.010216813068836927,
            "Realization": 0.2148073489467303,
            "Relief": 0.0248157250850151,
            "Romance": 0.005240744600693385,
            "Sadness": 0.019473003844420116,
            "Satisfaction": 0.014675428935637077,
            "Shame": 0.04340676342447599,
            "Surprise (negative)": 0.22044499218463898,
            "Surprise (positive)": 0.21977223455905914,
            "Sympathy": 0.024085850454866886,
            "Tiredness": 0.007608671983083089,
            "Triumph": 0.012628237095971903
        },
        "lang": {
            "Admiration": 0.007176473581542571,
            "Adoration": 0.00558037015919884,
            "Aesthetic Appreciation": 0.005201602393450837,
            "Amusement": 0.0313554493089517,
            "Anger": 0.031518653656045593,
            "Annoyance": 0.12438101818164189,
            "Anxiety": 0.0699871148293217,
            "Awe": 0.024249124340713024,
            "Awkwardness": 0.043174855411052704,
            "Boredom": 0.008370769442990422,
            "Calmness": 0.007309759113316734,
            "Concentration": 0.007495767010065417,
            "Confusion": 0.17082121719916663,
            "Contemplation": 0.02748044626787305,
            "Contempt": 0.01780378818511963,
            "Contentment": 0.002317477842249597,
            "Craving": 0.004250586440321058,
            "Desire": 0.001958397614847248,
            "Determination": 0.006291745269360642,
            "Disappointment": 0.12721049785614014,
            "Disapproval": 0.08599358734985192,
            "Disgust": 0.02511784651627143,
            "Distress": 0.1686093279471,
            "Doubt": 0.03899882175028324,
            "Ecstasy": 0.0024068220906580486,
            "Embarrassment": 0.015049907611683011,
            "Empathic Pain": 0.027102804742753506,
            "Enthusiasm": 0.03488012868911028,
            "Entrancement": 0.007937031177182993,
            "Envy": 0.0039318291140565025,
            "Excitement": 0.043936680226276316,
            "Fear": 0.08765937069741388,
            "Gratitude": 0.0014719788887305185,
            "Guilt": 0.008020185477410754,
            "Horror": 0.08297772061390181,
            "Interest": 0.10505224640170734,
            "Joy": 0.0056181886078168946,
            "Love": 0.004175969923380762,
            "Nostalgia": 0.002084284550316321,
            "Pain": 0.01514917224024733,
            "Pride": 0.001198301159699137,
            "Realization": 0.12549176067113876,
            "Relief": 0.002805125123510758,
            "Romance": 0.002160783473906728,
            "Sadness": 0.038934371123711266,
            "Sarcasm": 0.050483779360850654,
            "Satisfaction": 0.0036841178856169185,
            "Shame": 0.01314498313392202,
            "Surprise (negative)": 0.7842657665411631,
            "Surprise (positive)": 0.12833730752269426,
            "Sympathy": 0.02590411901473999,
            "Tiredness": 0.0033855455888745687,
            "Triumph": 0.0018083224616323907
        }
    }
}