{
    "metadata": {
        "dialogue_id": "928",
        "time_start": "00-00-18.602",
        "time_end": "00-00-19.977",
        "speaker": "Monica",
        "emotion": "anger",
        "sentiment": "negative",
        "file_name": "928_00-00-18.602_00-00-19.977_Monica_anger_negative"
    },
    "predicted": {
        "face": {
            "Admiration": 0.22097133100032806,
            "Adoration": 0.2578965723514557,
            "Aesthetic Appreciation": 0.0994509607553482,
            "Amusement": 0.8005383610725403,
            "Anger": 0.014377318322658539,
            "Anxiety": 0.036428552120923996,
            "Awe": 0.07943056523799896,
            "Awkwardness": 0.1591341197490692,
            "Boredom": 0.07762306183576584,
            "Calmness": 0.2922323942184448,
            "Concentration": 0.1277882307767868,
            "Confusion": 0.08050046861171722,
            "Contemplation": 0.06145438551902771,
            "Contempt": 0.0652446523308754,
            "Contentment": 0.35039812326431274,
            "Craving": 0.04273751378059387,
            "Desire": 0.07092534005641937,
            "Determination": 0.04755837470293045,
            "Disappointment": 0.04849014803767204,
            "Disgust": 0.022745754569768906,
            "Distress": 0.04084387421607971,
            "Doubt": 0.06049537658691406,
            "Ecstasy": 0.17816701531410217,
            "Embarrassment": 0.055917803198099136,
            "Empathic Pain": 0.022292573004961014,
            "Entrancement": 0.0991864949464798,
            "Envy": 0.024606583639979362,
            "Excitement": 0.45746511220932007,
            "Fear": 0.024569198489189148,
            "Guilt": 0.0173801239579916,
            "Horror": 0.014267773367464542,
            "Interest": 0.42606180906295776,
            "Joy": 0.830532968044281,
            "Love": 0.4679018259048462,
            "Nostalgia": 0.07730752229690552,
            "Pain": 0.029994983226060867,
            "Pride": 0.16109229624271393,
            "Realization": 0.09172842651605606,
            "Relief": 0.15082931518554688,
            "Romance": 0.09520939737558365,
            "Sadness": 0.02763902209699154,
            "Satisfaction": 0.502921998500824,
            "Shame": 0.021997839212417603,
            "Surprise (negative)": 0.016008779406547546,
            "Surprise (positive)": 0.03394346684217453,
            "Sympathy": 0.06290513277053833,
            "Tiredness": 0.060414038598537445,
            "Triumph": 0.11762967705726624
        },
        "prosody": {
            "Admiration": 0.018170081079006195,
            "Adoration": 0.009004844352602959,
            "Aesthetic Appreciation": 0.009946903213858604,
            "Amusement": 0.07521997392177582,
            "Anger": 0.024324864149093628,
            "Anxiety": 0.03412945196032524,
            "Awe": 0.017690081149339676,
            "Awkwardness": 0.08331840485334396,
            "Boredom": 0.044676970690488815,
            "Calmness": 0.10240046679973602,
            "Concentration": 0.05192381516098976,
            "Confusion": 0.06249579042196274,
            "Contemplation": 0.047724951058626175,
            "Contempt": 0.02873077616095543,
            "Contentment": 0.05256155878305435,
            "Craving": 0.007937775924801826,
            "Desire": 0.012728415429592133,
            "Determination": 0.13121862709522247,
            "Disappointment": 0.028191400691866875,
            "Disgust": 0.01624882221221924,
            "Distress": 0.04080599918961525,
            "Doubt": 0.0671013593673706,
            "Ecstasy": 0.016494374722242355,
            "Embarrassment": 0.03275422006845474,
            "Empathic Pain": 0.0054138279519975185,
            "Entrancement": 0.01505421381443739,
            "Envy": 0.009057432413101196,
            "Excitement": 0.05521282181143761,
            "Fear": 0.02463207207620144,
            "Guilt": 0.015949426218867302,
            "Horror": 0.010645280592143536,
            "Interest": 0.0600660964846611,
            "Joy": 0.029370177537202835,
            "Love": 0.00991774257272482,
            "Nostalgia": 0.019734615460038185,
            "Pain": 0.007456163875758648,
            "Pride": 0.06961829215288162,
            "Realization": 0.06477603316307068,
            "Relief": 0.024830158799886703,
            "Romance": 0.006726261228322983,
            "Sadness": 0.01695125550031662,
            "Satisfaction": 0.06661929935216904,
            "Shame": 0.017156625166535378,
            "Surprise (negative)": 0.029126355424523354,
            "Surprise (positive)": 0.033254314213991165,
            "Sympathy": 0.014943531714379787,
            "Tiredness": 0.021472381427884102,
            "Triumph": 0.04431474953889847
        },
        "lang": {
            "Admiration": 0.025708086788654327,
            "Adoration": 0.009030068526044488,
            "Aesthetic Appreciation": 0.015970174223184586,
            "Amusement": 0.018918501678854227,
            "Anger": 0.0045563040766865015,
            "Annoyance": 0.02405886771157384,
            "Anxiety": 0.010522057767957449,
            "Awe": 0.012632471974939108,
            "Awkwardness": 0.032624405808746815,
            "Boredom": 0.04207142209634185,
            "Calmness": 0.15118110924959183,
            "Concentration": 0.0207081469707191,
            "Confusion": 0.08493197755888104,
            "Contemplation": 0.08210331574082375,
            "Contempt": 0.022475440986454487,
            "Contentment": 0.07634924724698067,
            "Craving": 0.00592479515762534,
            "Desire": 0.009789828298380598,
            "Determination": 0.014109060866758227,
            "Disappointment": 0.02595968684181571,
            "Disapproval": 0.01347834849730134,
            "Disgust": 0.00517494254745543,
            "Distress": 0.01605840865522623,
            "Doubt": 0.02303240553010255,
            "Ecstasy": 0.004380306520033628,
            "Embarrassment": 0.008757312723901123,
            "Empathic Pain": 0.14694706816226244,
            "Enthusiasm": 0.017239668406546116,
            "Entrancement": 0.015021712053567171,
            "Envy": 0.003590460983105004,
            "Excitement": 0.007537142839282751,
            "Fear": 0.0042112244409509,
            "Gratitude": 0.020180264953523874,
            "Guilt": 0.0038308510556817055,
            "Horror": 0.0016915148589760065,
            "Interest": 0.06662695109844208,
            "Joy": 0.014935786835849285,
            "Love": 0.00893155625090003,
            "Nostalgia": 0.015060302568599582,
            "Pain": 0.021828150376677513,
            "Pride": 0.01702074962668121,
            "Realization": 0.1258210949599743,
            "Relief": 0.12996252160519361,
            "Romance": 0.005691892933100462,
            "Sadness": 0.03278741892427206,
            "Sarcasm": 0.014897904824465513,
            "Satisfaction": 0.0768573060631752,
            "Shame": 0.012450209876988083,
            "Surprise (negative)": 0.026514981873333454,
            "Surprise (positive)": 0.0347967678681016,
            "Sympathy": 0.1870288522914052,
            "Tiredness": 0.023223561234772205,
            "Triumph": 0.02065393328666687
        }
    }
}