{
    "metadata": {
        "dialogue_id": "929",
        "time_start": "00-00-10.510",
        "time_end": "00-00-14.180",
        "speaker": "Monica",
        "emotion": "neutral",
        "sentiment": "neutral",
        "text_content": "Okay, Rachel, you wanna put the marshmellows in concentric circles.",
        "file_name": "929_00-00-10.510_00-00-14.180_Monica_neutral_neutral"
    },
    "predicted": {
        "face": {
            "Admiration": 0.08012709021568298,
            "Adoration": 0.07882581651210785,
            "Aesthetic Appreciation": 0.057438939809799194,
            "Amusement": 0.10158460587263107,
            "Anger": 0.05773964896798134,
            "Anxiety": 0.22644302248954773,
            "Awe": 0.058510325849056244,
            "Awkwardness": 0.18576325476169586,
            "Boredom": 0.3620743751525879,
            "Calmness": 0.4015883505344391,
            "Concentration": 0.4585169851779938,
            "Confusion": 0.2894464135169983,
            "Contemplation": 0.29225239157676697,
            "Contempt": 0.12932075560092926,
            "Contentment": 0.11876828968524933,
            "Craving": 0.056960564106702805,
            "Desire": 0.06696926057338715,
            "Determination": 0.10666199028491974,
            "Disappointment": 0.42586687207221985,
            "Disgust": 0.07853087037801743,
            "Distress": 0.2939072251319885,
            "Doubt": 0.29448381066322327,
            "Ecstasy": 0.02724505588412285,
            "Embarrassment": 0.18424588441848755,
            "Empathic Pain": 0.12206654995679855,
            "Entrancement": 0.11431737244129181,
            "Envy": 0.039164990186691284,
            "Excitement": 0.04411827772855759,
            "Fear": 0.10428930819034576,
            "Guilt": 0.18910221755504608,
            "Horror": 0.03501849249005318,
            "Interest": 0.2264685183763504,
            "Joy": 0.06917338073253632,
            "Love": 0.11629894375801086,
            "Nostalgia": 0.0875556617975235,
            "Pain": 0.18767370283603668,
            "Pride": 0.04769844934344292,
            "Realization": 0.1657170206308365,
            "Relief": 0.07082439959049225,
            "Romance": 0.06817568093538284,
            "Sadness": 0.38676366209983826,
            "Satisfaction": 0.10920095443725586,
            "Shame": 0.19154411554336548,
            "Surprise (negative)": 0.038376323878765106,
            "Surprise (positive)": 0.024339748546481133,
            "Sympathy": 0.07691758871078491,
            "Tiredness": 0.338121235370636,
            "Triumph": 0.020194049924612045
        },
        "prosody": {
            "Admiration": 0.008815585635602474,
            "Adoration": 0.00689874030649662,
            "Aesthetic Appreciation": 0.010794575326144695,
            "Amusement": 0.07101449370384216,
            "Anger": 0.2371448576450348,
            "Anxiety": 0.09010964632034302,
            "Awe": 0.00966718327254057,
            "Awkwardness": 0.03356511890888214,
            "Boredom": 0.0042086816392838955,
            "Calmness": 0.04955904185771942,
            "Concentration": 0.26092904806137085,
            "Confusion": 0.08846136182546616,
            "Contemplation": 0.050584062933921814,
            "Contempt": 0.10253612697124481,
            "Contentment": 0.007355028297752142,
            "Craving": 0.11991599202156067,
            "Desire": 0.0037414031103253365,
            "Determination": 0.5686739683151245,
            "Disappointment": 0.049457065761089325,
            "Disgust": 0.04776822403073311,
            "Distress": 0.08209216594696045,
            "Doubt": 0.03609586879611015,
            "Ecstasy": 0.00431447010487318,
            "Embarrassment": 0.014591643586754799,
            "Empathic Pain": 0.026806574314832687,
            "Entrancement": 0.004804868251085281,
            "Envy": 0.018193364143371582,
            "Excitement": 0.14855054020881653,
            "Fear": 0.029161609709262848,
            "Guilt": 0.006402951665222645,
            "Horror": 0.012634637765586376,
            "Interest": 0.4559568762779236,
            "Joy": 0.005978051107376814,
            "Love": 0.004393307492136955,
            "Nostalgia": 0.017566494643688202,
            "Pain": 0.005744145251810551,
            "Pride": 0.013828159309923649,
            "Realization": 0.011556178331375122,
            "Relief": 0.001705205999314785,
            "Romance": 0.0027773526962846518,
            "Sadness": 0.0061035179533064365,
            "Satisfaction": 0.008468355052173138,
            "Shame": 0.004203605465590954,
            "Surprise (negative)": 0.03428390622138977,
            "Surprise (positive)": 0.009534696117043495,
            "Sympathy": 0.057786181569099426,
            "Tiredness": 0.002846471266821027,
            "Triumph": 0.006411905400454998
        },
        "lang": {}
    }
}