{
    "metadata": {
        "dialogue_id": "930",
        "time_start": "00-00-16.475",
        "time_end": "00-00-20.520",
        "speaker": "Joey",
        "emotion": "neutral",
        "sentiment": "neutral",
        "text_content": "Oh, well we watch it a second time and its",
        "file_name": "930_00-00-16.475_00-00-20.520_Joey_neutral_neutral"
    },
    "predicted": {
        "face": {
            "Admiration": 0.035067908465862274,
            "Adoration": 0.028334233909845352,
            "Aesthetic Appreciation": 0.031406160444021225,
            "Amusement": 0.04644951969385147,
            "Anger": 0.07551728188991547,
            "Anxiety": 0.28862082958221436,
            "Awe": 0.041439659893512726,
            "Awkwardness": 0.16023188829421997,
            "Boredom": 0.27535203099250793,
            "Calmness": 0.26781079173088074,
            "Concentration": 0.3887433707714081,
            "Confusion": 0.4562518894672394,
            "Contemplation": 0.24173235893249512,
            "Contempt": 0.1201961487531662,
            "Contentment": 0.05805991217494011,
            "Craving": 0.03208385780453682,
            "Desire": 0.03654806688427925,
            "Determination": 0.08717034757137299,
            "Disappointment": 0.4904897212982178,
            "Disgust": 0.10110406577587128,
            "Distress": 0.4433261752128601,
            "Doubt": 0.33913516998291016,
            "Ecstasy": 0.017222611233592033,
            "Embarrassment": 0.16031847894191742,
            "Empathic Pain": 0.1431388556957245,
            "Entrancement": 0.0777897834777832,
            "Envy": 0.02657097764313221,
            "Excitement": 0.02199375070631504,
            "Fear": 0.1036434918642044,
            "Guilt": 0.1898808777332306,
            "Horror": 0.037003833800554276,
            "Interest": 0.1285506635904312,
            "Joy": 0.027204643934965134,
            "Love": 0.03821895271539688,
            "Nostalgia": 0.05682681128382683,
            "Pain": 0.28078508377075195,
            "Pride": 0.028605440631508827,
            "Realization": 0.16672669351100922,
            "Relief": 0.07210555672645569,
            "Romance": 0.026143213734030724,
            "Sadness": 0.40554922819137573,
            "Satisfaction": 0.054797686636447906,
            "Shame": 0.16620443761348724,
            "Surprise (negative)": 0.04263944923877716,
            "Surprise (positive)": 0.018609892576932907,
            "Sympathy": 0.05849017947912216,
            "Tiredness": 0.42520248889923096,
            "Triumph": 0.012512559071183205
        },
        "prosody": {
            "Admiration": 0.009989420883357525,
            "Adoration": 0.009801069274544716,
            "Aesthetic Appreciation": 0.007455500774085522,
            "Amusement": 0.10858771204948425,
            "Anger": 0.0473729632794857,
            "Anxiety": 0.27487805485725403,
            "Awe": 0.0099114291369915,
            "Awkwardness": 0.060838762670755386,
            "Boredom": 0.005640470888465643,
            "Calmness": 0.002029944211244583,
            "Concentration": 0.01237185113132,
            "Confusion": 0.056674085557460785,
            "Contemplation": 0.02177738957107067,
            "Contempt": 0.017353083938360214,
            "Contentment": 0.002899370389059186,
            "Craving": 0.01928805373609066,
            "Desire": 0.02971283160150051,
            "Determination": 0.05317454785108566,
            "Disappointment": 0.04963720962405205,
            "Disgust": 0.022785939276218414,
            "Distress": 0.38141897320747375,
            "Doubt": 0.018892284482717514,
            "Ecstasy": 0.03892790526151657,
            "Embarrassment": 0.01612873375415802,
            "Empathic Pain": 0.05792568251490593,
            "Entrancement": 0.009121870622038841,
            "Envy": 0.015547982417047024,
            "Excitement": 0.18305732309818268,
            "Fear": 0.13466259837150574,
            "Guilt": 0.017527032643556595,
            "Horror": 0.09129040688276291,
            "Interest": 0.12465249747037888,
            "Joy": 0.025282960385084152,
            "Love": 0.00869650300592184,
            "Nostalgia": 0.012230399064719677,
            "Pain": 0.03194333240389824,
            "Pride": 0.009039951488375664,
            "Realization": 0.06972382962703705,
            "Relief": 0.004824977368116379,
            "Romance": 0.01283850148320198,
            "Sadness": 0.030662216246128082,
            "Satisfaction": 0.012867556884884834,
            "Shame": 0.014683123677968979,
            "Surprise (negative)": 0.04681047797203064,
            "Surprise (positive)": 0.016150563955307007,
            "Sympathy": 0.06883665919303894,
            "Tiredness": 0.014440678060054779,
            "Triumph": 0.03049326315522194
        },
        "lang": {}
    }
}