{
    "metadata": {
        "dialogue_id": "933",
        "time_start": "00-00-31.990",
        "time_end": "00-00-33.324",
        "speaker": "Monica",
        "emotion": "surprise",
        "sentiment": "negative",
        "text_content": "Joey, what are you doing?",
        "file_name": "933_00-00-31.990_00-00-33.324_Monica_surprise_negative"
    },
    "predicted": {
        "face": {
            "Admiration": 0.21532991528511047,
            "Adoration": 0.30107584595680237,
            "Aesthetic Appreciation": 0.07957126945257187,
            "Amusement": 0.6651796102523804,
            "Anger": 0.024489298462867737,
            "Anxiety": 0.10656508803367615,
            "Awe": 0.10684000700712204,
            "Awkwardness": 0.22879675030708313,
            "Boredom": 0.10361920297145844,
            "Calmness": 0.20943044126033783,
            "Concentration": 0.13898882269859314,
            "Confusion": 0.13752393424510956,
            "Contemplation": 0.09278542548418045,
            "Contempt": 0.06519851088523865,
            "Contentment": 0.2339741289615631,
            "Craving": 0.04392092674970627,
            "Desire": 0.05945238098502159,
            "Determination": 0.04673156514763832,
            "Disappointment": 0.16669237613677979,
            "Disgust": 0.04009091854095459,
            "Distress": 0.13945162296295166,
            "Doubt": 0.11327990144491196,
            "Ecstasy": 0.11618278175592422,
            "Embarrassment": 0.27145496010780334,
            "Empathic Pain": 0.06589465588331223,
            "Entrancement": 0.0904323011636734,
            "Envy": 0.02912800945341587,
            "Excitement": 0.32206007838249207,
            "Fear": 0.06592255085706711,
            "Guilt": 0.08454733341932297,
            "Horror": 0.03532620519399643,
            "Interest": 0.3127369284629822,
            "Joy": 0.5724186897277832,
            "Love": 0.5403692126274109,
            "Nostalgia": 0.09489306807518005,
            "Pain": 0.11484324187040329,
            "Pride": 0.10737426578998566,
            "Realization": 0.15696553885936737,
            "Relief": 0.14652866125106812,
            "Romance": 0.15675309300422668,
            "Sadness": 0.1324532926082611,
            "Satisfaction": 0.3067741096019745,
            "Shame": 0.11817902326583862,
            "Surprise (negative)": 0.03641103580594063,
            "Surprise (positive)": 0.05501914396882057,
            "Sympathy": 0.08158158510923386,
            "Tiredness": 0.11514098942279816,
            "Triumph": 0.07124244421720505
        },
        "prosody": {
            "Admiration": 0.008717136457562447,
            "Adoration": 0.005587901920080185,
            "Aesthetic Appreciation": 0.005476143676787615,
            "Amusement": 0.029014794155955315,
            "Anger": 0.11218708753585815,
            "Anxiety": 0.2592775523662567,
            "Awe": 0.019870508462190628,
            "Awkwardness": 0.06258334219455719,
            "Boredom": 0.005773742217570543,
            "Calmness": 0.004721845034509897,
            "Concentration": 0.00786418654024601,
            "Confusion": 0.7017346024513245,
            "Contemplation": 0.0073958286084234715,
            "Contempt": 0.021198542788624763,
            "Contentment": 0.003154938342049718,
            "Craving": 0.0011242844630032778,
            "Desire": 0.0020664073526859283,
            "Determination": 0.010983853600919247,
            "Disappointment": 0.08485246449708939,
            "Disgust": 0.032820966094732285,
            "Distress": 0.23262052237987518,
            "Doubt": 0.06375179439783096,
            "Ecstasy": 0.005662352778017521,
            "Embarrassment": 0.03834766522049904,
            "Empathic Pain": 0.014634106308221817,
            "Entrancement": 0.0024555663112550974,
            "Envy": 0.006873420439660549,
            "Excitement": 0.029915492981672287,
            "Fear": 0.09713849425315857,
            "Guilt": 0.01625075563788414,
            "Horror": 0.05515202507376671,
            "Interest": 0.09375794231891632,
            "Joy": 0.009290618821978569,
            "Love": 0.0040191602893173695,
            "Nostalgia": 0.0026818644255399704,
            "Pain": 0.02194187417626381,
            "Pride": 0.003755144542083144,
            "Realization": 0.01699456386268139,
            "Relief": 0.0024856303352862597,
            "Romance": 0.004115326330065727,
            "Sadness": 0.02569732815027237,
            "Satisfaction": 0.002575536258518696,
            "Shame": 0.015527388080954552,
            "Surprise (negative)": 0.32240957021713257,
            "Surprise (positive)": 0.0750703439116478,
            "Sympathy": 0.01777055487036705,
            "Tiredness": 0.010052147321403027,
            "Triumph": 0.0016504416707903147
        },
        "lang": {}
    }
}