{
    "metadata": {
        "dialogue_id": "937",
        "time_start": "00-00-16.224",
        "time_end": "00-00-19.185",
        "speaker": "Ross",
        "emotion": "neutral",
        "sentiment": "neutral",
        "text_content": "Now as for the hydrosaurs",
        "file_name": "937_00-00-16.224_00-00-19.185_Ross_neutral_neutral"
    },
    "predicted": {
        "face": {
            "Admiration": 0.07291865348815918,
            "Adoration": 0.06298435479402542,
            "Aesthetic Appreciation": 0.04725629463791847,
            "Amusement": 0.18036964535713196,
            "Anger": 0.11051417887210846,
            "Anxiety": 0.16054509580135345,
            "Awe": 0.1723237931728363,
            "Awkwardness": 0.17359919846057892,
            "Boredom": 0.23060724139213562,
            "Calmness": 0.16238608956336975,
            "Concentration": 0.19504998624324799,
            "Confusion": 0.28894925117492676,
            "Contemplation": 0.10801412910223007,
            "Contempt": 0.1224280297756195,
            "Contentment": 0.08164237439632416,
            "Craving": 0.07913555204868317,
            "Desire": 0.13077469170093536,
            "Determination": 0.08762726187705994,
            "Disappointment": 0.2441912591457367,
            "Disgust": 0.14959262311458588,
            "Distress": 0.2618460953235626,
            "Doubt": 0.19104069471359253,
            "Ecstasy": 0.09324795007705688,
            "Embarrassment": 0.10477472841739655,
            "Empathic Pain": 0.12059307098388672,
            "Entrancement": 0.09961332380771637,
            "Envy": 0.03505381941795349,
            "Excitement": 0.15408916771411896,
            "Fear": 0.21438755095005035,
            "Guilt": 0.0755481868982315,
            "Horror": 0.16272811591625214,
            "Interest": 0.18703579902648926,
            "Joy": 0.1176162138581276,
            "Love": 0.09055011719465256,
            "Nostalgia": 0.05408388003706932,
            "Pain": 0.2943040728569031,
            "Pride": 0.05320805683732033,
            "Realization": 0.1530589610338211,
            "Relief": 0.07247115671634674,
            "Romance": 0.04556019604206085,
            "Sadness": 0.24681027233600616,
            "Satisfaction": 0.14701080322265625,
            "Shame": 0.0726875588297844,
            "Surprise (negative)": 0.15201710164546967,
            "Surprise (positive)": 0.10631299018859863,
            "Sympathy": 0.045349739491939545,
            "Tiredness": 0.23762014508247375,
            "Triumph": 0.060421716421842575
        },
        "prosody": {
            "Admiration": 0.03786548599600792,
            "Adoration": 0.0270268302410841,
            "Aesthetic Appreciation": 0.04932711273431778,
            "Amusement": 0.35253360867500305,
            "Anger": 0.07238093763589859,
            "Anxiety": 0.03381320461630821,
            "Awe": 0.06358406692743301,
            "Awkwardness": 0.01925055868923664,
            "Boredom": 0.005145967472344637,
            "Calmness": 0.014907203614711761,
            "Concentration": 0.02085610292851925,
            "Confusion": 0.0411810539662838,
            "Contemplation": 0.040129080414772034,
            "Contempt": 0.08436352759599686,
            "Contentment": 0.017587264999747276,
            "Craving": 0.023334965109825134,
            "Desire": 0.008561518974602222,
            "Determination": 0.08607079088687897,
            "Disappointment": 0.028759842738509178,
            "Disgust": 0.06568645685911179,
            "Distress": 0.05272332578897476,
            "Doubt": 0.018009737133979797,
            "Ecstasy": 0.12192986905574799,
            "Embarrassment": 0.011325240135192871,
            "Empathic Pain": 0.021182624623179436,
            "Entrancement": 0.022346902638673782,
            "Envy": 0.04035712033510208,
            "Excitement": 0.46030330657958984,
            "Fear": 0.02177060768008232,
            "Guilt": 0.006608260795474052,
            "Horror": 0.0764358788728714,
            "Interest": 0.21929486095905304,
            "Joy": 0.10771318525075912,
            "Love": 0.009627189487218857,
            "Nostalgia": 0.009898843243718147,
            "Pain": 0.013659927062690258,
            "Pride": 0.07542954385280609,
            "Realization": 0.1989496946334839,
            "Relief": 0.023509124293923378,
            "Romance": 0.005871163681149483,
            "Sadness": 0.009099644608795643,
            "Satisfaction": 0.06754545122385025,
            "Shame": 0.00524258054792881,
            "Surprise (negative)": 0.14809846878051758,
            "Surprise (positive)": 0.2512891888618469,
            "Sympathy": 0.060117051005363464,
            "Tiredness": 0.004412836395204067,
            "Triumph": 0.11753533780574799
        },
        "lang": {}
    }
}