{
    "metadata": {
        "dialogue_id": "941",
        "time_start": "00-00-44.794",
        "time_end": "00-00-48.047",
        "speaker": "Julio",
        "emotion": "neutral",
        "sentiment": "neutral",
        "text_content": "Actually I ah, I am a poet.",
        "file_name": "941_00-00-44.794_00-00-48.047_Julio_neutral_neutral"
    },
    "predicted": {
        "face": {
            "Admiration": 0.16907654702663422,
            "Adoration": 0.2713795006275177,
            "Aesthetic Appreciation": 0.06806492060422897,
            "Amusement": 0.6578928232192993,
            "Anger": 0.025931021198630333,
            "Anxiety": 0.08560523390769958,
            "Awe": 0.06618325412273407,
            "Awkwardness": 0.18133161962032318,
            "Boredom": 0.08089698851108551,
            "Calmness": 0.19552847743034363,
            "Concentration": 0.10344800353050232,
            "Confusion": 0.09332702308893204,
            "Contemplation": 0.05883583053946495,
            "Contempt": 0.05465982109308243,
            "Contentment": 0.24512462317943573,
            "Craving": 0.0392097644507885,
            "Desire": 0.07198779284954071,
            "Determination": 0.04171789065003395,
            "Disappointment": 0.12554875016212463,
            "Disgust": 0.03713476285338402,
            "Distress": 0.12294048815965652,
            "Doubt": 0.06889872997999191,
            "Ecstasy": 0.15637092292308807,
            "Embarrassment": 0.20148219168186188,
            "Empathic Pain": 0.05952833592891693,
            "Entrancement": 0.08030205219984055,
            "Envy": 0.02233825996518135,
            "Excitement": 0.35851651430130005,
            "Fear": 0.048985373228788376,
            "Guilt": 0.06746240705251694,
            "Horror": 0.02591838128864765,
            "Interest": 0.2716788649559021,
            "Joy": 0.6823469996452332,
            "Love": 0.620879590511322,
            "Nostalgia": 0.08620471507310867,
            "Pain": 0.1330621987581253,
            "Pride": 0.09850256145000458,
            "Realization": 0.11140482127666473,
            "Relief": 0.13861581683158875,
            "Romance": 0.15831127762794495,
            "Sadness": 0.11210393905639648,
            "Satisfaction": 0.35872119665145874,
            "Shame": 0.0982803925871849,
            "Surprise (negative)": 0.02283998765051365,
            "Surprise (positive)": 0.031788408756256104,
            "Sympathy": 0.06529634445905685,
            "Tiredness": 0.11223535239696503,
            "Triumph": 0.07714499533176422
        },
        "prosody": {
            "Admiration": 0.013533301185816526,
            "Adoration": 0.010319451335817575,
            "Aesthetic Appreciation": 0.009826599154621363,
            "Amusement": 0.029757536482065916,
            "Anger": 0.03616526676341891,
            "Anxiety": 0.03408931917510927,
            "Awe": 0.011284837033599615,
            "Awkwardness": 0.09915327932685614,
            "Boredom": 0.040213982574641705,
            "Calmness": 0.08031277917325497,
            "Concentration": 0.03182168025523424,
            "Confusion": 0.050192629685625434,
            "Contemplation": 0.08350224792957306,
            "Contempt": 0.08301282208412886,
            "Contentment": 0.03162793908268213,
            "Craving": 0.013129857368767262,
            "Desire": 0.004085554508492351,
            "Determination": 0.10665565356612206,
            "Disappointment": 0.059078581631183624,
            "Disgust": 0.04360349336639047,
            "Distress": 0.02337796613574028,
            "Doubt": 0.06332459626719356,
            "Ecstasy": 0.010506293270736933,
            "Embarrassment": 0.0612664557993412,
            "Empathic Pain": 0.011014271061867476,
            "Entrancement": 0.008966241963207722,
            "Envy": 0.013184986542910337,
            "Excitement": 0.024451232980936766,
            "Fear": 0.007851819158531725,
            "Guilt": 0.041732653975486755,
            "Horror": 0.005545634310692549,
            "Interest": 0.034752975683659315,
            "Joy": 0.024121243273839355,
            "Love": 0.013534776866436005,
            "Nostalgia": 0.013734386069700122,
            "Pain": 0.014356539584696293,
            "Pride": 0.08482229337096214,
            "Realization": 0.23090191930532455,
            "Relief": 0.025214960798621178,
            "Romance": 0.006159813026897609,
            "Sadness": 0.03811704833060503,
            "Satisfaction": 0.043463876470923424,
            "Shame": 0.05243287608027458,
            "Surprise (negative)": 0.02509637037292123,
            "Surprise (positive)": 0.048129714326933026,
            "Sympathy": 0.008525779005140066,
            "Tiredness": 0.01655999617651105,
            "Triumph": 0.026816966012120247
        },
        "lang": {}
    }
}