{
    "metadata": {
        "dialogue_id": "945",
        "time_start": "00-01-04.606",
        "time_end": "00-01-06.190",
        "speaker": "Guy",
        "emotion": "neutral",
        "sentiment": "neutral",
        "text_content": "I ah, I work at",
        "file_name": "945_00-01-04.606_00-01-06.190_Guy_neutral_neutral"
    },
    "predicted": {
        "face": {
            "Admiration": 0.12594646215438843,
            "Adoration": 0.08578728884458542,
            "Aesthetic Appreciation": 0.08096971362829208,
            "Amusement": 0.13127656280994415,
            "Anger": 0.06122662127017975,
            "Anxiety": 0.1552847921848297,
            "Awe": 0.1608690768480301,
            "Awkwardness": 0.21926406025886536,
            "Boredom": 0.34384071826934814,
            "Calmness": 0.3486378490924835,
            "Concentration": 0.4251326024532318,
            "Confusion": 0.5206646919250488,
            "Contemplation": 0.2583759129047394,
            "Contempt": 0.1761016845703125,
            "Contentment": 0.10013784468173981,
            "Craving": 0.08887656033039093,
            "Desire": 0.11188167333602905,
            "Determination": 0.1231757178902626,
            "Disappointment": 0.25988292694091797,
            "Disgust": 0.08059743791818619,
            "Distress": 0.17533573508262634,
            "Doubt": 0.39178773760795593,
            "Ecstasy": 0.035989921540021896,
            "Embarrassment": 0.09327725321054459,
            "Empathic Pain": 0.0639779195189476,
            "Entrancement": 0.15552179515361786,
            "Envy": 0.051020294427871704,
            "Excitement": 0.07069172710180283,
            "Fear": 0.11873559653759003,
            "Guilt": 0.06949187070131302,
            "Horror": 0.055216580629348755,
            "Interest": 0.33754315972328186,
            "Joy": 0.07230395823717117,
            "Love": 0.08787252008914948,
            "Nostalgia": 0.06734416633844376,
            "Pain": 0.07730742543935776,
            "Pride": 0.05761420726776123,
            "Realization": 0.21105073392391205,
            "Relief": 0.07852005958557129,
            "Romance": 0.05861729755997658,
            "Sadness": 0.13746295869350433,
            "Satisfaction": 0.11211791634559631,
            "Shame": 0.05879751965403557,
            "Surprise (negative)": 0.08336971700191498,
            "Surprise (positive)": 0.0663990005850792,
            "Sympathy": 0.05288127809762955,
            "Tiredness": 0.21358928084373474,
            "Triumph": 0.03175201267004013
        },
        "prosody": {
            "Admiration": 0.017672911286354065,
            "Adoration": 0.009429102763533592,
            "Aesthetic Appreciation": 0.017601078376173973,
            "Amusement": 0.03424284607172012,
            "Anger": 0.0052025350742042065,
            "Anxiety": 0.05876512452960014,
            "Awe": 0.017183806747198105,
            "Awkwardness": 0.21605364978313446,
            "Boredom": 0.011189369484782219,
            "Calmness": 0.06388995051383972,
            "Concentration": 0.09093989431858063,
            "Confusion": 0.13812632858753204,
            "Contemplation": 0.211858868598938,
            "Contempt": 0.009652448818087578,
            "Contentment": 0.07381414622068405,
            "Craving": 0.013725589960813522,
            "Desire": 0.016755441203713417,
            "Determination": 0.09858902543783188,
            "Disappointment": 0.034823305904865265,
            "Disgust": 0.008610492572188377,
            "Distress": 0.040772080421447754,
            "Doubt": 0.08673164248466492,
            "Ecstasy": 0.02092583104968071,
            "Embarrassment": 0.04748724028468132,
            "Empathic Pain": 0.003377265064045787,
            "Entrancement": 0.008868630975484848,
            "Envy": 0.007429303601384163,
            "Excitement": 0.09340333193540573,
            "Fear": 0.012101493775844574,
            "Guilt": 0.015113964676856995,
            "Horror": 0.0041064973920583725,
            "Interest": 0.09538057446479797,
            "Joy": 0.032209400087594986,
            "Love": 0.012832717970013618,
            "Nostalgia": 0.018003113567829132,
            "Pain": 0.01026347279548645,
            "Pride": 0.06083178520202637,
            "Realization": 0.1462133377790451,
            "Relief": 0.03492923080921173,
            "Romance": 0.014443865977227688,
            "Sadness": 0.009494440630078316,
            "Satisfaction": 0.07219331711530685,
            "Shame": 0.030580861493945122,
            "Surprise (negative)": 0.015484403818845749,
            "Surprise (positive)": 0.04339991882443428,
            "Sympathy": 0.007879892364144325,
            "Tiredness": 0.01146149355918169,
            "Triumph": 0.06340928375720978
        },
        "lang": {}
    }
}