{
    "metadata": {
        "dialogue_id": "945",
        "time_start": "00-00-18.894",
        "time_end": "00-00-24.607",
        "speaker": "Monica",
        "emotion": "joy",
        "sentiment": "positive",
        "file_name": "945_00-00-18.894_00-00-24.607_Monica_joy_positive"
    },
    "predicted": {
        "face": {
            "Admiration": 0.09247802197933197,
            "Adoration": 0.08573004603385925,
            "Aesthetic Appreciation": 0.05773773789405823,
            "Amusement": 0.3270188868045807,
            "Anger": 0.13233287632465363,
            "Anxiety": 0.12704738974571228,
            "Awe": 0.08076228946447372,
            "Awkwardness": 0.27577823400497437,
            "Boredom": 0.18052548170089722,
            "Calmness": 0.17628005146980286,
            "Concentration": 0.21072641015052795,
            "Confusion": 0.28228282928466797,
            "Contemplation": 0.10229217261075974,
            "Contempt": 0.1977206915616989,
            "Contentment": 0.11877915263175964,
            "Craving": 0.09406480193138123,
            "Desire": 0.14211945235729218,
            "Determination": 0.10949444770812988,
            "Disappointment": 0.2071591466665268,
            "Disgust": 0.22192716598510742,
            "Distress": 0.17690342664718628,
            "Doubt": 0.20085281133651733,
            "Ecstasy": 0.08165053278207779,
            "Embarrassment": 0.11853144317865372,
            "Empathic Pain": 0.07482970505952835,
            "Entrancement": 0.08198189735412598,
            "Envy": 0.04663517326116562,
            "Excitement": 0.19720987975597382,
            "Fear": 0.09410884231328964,
            "Guilt": 0.05920983478426933,
            "Horror": 0.061497654765844345,
            "Interest": 0.2803193926811218,
            "Joy": 0.22155024111270905,
            "Love": 0.14106512069702148,
            "Nostalgia": 0.04666295647621155,
            "Pain": 0.1389344483613968,
            "Pride": 0.08487154543399811,
            "Realization": 0.11335384100675583,
            "Relief": 0.05852397903800011,
            "Romance": 0.06255526840686798,
            "Sadness": 0.11782864481210709,
            "Satisfaction": 0.1904781013727188,
            "Shame": 0.06802744418382645,
            "Surprise (negative)": 0.06249450519680977,
            "Surprise (positive)": 0.04743359237909317,
            "Sympathy": 0.04537612572312355,
            "Tiredness": 0.1096070259809494,
            "Triumph": 0.07323437184095383
        },
        "prosody": {
            "Admiration": 0.004681923193857074,
            "Adoration": 0.005061359144747257,
            "Aesthetic Appreciation": 0.004420206299982965,
            "Amusement": 0.09949967078864574,
            "Anger": 0.3162519633769989,
            "Anxiety": 0.24037602543830872,
            "Awe": 0.008233209373429418,
            "Awkwardness": 0.16465220227837563,
            "Boredom": 0.001923168427310884,
            "Calmness": 0.0008246262150350958,
            "Concentration": 0.0049144800286740065,
            "Confusion": 0.316353808157146,
            "Contemplation": 0.00867209187708795,
            "Contempt": 0.17076853103935719,
            "Contentment": 0.0018969072843901813,
            "Craving": 0.006106332177296281,
            "Desire": 0.0026417382177896798,
            "Determination": 0.05343335960060358,
            "Disappointment": 0.11188668757677078,
            "Disgust": 0.17785262316465378,
            "Distress": 0.3958260715007782,
            "Doubt": 0.04673595726490021,
            "Ecstasy": 0.01043600426055491,
            "Embarrassment": 0.12676097825169563,
            "Empathic Pain": 0.022391585633158684,
            "Entrancement": 0.0024385169381275773,
            "Envy": 0.01081241574138403,
            "Excitement": 0.07623572088778019,
            "Fear": 0.08171641267836094,
            "Guilt": 0.020370606798678637,
            "Horror": 0.09620622545480728,
            "Interest": 0.00997159443795681,
            "Joy": 0.008811807841993868,
            "Love": 0.001788543479051441,
            "Nostalgia": 0.004662783700041473,
            "Pain": 0.021963069215416908,
            "Pride": 0.011179635301232338,
            "Realization": 0.08657561056315899,
            "Relief": 0.003466651076450944,
            "Romance": 0.0021923250751569867,
            "Sadness": 0.013697456568479538,
            "Satisfaction": 0.0050478579942137,
            "Shame": 0.0356920575723052,
            "Surprise (negative)": 0.20099516957998276,
            "Surprise (positive)": 0.024030957370996475,
            "Sympathy": 0.010158456861972809,
            "Tiredness": 0.0036023620050400496,
            "Triumph": 0.01193424267694354
        },
        "lang": {
            "Admiration": 0.005190206988204625,
            "Adoration": 0.012310137064473349,
            "Aesthetic Appreciation": 0.00703806282641987,
            "Amusement": 0.03529394072081361,
            "Anger": 0.006659799139015377,
            "Annoyance": 0.062133344156401496,
            "Anxiety": 0.025210737428140072,
            "Awe": 0.003829294122711179,
            "Awkwardness": 0.09662397330005963,
            "Boredom": 0.07508571321765582,
            "Calmness": 0.04507723765536433,
            "Concentration": 0.020026608093065165,
            "Confusion": 0.40595709567978266,
            "Contemplation": 0.03102287570280688,
            "Contempt": 0.019307734001250493,
            "Contentment": 0.04092605581640133,
            "Craving": 0.0885410163900815,
            "Desire": 0.0035679143177168,
            "Determination": 0.00999096036511695,
            "Disappointment": 0.02343481397699742,
            "Disapproval": 0.019532746757336315,
            "Disgust": 0.004370844792685516,
            "Distress": 0.018503993228521375,
            "Doubt": 0.056797296252279056,
            "Ecstasy": 0.014476163847748899,
            "Embarrassment": 0.008404666679866966,
            "Empathic Pain": 0.0035071176382535625,
            "Enthusiasm": 0.11946744792207721,
            "Entrancement": 0.011989781982265413,
            "Envy": 0.0019411819632209483,
            "Excitement": 0.10241511528424564,
            "Fear": 0.0037756172712847943,
            "Gratitude": 0.00843338069084677,
            "Guilt": 0.005447220988571644,
            "Horror": 0.0008877052161898021,
            "Interest": 0.08592502573238951,
            "Joy": 0.06585612252820283,
            "Love": 0.013273315019129464,
            "Nostalgia": 0.0042369426422131555,
            "Pain": 0.004317100594995455,
            "Pride": 0.004885533547383689,
            "Realization": 0.02789387594731081,
            "Relief": 0.005846025023077216,
            "Romance": 0.003218640133993523,
            "Sadness": 0.009402822395454027,
            "Sarcasm": 0.02195964620581695,
            "Satisfaction": 0.03884276275944319,
            "Shame": 0.006616753692339573,
            "Surprise (negative)": 0.035080311864259694,
            "Surprise (positive)": 0.03598399516860289,
            "Sympathy": 0.00521028894997601,
            "Tiredness": 0.01591746995802082,
            "Triumph": 0.00825673486438713
        }
    }
}