{
    "metadata": {
        "dialogue_id": "947",
        "time_start": "00-00-05.422",
        "time_end": "00-00-14.180",
        "speaker": "Monica",
        "emotion": "neutral",
        "sentiment": "neutral",
        "text_content": "I think the things that you said about me are really unfair, and I would like for you to give my bouillabaisse another chance.",
        "file_name": "947_00-00-05.422_00-00-14.180_Monica_neutral_neutral"
    },
    "predicted": {
        "face": {
            "Admiration": 0.10122372210025787,
            "Adoration": 0.0749146044254303,
            "Aesthetic Appreciation": 0.06401041895151138,
            "Amusement": 0.13410772383213043,
            "Anger": 0.10049544274806976,
            "Anxiety": 0.17081516981124878,
            "Awe": 0.13051101565361023,
            "Awkwardness": 0.22022129595279694,
            "Boredom": 0.24310778081417084,
            "Calmness": 0.2980131208896637,
            "Concentration": 0.37584900856018066,
            "Confusion": 0.6050125956535339,
            "Contemplation": 0.2074088752269745,
            "Contempt": 0.2010108381509781,
            "Contentment": 0.10086097568273544,
            "Craving": 0.05145549029111862,
            "Desire": 0.05238072946667671,
            "Determination": 0.10868033766746521,
            "Disappointment": 0.2947886884212494,
            "Disgust": 0.1703370213508606,
            "Distress": 0.24108494818210602,
            "Doubt": 0.4069179892539978,
            "Ecstasy": 0.0342765636742115,
            "Embarrassment": 0.10439358651638031,
            "Empathic Pain": 0.11207405477762222,
            "Entrancement": 0.12176232039928436,
            "Envy": 0.0541902557015419,
            "Excitement": 0.07303320616483688,
            "Fear": 0.155104398727417,
            "Guilt": 0.08263227343559265,
            "Horror": 0.0785389170050621,
            "Interest": 0.2913871705532074,
            "Joy": 0.09312058240175247,
            "Love": 0.08401047438383102,
            "Nostalgia": 0.06858904659748077,
            "Pain": 0.17380335927009583,
            "Pride": 0.057887304574251175,
            "Realization": 0.1816784143447876,
            "Relief": 0.06186949089169502,
            "Romance": 0.038584690541028976,
            "Sadness": 0.2613861858844757,
            "Satisfaction": 0.09640958905220032,
            "Shame": 0.07117366045713425,
            "Surprise (negative)": 0.09833066910505295,
            "Surprise (positive)": 0.06563475728034973,
            "Sympathy": 0.07168134301900864,
            "Tiredness": 0.173744335770607,
            "Triumph": 0.031186575070023537
        },
        "prosody": {
            "Admiration": 0.021220822003670037,
            "Adoration": 0.019349665148183703,
            "Aesthetic Appreciation": 0.004048837581649423,
            "Amusement": 0.03651013970375061,
            "Anger": 0.14429398626089096,
            "Anxiety": 0.0505513995885849,
            "Awe": 0.003608550876379013,
            "Awkwardness": 0.14009742811322212,
            "Boredom": 0.0035782524500973523,
            "Calmness": 0.01294410414993763,
            "Concentration": 0.037356785498559475,
            "Confusion": 0.2703311815857887,
            "Contemplation": 0.17115510627627373,
            "Contempt": 0.17789964005351067,
            "Contentment": 0.011755949584767222,
            "Craving": 0.010092532029375434,
            "Desire": 0.008707956876605749,
            "Determination": 0.09242344088852406,
            "Disappointment": 0.4216940887272358,
            "Disgust": 0.11234539188444614,
            "Distress": 0.17660381831228733,
            "Doubt": 0.23999128490686417,
            "Ecstasy": 0.002091027330607176,
            "Embarrassment": 0.1375354267656803,
            "Empathic Pain": 0.07104284036904573,
            "Entrancement": 0.0031411664094775915,
            "Envy": 0.04232538305222988,
            "Excitement": 0.008111565141007304,
            "Fear": 0.01135070901364088,
            "Guilt": 0.07352340966463089,
            "Horror": 0.004632319672964513,
            "Interest": 0.029906926909461617,
            "Joy": 0.009866754757240415,
            "Love": 0.014788311440497637,
            "Nostalgia": 0.007986621232703328,
            "Pain": 0.041411609621718526,
            "Pride": 0.0417260592803359,
            "Realization": 0.117877546697855,
            "Relief": 0.008135845884680748,
            "Romance": 0.025553200393915176,
            "Sadness": 0.21112757083028555,
            "Satisfaction": 0.01232857909053564,
            "Shame": 0.0978734316304326,
            "Surprise (negative)": 0.05957363173365593,
            "Surprise (positive)": 0.01562681281939149,
            "Sympathy": 0.04461322305724025,
            "Tiredness": 0.009857575932983309,
            "Triumph": 0.010268616955727339
        },
        "lang": {}
    }
}