{
    "metadata": {
        "dialogue_id": "953",
        "time_start": "00-00-02.627",
        "time_end": "00-00-03.295",
        "speaker": "Phoebe",
        "emotion": "neutral",
        "sentiment": "neutral",
        "text_content": "What are you doing?",
        "file_name": "953_00-00-02.627_00-00-03.295_Phoebe_neutral_neutral"
    },
    "predicted": {
        "face": {
            "Admiration": 0.22909663617610931,
            "Adoration": 0.2407195270061493,
            "Aesthetic Appreciation": 0.11290745437145233,
            "Amusement": 0.6392863988876343,
            "Anger": 0.022639134898781776,
            "Anxiety": 0.05514896661043167,
            "Awe": 0.08119703829288483,
            "Awkwardness": 0.22249674797058105,
            "Boredom": 0.18588334321975708,
            "Calmness": 0.49876338243484497,
            "Concentration": 0.24014757573604584,
            "Confusion": 0.13242337107658386,
            "Contemplation": 0.1019371747970581,
            "Contempt": 0.10809532552957535,
            "Contentment": 0.3935280740261078,
            "Craving": 0.053245894610881805,
            "Desire": 0.0706552043557167,
            "Determination": 0.07320162653923035,
            "Disappointment": 0.10390965640544891,
            "Disgust": 0.036240354180336,
            "Distress": 0.060978468507528305,
            "Doubt": 0.11903190612792969,
            "Ecstasy": 0.0956948772072792,
            "Embarrassment": 0.07895252108573914,
            "Empathic Pain": 0.03640848398208618,
            "Entrancement": 0.11574271321296692,
            "Envy": 0.03667375072836876,
            "Excitement": 0.28961896896362305,
            "Fear": 0.033949777483940125,
            "Guilt": 0.03163614124059677,
            "Horror": 0.01789557933807373,
            "Interest": 0.5013538002967834,
            "Joy": 0.593803882598877,
            "Love": 0.3838227391242981,
            "Nostalgia": 0.0883813127875328,
            "Pain": 0.03948744386434555,
            "Pride": 0.16412286460399628,
            "Realization": 0.11309726536273956,
            "Relief": 0.14108198881149292,
            "Romance": 0.09667530655860901,
            "Sadness": 0.060940083116292953,
            "Satisfaction": 0.44358551502227783,
            "Shame": 0.03697759658098221,
            "Surprise (negative)": 0.02368481457233429,
            "Surprise (positive)": 0.04057992994785309,
            "Sympathy": 0.09116426855325699,
            "Tiredness": 0.1076970174908638,
            "Triumph": 0.08386388421058655
        },
        "prosody": {
            "Admiration": 0.004093247931450605,
            "Adoration": 0.004335061181336641,
            "Aesthetic Appreciation": 0.005003599915653467,
            "Amusement": 0.05282743647694588,
            "Anger": 0.024302788078784943,
            "Anxiety": 0.14106298983097076,
            "Awe": 0.02200603298842907,
            "Awkwardness": 0.0613723061978817,
            "Boredom": 0.017626414075493813,
            "Calmness": 0.028854036703705788,
            "Concentration": 0.015313243493437767,
            "Confusion": 0.3158201575279236,
            "Contemplation": 0.02248166687786579,
            "Contempt": 0.0057175918482244015,
            "Contentment": 0.008388285525143147,
            "Craving": 0.0027577802538871765,
            "Desire": 0.0037960060872137547,
            "Determination": 0.018433304503560066,
            "Disappointment": 0.022213425487279892,
            "Disgust": 0.01156475767493248,
            "Distress": 0.12200060486793518,
            "Doubt": 0.04131824150681496,
            "Ecstasy": 0.012243158183991909,
            "Embarrassment": 0.014372670091688633,
            "Empathic Pain": 0.01678473874926567,
            "Entrancement": 0.009851750917732716,
            "Envy": 0.004886850714683533,
            "Excitement": 0.05551277846097946,
            "Fear": 0.10648567974567413,
            "Guilt": 0.014008359052240849,
            "Horror": 0.05084950476884842,
            "Interest": 0.15999460220336914,
            "Joy": 0.014599097892642021,
            "Love": 0.003711187979206443,
            "Nostalgia": 0.006616667844355106,
            "Pain": 0.020456627011299133,
            "Pride": 0.004241297487169504,
            "Realization": 0.022570297122001648,
            "Relief": 0.005579732358455658,
            "Romance": 0.007182165049016476,
            "Sadness": 0.034155335277318954,
            "Satisfaction": 0.006081108469516039,
            "Shame": 0.01602279394865036,
            "Surprise (negative)": 0.11736462265253067,
            "Surprise (positive)": 0.08758748322725296,
            "Sympathy": 0.01732610911130905,
            "Tiredness": 0.010154372081160545,
            "Triumph": 0.0036190070677548647
        },
        "lang": {}
    }
}