{
    "metadata": {
        "dialogue_id": "953",
        "time_start": "00-00-51.968",
        "time_end": "00-00-55.888",
        "speaker": "Phoebe",
        "emotion": "sadness",
        "sentiment": "negative",
        "file_name": "953_00-00-51.968_00-00-55.888_Phoebe_sadness_negative"
    },
    "predicted": {
        "face": {
            "Admiration": 0.10483057796955109,
            "Adoration": 0.06310225278139114,
            "Aesthetic Appreciation": 0.07172349840402603,
            "Amusement": 0.09833468496799469,
            "Anger": 0.08675520122051239,
            "Anxiety": 0.1894827038049698,
            "Awe": 0.16210146248340607,
            "Awkwardness": 0.21022555232048035,
            "Boredom": 0.3296251893043518,
            "Calmness": 0.4007861614227295,
            "Concentration": 0.5532213449478149,
            "Confusion": 0.5306987762451172,
            "Contemplation": 0.2703324258327484,
            "Contempt": 0.17500309646129608,
            "Contentment": 0.09100068360567093,
            "Craving": 0.06543368846178055,
            "Desire": 0.055722080171108246,
            "Determination": 0.1526552140712738,
            "Disappointment": 0.2978938817977905,
            "Disgust": 0.09176896512508392,
            "Distress": 0.2085152566432953,
            "Doubt": 0.4234444499015808,
            "Ecstasy": 0.02640555612742901,
            "Embarrassment": 0.10544780641794205,
            "Empathic Pain": 0.08570373058319092,
            "Entrancement": 0.1617809236049652,
            "Envy": 0.056192561984062195,
            "Excitement": 0.056553684175014496,
            "Fear": 0.15676608681678772,
            "Guilt": 0.09489384293556213,
            "Horror": 0.07284700870513916,
            "Interest": 0.3336171805858612,
            "Joy": 0.05061187222599983,
            "Love": 0.06277527660131454,
            "Nostalgia": 0.06676983088254929,
            "Pain": 0.09409002214670181,
            "Pride": 0.05307866632938385,
            "Realization": 0.22024911642074585,
            "Relief": 0.06165409833192825,
            "Romance": 0.0396822914481163,
            "Sadness": 0.20141394436359406,
            "Satisfaction": 0.07743249833583832,
            "Shame": 0.0727328360080719,
            "Surprise (negative)": 0.11260101199150085,
            "Surprise (positive)": 0.09018754959106445,
            "Sympathy": 0.0651162713766098,
            "Tiredness": 0.21469926834106445,
            "Triumph": 0.025218896567821503
        },
        "prosody": {
            "Admiration": 0.00184440310113132,
            "Adoration": 0.006713292095810175,
            "Aesthetic Appreciation": 0.003837728872895241,
            "Amusement": 0.0720672607421875,
            "Anger": 0.042868852615356445,
            "Anxiety": 0.2573423981666565,
            "Awe": 0.022655466571450233,
            "Awkwardness": 0.049200884997844696,
            "Boredom": 0.0063613057136535645,
            "Calmness": 0.0007890184060670435,
            "Concentration": 0.0006375389057211578,
            "Confusion": 0.3908994197845459,
            "Contemplation": 0.0020808689296245575,
            "Contempt": 0.012342153117060661,
            "Contentment": 0.0007929901476018131,
            "Craving": 0.0021038814447820187,
            "Desire": 0.0031980439089238644,
            "Determination": 0.0008172431844286621,
            "Disappointment": 0.1329185515642166,
            "Disgust": 0.10755490511655807,
            "Distress": 0.5095941424369812,
            "Doubt": 0.05198341980576515,
            "Ecstasy": 0.005994572304189205,
            "Embarrassment": 0.14358845353126526,
            "Empathic Pain": 0.08712650835514069,
            "Entrancement": 0.0020089689642190933,
            "Envy": 0.0029284402262419462,
            "Excitement": 0.017306623980402946,
            "Fear": 0.22822794318199158,
            "Guilt": 0.0655691996216774,
            "Horror": 0.6336435079574585,
            "Interest": 0.006870884448289871,
            "Joy": 0.0066618844866752625,
            "Love": 0.003966139629483223,
            "Nostalgia": 0.007736515253782272,
            "Pain": 0.1017853170633316,
            "Pride": 0.0013662776909768581,
            "Realization": 0.25318142771720886,
            "Relief": 0.007022372912615538,
            "Romance": 0.002196586225181818,
            "Sadness": 0.09659221023321152,
            "Satisfaction": 0.0025082111824303865,
            "Shame": 0.05984475091099739,
            "Surprise (negative)": 0.9237635135650635,
            "Surprise (positive)": 0.07860533148050308,
            "Sympathy": 0.03032635897397995,
            "Tiredness": 0.005632633809000254,
            "Triumph": 0.0023983665741980076
        },
        "lang": {
            "Admiration": 0.012547509628348053,
            "Adoration": 0.011174499328869084,
            "Aesthetic Appreciation": 0.008726084333223602,
            "Amusement": 0.05357730140288671,
            "Anger": 0.01714747111933927,
            "Annoyance": 0.07730939580748479,
            "Anxiety": 0.07765206291029851,
            "Awe": 0.07044121312598388,
            "Awkwardness": 0.07484396826475859,
            "Boredom": 0.009679921854209775,
            "Calmness": 0.009411253306704262,
            "Concentration": 0.004203003947623074,
            "Confusion": 0.06931992278744777,
            "Contemplation": 0.017141394161929686,
            "Contempt": 0.016206780603776377,
            "Contentment": 0.004152236254109691,
            "Craving": 0.001369034927241349,
            "Desire": 0.004567601601593196,
            "Determination": 0.0021706596792985997,
            "Disappointment": 0.0923064835369587,
            "Disapproval": 0.05616553717603286,
            "Disgust": 0.033072174061089754,
            "Distress": 0.1988075915724039,
            "Doubt": 0.021556063865621884,
            "Ecstasy": 0.008138539968058467,
            "Embarrassment": 0.04257739335298538,
            "Empathic Pain": 0.0365783111192286,
            "Enthusiasm": 0.0232823114686956,
            "Entrancement": 0.01907433724651734,
            "Envy": 0.0024568854472211874,
            "Excitement": 0.04715823847800493,
            "Fear": 0.17603036489648125,
            "Gratitude": 0.002251115976832807,
            "Guilt": 0.013659478863701224,
            "Horror": 0.23283794747355083,
            "Interest": 0.035221603543808065,
            "Joy": 0.014066350529901683,
            "Love": 0.00695297399458165,
            "Nostalgia": 0.00342179035457472,
            "Pain": 0.04780180845409632,
            "Pride": 0.002758731095430752,
            "Realization": 0.15886623039841652,
            "Relief": 0.004881054007758697,
            "Romance": 0.004157030629964235,
            "Sadness": 0.06749597502251466,
            "Sarcasm": 0.04543683429559072,
            "Satisfaction": 0.006563769653439522,
            "Shame": 0.030384804122149944,
            "Surprise (negative)": 0.6756275991598765,
            "Surprise (positive)": 0.22322828229516745,
            "Sympathy": 0.02326787612400949,
            "Tiredness": 0.007197610490644972,
            "Triumph": 0.0034864957366759577
        }
    }
}