{
    "metadata": {
        "dialogue_id": "959",
        "time_start": "00-00-22.522",
        "time_end": "00-00-24.064",
        "speaker": "Rachel",
        "emotion": "neutral",
        "sentiment": "neutral",
        "file_name": "959_00-00-22.522_00-00-24.064_Rachel_neutral_neutral"
    },
    "predicted": {
        "face": {
            "Admiration": 0.09810905903577805,
            "Adoration": 0.12425656616687775,
            "Aesthetic Appreciation": 0.0599680058658123,
            "Amusement": 0.15956079959869385,
            "Anger": 0.04291930049657822,
            "Anxiety": 0.1977197527885437,
            "Awe": 0.046257417649030685,
            "Awkwardness": 0.18762609362602234,
            "Boredom": 0.2671949863433838,
            "Calmness": 0.3887711763381958,
            "Concentration": 0.37335455417633057,
            "Confusion": 0.23101584613323212,
            "Contemplation": 0.2600471079349518,
            "Contempt": 0.10615126043558121,
            "Contentment": 0.1664029210805893,
            "Craving": 0.045234598219394684,
            "Desire": 0.05710005760192871,
            "Determination": 0.08455763757228851,
            "Disappointment": 0.4203832149505615,
            "Disgust": 0.06802623718976974,
            "Distress": 0.2866579294204712,
            "Doubt": 0.24189747869968414,
            "Ecstasy": 0.03369710594415665,
            "Embarrassment": 0.2401578575372696,
            "Empathic Pain": 0.13571517169475555,
            "Entrancement": 0.10037699341773987,
            "Envy": 0.034140996634960175,
            "Excitement": 0.061287038028240204,
            "Fear": 0.07659033685922623,
            "Guilt": 0.20988552272319794,
            "Horror": 0.024674490094184875,
            "Interest": 0.23317942023277283,
            "Joy": 0.13701485097408295,
            "Love": 0.21473349630832672,
            "Nostalgia": 0.10637860000133514,
            "Pain": 0.2364540696144104,
            "Pride": 0.05785629153251648,
            "Realization": 0.1558234691619873,
            "Relief": 0.08572052419185638,
            "Romance": 0.09508472681045532,
            "Sadness": 0.45291778445243835,
            "Satisfaction": 0.15796883404254913,
            "Shame": 0.23857803642749786,
            "Surprise (negative)": 0.02504647709429264,
            "Surprise (positive)": 0.018353600054979324,
            "Sympathy": 0.09710954129695892,
            "Tiredness": 0.304409921169281,
            "Triumph": 0.023616580292582512
        },
        "prosody": {
            "Admiration": 0.03636939451098442,
            "Adoration": 0.0315859280526638,
            "Aesthetic Appreciation": 0.012682287953794003,
            "Amusement": 0.04048081859946251,
            "Anger": 0.23341961205005646,
            "Anxiety": 0.0414801649749279,
            "Awe": 0.028093509376049042,
            "Awkwardness": 0.04440148547291756,
            "Boredom": 0.06522321701049805,
            "Calmness": 0.12755568325519562,
            "Concentration": 0.03527449816465378,
            "Confusion": 0.0791085734963417,
            "Contemplation": 0.027548594400286674,
            "Contempt": 0.12031476199626923,
            "Contentment": 0.016585461795330048,
            "Craving": 0.011642145924270153,
            "Desire": 0.1306278109550476,
            "Determination": 0.024263594299554825,
            "Disappointment": 0.08033723384141922,
            "Disgust": 0.07266461104154587,
            "Distress": 0.07037557661533356,
            "Doubt": 0.019833866506814957,
            "Ecstasy": 0.01962217688560486,
            "Embarrassment": 0.023543205112218857,
            "Empathic Pain": 0.025647679343819618,
            "Entrancement": 0.024496309459209442,
            "Envy": 0.05034836754202843,
            "Excitement": 0.012245984748005867,
            "Fear": 0.037251345813274384,
            "Guilt": 0.050786133855581284,
            "Horror": 0.04123999550938606,
            "Interest": 0.048036061227321625,
            "Joy": 0.011439830996096134,
            "Love": 0.054642204195261,
            "Nostalgia": 0.03436126932501793,
            "Pain": 0.063698410987854,
            "Pride": 0.00989597849547863,
            "Realization": 0.032556094229221344,
            "Relief": 0.043458566069602966,
            "Romance": 0.12266108393669128,
            "Sadness": 0.09729466587305069,
            "Satisfaction": 0.022901102900505066,
            "Shame": 0.04447132721543312,
            "Surprise (negative)": 0.036546558141708374,
            "Surprise (positive)": 0.03900866210460663,
            "Sympathy": 0.037921562790870667,
            "Tiredness": 0.05772724747657776,
            "Triumph": 0.0076981475576758385
        },
        "lang": {
            "Admiration": 0.014908021641895175,
            "Adoration": 0.017202174523845315,
            "Aesthetic Appreciation": 0.00690414784476161,
            "Amusement": 0.010819447692483664,
            "Anger": 0.0067248867824673654,
            "Annoyance": 0.048546198010444644,
            "Anxiety": 0.028452558629214763,
            "Awe": 0.010282519576139747,
            "Awkwardness": 0.08535014977678657,
            "Boredom": 0.08004036620259285,
            "Calmness": 0.4057070821523666,
            "Concentration": 0.08832130655646324,
            "Confusion": 0.11091876197606325,
            "Contemplation": 0.062148102931678294,
            "Contempt": 0.017594267427921296,
            "Contentment": 0.0877458356320858,
            "Craving": 0.0033477694261819122,
            "Desire": 0.0014877727226121351,
            "Determination": 0.05703600291162729,
            "Disappointment": 0.012624869355931878,
            "Disapproval": 0.007514912961050868,
            "Disgust": 0.0016514745308086275,
            "Distress": 0.018289107270538806,
            "Doubt": 0.030552280275151132,
            "Ecstasy": 0.002853894152212888,
            "Embarrassment": 0.00716068564215675,
            "Empathic Pain": 0.0036026041489094496,
            "Enthusiasm": 0.08834981182590126,
            "Entrancement": 0.008509711176156998,
            "Envy": 0.0020338135771453382,
            "Excitement": 0.10455512024927885,
            "Fear": 0.008258908637799323,
            "Gratitude": 0.016066494723781945,
            "Guilt": 0.006868153181858361,
            "Horror": 0.0008641468593850732,
            "Interest": 0.1238210229203105,
            "Joy": 0.04651927687227726,
            "Love": 0.01219093194231391,
            "Nostalgia": 0.01715792480390519,
            "Pain": 0.007826647628098727,
            "Pride": 0.02924407012760639,
            "Realization": 0.03647473193705082,
            "Relief": 0.018625919707119465,
            "Romance": 0.004272145286086016,
            "Sadness": 0.014548753947019577,
            "Sarcasm": 0.010084346635267138,
            "Satisfaction": 0.05844367314130068,
            "Shame": 0.010579429171048104,
            "Surprise (negative)": 0.017323194490745663,
            "Surprise (positive)": 0.054175628488883375,
            "Sympathy": 0.004487397940829396,
            "Tiredness": 0.023265220155008138,
            "Triumph": 0.03152185692451894
        }
    }
}