{
    "metadata": {
        "dialogue_id": "959",
        "time_start": "00-00-22.522",
        "time_end": "00-00-24.064",
        "speaker": "Rachel",
        "emotion": "neutral",
        "sentiment": "neutral",
        "text_content": "I wrote you a letter.",
        "file_name": "959_00-00-22.522_00-00-24.064_Rachel_neutral_neutral"
    },
    "predicted": {
        "face": {
            "Admiration": 0.09810905903577805,
            "Adoration": 0.12425656616687775,
            "Aesthetic Appreciation": 0.0599680058658123,
            "Amusement": 0.15956079959869385,
            "Anger": 0.04291930049657822,
            "Anxiety": 0.1977197527885437,
            "Awe": 0.046257417649030685,
            "Awkwardness": 0.18762609362602234,
            "Boredom": 0.2671949863433838,
            "Calmness": 0.3887711763381958,
            "Concentration": 0.37335455417633057,
            "Confusion": 0.23101584613323212,
            "Contemplation": 0.2600471079349518,
            "Contempt": 0.10615126043558121,
            "Contentment": 0.1664029210805893,
            "Craving": 0.045234598219394684,
            "Desire": 0.05710005760192871,
            "Determination": 0.08455763757228851,
            "Disappointment": 0.4203832149505615,
            "Disgust": 0.06802623718976974,
            "Distress": 0.2866579294204712,
            "Doubt": 0.24189747869968414,
            "Ecstasy": 0.03369710594415665,
            "Embarrassment": 0.2401578575372696,
            "Empathic Pain": 0.13571517169475555,
            "Entrancement": 0.10037699341773987,
            "Envy": 0.034140996634960175,
            "Excitement": 0.061287038028240204,
            "Fear": 0.07659033685922623,
            "Guilt": 0.20988552272319794,
            "Horror": 0.024674490094184875,
            "Interest": 0.23317942023277283,
            "Joy": 0.13701485097408295,
            "Love": 0.21473349630832672,
            "Nostalgia": 0.10637860000133514,
            "Pain": 0.2364540696144104,
            "Pride": 0.05785629153251648,
            "Realization": 0.1558234691619873,
            "Relief": 0.08572052419185638,
            "Romance": 0.09508472681045532,
            "Sadness": 0.45291778445243835,
            "Satisfaction": 0.15796883404254913,
            "Shame": 0.23857803642749786,
            "Surprise (negative)": 0.02504647709429264,
            "Surprise (positive)": 0.018353600054979324,
            "Sympathy": 0.09710954129695892,
            "Tiredness": 0.304409921169281,
            "Triumph": 0.023616580292582512
        },
        "prosody": {
            "Admiration": 0.03636939451098442,
            "Adoration": 0.0315859280526638,
            "Aesthetic Appreciation": 0.012682287953794003,
            "Amusement": 0.04048081859946251,
            "Anger": 0.23341961205005646,
            "Anxiety": 0.0414801649749279,
            "Awe": 0.028093509376049042,
            "Awkwardness": 0.04440148547291756,
            "Boredom": 0.06522321701049805,
            "Calmness": 0.12755568325519562,
            "Concentration": 0.03527449816465378,
            "Confusion": 0.0791085734963417,
            "Contemplation": 0.027548594400286674,
            "Contempt": 0.12031476199626923,
            "Contentment": 0.016585461795330048,
            "Craving": 0.011642145924270153,
            "Desire": 0.1306278109550476,
            "Determination": 0.024263594299554825,
            "Disappointment": 0.08033723384141922,
            "Disgust": 0.07266461104154587,
            "Distress": 0.07037557661533356,
            "Doubt": 0.019833866506814957,
            "Ecstasy": 0.01962217688560486,
            "Embarrassment": 0.023543205112218857,
            "Empathic Pain": 0.025647679343819618,
            "Entrancement": 0.024496309459209442,
            "Envy": 0.05034836754202843,
            "Excitement": 0.012245984748005867,
            "Fear": 0.037251345813274384,
            "Guilt": 0.050786133855581284,
            "Horror": 0.04123999550938606,
            "Interest": 0.048036061227321625,
            "Joy": 0.011439830996096134,
            "Love": 0.054642204195261,
            "Nostalgia": 0.03436126932501793,
            "Pain": 0.063698410987854,
            "Pride": 0.00989597849547863,
            "Realization": 0.032556094229221344,
            "Relief": 0.043458566069602966,
            "Romance": 0.12266108393669128,
            "Sadness": 0.09729466587305069,
            "Satisfaction": 0.022901102900505066,
            "Shame": 0.04447132721543312,
            "Surprise (negative)": 0.036546558141708374,
            "Surprise (positive)": 0.03900866210460663,
            "Sympathy": 0.037921562790870667,
            "Tiredness": 0.05772724747657776,
            "Triumph": 0.0076981475576758385
        },
        "lang": {}
    }
}