{
    "metadata": {
        "dialogue_id": "959",
        "time_start": "00-00-10.802",
        "time_end": "00-00-12.513",
        "speaker": "Ross",
        "emotion": "sadness",
        "sentiment": "negative",
        "text_content": "Anyway, she didn\u0092t want to stay.",
        "file_name": "959_00-00-10.802_00-00-12.513_Ross_sadness_negative"
    },
    "predicted": {
        "face": {
            "Admiration": 0.09611830860376358,
            "Adoration": 0.06523995101451874,
            "Aesthetic Appreciation": 0.0644720196723938,
            "Amusement": 0.13942135870456696,
            "Anger": 0.08622366189956665,
            "Anxiety": 0.19587038457393646,
            "Awe": 0.13815438747406006,
            "Awkwardness": 0.2608340382575989,
            "Boredom": 0.30767232179641724,
            "Calmness": 0.29850807785987854,
            "Concentration": 0.4204605221748352,
            "Confusion": 0.6484643220901489,
            "Contemplation": 0.21540531516075134,
            "Contempt": 0.1870533525943756,
            "Contentment": 0.08954381942749023,
            "Craving": 0.07141216099262238,
            "Desire": 0.0723426565527916,
            "Determination": 0.11972676217556,
            "Disappointment": 0.2873498797416687,
            "Disgust": 0.13369321823120117,
            "Distress": 0.23561783134937286,
            "Doubt": 0.45491787791252136,
            "Ecstasy": 0.0324469730257988,
            "Embarrassment": 0.11471019685268402,
            "Empathic Pain": 0.10192078351974487,
            "Entrancement": 0.126027449965477,
            "Envy": 0.05333791673183441,
            "Excitement": 0.07628695666790009,
            "Fear": 0.16689786314964294,
            "Guilt": 0.085905522108078,
            "Horror": 0.0862237885594368,
            "Interest": 0.3306865096092224,
            "Joy": 0.07653684169054031,
            "Love": 0.07222181558609009,
            "Nostalgia": 0.05983017385005951,
            "Pain": 0.13050732016563416,
            "Pride": 0.051270417869091034,
            "Realization": 0.18452198803424835,
            "Relief": 0.056582022458314896,
            "Romance": 0.04126347228884697,
            "Sadness": 0.22415640950202942,
            "Satisfaction": 0.08820818364620209,
            "Shame": 0.07242375612258911,
            "Surprise (negative)": 0.11685233563184738,
            "Surprise (positive)": 0.08267957717180252,
            "Sympathy": 0.06950964033603668,
            "Tiredness": 0.1876716911792755,
            "Triumph": 0.027741847559809685
        },
        "prosody": {
            "Admiration": 0.009241199120879173,
            "Adoration": 0.007480513770133257,
            "Aesthetic Appreciation": 0.003973829094320536,
            "Amusement": 0.004424102138727903,
            "Anger": 0.030824406072497368,
            "Anxiety": 0.13047917187213898,
            "Awe": 0.002165154553949833,
            "Awkwardness": 0.031483180820941925,
            "Boredom": 0.17823810875415802,
            "Calmness": 0.030890386551618576,
            "Concentration": 0.007759284693747759,
            "Confusion": 0.01220365148037672,
            "Contemplation": 0.06236111372709274,
            "Contempt": 0.03157109394669533,
            "Contentment": 0.004548307042568922,
            "Craving": 0.024415273219347,
            "Desire": 0.0035572571214288473,
            "Determination": 0.012301914393901825,
            "Disappointment": 0.4765561521053314,
            "Disgust": 0.023559873923659325,
            "Distress": 0.13335435092449188,
            "Doubt": 0.033190272748470306,
            "Ecstasy": 0.0008333936566486955,
            "Embarrassment": 0.03503067046403885,
            "Empathic Pain": 0.12961117923259735,
            "Entrancement": 0.0015528079820796847,
            "Envy": 0.014456283301115036,
            "Excitement": 0.0021774470806121826,
            "Fear": 0.05992257595062256,
            "Guilt": 0.07401927560567856,
            "Horror": 0.004962610080838203,
            "Interest": 0.010066702961921692,
            "Joy": 0.0023903115652501583,
            "Love": 0.014158431440591812,
            "Nostalgia": 0.012211022898554802,
            "Pain": 0.12943817675113678,
            "Pride": 0.0012703906977549195,
            "Realization": 0.04439521208405495,
            "Relief": 0.003703387686982751,
            "Romance": 0.004985950421541929,
            "Sadness": 0.6976609826087952,
            "Satisfaction": 0.002138958778232336,
            "Shame": 0.07077989727258682,
            "Surprise (negative)": 0.017025351524353027,
            "Surprise (positive)": 0.00192106026224792,
            "Sympathy": 0.10298845171928406,
            "Tiredness": 0.07054006308317184,
            "Triumph": 0.00039691507117822766
        },
        "lang": {}
    }
}