{
    "metadata": {
        "dialogue_id": "95",
        "time_start": "00-00-43.797",
        "time_end": "00-00-44.549",
        "speaker": "Monica",
        "emotion": "neutral",
        "sentiment": "neutral",
        "text_content": "Harder than it sounds. Isn't it?",
        "file_name": "95_00-00-43.797_00-00-44.549_Monica_neutral_neutral"
    },
    "predicted": {
        "face": {
            "Admiration": 0.10823295265436172,
            "Adoration": 0.08785572648048401,
            "Aesthetic Appreciation": 0.06896459311246872,
            "Amusement": 0.14842119812965393,
            "Anger": 0.08271286636590958,
            "Anxiety": 0.18049827218055725,
            "Awe": 0.10988621413707733,
            "Awkwardness": 0.16524554789066315,
            "Boredom": 0.21209777891635895,
            "Calmness": 0.30504485964775085,
            "Concentration": 0.5114463567733765,
            "Confusion": 0.3645305037498474,
            "Contemplation": 0.3204692304134369,
            "Contempt": 0.13766346871852875,
            "Contentment": 0.11082345247268677,
            "Craving": 0.06645593047142029,
            "Desire": 0.07132221013307571,
            "Determination": 0.13942067325115204,
            "Disappointment": 0.27073341608047485,
            "Disgust": 0.10411853343248367,
            "Distress": 0.23281455039978027,
            "Doubt": 0.3265789747238159,
            "Ecstasy": 0.04102703928947449,
            "Embarrassment": 0.10415469110012054,
            "Empathic Pain": 0.1063975989818573,
            "Entrancement": 0.13139598071575165,
            "Envy": 0.04768813028931618,
            "Excitement": 0.08802081644535065,
            "Fear": 0.13980229198932648,
            "Guilt": 0.11040516197681427,
            "Horror": 0.06316865980625153,
            "Interest": 0.31349217891693115,
            "Joy": 0.10535512119531631,
            "Love": 0.11146809160709381,
            "Nostalgia": 0.07771459221839905,
            "Pain": 0.16604140400886536,
            "Pride": 0.061721526086330414,
            "Realization": 0.18891938030719757,
            "Relief": 0.060279883444309235,
            "Romance": 0.05498836934566498,
            "Sadness": 0.26598942279815674,
            "Satisfaction": 0.12072601169347763,
            "Shame": 0.08832825720310211,
            "Surprise (negative)": 0.06961777061223984,
            "Surprise (positive)": 0.056094031780958176,
            "Sympathy": 0.07104025781154633,
            "Tiredness": 0.16334480047225952,
            "Triumph": 0.035555899143218994
        },
        "prosody": {
            "Admiration": 0,
            "Adoration": 0,
            "Aesthetic Appreciation": 0,
            "Amusement": 0,
            "Anger": 0,
            "Annoyance": 0,
            "Anxiety": 0,
            "Awe": 0,
            "Awkwardness": 0,
            "Boredom": 0,
            "Calmness": 0,
            "Concentration": 0,
            "Confusion": 0,
            "Contemplation": 0,
            "Contempt": 0,
            "Contentment": 0,
            "Craving": 0,
            "Desire": 0,
            "Determination": 0,
            "Disappointment": 0,
            "Disapproval": 0,
            "Disgust": 0,
            "Distress": 0,
            "Doubt": 0,
            "Ecstasy": 0,
            "Embarrassment": 0,
            "Empathic Pain": 0,
            "Enthusiasm": 0,
            "Entrancement": 0,
            "Envy": 0,
            "Excitement": 0,
            "Fear": 0,
            "Gratitude": 0,
            "Guilt": 0,
            "Horror": 0,
            "Interest": 0,
            "Joy": 0,
            "Love": 0,
            "Nostalgia": 0,
            "Pain": 0,
            "Pride": 0,
            "Realization": 0,
            "Relief": 0,
            "Romance": 0,
            "Sadness": 0,
            "Sarcasm": 0,
            "Satisfaction": 0,
            "Shame": 0,
            "Surprise (negative)": 0,
            "Surprise (positive)": 0,
            "Sympathy": 0,
            "Tiredness": 0,
            "Triumph": 0
        },
        "lang": {}
    }
}