{
    "metadata": {
        "dialogue_id": "960",
        "time_start": "00-00-11.220",
        "time_end": "00-00-13.638",
        "speaker": "Monica",
        "emotion": "neutral",
        "sentiment": "neutral",
        "file_name": "960_00-00-11.220_00-00-13.638_Monica_neutral_neutral"
    },
    "predicted": {
        "face": {
            "Admiration": 0.17512163519859314,
            "Adoration": 0.11304187774658203,
            "Aesthetic Appreciation": 0.07295137643814087,
            "Amusement": 0.3363301455974579,
            "Anger": 0.07595793902873993,
            "Anxiety": 0.12039117515087128,
            "Awe": 0.5000678896903992,
            "Awkwardness": 0.16311857104301453,
            "Boredom": 0.15015289187431335,
            "Calmness": 0.12198980897665024,
            "Concentration": 0.1790318787097931,
            "Confusion": 0.28247353434562683,
            "Contemplation": 0.1189776062965393,
            "Contempt": 0.08456386625766754,
            "Contentment": 0.08864051103591919,
            "Craving": 0.08242177963256836,
            "Desire": 0.08199169486761093,
            "Determination": 0.09761351346969604,
            "Disappointment": 0.13013184070587158,
            "Disgust": 0.05383002385497093,
            "Distress": 0.14563900232315063,
            "Doubt": 0.17771270871162415,
            "Ecstasy": 0.13765330612659454,
            "Embarrassment": 0.07373113930225372,
            "Empathic Pain": 0.05267959088087082,
            "Entrancement": 0.13728302717208862,
            "Envy": 0.0384969562292099,
            "Excitement": 0.34314391016960144,
            "Fear": 0.2304585874080658,
            "Guilt": 0.03838089480996132,
            "Horror": 0.207129567861557,
            "Interest": 0.3156709671020508,
            "Joy": 0.21938812732696533,
            "Love": 0.11265404522418976,
            "Nostalgia": 0.056178979575634,
            "Pain": 0.08675476163625717,
            "Pride": 0.08293966948986053,
            "Realization": 0.2355930209159851,
            "Relief": 0.08002302050590515,
            "Romance": 0.04317278042435646,
            "Sadness": 0.07467219978570938,
            "Satisfaction": 0.15817119181156158,
            "Shame": 0.03260093182325363,
            "Surprise (negative)": 0.21623297035694122,
            "Surprise (positive)": 0.30530014634132385,
            "Sympathy": 0.0379515215754509,
            "Tiredness": 0.10849703103303909,
            "Triumph": 0.11109504848718643
        },
        "prosody": {
            "Admiration": 0.011199763044714928,
            "Adoration": 0.008529661921784282,
            "Aesthetic Appreciation": 0.010423306375741959,
            "Amusement": 0.10642052069306374,
            "Anger": 0.17225017957389355,
            "Anxiety": 0.026572243310511112,
            "Awe": 0.05213691294193268,
            "Awkwardness": 0.03726464509963989,
            "Boredom": 0.008841638220474124,
            "Calmness": 0.0212501036003232,
            "Concentration": 0.027680798433721066,
            "Confusion": 0.12929889280349016,
            "Contemplation": 0.040501683950424194,
            "Contempt": 0.048031795769929886,
            "Contentment": 0.05092658568173647,
            "Craving": 0.0036032157950103283,
            "Desire": 0.005776694917585701,
            "Determination": 0.12562188506126404,
            "Disappointment": 0.03425739658996463,
            "Disgust": 0.0264357291162014,
            "Distress": 0.05189202819019556,
            "Doubt": 0.14228421170264482,
            "Ecstasy": 0.01806310284882784,
            "Embarrassment": 0.015757051296532154,
            "Empathic Pain": 0.003309958497993648,
            "Entrancement": 0.011620997451245785,
            "Envy": 0.006836840882897377,
            "Excitement": 0.11612744629383087,
            "Fear": 0.013478586915880442,
            "Guilt": 0.009401453426107764,
            "Horror": 0.011155914515256882,
            "Interest": 0.14505316317081451,
            "Joy": 0.028205339796841145,
            "Love": 0.005592091823928058,
            "Nostalgia": 0.011255282675847411,
            "Pain": 0.00509927561506629,
            "Pride": 0.028601584024727345,
            "Realization": 0.19220081716775894,
            "Relief": 0.052655672654509544,
            "Romance": 0.004042318963911384,
            "Sadness": 0.005376770859584212,
            "Satisfaction": 0.06502352468669415,
            "Shame": 0.010060943895950913,
            "Surprise (negative)": 0.06591236591339111,
            "Surprise (positive)": 0.1653336100280285,
            "Sympathy": 0.007961996598169208,
            "Tiredness": 0.00976159400306642,
            "Triumph": 0.06815644167363644
        },
        "lang": {
            "Admiration": 0.004125512158498168,
            "Adoration": 0.0015794061706401407,
            "Aesthetic Appreciation": 0.006626381445676089,
            "Amusement": 0.00991373872384429,
            "Anger": 0.012942835595458746,
            "Annoyance": 0.23344472497701646,
            "Anxiety": 0.006909229513257742,
            "Awe": 0.0018180627608671784,
            "Awkwardness": 0.04029658026993275,
            "Boredom": 0.12743436321616172,
            "Calmness": 0.3314434289932251,
            "Concentration": 0.09548513665795326,
            "Confusion": 0.0245226894505322,
            "Contemplation": 0.062077455967664716,
            "Contempt": 0.12133728004992009,
            "Contentment": 0.13753814846277237,
            "Craving": 0.0014154657663311809,
            "Desire": 0.0011767160554882138,
            "Determination": 0.11068238988518715,
            "Disappointment": 0.03980146665126085,
            "Disapproval": 0.08070081900805234,
            "Disgust": 0.013341049570590258,
            "Distress": 0.0064037243835628034,
            "Doubt": 0.0263491652905941,
            "Ecstasy": 0.0010261149640427903,
            "Embarrassment": 0.011265311716124415,
            "Empathic Pain": 0.00403378251940012,
            "Enthusiasm": 0.0281512931920588,
            "Entrancement": 0.0032971528824418785,
            "Envy": 0.001140336145181209,
            "Excitement": 0.007857469958253205,
            "Fear": 0.0013388190185651184,
            "Gratitude": 0.04300628453493118,
            "Guilt": 0.005646214401349425,
            "Horror": 0.00034127510152757166,
            "Interest": 0.03999266903847456,
            "Joy": 0.006669666059315205,
            "Love": 0.001956952142063528,
            "Nostalgia": 0.0011907462787348777,
            "Pain": 0.0018868643906898796,
            "Pride": 0.016042359732091428,
            "Realization": 0.1363386407494545,
            "Relief": 0.08278915509581566,
            "Romance": 0.0005843604827532545,
            "Sadness": 0.0034004885936155917,
            "Sarcasm": 0.07573535032570362,
            "Satisfaction": 0.1407851442694664,
            "Shame": 0.011087217601016164,
            "Surprise (negative)": 0.016273798234760762,
            "Surprise (positive)": 0.014966474007815122,
            "Sympathy": 0.007608400657773018,
            "Tiredness": 0.06282183527946472,
            "Triumph": 0.03894088305532932
        }
    }
}