{
    "metadata": {
        "dialogue_id": "964",
        "time_start": "00-00-29.864",
        "time_end": "00-00-30.004",
        "speaker": "Ross",
        "emotion": "surprise",
        "sentiment": "negative",
        "file_name": "964_00-00-29.864_00-00-30.004_Ross_surprise_negative"
    },
    "predicted": {
        "face": {
            "Admiration": 0.05824824795126915,
            "Adoration": 0.03504040464758873,
            "Aesthetic Appreciation": 0.04602738469839096,
            "Amusement": 0.05620613694190979,
            "Anger": 0.04035260155797005,
            "Anxiety": 0.3675755262374878,
            "Awe": 0.06341361999511719,
            "Awkwardness": 0.13762788474559784,
            "Boredom": 0.22980408370494843,
            "Calmness": 0.18503937125205994,
            "Concentration": 0.6950228214263916,
            "Confusion": 0.7399338483810425,
            "Contemplation": 0.6367189884185791,
            "Contempt": 0.08468560874462128,
            "Contentment": 0.04244840890169144,
            "Craving": 0.06674608588218689,
            "Desire": 0.061096761375665665,
            "Determination": 0.12961554527282715,
            "Disappointment": 0.2259032428264618,
            "Disgust": 0.05265197530388832,
            "Distress": 0.33507251739501953,
            "Doubt": 0.6296709775924683,
            "Ecstasy": 0.015177173539996147,
            "Embarrassment": 0.08066016435623169,
            "Empathic Pain": 0.09734821319580078,
            "Entrancement": 0.12089286744594574,
            "Envy": 0.03481137752532959,
            "Excitement": 0.02918480709195137,
            "Fear": 0.1949019581079483,
            "Guilt": 0.12332955002784729,
            "Horror": 0.05752444639801979,
            "Interest": 0.2945994734764099,
            "Joy": 0.02540535293519497,
            "Love": 0.03412682190537453,
            "Nostalgia": 0.05855046212673187,
            "Pain": 0.12489578127861023,
            "Pride": 0.023332124575972557,
            "Realization": 0.19480973482131958,
            "Relief": 0.02324415184557438,
            "Romance": 0.031329285353422165,
            "Sadness": 0.25525611639022827,
            "Satisfaction": 0.03844599053263664,
            "Shame": 0.0678841844201088,
            "Surprise (negative)": 0.05459392070770264,
            "Surprise (positive)": 0.027516622096300125,
            "Sympathy": 0.06328850239515305,
            "Tiredness": 0.1258869767189026,
            "Triumph": 0.01031468529254198
        },
        "prosody": {
            "Admiration": 0,
            "Adoration": 0,
            "Aesthetic Appreciation": 0,
            "Amusement": 0,
            "Anger": 0,
            "Annoyance": 0,
            "Anxiety": 0,
            "Awe": 0,
            "Awkwardness": 0,
            "Boredom": 0,
            "Calmness": 0,
            "Concentration": 0,
            "Confusion": 0,
            "Contemplation": 0,
            "Contempt": 0,
            "Contentment": 0,
            "Craving": 0,
            "Desire": 0,
            "Determination": 0,
            "Disappointment": 0,
            "Disapproval": 0,
            "Disgust": 0,
            "Distress": 0,
            "Doubt": 0,
            "Ecstasy": 0,
            "Embarrassment": 0,
            "Empathic Pain": 0,
            "Enthusiasm": 0,
            "Entrancement": 0,
            "Envy": 0,
            "Excitement": 0,
            "Fear": 0,
            "Gratitude": 0,
            "Guilt": 0,
            "Horror": 0,
            "Interest": 0,
            "Joy": 0,
            "Love": 0,
            "Nostalgia": 0,
            "Pain": 0,
            "Pride": 0,
            "Realization": 0,
            "Relief": 0,
            "Romance": 0,
            "Sadness": 0,
            "Sarcasm": 0,
            "Satisfaction": 0,
            "Shame": 0,
            "Surprise (negative)": 0,
            "Surprise (positive)": 0,
            "Sympathy": 0,
            "Tiredness": 0,
            "Triumph": 0
        },
        "lang": {
            "Admiration": 0.00767538946820423,
            "Adoration": 0.004192741762381047,
            "Aesthetic Appreciation": 0.015259420149959624,
            "Amusement": 0.09579325886443257,
            "Anger": 0.012554164859466255,
            "Annoyance": 0.13453232124447823,
            "Anxiety": 0.018515248608309776,
            "Awe": 0.0096285151084885,
            "Awkwardness": 0.050127376802265644,
            "Boredom": 0.029023880837485194,
            "Calmness": 0.06577483017463237,
            "Concentration": 0.020133467623963952,
            "Confusion": 0.15038608713075519,
            "Contemplation": 0.05690623167902231,
            "Contempt": 0.031510054133832455,
            "Contentment": 0.014695224614115432,
            "Craving": 0.0036238100146874785,
            "Desire": 0.0036466659366851673,
            "Determination": 0.010080211912281811,
            "Disappointment": 0.02374131348915398,
            "Disapproval": 0.03991647670045495,
            "Disgust": 0.030514998827129602,
            "Distress": 0.09801903029438108,
            "Doubt": 0.036309744871687144,
            "Ecstasy": 0.002006658789468929,
            "Embarrassment": 0.01216024806490168,
            "Empathic Pain": 0.08611388492863625,
            "Enthusiasm": 0.012563966447487473,
            "Entrancement": 0.009006087551824749,
            "Envy": 0.0028436841821530834,
            "Excitement": 0.006082230596803129,
            "Fear": 0.018537782598286867,
            "Gratitude": 0.005726463583414443,
            "Guilt": 0.003138588654110208,
            "Horror": 0.02545259801991051,
            "Interest": 0.046824801713228226,
            "Joy": 0.008746461651753634,
            "Love": 0.003142352565191686,
            "Nostalgia": 0.0015520670567639172,
            "Pain": 0.1356903182750102,
            "Pride": 0.004668064008001238,
            "Realization": 0.13744525611400604,
            "Relief": 0.006530428305268288,
            "Romance": 0.0017305178480455652,
            "Sadness": 0.01603191246977076,
            "Sarcasm": 0.1226299935951829,
            "Satisfaction": 0.020773350086528808,
            "Shame": 0.006164093501865864,
            "Surprise (negative)": 0.10749402642250061,
            "Surprise (positive)": 0.0435522620100528,
            "Sympathy": 0.052328561432659626,
            "Tiredness": 0.009527345770038664,
            "Triumph": 0.006331618351396173
        }
    }
}