{
    "metadata": {
        "dialogue_id": "966",
        "time_start": "00-00-19.562",
        "time_end": "00-00-24.983",
        "speaker": "Phoebe",
        "emotion": "surprise",
        "sentiment": "positive",
        "file_name": "966_00-00-19.562_00-00-24.983_Phoebe_surprise_positive"
    },
    "predicted": {
        "face": {
            "Admiration": 0.09852342307567596,
            "Adoration": 0.057528022676706314,
            "Aesthetic Appreciation": 0.06619015336036682,
            "Amusement": 0.09658040851354599,
            "Anger": 0.13093619048595428,
            "Anxiety": 0.18930193781852722,
            "Awe": 0.1459113359451294,
            "Awkwardness": 0.22360190749168396,
            "Boredom": 0.2795979678630829,
            "Calmness": 0.28986039757728577,
            "Concentration": 0.4639098346233368,
            "Confusion": 0.5708032846450806,
            "Contemplation": 0.25921759009361267,
            "Contempt": 0.22674603760242462,
            "Contentment": 0.07481347024440765,
            "Craving": 0.06908544152975082,
            "Desire": 0.053854018449783325,
            "Determination": 0.16783924400806427,
            "Disappointment": 0.28970813751220703,
            "Disgust": 0.12180054187774658,
            "Distress": 0.2006664127111435,
            "Doubt": 0.46439164876937866,
            "Ecstasy": 0.024371260777115822,
            "Embarrassment": 0.09712162613868713,
            "Empathic Pain": 0.07762274891138077,
            "Entrancement": 0.1350107043981552,
            "Envy": 0.06455808132886887,
            "Excitement": 0.056546833366155624,
            "Fear": 0.16245073080062866,
            "Guilt": 0.07888533174991608,
            "Horror": 0.07754107564687729,
            "Interest": 0.30782997608184814,
            "Joy": 0.04688732326030731,
            "Love": 0.05315554887056351,
            "Nostalgia": 0.05838271975517273,
            "Pain": 0.08465879410505295,
            "Pride": 0.058167021721601486,
            "Realization": 0.19339585304260254,
            "Relief": 0.044114258140325546,
            "Romance": 0.03311534225940704,
            "Sadness": 0.1583157181739807,
            "Satisfaction": 0.06762593984603882,
            "Shame": 0.06250830739736557,
            "Surprise (negative)": 0.1054525077342987,
            "Surprise (positive)": 0.07341035455465317,
            "Sympathy": 0.05300959572196007,
            "Tiredness": 0.147297665476799,
            "Triumph": 0.029511235654354095
        },
        "prosody": {
            "Admiration": 0.09095590561628342,
            "Adoration": 0.06432490795850754,
            "Aesthetic Appreciation": 0.019178487360477448,
            "Amusement": 0.6833438277244568,
            "Anger": 0.007549955975264311,
            "Anxiety": 0.07482323050498962,
            "Awe": 0.029086772352457047,
            "Awkwardness": 0.1840597540140152,
            "Boredom": 0.00043224813998676836,
            "Calmness": 0.002255508443340659,
            "Concentration": 0.011236408725380898,
            "Confusion": 0.12058591842651367,
            "Contemplation": 0.03261292725801468,
            "Contempt": 0.010914595797657967,
            "Contentment": 0.02623710408806801,
            "Craving": 0.003672707825899124,
            "Desire": 0.004412348382174969,
            "Determination": 0.021374264732003212,
            "Disappointment": 0.022824766114354134,
            "Disgust": 0.005762344226241112,
            "Distress": 0.06523095816373825,
            "Doubt": 0.033886607736349106,
            "Ecstasy": 0.024230798706412315,
            "Embarrassment": 0.045763079077005386,
            "Empathic Pain": 0.013443013653159142,
            "Entrancement": 0.0045240409672260284,
            "Envy": 0.02312426082789898,
            "Excitement": 0.3362472355365753,
            "Fear": 0.023314528167247772,
            "Guilt": 0.01631978154182434,
            "Horror": 0.008526891469955444,
            "Interest": 0.36708518862724304,
            "Joy": 0.20893971621990204,
            "Love": 0.022790810093283653,
            "Nostalgia": 0.06730224192142487,
            "Pain": 0.007961403578519821,
            "Pride": 0.08149895817041397,
            "Realization": 0.051195550709962845,
            "Relief": 0.00945907924324274,
            "Romance": 0.017477024346590042,
            "Sadness": 0.015397640876471996,
            "Satisfaction": 0.0756729245185852,
            "Shame": 0.01847718097269535,
            "Surprise (negative)": 0.05242019519209862,
            "Surprise (positive)": 0.5179260969161987,
            "Sympathy": 0.018125785514712334,
            "Tiredness": 0.0010481191566213965,
            "Triumph": 0.01977228932082653
        },
        "lang": {
            "Admiration": 0.020011221918846585,
            "Adoration": 0.04053458400691549,
            "Aesthetic Appreciation": 0.017784177151042968,
            "Amusement": 0.045967902781234846,
            "Anger": 0.01605859940819856,
            "Annoyance": 0.14651035445017946,
            "Anxiety": 0.021104654879309237,
            "Awe": 0.016219307015287794,
            "Awkwardness": 0.026797353393501706,
            "Boredom": 0.12928892682409948,
            "Calmness": 0.0685272171265549,
            "Concentration": 0.07633661551194058,
            "Confusion": 0.04545733632726802,
            "Contemplation": 0.0645691201918655,
            "Contempt": 0.054791961796581745,
            "Contentment": 0.025306415278464556,
            "Craving": 0.03450418844780264,
            "Desire": 0.006638662459509861,
            "Determination": 0.07320917180428903,
            "Disappointment": 0.020778849591604538,
            "Disapproval": 0.03082357791976796,
            "Disgust": 0.005176463727063189,
            "Distress": 0.012249628495838907,
            "Doubt": 0.018918512880595192,
            "Ecstasy": 0.01095634329410839,
            "Embarrassment": 0.0023425985370219373,
            "Empathic Pain": 0.002992828399227518,
            "Enthusiasm": 0.3247953483627902,
            "Entrancement": 0.02880668712572919,
            "Envy": 0.004577197509610819,
            "Excitement": 0.38093146707655656,
            "Fear": 0.004056950395655197,
            "Gratitude": 0.012519430783059862,
            "Guilt": 0.0009607192203273169,
            "Horror": 0.0007128667170440571,
            "Interest": 0.21441516818271744,
            "Joy": 0.08475077778307928,
            "Love": 0.021850032191852935,
            "Nostalgia": 0.029307123959167965,
            "Pain": 0.001749965029173634,
            "Pride": 0.006804671875822048,
            "Realization": 0.03820360488154822,
            "Relief": 0.008820996024749346,
            "Romance": 0.013152930105813235,
            "Sadness": 0.004534399256549982,
            "Sarcasm": 0.09211117815640238,
            "Satisfaction": 0.02896419648701946,
            "Shame": 0.001942932639697877,
            "Surprise (negative)": 0.013818997721601691,
            "Surprise (positive)": 0.028315083511794608,
            "Sympathy": 0.0029419175213358053,
            "Tiredness": 0.02592300865540488,
            "Triumph": 0.013062207183490196
        }
    }
}