{
    "metadata": {
        "dialogue_id": "969",
        "time_start": "00-00-04.504",
        "time_end": "00-00-08.341",
        "speaker": "Ross",
        "emotion": "neutral",
        "sentiment": "neutral",
        "text_content": "Anyway, I-I still think we should try to patch things up, y\u0092know?",
        "file_name": "969_00-00-04.504_00-00-08.341_Ross_neutral_neutral"
    },
    "predicted": {
        "face": {
            "Admiration": 0.1040973886847496,
            "Adoration": 0.10632096230983734,
            "Aesthetic Appreciation": 0.06700193136930466,
            "Amusement": 0.14073589444160461,
            "Anger": 0.04911050200462341,
            "Anxiety": 0.21469838917255402,
            "Awe": 0.07808232307434082,
            "Awkwardness": 0.15727676451206207,
            "Boredom": 0.2629905641078949,
            "Calmness": 0.34719541668891907,
            "Concentration": 0.47697484493255615,
            "Confusion": 0.3101806044578552,
            "Contemplation": 0.33396902680397034,
            "Contempt": 0.1054527536034584,
            "Contentment": 0.12737123668193817,
            "Craving": 0.06583419442176819,
            "Desire": 0.0973941832780838,
            "Determination": 0.10648653656244278,
            "Disappointment": 0.3000315725803375,
            "Disgust": 0.07329559326171875,
            "Distress": 0.28098762035369873,
            "Doubt": 0.2843300998210907,
            "Ecstasy": 0.041845738887786865,
            "Embarrassment": 0.13506442308425903,
            "Empathic Pain": 0.11776766180992126,
            "Entrancement": 0.13128159940242767,
            "Envy": 0.03698493540287018,
            "Excitement": 0.07371032238006592,
            "Fear": 0.12979371845722198,
            "Guilt": 0.1479249745607376,
            "Horror": 0.047090794891119,
            "Interest": 0.28132107853889465,
            "Joy": 0.10858755558729172,
            "Love": 0.15722918510437012,
            "Nostalgia": 0.09074383974075317,
            "Pain": 0.20472878217697144,
            "Pride": 0.049237124621868134,
            "Realization": 0.17967090010643005,
            "Relief": 0.07526049017906189,
            "Romance": 0.08627471327781677,
            "Sadness": 0.3441261649131775,
            "Satisfaction": 0.14119285345077515,
            "Shame": 0.12947799265384674,
            "Surprise (negative)": 0.045924488455057144,
            "Surprise (positive)": 0.03394555300474167,
            "Sympathy": 0.07327640056610107,
            "Tiredness": 0.24256587028503418,
            "Triumph": 0.02647528238594532
        },
        "prosody": {
            "Admiration": 0.007893144153058529,
            "Adoration": 0.008711484260857105,
            "Aesthetic Appreciation": 0.0061238487251102924,
            "Amusement": 0.03934025391936302,
            "Anger": 0.009251981973648071,
            "Anxiety": 0.05596139654517174,
            "Awe": 0.0018483138410374522,
            "Awkwardness": 0.08853424340486526,
            "Boredom": 0.002979436656460166,
            "Calmness": 0.018481682986021042,
            "Concentration": 0.1558065563440323,
            "Confusion": 0.01714356057345867,
            "Contemplation": 0.45111513137817383,
            "Contempt": 0.010332519188523293,
            "Contentment": 0.018231144174933434,
            "Craving": 0.07006586343050003,
            "Desire": 0.009710910730063915,
            "Determination": 0.4454389810562134,
            "Disappointment": 0.10232444852590561,
            "Disgust": 0.003906603436917067,
            "Distress": 0.07476990669965744,
            "Doubt": 0.14749863743782043,
            "Ecstasy": 0.009323235601186752,
            "Embarrassment": 0.07062049210071564,
            "Empathic Pain": 0.0589437372982502,
            "Entrancement": 0.01257441844791174,
            "Envy": 0.008950719609856606,
            "Excitement": 0.04570940509438515,
            "Fear": 0.01611444354057312,
            "Guilt": 0.08616047352552414,
            "Horror": 0.0017815427854657173,
            "Interest": 0.1592220962047577,
            "Joy": 0.01937992498278618,
            "Love": 0.017400596290826797,
            "Nostalgia": 0.022449258714914322,
            "Pain": 0.017018217593431473,
            "Pride": 0.014830820262432098,
            "Realization": 0.06744755804538727,
            "Relief": 0.009968499653041363,
            "Romance": 0.015969837084412575,
            "Sadness": 0.0403638519346714,
            "Satisfaction": 0.04033235087990761,
            "Shame": 0.06977773457765579,
            "Surprise (negative)": 0.0057935090735554695,
            "Surprise (positive)": 0.0060785068199038506,
            "Sympathy": 0.07518705725669861,
            "Tiredness": 0.01286138966679573,
            "Triumph": 0.009119804948568344
        },
        "lang": {}
    }
}