{
    "metadata": {
        "dialogue_id": "979",
        "time_start": "00-00-09.426",
        "time_end": "00-00-16.140",
        "speaker": "Chandler",
        "emotion": "joy",
        "sentiment": "positive",
        "text_content": "And hats off to Phoebe. Quite a competitor.  And might I say your breasts are still showing.",
        "file_name": "979_00-00-09.426_00-00-16.140_Chandler_joy_positive"
    },
    "predicted": {
        "face": {
            "Admiration": 0.16164365410804749,
            "Adoration": 0.1687873750925064,
            "Aesthetic Appreciation": 0.061675217002630234,
            "Amusement": 0.9980230927467346,
            "Anger": 0.02449517510831356,
            "Anxiety": 0.031774330884218216,
            "Awe": 0.12949852645397186,
            "Awkwardness": 0.09149809181690216,
            "Boredom": 0.03518290817737579,
            "Calmness": 0.0999567061662674,
            "Concentration": 0.06176671013236046,
            "Confusion": 0.049604382365942,
            "Contemplation": 0.029932135716080666,
            "Contempt": 0.03527098149061203,
            "Contentment": 0.20116597414016724,
            "Craving": 0.030791258439421654,
            "Desire": 0.04016118496656418,
            "Determination": 0.04538043588399887,
            "Disappointment": 0.02944367006421089,
            "Disgust": 0.01577928476035595,
            "Distress": 0.03940257430076599,
            "Doubt": 0.03215678408741951,
            "Ecstasy": 0.41403892636299133,
            "Embarrassment": 0.03468499332666397,
            "Empathic Pain": 0.0178266242146492,
            "Entrancement": 0.07518156617879868,
            "Envy": 0.01681012660264969,
            "Excitement": 0.8879761099815369,
            "Fear": 0.03582451120018959,
            "Guilt": 0.010635893791913986,
            "Horror": 0.03157429024577141,
            "Interest": 0.30540233850479126,
            "Joy": 0.9653842449188232,
            "Love": 0.32388532161712646,
            "Nostalgia": 0.04940767213702202,
            "Pain": 0.032652709633111954,
            "Pride": 0.1641291379928589,
            "Realization": 0.08813029527664185,
            "Relief": 0.11096614599227905,
            "Romance": 0.04590342938899994,
            "Sadness": 0.016726192086935043,
            "Satisfaction": 0.4023352563381195,
            "Shame": 0.011762723326683044,
            "Surprise (negative)": 0.028253449127078056,
            "Surprise (positive)": 0.09028235077857971,
            "Sympathy": 0.03600539639592171,
            "Tiredness": 0.035176120698451996,
            "Triumph": 0.2520766258239746
        },
        "prosody": {
            "Admiration": 0.1540003726258874,
            "Adoration": 0.05269100796431303,
            "Aesthetic Appreciation": 0.05709755700081587,
            "Amusement": 0.09300312027335167,
            "Anger": 0.01624935958534479,
            "Anxiety": 0.053657602809835225,
            "Awe": 0.037403557915240526,
            "Awkwardness": 0.08159519825130701,
            "Boredom": 0.03770769527181983,
            "Calmness": 0.09022693708539009,
            "Concentration": 0.09406373091042042,
            "Confusion": 0.055587959417607635,
            "Contemplation": 0.11224587634205818,
            "Contempt": 0.03625141317024827,
            "Contentment": 0.10627797665074468,
            "Craving": 0.019553238293156028,
            "Desire": 0.003646878874860704,
            "Determination": 0.1046377019956708,
            "Disappointment": 0.0826171915687155,
            "Disgust": 0.02357624750584364,
            "Distress": 0.04227041616104543,
            "Doubt": 0.05675766442436725,
            "Ecstasy": 0.03740805317647755,
            "Embarrassment": 0.030010050628334284,
            "Empathic Pain": 0.007210928190033883,
            "Entrancement": 0.01247945986688137,
            "Envy": 0.02020466886460781,
            "Excitement": 0.15368825569748878,
            "Fear": 0.018585284546134062,
            "Guilt": 0.019772988162003458,
            "Horror": 0.012365469650831074,
            "Interest": 0.22736234217882156,
            "Joy": 0.07579367142170668,
            "Love": 0.014283911790698767,
            "Nostalgia": 0.03833472263067961,
            "Pain": 0.012180095640360378,
            "Pride": 0.23585928790271282,
            "Realization": 0.09050698764622211,
            "Relief": 0.026391186518594623,
            "Romance": 0.0071084408555179834,
            "Sadness": 0.06461641340865754,
            "Satisfaction": 0.19065489107742906,
            "Shame": 0.03492226210073568,
            "Surprise (negative)": 0.049605941137997434,
            "Surprise (positive)": 0.05270332517102361,
            "Sympathy": 0.011451877420768142,
            "Tiredness": 0.006569810182554647,
            "Triumph": 0.08142550522461534
        },
        "lang": {}
    }
}