{
    "metadata": {
        "dialogue_id": "986",
        "time_start": "00-00-16.185",
        "time_end": "00-00-17.199",
        "speaker": "Phoebe",
        "emotion": "neutral",
        "sentiment": "neutral",
        "text_content": "For him.",
        "file_name": "986_00-00-16.185_00-00-17.199_Phoebe_neutral_neutral"
    },
    "predicted": {
        "face": {
            "Admiration": 0.2446867674589157,
            "Adoration": 0.24421052634716034,
            "Aesthetic Appreciation": 0.12318119406700134,
            "Amusement": 0.3993353545665741,
            "Anger": 0.0422804020345211,
            "Anxiety": 0.09345955401659012,
            "Awe": 0.11234594136476517,
            "Awkwardness": 0.21033614873886108,
            "Boredom": 0.2917025685310364,
            "Calmness": 0.4902166724205017,
            "Concentration": 0.3855774998664856,
            "Confusion": 0.26820480823516846,
            "Contemplation": 0.20325714349746704,
            "Contempt": 0.14656956493854523,
            "Contentment": 0.2792467474937439,
            "Craving": 0.07612892240285873,
            "Desire": 0.11211442947387695,
            "Determination": 0.11409217119216919,
            "Disappointment": 0.17106309533119202,
            "Disgust": 0.0527101494371891,
            "Distress": 0.10420550405979156,
            "Doubt": 0.23495909571647644,
            "Ecstasy": 0.06783601641654968,
            "Embarrassment": 0.08844056725502014,
            "Empathic Pain": 0.05065514147281647,
            "Entrancement": 0.15569983422756195,
            "Envy": 0.05091281980276108,
            "Excitement": 0.18983784317970276,
            "Fear": 0.05908414348959923,
            "Guilt": 0.051029082387685776,
            "Horror": 0.027284596115350723,
            "Interest": 0.541914165019989,
            "Joy": 0.34762442111968994,
            "Love": 0.34765031933784485,
            "Nostalgia": 0.0938330739736557,
            "Pain": 0.0577077679336071,
            "Pride": 0.12396924197673798,
            "Realization": 0.1521141231060028,
            "Relief": 0.1085401177406311,
            "Romance": 0.12497290223836899,
            "Sadness": 0.10716365277767181,
            "Satisfaction": 0.3096441328525543,
            "Shame": 0.052793800830841064,
            "Surprise (negative)": 0.037244293838739395,
            "Surprise (positive)": 0.051575932651758194,
            "Sympathy": 0.07959699630737305,
            "Tiredness": 0.15251681208610535,
            "Triumph": 0.06402374058961868
        },
        "prosody": {
            "Admiration": 0.027889182791113853,
            "Adoration": 0.016615957021713257,
            "Aesthetic Appreciation": 0.007822982035577297,
            "Amusement": 0.019300056621432304,
            "Anger": 0.07792870700359344,
            "Anxiety": 0.05280677229166031,
            "Awe": 0.053583189845085144,
            "Awkwardness": 0.029133480042219162,
            "Boredom": 0.0044591366313397884,
            "Calmness": 0.04981966316699982,
            "Concentration": 0.07388782501220703,
            "Confusion": 0.024630848318338394,
            "Contemplation": 0.03837105631828308,
            "Contempt": 0.05440416932106018,
            "Contentment": 0.04164290055632591,
            "Craving": 0.0052065495401620865,
            "Desire": 0.0021953159011900425,
            "Determination": 0.18892981112003326,
            "Disappointment": 0.03130479156970978,
            "Disgust": 0.026492681354284286,
            "Distress": 0.06276927143335342,
            "Doubt": 0.0394694060087204,
            "Ecstasy": 0.011685997247695923,
            "Embarrassment": 0.011953546665608883,
            "Empathic Pain": 0.0259817223995924,
            "Entrancement": 0.017760705202817917,
            "Envy": 0.02787356823682785,
            "Excitement": 0.05053175240755081,
            "Fear": 0.024518057703971863,
            "Guilt": 0.019232308492064476,
            "Horror": 0.021916836500167847,
            "Interest": 0.11346446722745895,
            "Joy": 0.012731852009892464,
            "Love": 0.013175060041248798,
            "Nostalgia": 0.00904952734708786,
            "Pain": 0.009021355770528316,
            "Pride": 0.12384536862373352,
            "Realization": 0.1180173009634018,
            "Relief": 0.026525069028139114,
            "Romance": 0.0116351917386055,
            "Sadness": 0.013998576439917088,
            "Satisfaction": 0.026996072381734848,
            "Shame": 0.018980611115694046,
            "Surprise (negative)": 0.04587709158658981,
            "Surprise (positive)": 0.04938780143857002,
            "Sympathy": 0.040920060127973557,
            "Tiredness": 0.0030124548356980085,
            "Triumph": 0.11191960424184799
        },
        "lang": {}
    }
}