{
    "metadata": {
        "dialogue_id": "990",
        "time_start": "00-00-48.642",
        "time_end": "00-00-49.429",
        "speaker": "Chandler",
        "emotion": "neutral",
        "sentiment": "neutral",
        "file_name": "990_00-00-48.642_00-00-49.429_Chandler_neutral_neutral"
    },
    "predicted": {
        "face": {
            "Admiration": 0.04983407258987427,
            "Adoration": 0.03399066999554634,
            "Aesthetic Appreciation": 0.04017576202750206,
            "Amusement": 0.06696898490190506,
            "Anger": 0.11679921299219131,
            "Anxiety": 0.2463296800851822,
            "Awe": 0.06691998243331909,
            "Awkwardness": 0.23708617687225342,
            "Boredom": 0.2996680438518524,
            "Calmness": 0.23232269287109375,
            "Concentration": 0.3561513423919678,
            "Confusion": 0.740341305732727,
            "Contemplation": 0.2263297736644745,
            "Contempt": 0.24390166997909546,
            "Contentment": 0.06002227962017059,
            "Craving": 0.041764356195926666,
            "Desire": 0.04225768893957138,
            "Determination": 0.10175040364265442,
            "Disappointment": 0.446022093296051,
            "Disgust": 0.21049292385578156,
            "Distress": 0.35205408930778503,
            "Doubt": 0.5203292965888977,
            "Ecstasy": 0.018380077555775642,
            "Embarrassment": 0.1398594081401825,
            "Empathic Pain": 0.12059393525123596,
            "Entrancement": 0.08234551548957825,
            "Envy": 0.0455482080578804,
            "Excitement": 0.03092830628156662,
            "Fear": 0.12514135241508484,
            "Guilt": 0.11346955597400665,
            "Horror": 0.05587821826338768,
            "Interest": 0.17996451258659363,
            "Joy": 0.03369119018316269,
            "Love": 0.037702105939388275,
            "Nostalgia": 0.050789088010787964,
            "Pain": 0.1894933432340622,
            "Pride": 0.03940558061003685,
            "Realization": 0.16925865411758423,
            "Relief": 0.056290410459041595,
            "Romance": 0.024968916550278664,
            "Sadness": 0.2601276636123657,
            "Satisfaction": 0.05573565512895584,
            "Shame": 0.1069197729229927,
            "Surprise (negative)": 0.07350674271583557,
            "Surprise (positive)": 0.03122645616531372,
            "Sympathy": 0.05830215662717819,
            "Tiredness": 0.2637118399143219,
            "Triumph": 0.017945503816008568
        },
        "prosody": {
            "Admiration": 0.0017682277830317616,
            "Adoration": 0.0013885931111872196,
            "Aesthetic Appreciation": 0.0019843243062496185,
            "Amusement": 0.015950262546539307,
            "Anger": 0.07170373201370239,
            "Anxiety": 0.1623874455690384,
            "Awe": 0.013332267291843891,
            "Awkwardness": 0.16824030876159668,
            "Boredom": 0.014824099838733673,
            "Calmness": 0.04672249034047127,
            "Concentration": 0.010045332834124565,
            "Confusion": 0.13443534076213837,
            "Contemplation": 0.007220476400107145,
            "Contempt": 0.032683972269296646,
            "Contentment": 0.013422194868326187,
            "Craving": 0.0021804894786328077,
            "Desire": 0.006963605992496014,
            "Determination": 0.03283461183309555,
            "Disappointment": 0.15285462141036987,
            "Disgust": 0.029694687575101852,
            "Distress": 0.37766632437705994,
            "Doubt": 0.12032724916934967,
            "Ecstasy": 0.004640142433345318,
            "Embarrassment": 0.0723319873213768,
            "Empathic Pain": 0.009029660373926163,
            "Entrancement": 0.0032678302377462387,
            "Envy": 0.003618653630837798,
            "Excitement": 0.016452806070446968,
            "Fear": 0.058206863701343536,
            "Guilt": 0.029243027791380882,
            "Horror": 0.030056176707148552,
            "Interest": 0.013774539344012737,
            "Joy": 0.0043080891482532024,
            "Love": 0.0012650679564103484,
            "Nostalgia": 0.004160114098340273,
            "Pain": 0.05486602708697319,
            "Pride": 0.010320775210857391,
            "Realization": 0.08125557750463486,
            "Relief": 0.038375359028577805,
            "Romance": 0.004244903102517128,
            "Sadness": 0.03809283673763275,
            "Satisfaction": 0.008857757784426212,
            "Shame": 0.04998508840799332,
            "Surprise (negative)": 0.2130812108516693,
            "Surprise (positive)": 0.02528584934771061,
            "Sympathy": 0.007283197715878487,
            "Tiredness": 0.02501458302140236,
            "Triumph": 0.007310505956411362
        },
        "lang": {
            "Admiration": 0.0019795920234173536,
            "Adoration": 0.0011714983265846968,
            "Aesthetic Appreciation": 0.002135118469595909,
            "Amusement": 0.002526547759771347,
            "Anger": 0.08455449342727661,
            "Annoyance": 0.38155484199523926,
            "Anxiety": 0.010826551355421543,
            "Awe": 0.0012471646768972278,
            "Awkwardness": 0.03572199493646622,
            "Boredom": 0.062152016907930374,
            "Calmness": 0.09360717982053757,
            "Concentration": 0.0476040318608284,
            "Confusion": 0.03585682064294815,
            "Contemplation": 0.010170230641961098,
            "Contempt": 0.07906552404165268,
            "Contentment": 0.00852066371589899,
            "Craving": 0.0006225553224794567,
            "Desire": 0.0024452642537653446,
            "Determination": 0.11054252088069916,
            "Disappointment": 0.05433603376150131,
            "Disapproval": 0.25829869508743286,
            "Disgust": 0.02492038905620575,
            "Distress": 0.025039222091436386,
            "Doubt": 0.042198773473501205,
            "Ecstasy": 0.00027991991373710334,
            "Embarrassment": 0.0035293372347950935,
            "Empathic Pain": 0.003659989684820175,
            "Enthusiasm": 0.010465429164469242,
            "Entrancement": 0.002115808892995119,
            "Envy": 0.0010817527072504163,
            "Excitement": 0.0022410915698856115,
            "Fear": 0.00664907693862915,
            "Gratitude": 0.0007155163330025971,
            "Guilt": 0.0020230687223374844,
            "Horror": 0.0015495233237743378,
            "Interest": 0.02409656159579754,
            "Joy": 0.0008603226742707193,
            "Love": 0.0018463906599208713,
            "Nostalgia": 0.0002793920284602791,
            "Pain": 0.0035218612756580114,
            "Pride": 0.003253105329349637,
            "Realization": 0.021884344518184662,
            "Relief": 0.0017621907172724605,
            "Romance": 0.001084563322365284,
            "Sadness": 0.004179064184427261,
            "Sarcasm": 0.010286317206919193,
            "Satisfaction": 0.005446683615446091,
            "Shame": 0.0060931057669222355,
            "Surprise (negative)": 0.05747023597359657,
            "Surprise (positive)": 0.004185060504823923,
            "Sympathy": 0.006418886594474316,
            "Tiredness": 0.036607056856155396,
            "Triumph": 0.0045106480829417706
        }
    }
}