{
    "metadata": {
        "dialogue_id": "991",
        "time_start": "00-00-33.116",
        "time_end": "00-00-37.454",
        "speaker": "Monica",
        "emotion": "neutral",
        "sentiment": "neutral",
        "text_content": "I had to ask someone what it\u0092s called when the, when the water makes those little bubbles.",
        "file_name": "991_00-00-33.116_00-00-37.454_Monica_neutral_neutral"
    },
    "predicted": {
        "face": {
            "Admiration": 0.2238459289073944,
            "Adoration": 0.23821339011192322,
            "Aesthetic Appreciation": 0.10441440343856812,
            "Amusement": 0.7277600169181824,
            "Anger": 0.019098499789834023,
            "Anxiety": 0.05469796061515808,
            "Awe": 0.09133332967758179,
            "Awkwardness": 0.20332230627536774,
            "Boredom": 0.10624280571937561,
            "Calmness": 0.3268093764781952,
            "Concentration": 0.2159140557050705,
            "Confusion": 0.13398627936840057,
            "Contemplation": 0.08888354897499084,
            "Contempt": 0.07476625591516495,
            "Contentment": 0.30544179677963257,
            "Craving": 0.05728848651051521,
            "Desire": 0.08516738563776016,
            "Determination": 0.06345868855714798,
            "Disappointment": 0.06443119049072266,
            "Disgust": 0.0327783077955246,
            "Distress": 0.05398646742105484,
            "Doubt": 0.09831754863262177,
            "Ecstasy": 0.12697307765483856,
            "Embarrassment": 0.06926627457141876,
            "Empathic Pain": 0.029649849981069565,
            "Entrancement": 0.11582066118717194,
            "Envy": 0.0319470539689064,
            "Excitement": 0.41105347871780396,
            "Fear": 0.040089692920446396,
            "Guilt": 0.025782674551010132,
            "Horror": 0.02248857542872429,
            "Interest": 0.5545424222946167,
            "Joy": 0.7177842855453491,
            "Love": 0.40698912739753723,
            "Nostalgia": 0.07313510775566101,
            "Pain": 0.03448683023452759,
            "Pride": 0.12362802028656006,
            "Realization": 0.10368379950523376,
            "Relief": 0.09968322515487671,
            "Romance": 0.10199975222349167,
            "Sadness": 0.042154714465141296,
            "Satisfaction": 0.39325007796287537,
            "Shame": 0.029295139014720917,
            "Surprise (negative)": 0.027190573513507843,
            "Surprise (positive)": 0.05151762440800667,
            "Sympathy": 0.07532456517219543,
            "Tiredness": 0.0629681646823883,
            "Triumph": 0.081381656229496
        },
        "prosody": {
            "Admiration": 0.012270821258425713,
            "Adoration": 0.009920923039317131,
            "Aesthetic Appreciation": 0.051988136023283005,
            "Amusement": 0.1965530812740326,
            "Anger": 0.014560459181666374,
            "Anxiety": 0.06327664107084274,
            "Awe": 0.036072779446840286,
            "Awkwardness": 0.07878246158361435,
            "Boredom": 0.0006322237313725054,
            "Calmness": 0.0031292468775063753,
            "Concentration": 0.020417017862200737,
            "Confusion": 0.24708424508571625,
            "Contemplation": 0.05406983941793442,
            "Contempt": 0.007419785019010305,
            "Contentment": 0.009154528379440308,
            "Craving": 0.008900909684598446,
            "Desire": 0.00807289220392704,
            "Determination": 0.013720796443521976,
            "Disappointment": 0.00922964047640562,
            "Disgust": 0.010136094875633717,
            "Distress": 0.06495943665504456,
            "Doubt": 0.017279362305998802,
            "Ecstasy": 0.03113558515906334,
            "Embarrassment": 0.02254343405365944,
            "Empathic Pain": 0.002494876505807042,
            "Entrancement": 0.01376447081565857,
            "Envy": 0.008792165666818619,
            "Excitement": 0.1494545042514801,
            "Fear": 0.09633949398994446,
            "Guilt": 0.003755508689209819,
            "Horror": 0.032655373215675354,
            "Interest": 0.29131844639778137,
            "Joy": 0.03323933482170105,
            "Love": 0.005915085785090923,
            "Nostalgia": 0.05539986863732338,
            "Pain": 0.008535021916031837,
            "Pride": 0.016155235469341278,
            "Realization": 0.013353384099900723,
            "Relief": 0.003631351515650749,
            "Romance": 0.012146595865488052,
            "Sadness": 0.0054880594834685326,
            "Satisfaction": 0.02126820757985115,
            "Shame": 0.003959476947784424,
            "Surprise (negative)": 0.038646481931209564,
            "Surprise (positive)": 0.1455896645784378,
            "Sympathy": 0.0023694077972322702,
            "Tiredness": 0.0006382803549058735,
            "Triumph": 0.01244968269020319
        },
        "lang": {}
    }
}