{
    "metadata": {
        "dialogue_id": "991",
        "time_start": "00-00-45.587",
        "time_end": "00-00-47.923",
        "speaker": "Monica",
        "emotion": "joy",
        "sentiment": "positive",
        "file_name": "991_00-00-45.587_00-00-47.923_Monica_joy_positive"
    },
    "predicted": {
        "face": {
            "Admiration": 0.24536006152629852,
            "Adoration": 0.22786064445972443,
            "Aesthetic Appreciation": 0.09130220115184784,
            "Amusement": 0.8237336874008179,
            "Anger": 0.026872994378209114,
            "Anxiety": 0.0395391508936882,
            "Awe": 0.2126471847295761,
            "Awkwardness": 0.1101939007639885,
            "Boredom": 0.050672050565481186,
            "Calmness": 0.12890750169754028,
            "Concentration": 0.11555735021829605,
            "Confusion": 0.08261210471391678,
            "Contemplation": 0.06304872781038284,
            "Contempt": 0.04753565043210983,
            "Contentment": 0.19021017849445343,
            "Craving": 0.0526190847158432,
            "Desire": 0.062432870268821716,
            "Determination": 0.06682143360376358,
            "Disappointment": 0.036192335188388824,
            "Disgust": 0.01805400662124157,
            "Distress": 0.03962396830320358,
            "Doubt": 0.05712294951081276,
            "Ecstasy": 0.28489744663238525,
            "Embarrassment": 0.039309728890657425,
            "Empathic Pain": 0.016751505434513092,
            "Entrancement": 0.1157403364777565,
            "Envy": 0.026632413268089294,
            "Excitement": 0.7430744767189026,
            "Fear": 0.04383958503603935,
            "Guilt": 0.013208785094320774,
            "Horror": 0.03550633788108826,
            "Interest": 0.444337397813797,
            "Joy": 0.7902073860168457,
            "Love": 0.34030312299728394,
            "Nostalgia": 0.0571654811501503,
            "Pain": 0.023065805435180664,
            "Pride": 0.15238407254219055,
            "Realization": 0.1267217993736267,
            "Relief": 0.0950682982802391,
            "Romance": 0.06795980036258698,
            "Sadness": 0.015923861414194107,
            "Satisfaction": 0.3507712185382843,
            "Shame": 0.014149979688227177,
            "Surprise (negative)": 0.037947896867990494,
            "Surprise (positive)": 0.1270042210817337,
            "Sympathy": 0.037041936069726944,
            "Tiredness": 0.03610702604055405,
            "Triumph": 0.1969999372959137
        },
        "prosody": {
            "Admiration": 0.03193478658795357,
            "Adoration": 0.013837341219186783,
            "Aesthetic Appreciation": 0.03591245412826538,
            "Amusement": 0.538824200630188,
            "Anger": 0.019047267735004425,
            "Anxiety": 0.006265635602176189,
            "Awe": 0.05557601526379585,
            "Awkwardness": 0.016762344166636467,
            "Boredom": 0.016069060191512108,
            "Calmness": 0.03188911825418472,
            "Concentration": 0.010889274999499321,
            "Confusion": 0.007540327496826649,
            "Contemplation": 0.014185592532157898,
            "Contempt": 0.018971147015690804,
            "Contentment": 0.18501439690589905,
            "Craving": 0.0013144228141754866,
            "Desire": 0.0027077635750174522,
            "Determination": 0.0509212464094162,
            "Disappointment": 0.014794138260185719,
            "Disgust": 0.0070436573587358,
            "Distress": 0.009471326135098934,
            "Doubt": 0.011164495721459389,
            "Ecstasy": 0.08721562474966049,
            "Embarrassment": 0.006024977192282677,
            "Empathic Pain": 0.005713418126106262,
            "Entrancement": 0.011961095035076141,
            "Envy": 0.008585463277995586,
            "Excitement": 0.3844138979911804,
            "Fear": 0.0032737089786678553,
            "Guilt": 0.0072842370718717575,
            "Horror": 0.004070078954100609,
            "Interest": 0.10140923410654068,
            "Joy": 0.23057936131954193,
            "Love": 0.00870854128152132,
            "Nostalgia": 0.011102620512247086,
            "Pain": 0.005087931174784899,
            "Pride": 0.062217384576797485,
            "Realization": 0.16566753387451172,
            "Relief": 0.25817686319351196,
            "Romance": 0.002210689475759864,
            "Sadness": 0.005532954819500446,
            "Satisfaction": 0.2986423075199127,
            "Shame": 0.004252142272889614,
            "Surprise (negative)": 0.010731213726103306,
            "Surprise (positive)": 0.17909613251686096,
            "Sympathy": 0.015324980951845646,
            "Tiredness": 0.00839297752827406,
            "Triumph": 0.2949066758155823
        },
        "lang": {
            "Admiration": 0.03232713881880045,
            "Adoration": 0.006235559121705592,
            "Aesthetic Appreciation": 0.015301356557756662,
            "Amusement": 0.02278272295370698,
            "Anger": 0.0047572520561516285,
            "Annoyance": 0.06280068680644035,
            "Anxiety": 0.0017849192081484944,
            "Awe": 0.011718536261469126,
            "Awkwardness": 0.015634101117029786,
            "Boredom": 0.09304988197982311,
            "Calmness": 0.2575119063258171,
            "Concentration": 0.06808051839470863,
            "Confusion": 0.05743745085783303,
            "Contemplation": 0.075890451669693,
            "Contempt": 0.06553750112652779,
            "Contentment": 0.1426728554069996,
            "Craving": 0.0008736733288969845,
            "Desire": 0.0011493538622744381,
            "Determination": 0.052557687275111675,
            "Disappointment": 0.027136291144415736,
            "Disapproval": 0.0375688411295414,
            "Disgust": 0.006766466423869133,
            "Distress": 0.0028836868586950004,
            "Doubt": 0.02538754208944738,
            "Ecstasy": 0.0016484501538798213,
            "Embarrassment": 0.00413825799478218,
            "Empathic Pain": 0.006088118767365813,
            "Enthusiasm": 0.024244742933660746,
            "Entrancement": 0.008205632446333766,
            "Envy": 0.003399111214093864,
            "Excitement": 0.0052880586590617895,
            "Fear": 0.0007338554278248921,
            "Gratitude": 0.010457492433488369,
            "Guilt": 0.0009198111220030114,
            "Horror": 0.00045421109825838357,
            "Interest": 0.049404798075556755,
            "Joy": 0.00984924752265215,
            "Love": 0.0032157832174561918,
            "Nostalgia": 0.0038346225337591022,
            "Pain": 0.002073446521535516,
            "Pride": 0.03643156914040446,
            "Realization": 0.1998942717909813,
            "Relief": 0.033148021437227726,
            "Romance": 0.0007892842113506049,
            "Sadness": 0.003646516997832805,
            "Sarcasm": 0.0459838816896081,
            "Satisfaction": 0.17663972824811935,
            "Shame": 0.004960142483469099,
            "Surprise (negative)": 0.021764250937849283,
            "Surprise (positive)": 0.03499734587967396,
            "Sympathy": 0.01240207115188241,
            "Tiredness": 0.02595051098614931,
            "Triumph": 0.05613188445568085
        }
    }
}