{
    "metadata": {
        "dialogue_id": "996",
        "time_start": "00-00-31.031",
        "time_end": "00-00-32.198",
        "speaker": "Ross",
        "emotion": "neutral",
        "sentiment": "neutral",
        "text_content": "This isn\u0092t right.",
        "file_name": "996_00-00-31.031_00-00-32.198_Ross_neutral_neutral"
    },
    "predicted": {
        "face": {
            "Admiration": 0.07578986883163452,
            "Adoration": 0.08410055935382843,
            "Aesthetic Appreciation": 0.05608142912387848,
            "Amusement": 0.16642403602600098,
            "Anger": 0.07401839643716812,
            "Anxiety": 0.16584953665733337,
            "Awe": 0.07035408169031143,
            "Awkwardness": 0.1835622489452362,
            "Boredom": 0.2829808294773102,
            "Calmness": 0.3629024028778076,
            "Concentration": 0.2577597200870514,
            "Confusion": 0.2709406018257141,
            "Contemplation": 0.14851069450378418,
            "Contempt": 0.14324483275413513,
            "Contentment": 0.16213011741638184,
            "Craving": 0.05474322289228439,
            "Desire": 0.10918321460485458,
            "Determination": 0.08026755601167679,
            "Disappointment": 0.332740843296051,
            "Disgust": 0.13023050129413605,
            "Distress": 0.28867870569229126,
            "Doubt": 0.20612506568431854,
            "Ecstasy": 0.07461995631456375,
            "Embarrassment": 0.1348484307527542,
            "Empathic Pain": 0.13560368120670319,
            "Entrancement": 0.1051853597164154,
            "Envy": 0.032756879925727844,
            "Excitement": 0.09030146151781082,
            "Fear": 0.11113907396793365,
            "Guilt": 0.11139542609453201,
            "Horror": 0.052544377744197845,
            "Interest": 0.1802833527326584,
            "Joy": 0.14471225440502167,
            "Love": 0.14933882653713226,
            "Nostalgia": 0.08019064366817474,
            "Pain": 0.33357611298561096,
            "Pride": 0.06562299281358719,
            "Realization": 0.14590544998645782,
            "Relief": 0.149249866604805,
            "Romance": 0.06598161906003952,
            "Sadness": 0.34712374210357666,
            "Satisfaction": 0.2238650768995285,
            "Shame": 0.11590650677680969,
            "Surprise (negative)": 0.04959634691476822,
            "Surprise (positive)": 0.032331254333257675,
            "Sympathy": 0.061925336718559265,
            "Tiredness": 0.3665752708911896,
            "Triumph": 0.04395022988319397
        },
        "prosody": {
            "Admiration": 0.013019551523029804,
            "Adoration": 0.008123300038278103,
            "Aesthetic Appreciation": 0.010122895240783691,
            "Amusement": 0.07325915992259979,
            "Anger": 0.051947616040706635,
            "Anxiety": 0.034562643617391586,
            "Awe": 0.05657560005784035,
            "Awkwardness": 0.023691745474934578,
            "Boredom": 0.006476992275565863,
            "Calmness": 0.0415988452732563,
            "Concentration": 0.12235862016677856,
            "Confusion": 0.03167395666241646,
            "Contemplation": 0.050468795001506805,
            "Contempt": 0.021644791588187218,
            "Contentment": 0.08235412836074829,
            "Craving": 0.001709058415144682,
            "Desire": 0.002192741259932518,
            "Determination": 0.31534889340400696,
            "Disappointment": 0.044921353459358215,
            "Disgust": 0.011300240643322468,
            "Distress": 0.033284615725278854,
            "Doubt": 0.09980396181344986,
            "Ecstasy": 0.020085647702217102,
            "Embarrassment": 0.01211655791848898,
            "Empathic Pain": 0.0028620411176234484,
            "Entrancement": 0.01392347738146782,
            "Envy": 0.008481726981699467,
            "Excitement": 0.1534687578678131,
            "Fear": 0.01690562628209591,
            "Guilt": 0.01575217768549919,
            "Horror": 0.006322487723082304,
            "Interest": 0.1291227489709854,
            "Joy": 0.025077197700738907,
            "Love": 0.002643861807882786,
            "Nostalgia": 0.008562484756112099,
            "Pain": 0.0040677753277122974,
            "Pride": 0.08683625608682632,
            "Realization": 0.40905091166496277,
            "Relief": 0.09980185329914093,
            "Romance": 0.0022698785178363323,
            "Sadness": 0.004055161494761705,
            "Satisfaction": 0.09881704300642014,
            "Shame": 0.011458849534392357,
            "Surprise (negative)": 0.04515635594725609,
            "Surprise (positive)": 0.186416357755661,
            "Sympathy": 0.008301924914121628,
            "Tiredness": 0.004799503833055496,
            "Triumph": 0.15377439558506012
        },
        "lang": {}
    }
}